irradiance_w_m2,ambient_temp_c,dc_power_w,ac_power_w,flow_rate_lpm,timestamp,day,label,feature_pv_efficiency,feature_system_efficiency
51.499410994833546,15.324631778638391,175.43,170.17,7.49,06:38:00,1,normal,3.40644672649944,0.04401480872069108
53.36905017300976,15.3361589562263,181.75,176.3,7.76,06:40:00,1,normal,3.4055318468439997,0.0440158820192853
54.324637604983415,15.34205611062194,184.98,179.43,7.9,06:41:00,1,normal,3.4050848409715124,0.0440283118764978
55.29425883132109,15.348043808682627,188.25,182.61,8.04,06:42:00,1,normal,3.4045125837434496,0.04402825694102184
56.27805549099266,15.354123187347795,191.58,185.83,8.18,06:43:00,1,normal,3.404168788857009,0.04401872679330571
57.276169360188966,15.360295393147789,194.95,189.1,8.33,06:44:00,1,normal,3.403684327665673,0.04405076679005817
58.288742322934965,15.3665615821998,198.36,192.41,8.47,06:45:00,1,normal,3.4030584997190956,0.044020581050880934
59.3159163411508,15.37292292020198,201.83,195.77,8.62,06:46:00,1,normal,3.40262803729088,0.04403126117382642
60.35783342416075,15.379380582425629,205.34,199.18,8.77,06:47:00,1,normal,3.4020439162715883,0.044030525153127824
61.41463559765087,15.385935753705455,208.91,202.64,8.92,06:48:00,1,normal,3.401632167430639,0.044018949861823926
62.48646487207575,15.39258962842792,212.52,206.14,9.08,06:49:00,1,normal,3.4010565397654933,0.04404773454933541
63.57346321051551,15.39934341051752,216.18,209.7,9.23,06:50:00,1,normal,3.4004754355468596,0.04401525989508823
66.92689083975858,15.420216382961124,227.47,220.65,9.72,06:53:00,1,normal,3.3987833163298418,0.04405166553365058
68.07598296188924,15.427382023932902,231.34,224.4,9.88,06:54:00,1,normal,3.3982616178970244,0.044028520499108735
51.57544773385821,15.434653734343454,175.61,170.35,7.5,06:55:00,1,normal,3.4049146971285658,0.0440270032286469
70.42193919582321,15.442032774943156,239.23,232.05,10.22,06:56:00,1,normal,3.397094751037315,0.0440422322775264
74.0624135853169,15.464826625954696,251.47,243.92,10.74,06:59:00,1,normal,3.3953794890888442,0.044030829780255826
75.30887603561617,15.472647782020871,255.65,247.98,10.92,07:00:00,1,normal,3.3946861705796048,0.04403580933946286
77.85209300422346,15.488632732859948,264.19,256.26,11.28,07:02:00,1,normal,3.393486158241985,0.044017794427534535
79.14912438750659,15.496799169893915,268.54,260.48,11.47,07:03:00,1,normal,3.39283601780929,0.04403409090909091
80.46328804984944,15.50508335807524,272.94,264.75,11.66,07:04:00,1,normal,3.392105972986158,0.04404154863078376
83.14355968586838,15.522010372528994,281.92,273.47,12.04,07:06:00,1,normal,3.3907617266466037,0.04402676710425275
84.50993976876289,15.530655913631977,286.5,277.91,12.24,07:07:00,1,normal,3.3901337615897575,0.04404303551509481
85.89399626645863,15.53942463543638,291.13,282.4,12.44,07:08:00,1,normal,3.389410350600784,0.044050991501416434
87.29586341879082,15.548317917618183,295.82,286.95,12.64,07:09:00,1,normal,3.3887058150835982,0.04404948597316606
88.71567466356794,15.557337148652302,300.57,291.56,12.84,07:10:00,1,normal,3.388014588626381,0.044038962820688705
59.51580724232436,15.566483725749949,202.35,196.28,8.64,07:11:00,1,normal,3.399937081859823,0.044018748726309356
91.60965891294808,15.57575905479338,310.25,300.94,13.25,07:12:00,1,normal,3.3866516225632335,0.04402871004186881
93.0840943935043,15.585164550267931,315.17,305.72,13.46,07:13:00,1,normal,3.3858630956610947,0.04402721444458982
75.09564490852672,15.604371741040149,254.8,247.16,10.88,07:15:00,1,normal,3.393006349574192,0.04402006797216378
97.61872859682616,15.614176307673812,330.31,320.4,14.11,07:16:00,1,normal,3.3836744725923347,0.044038701622971285
99.1678082266443,15.624116783255335,335.47,325.41,14.33,07:17:00,1,normal,3.382851814505126,0.04403675363387726
100.73586531993097,15.634194624169574,340.7,330.48,14.55,07:18:00,1,normal,3.3821122091715554,0.044026870007262166
102.323024106054,15.644411294938472,345.98,335.6,14.78,07:19:00,1,normal,3.3812526850399243,0.044040524433849815
103.92940756214652,15.654768268133438,351.33,340.79,15.01,07:20:00,1,normal,3.380467648580751,0.04404471962205463
105.55513736579756,15.665267024284812,356.74,346.04,15.24,07:21:00,1,normal,3.3796554947745485,0.044041151311987055
107.20033384736293,15.67590905178838,362.21,351.35,15.47,07:22:00,1,normal,3.378814104401319,0.044030169346805176
108.86511594190596,15.686695846808911,367.75,356.72,15.71,07:23:00,1,normal,3.3780334206987264,0.04404014352993945
110.54960114077964,15.697628913180738,373.35,362.15,15.95,07:24:00,1,normal,3.377217069508524,0.0440425238160983
70.1351130448244,15.70870976230524,238.02,230.88,10.17,07:25:00,1,normal,3.393735172963618,0.04404885654885655
72.63834990965364,15.719939913045357,246.43,239.04,10.53,07:26:00,1,normal,3.3925605455865324,0.04405120481927711
115.7224275948042,15.731320891616978,390.52,378.8,16.68,07:27:00,1,normal,3.374626752278172,0.0440337909186906
117.48686953647491,15.742854231477262,396.37,384.48,16.93,07:28:00,1,normal,3.3737387127924383,0.04403349979192676
64.6776758743995,15.754541473209818,219.6,213.02,9.38,07:29:00,1,normal,3.395298254477343,0.04403342409163459
121.0766627744684,15.766384164406752,408.26,396.02,17.44,07:30:00,1,normal,3.3719132212990788,0.044038179889904557
122.90222786617822,15.77838385954754,414.31,401.88,17.7,07:31:00,1,normal,3.3710536187441646,0.04404299790982383
76.92231077641088,15.790542119874722,260.75,252.93,11.14,07:32:00,1,normal,3.3897837619298614,0.044043806586802674
126.61521573973594,15.802860513266362,426.59,413.79,18.22,07:33:00,1,normal,3.3691843236035512,0.04403199690664346
128.50284110721518,15.815340614105295,432.83,419.84,18.49,07:34:00,1,normal,3.3682523769172716,0.0440405868902439
130.41135252539834,15.827984003145117,439.13,425.96,18.76,07:35:00,1,normal,3.367268197870097,0.044041694055779894
132.34084626921688,15.840792267372862,445.5,432.14,19.03,07:36:00,1,normal,3.3663076257932727,0.04403665478780026
105.19955006273456,15.866909799660766,355.28,344.62,15.18,07:38:00,1,normal,3.3772007559740778,0.04404851720735883
63.031041839463725,15.880222271580395,213.95,207.53,9.14,07:39:00,1,normal,3.3943592515084515,0.04404182527827302
140.2704953825561,15.893706026109076,471.64,457.49,20.15,07:40:00,1,normal,3.3623606925583913,0.04404467857220922
142.30626952871137,15.907362679225688,478.34,463.99,20.43,07:41:00,1,normal,3.3613417144877884,0.04403112136037415
144.3635577060669,15.921193852248924,485.1,470.55,20.72,07:42:00,1,normal,3.360266314492564,0.044033577728190415
146.44244038430654,15.935201171676532,491.94,477.18,21.01,07:43:00,1,normal,3.359272071054059,0.04402950668510835
78.08767416626965,15.949386269021115,264.5,256.57,11.3,07:44:00,1,normal,3.387218313569033,0.04404256148419535
150.66529872482133,15.963750780642536,505.8,490.63,21.61,07:45:00,1,normal,3.3571101260935015,0.044045411002180866
67.3487261196275,15.978296347576832,228.4,221.55,9.76,07:46:00,1,normal,3.3913039363848814,0.04405326111487248
154.97543797547783,15.993024615361694,519.94,504.34,22.21,07:47:00,1,normal,3.3549832592328053,0.04403775230994964
157.16341193594633,16.007937233858442,527.1,511.29,22.52,07:48:00,1,normal,3.353834034952266,0.04404545365643764
161.6054927747472,16.038322142958545,541.64,525.39,23.14,07:50:00,1,normal,3.351618751937853,0.04404347246807134
163.85972095759857,16.053797753251676,549.01,532.54,23.45,07:51:00,1,normal,3.3504878245341665,0.04403425094828558
166.13615039827204,16.06946435325567,556.45,539.75,23.77,07:52:00,1,normal,3.3493613440906334,0.04403890690134321
168.4348344882745,16.08532361165726,563.95,547.03,24.09,07:53:00,1,normal,3.3481791442568793,0.04403780414236879
170.75582361950904,16.101377200325047,571.52,554.38,24.41,07:54:00,1,normal,3.34700151295281,0.04403116995562611
96.84897818417072,16.11762679410681,327.09,317.28,13.97,07:55:00,1,normal,3.3773200929182394,0.04403050932929905
87.45799842715671,16.134074070623296,295.69,286.82,12.63,07:56:00,1,normal,3.3809371963420656,0.044034586151593336
177.85307907782192,16.150720710058412,594.64,576.8,25.4,07:57:00,1,normal,3.3434338223619258,0.04403606102635229
180.26373045596,16.167568394945864,602.48,584.41,25.74,07:58:00,1,normal,3.3422142018035688,0.04404442086891053
182.69689199784824,16.18461880995222,610.39,592.08,26.07,07:59:00,1,normal,3.3409982694570908,0.044031211998378596
61.57814370214452,16.201873641656377,208.8,202.53,8.92,08:00:00,1,normal,3.3908134842448705,0.04404285784822001
187.63086736992975,16.219334578325487,626.41,607.61,26.76,08:01:00,1,normal,3.3385231800105735,0.04404140814008986
190.1317336325983,16.237003309687246,634.52,615.48,27.1,08:02:00,1,normal,3.337265104972518,0.04403067524533697
192.6552148212413,16.254881526698643,642.69,623.41,27.45,08:03:00,1,normal,3.3359595305859324,0.0440320174523989
195.20132845539715,16.2729709213111,650.93,631.41,27.81,08:04:00,1,normal,3.3346596826503427,0.04404428184539364
147.52617360160852,16.291273186232033,494.82,479.97,21.14,08:05:00,1,normal,3.3541166826183093,0.044044419442881844
200.3615052374621,16.309790014682832,667.62,647.59,28.52,08:06:00,1,normal,3.3320771832331664,0.0440402106270943
202.9755853729411,16.32852310015326,676.06,655.78,28.88,08:07:00,1,normal,3.3307454133354417,0.04403915947421391
205.61233182953256,16.34747413615227,684.57,664.03,29.24,08:08:00,1,normal,3.3294209248478244,0.04403415508335467
163.47711864256448,16.366644815955276,547.08,530.67,23.37,08:09:00,1,normal,3.3465233822487805,0.04403866809881848
168.7392801370336,16.386036832347802,564.28,547.35,24.1,08:10:00,1,normal,3.3440939154282674,0.044030327943728874
213.6585416824829,16.405651877365635,710.48,689.17,30.35,08:11:00,1,normal,3.3253058567433333,0.04403848107143376
129.83307449861513,16.425491642031385,436.19,423.11,18.63,08:12:00,1,normal,3.359621588601082,0.044031103022854574
219.13589522026732,16.44555781608751,728.08,706.24,31.1,08:13:00,1,normal,3.3225045092140695,0.04403602174898052
221.908486852062,16.465852087725818,736.98,714.87,31.48,08:14:00,1,normal,3.321098757666338,0.04403597856953013
224.7036571390277,16.48637614331343,745.95,723.57,31.86,08:15:00,1,normal,3.319705649198531,0.04403167627181889
227.5213775267236,16.50713166711524,754.97,732.32,32.25,08:16:00,1,normal,3.318237645213469,0.04403812540965698
230.36161531479152,16.52812034101288,764.06,741.14,32.64,08:17:00,1,normal,3.3167852159566777,0.04404026229862105
84.8291127409767,16.549343844220196,286.43,277.84,12.24,08:18:00,1,normal,3.376553057611317,0.044054131874460126
236.10949129364792,16.570803852995247,782.44,758.96,33.42,08:19:00,1,normal,3.31388626400827,0.044033941182671024
239.017042955238,16.592502040348855,791.72,767.96,33.82,08:20:00,1,normal,3.3123997779031584,0.044038752018334286
119.33428004532767,16.61444007574974,401.14,389.1,17.13,08:21:00,1,normal,3.3614817121084726,0.044024672320740164
195.91716676426324,16.63661962482621,652.32,632.75,27.86,08:22:00,1,normal,3.3295704035211076,0.04403002765705255
247.87354272135315,16.659042349064453,819.93,795.33,35.02,08:23:00,1,normal,3.307856058368132,0.044032037016081375
187.23898080799256,16.681709905503467,623.99,605.27,26.65,08:24:00,1,normal,3.3325859674480993,0.044029937052885486
253.88881704723,16.70462394642665,839.04,813.87,35.84,08:25:00,1,normal,3.3047536703592444,0.044036516888446564
256.92953424388475,16.727786119050002,848.69,823.23,36.25,08:26:00,1,normal,3.3032014108366368,0.04403386659864193
259.9922043072401,16.751198065207085,858.4,832.65,36.67,08:27:00,1,normal,3.301637455966197,0.04404011289257191
263.0767461301496,16.774861421030653,868.17,842.12,37.08,08:28:00,1,normal,3.300063623147057,0.04403172944473471
266.1830739690391,16.798777816631056,877.99,851.65,37.5,08:29:00,1,normal,3.2984441381202276,0.04403217284095579
143.72007891949832,16.82294887577139,481.27,466.83,20.56,08:30:00,1,normal,3.348662230206351,0.04404172825225457
272.4607213243345,16.847376215539494,897.82,870.88,38.35,08:31:00,1,normal,3.295227273993906,0.044035917692449016
275.6318458535812,16.872061446016712,907.82,880.58,38.78,08:32:00,1,normal,3.293596199628705,0.044039156010811056
278.8243663573701,16.897006169943573,917.87,890.34,39.21,08:33:00,1,normal,3.2919289371703013,0.044039355751735294
282.03817339080047,16.92221198238236,927.99,900.15,39.64,08:34:00,1,normal,3.2902992841119754,0.04403710492695662
285.2731526713611,16.947680470376586,938.15,910.01,40.07,08:35:00,1,normal,3.28860248928073,0.04403248315952572
288.52918504874793,16.97341321260745,948.38,919.92,40.51,08:36:00,1,normal,3.286946517523931,0.04403643795112618
291.8061464756967,16.999411779047307,958.65,929.89,40.95,08:37:00,1,normal,3.2852289493492277,0.04403746679714805
100.70888833152014,17.025677730610155,338.76,328.59,14.47,08:38:00,1,normal,3.363754735181343,0.04403664140722482
171.17207042026024,17.052212618799224,570.74,553.62,24.38,08:39:00,1,normal,3.3343056410939234,0.044037426393555144
227.5227869577045,17.07901798535167,753.26,730.66,32.18,08:40:00,1,normal,3.3107013590688292,0.044042372649385486
305.12062879467214,17.106095361880442,1000.29,970.28,42.73,08:41:00,1,normal,3.2783427457903382,0.04403883415096673
122.9072818590542,17.133446269513335,412.13,399.76,17.6,08:42:00,1,normal,3.353178052319279,0.04402641584950971
311.8998545500068,17.161072218529338,1021.41,990.77,43.63,08:43:00,1,normal,3.2748011424168126,0.044036456493434406
315.3194290192119,17.1889747079922,1032.05,1001.09,44.08,08:44:00,1,normal,3.2730301561503805,0.044032005114425274
143.95593242615618,17.21715522538143,481.3,466.86,20.56,08:45:00,1,normal,3.343384269674946,0.044038898170757824
322.2176804005751,17.2456152462206,1053.47,1021.87,45.0,08:46:00,1,normal,3.2694357388779705,0.04403691271883899
325.6960136754737,17.274356233703152,1064.25,1032.33,45.46,08:47:00,1,normal,3.267617518525811,0.0440363062199103
329.1935810180501,17.303379638315675,1075.08,1042.83,45.92,08:48:00,1,normal,3.2657987943606104,0.04403402280333324
244.2304414526033,17.332686897458707,806.07,781.89,34.43,08:49:00,1,normal,3.300448523966782,0.044034327079256676
336.2456739808995,17.362279435065155,1096.87,1063.97,46.85,08:50:00,1,normal,3.2621088831088065,0.04403319642471122
339.7998146899594,17.39215866121636,1107.83,1074.6,47.32,08:51:00,1,normal,3.260243096397235,0.04403498976363299
137.32430947966532,17.42232597175586,459.13,445.35,19.61,08:52:00,1,normal,3.343399298636102,0.044032783204221396
346.9632833145011,17.452782747900947,1129.89,1095.99,48.26,08:53:00,1,normal,3.2565117242559167,0.04403324847854451
350.5721950994886,17.483530355851993,1140.97,1106.75,48.74,08:54:00,1,normal,3.2545935357942604,0.044038852496046985
354.1989390759506,17.514570146399727,1152.1,1117.54,49.21,08:55:00,1,normal,3.2526918431931158,0.044034218014567715
151.20412636422947,17.545903454530396,504.42,489.29,21.55,08:56:00,1,normal,3.3360200685589967,0.04404340983874594
361.5050338474828,17.577531599028966,1174.48,1139.24,50.17,08:57:00,1,normal,3.2488620905221124,0.04403813068361364
227.16279563419675,17.6094558820804,750.51,728.0,32.06,08:58:00,1,normal,3.3038420657956515,0.04403846153846154
368.8797357425771,17.641677588869037,1197.0,1161.09,51.13,08:59:00,1,normal,3.244960034441488,0.04403620735688018
372.5922189721804,17.674197987176218,1208.32,1172.07,51.61,09:00:00,1,normal,3.2430092161699684,0.044033206207820356
376.3211290345187,17.70701832697614,1219.67,1183.08,52.1,09:01:00,1,normal,3.2410351316949937,0.04403759678128276
380.0662133656974,17.74013984003009,1231.05,1194.12,52.59,09:02:00,1,normal,3.2390408742160175,0.04404079991960608
383.8272141684693,17.773563739479062,1242.47,1205.2,53.07,09:03:00,1,normal,3.237055513876761,0.04403418519747759
387.6038684178045,17.80729121943487,1253.92,1216.3,53.56,09:04:00,1,normal,3.235055432027782,0.04403518868700156
250.91765808886703,17.841323454569793,825.77,800.99,35.27,09:05:00,1,normal,3.2909999491049713,0.044033009151175424
395.20305906118233,17.875661599704888,1276.91,1238.6,54.54,09:06:00,1,normal,3.2310225609926735,0.044033586307120946
399.02504333769065,17.91030678939698,1288.45,1249.79,55.04,09:07:00,1,normal,3.2289953262647693,0.04403939861896799
131.49432392284638,17.945260137524436,439.04,425.87,18.75,09:08:00,1,normal,3.3388513427971573,0.04402752013525254
406.7123705639149,17.980522736871794,1311.6,1272.25,56.03,09:09:00,1,normal,3.2248834678459377,0.044040086460994304
410.5771302977834,18.01609565871337,1323.22,1283.52,56.52,09:10:00,1,normal,3.2228292867659114,0.04403515332834705
414.4555567145443,18.05197995239581,1334.86,1294.81,57.02,09:11:00,1,normal,3.22075546671795,0.04403734910913571
418.34734535195,18.088176644919827,1346.52,1306.13,57.52,09:12:00,1,normal,3.2186650996128368,0.04403849540244845
320.8929220926155,18.124686740521053,1045.59,1014.23,44.66,09:13:00,1,normal,3.2583766359864548,0.04403340465180482
426.1697659209885,18.161511220250205,1369.91,1328.81,58.52,09:14:00,1,normal,3.214470170213765,0.04403940367697414
430.0997634747659,18.19865104155257,1381.64,1340.19,59.02,09:15:00,1,normal,3.2123709830430105,0.04403853184996157
434.04185454083625,18.23610713784695,1393.38,1351.58,59.52,09:16:00,1,normal,3.2102434026184583,0.04403734888056941
437.995709345684,18.273880418104152,1405.14,1362.98,60.02,09:17:00,1,normal,3.20811361850809,0.044035862595195825
441.9609931303028,18.31197176642505,1416.92,1374.41,60.52,09:18:00,1,normal,3.2059842882610488,0.044033439803261035
445.9373661796123,18.35038204161836,1428.71,1385.84,61.03,09:19:00,1,normal,3.2038355795117464,0.044038272816486757
172.79769831380517,18.389112076778268,572.99,555.8,24.48,09:20:00,1,normal,3.3159585202311845,0.04404462036703851
453.9219966196756,18.428162678861888,1452.33,1408.76,62.04,09:21:00,1,normal,3.1995144778516944,0.04403872909509072
160.13859174441652,18.46753462826671,531.69,515.74,22.71,09:22:00,1,normal,3.320186559705639,0.0440338154884244
166.9792874452823,18.507228678408147,553.84,537.23,23.66,09:23:00,1,normal,3.3168185615924894,0.04404072743517674
465.9733374973567,18.54724555529725,1487.84,1443.2,63.55,09:24:00,1,normal,3.1929723876281653,0.044034090909090905
169.8528438104457,18.58758595711868,562.99,546.1,24.05,09:25:00,1,normal,3.3145750602108963,0.04403955319538546
474.052915213665,18.628250553809035,1511.55,1466.2,64.57,09:26:00,1,normal,3.188568093329232,0.04403901241304051
478.10518892802565,18.6692399866357,1523.41,1477.71,65.07,09:27:00,1,normal,3.1863490195864315,0.0440343504476521
482.1652771223884,18.71055486777617,1535.28,1489.22,65.58,09:28:00,1,normal,3.184136379879339,0.04403647547038046
486.2327925039941,18.752195779898152,1547.14,1500.73,66.09,09:29:00,1,normal,3.1818915216157313,0.044038567896956815
490.3073432573044,18.794163275740285,1559.01,1512.24,66.59,09:30:00,1,normal,3.1796586802940454,0.044034015764693436
230.31533061494983,18.836457877693896,756.9,734.19,32.33,09:31:00,1,normal,3.286363951453214,0.04403492284013674
498.47596130106587,18.8790800773856,1582.75,1535.27,67.61,09:32:00,1,normal,3.1751781888717043,0.044037856533378494
502.5692227994817,18.922030335261045,1594.61,1546.77,68.11,09:33:00,1,normal,3.172916143009075,0.04403369602461905
167.66368391804835,18.96530908016979,555.05,538.4,23.71,09:34:00,1,normal,3.310496268657085,0.044037890044576526
510.7716038253932,19.008916708951528,1618.32,1569.77,69.13,09:35:00,1,normal,3.1683828699162007,0.04403829860425412
208.66378070767792,19.05285358602366,687.01,666.4,29.35,09:36:00,1,normal,3.292425727502986,0.04404261704681873
518.9923502409692,19.097120042970367,1642.01,1592.75,70.14,09:37:00,1,normal,3.1638423942811706,0.044037042850415944
523.1085529450746,19.141716378133346,1653.83,1604.22,70.64,09:38:00,1,normal,3.161542648631954,0.04403386069242373
527.2280698548782,19.18664285620421,1665.65,1615.68,71.15,09:39:00,1,normal,3.1592589530722015,0.04403718558130323
400.946214099667,19.23189970781872,1287.34,1248.72,54.99,09:40:00,1,normal,3.210754846234796,0.04403709398423986
535.4753061914461,19.27748712915301,1689.24,1638.56,72.16,09:41:00,1,normal,3.1546552762902826,0.04403866809881848
539.6021459142171,19.323405281521804,1701.01,1649.98,72.66,09:42:00,1,normal,3.1523410588334038,0.044036897416938385
543.7305405711486,19.369654290978843,1712.77,1661.39,73.16,09:43:00,1,normal,3.1500345708020414,0.04403541612745953
547.8600409661022,19.416234247919544,1724.51,1672.77,73.66,09:44:00,1,normal,3.1477199851242674,0.04403474476467177
551.9901942936202,19.463145206686093,1736.22,1684.14,74.16,09:45:00,1,normal,3.145381961398489,0.04403434393815241
204.3226130824333,19.51038718517501,671.85,651.69,28.7,09:46:00,1,normal,3.2881823008447153,0.04403934385981064
560.250630921848,19.55796016444736,1759.6,1706.81,75.16,09:47:00,1,normal,3.1407372038202217,0.0440353642174583
251.42032562490684,19.60586408834165,821.51,796.87,35.09,09:48:00,1,normal,3.267476477719658,0.04403478610061867
374.4596510021706,19.654098863089672,1204.3,1168.17,51.44,09:49:00,1,normal,3.2161008449826793,0.04403468673223931
572.6346634955628,19.70266435693516,1794.47,1740.64,76.65,09:50:00,1,normal,3.1337083037305598,0.04403552716242302
357.4699810972993,19.75156039975567,1151.71,1117.15,49.2,09:51:00,1,normal,3.2218369678614147,0.0440406391263483
580.8807908549642,19.800786782687616,1817.59,1763.06,77.64,09:52:00,1,normal,3.1290241106523706,0.044037071909067194
584.9994585663597,19.850343257754552,1829.1,1774.22,78.13,09:53:00,1,normal,3.12666956048561,0.044036252550416516
589.1145542105224,19.900229537499,1840.57,1785.36,78.62,09:54:00,1,normal,3.1242989786028352,0.04403593672984721
593.2255931940704,19.950445294617744,1852.02,1796.46,79.11,09:55:00,1,normal,3.1219489200192383,0.04403660532380348
597.3320882078373,20.00099016160081,1863.43,1807.53,79.6,09:56:00,1,normal,3.119587975912711,0.044037996603099254
429.54577540166025,20.051863730374297,1369.45,1328.36,58.5,09:57:00,1,normal,3.18813518470634,0.04403926646391039
605.5294840509779,20.103065551947,1886.14,1829.55,80.57,09:58:00,1,normal,3.1148607122840133,0.044038151458008795
609.6193974986344,20.154595136061168,1897.44,1840.51,81.05,09:59:00,1,normal,3.1124993853304193,0.04403670721702137
613.7027923995046,20.206451950847345,1908.69,1851.43,81.53,10:00:00,1,normal,3.110121093855953,0.044036231453525115
294.276499273955,20.258635422483486,953.81,925.19,40.74,10:01:00,1,normal,3.2412034340263647,0.044034198380873114
621.8480263509837,20.31114493485848,1931.07,1873.14,82.49,10:02:00,1,normal,3.1053728856092966,0.044038352712557516
248.5195228514908,20.363979829240108,809.85,785.55,34.59,10:03:00,1,normal,3.2586977099740637,0.04403284323085737
279.9214767909648,20.417139403947733,908.35,881.1,38.8,10:04:00,1,normal,3.2450171755785746,0.044035864260583354
634.0044323124861,20.470622914029637,1964.31,1905.38,83.91,10:05:00,1,normal,3.0982590970781057,0.044038459519885796
638.038154113793,20.52442957094523,1975.29,1916.04,84.38,10:06:00,1,normal,3.0958806887396744,0.04403874658149099
231.2828212575674,20.5785585422523,754.67,732.03,32.24,10:07:00,1,normal,3.2629747246102814,0.0440419108506482
646.0749142919572,20.63300895129929,1997.11,1937.19,85.31,10:08:00,1,normal,3.091143079264518,0.04403801382414735
650.0769261867114,20.68777987692284,2007.93,1947.7,85.77,10:09:00,1,normal,3.088757528710216,0.04403655593777275
460.5818092184858,20.74287035315063,1458.3,1414.55,62.29,10:10:00,1,normal,3.1662127570223415,0.04403520554239864
658.0456371559274,20.79827936890971,2029.43,1968.54,86.69,10:11:00,1,normal,3.0840262216024934,0.044037713229093646
662.0113020153191,20.8540058677404,2040.09,1978.88,87.14,10:12:00,1,normal,3.0816543370022282,0.04403500970245795
414.1010486914324,20.910048747515837,1318.15,1278.61,56.31,10:13:00,1,normal,3.1831602556076115,0.044040012200749254
298.88514354562466,20.96640686016739,965.39,936.42,41.24,10:14:00,1,normal,3.2299698424208687,0.044040067491083065
673.8273074008866,21.023079011415977,2071.71,2009.56,88.49,10:15:00,1,normal,3.0745414696698505,0.04403451501821294
462.0752563164982,21.080063960509413,1460.68,1416.86,62.39,10:16:00,1,normal,3.1611300973872276,0.044033990655392916
681.6319480012074,21.137360419965923,2092.48,2029.71,89.38,10:17:00,1,normal,3.069809163340879,0.04403584748560139
685.510894549362,21.194967055323943,2102.77,2039.69,89.82,10:18:00,1,normal,3.0674494259968097,0.04403610352553574
251.30432362813548,21.252882484898308,815.68,791.21,34.84,10:19:00,1,normal,3.245785779662878,0.04403382161499476
256.185400269625,21.31110527954292,830.81,805.89,35.49,10:20:00,1,normal,3.2430029155666373,0.04403826825000931
697.0479691323084,21.36963396242008,2133.24,2069.24,91.12,10:21:00,1,normal,3.0603919593302544,0.04403549129148867
313.9587308752592,21.428467008776515,1010.2,979.9,43.15,10:22:00,1,normal,3.2176203451445615,0.044035105623022756
704.6509867620789,21.48760284572624,2153.2,2088.6,91.98,10:23:00,1,normal,3.0556971329794145,0.04403906923297903
708.424417941316,21.54703985204045,2163.07,2098.18,92.4,10:24:00,1,normal,3.0533532515520703,0.044038166410889444
712.1784343991394,21.60677635794438,2172.87,2107.68,92.82,10:25:00,1,normal,3.0510190916314914,0.04403894329309952
715.9125144669545,21.66681064492144,2182.59,2117.11,93.23,10:26:00,1,normal,3.048682563713929,0.044036445909754335
719.6261370624201,21.727140945524543,2192.24,2126.47,93.64,10:27:00,1,normal,3.046359612435597,0.044035420203435746
217.3983521338883,21.787765443194942,707.14,685.92,30.21,10:28:00,1,normal,3.2527385468151864,0.04404303708887334
726.9899291546086,21.848682272088453,2211.3,2144.96,94.46,10:29:00,1,normal,3.0417202650543516,0.04403811726092794
730.6390604939729,21.909889516909374,2220.7,2154.08,94.86,10:30:00,1,normal,3.0393940319843034,0.044037361657877146
734.265658286906,21.9713852127521,2230.03,2163.13,95.26,10:31:00,1,normal,3.0370887904560573,0.044038037473475934
737.8692061802201,22.033167344950545,2239.28,2172.1,95.65,10:32:00,1,normal,3.034792590942018,0.0440357257953133
498.04319135076247,22.095233848935504,1560.32,1513.51,66.65,10:33:00,1,normal,3.132900975451938,0.04403670937093247
455.4648417815128,22.157582610100025,1434.55,1391.51,61.28,10:34:00,1,normal,3.1496393758712022,0.04403849056061401
281.8812844600167,22.220211463672957,907.78,880.54,38.78,10:35:00,1,normal,3.2204337430169603,0.04404115656301815
752.0426200171446,22.283118194600647,2275.41,2207.15,97.2,10:36:00,1,normal,3.0256396904049487,0.04403869243141608
755.5232231389488,22.34630053743706,2284.23,2215.7,97.57,10:37:00,1,normal,3.023374967231028,0.044035744911314706
758.9777099586297,22.409756176242247,2292.96,2224.17,97.95,10:38:00,1,normal,3.0211163910531504,0.04403889990423394
762.4055758308155,22.473482744489377,2301.59,2232.55,98.31,10:39:00,1,normal,3.0188525280548886,0.04403484804371682
765.8063182698079,22.537477824980364,2310.14,2240.83,98.68,10:40:00,1,normal,3.0166113087435957,0.044037254053185655
235.9383482124049,22.601738949770212,763.1,740.21,32.6,10:41:00,1,normal,3.2343194982149095,0.04404155577471258
605.9529299452993,22.666263600100194,1866.85,1810.84,79.74,10:42:00,1,normal,3.080849861009047,0.04403481257317046
775.8408150833211,22.731049206339836,2335.22,2265.16,99.75,10:43:00,1,normal,3.0099215645792103,0.04403662434441717
779.1280863875934,22.796093147937967,2343.38,2273.08,100.1,10:44:00,1,normal,3.007695449492803,0.044037165431924964
782.3857584850166,22.861392753382823,2351.46,2280.91,100.44,10:45:00,1,normal,3.005499492415713,0.04403505618371615
356.9296089561602,22.92694530017125,1135.08,1101.03,48.49,10:46:00,1,normal,3.1801228351986226,0.04404058018400952
788.8103601724414,22.992748014787217,2367.31,2296.29,101.12,10:47:00,1,normal,3.0011142342026083,0.044036249776813904
791.9763249620788,23.05879807268957,2375.08,2303.83,101.45,10:48:00,1,normal,2.998928029968223,0.04403536719289184
795.110761184416,23.12509259830926,2382.76,2311.28,101.78,10:49:00,1,normal,2.9967648739284876,0.04403620504655429
798.2131946222618,23.19162866505601,2390.34,2318.63,102.1,10:50:00,1,normal,2.9946134893587923,0.04403462389428239
801.2831545463932,23.25840329533456,2397.81,2325.87,102.42,10:51:00,1,normal,2.992462759756133,0.044035135239716756
804.3201738341171,23.325413460570484,2405.18,2333.02,102.74,10:52:00,1,normal,2.9903265866560793,0.04403734215737542
807.3237890872848,23.3926560812458,2412.44,2340.07,103.05,10:53:00,1,normal,2.988193872903671,0.04403714418799437
810.2935407497205,23.46012802694426,2419.6,2347.01,103.35,10:54:00,1,normal,2.9860783510149616,0.04403475059756882
813.2289732240205,23.527826116406597,2426.66,2353.86,103.66,10:55:00,1,normal,2.9839812400922994,0.04403830304266183
816.1296349876818,23.59574711759553,2433.6,2360.59,103.95,10:56:00,1,normal,2.9818792207401357,0.04403560126917423
818.9950787085198,23.66388774777092,2440.44,2367.23,104.24,10:57:00,1,normal,2.9797981250978336,0.04403458894995416
601.7942636181955,23.73224467357481,1846.6,1791.2,78.88,10:58:00,1,normal,3.068490531793376,0.04403751674854846
824.6185443317719,23.80081451112666,2453.8,2380.18,104.82,10:59:00,1,normal,2.975678896462888,0.04403868614978699
827.3756935493785,23.869593826128717,2460.31,2386.5,105.09,11:00:00,1,normal,2.973630986723163,0.04403519798868636
830.0958795797445,23.938579133981563,2466.71,2392.71,105.37,11:01:00,1,normal,2.971596487442908,0.044037931884766644
832.7786777457572,24.007766899910017,2473.0,2398.81,105.64,11:02:00,1,normal,2.9695765106452368,0.04403850242411863
835.423668235889,24.077153539099253,2479.18,2404.8,105.9,11:03:00,1,normal,2.967572136464755,0.04403692614770459
838.0304362134893,24.146735416841377,2485.24,2410.69,106.16,11:04:00,1,normal,2.96557248114898,0.044037184374598144
840.598571925043,24.216508848692374,2491.19,2416.46,106.41,11:05:00,1,normal,2.9635905689144355,0.04403548993155276
669.5242261431981,24.28647010063956,2030.83,1969.9,86.75,11:06:00,1,normal,3.0332434894830005,0.044037768414640334
845.6173335935997,24.35661538927947,2502.75,2427.67,106.91,11:07:00,1,normal,2.959672065098433,0.0440381106163523
645.5002930261869,24.42694088200637,1963.16,1904.26,83.86,11:08:00,1,normal,3.0412999362036817,0.04403810404041465
850.4767809208726,24.497442697211333,2513.85,2438.43,107.38,11:09:00,1,normal,2.9558126175744306,0.044036531702775966
507.9010945959768,24.56811690449192,1572.56,1525.38,67.17,11:10:00,1,normal,3.0961933666453976,0.04403492900129804
855.173829656661,24.63895952487248,2524.48,2448.74,107.83,11:11:00,1,normal,2.9520080157428805,0.044034891413543296
262.1640967291678,24.709966531035256,837.79,812.66,35.79,11:12:00,1,normal,3.1956702326996758,0.04404055816700711
459.506478426156,24.781133847562064,1430.6,1387.68,61.11,11:13:00,1,normal,3.1133402186187054,0.04403753026634382
292.11076098408057,24.85245735118679,929.34,901.46,39.7,11:14:00,1,normal,3.181464444750966,0.04403966898143013
864.0688541750432,24.923932871058614,2544.32,2467.99,108.68,11:15:00,1,normal,2.9445801543548886,0.04403583482915247
334.9452273111976,24.995556189016067,1059.06,1027.29,45.24,11:16:00,1,normal,3.161890105142556,0.044038197587828176
868.2611307170721,25.0673230398718,2553.52,2476.91,109.07,11:17:00,1,normal,2.940958554589586,0.04403470453104877
870.292262122226,25.139229111708232,2557.93,2481.2,109.26,11:18:00,1,normal,2.9391620623656167,0.04403514428502338
872.2796162678593,25.21127004618401,2562.23,2485.36,109.45,11:19:00,1,normal,2.93739524828377,0.04403788585959378
271.8157067158304,25.28344143885129,865.5,839.53,36.97,11:20:00,1,normal,3.1841427063110688,0.044036544256905646
876.1217140720792,25.35573883948388,2570.46,2493.34,109.8,11:21:00,1,normal,2.9339074225804733,0.04403731540824757
877.9758350693817,25.42815775241617,2574.39,2497.15,109.97,11:22:00,1,normal,2.932187763227629,0.044038203552049335
879.7849336527162,25.500693636892997,2578.19,2500.85,110.13,11:23:00,1,normal,2.9304775535264027,0.04403702741068037
881.5487155596876,25.57334190743028,2581.87,2504.42,110.29,11:24:00,1,normal,2.9287887945713735,0.0440381405674767
340.03775806576385,25.646097934186525,1071.53,1039.38,45.77,11:25:00,1,normal,3.1512088719064084,0.04403586753641594
884.9391872358901,25.718957043345167,2588.87,2511.2,110.58,11:26:00,1,normal,2.925477860333366,0.044034724434533296
401.6383984942701,25.7919145175077,1254.67,1217.03,53.59,11:27:00,1,normal,3.123879600913954,0.04403342563453654
888.145036841441,25.86496559609764,2595.36,2517.5,110.86,11:28:00,1,normal,2.922225416278879,0.04403574975173784
477.9067994696925,25.93810547577529,1476.96,1432.65,63.09,11:29:00,1,normal,3.0904770587882475,0.044037273583917916
891.1641663216275,26.01132931086326,2601.35,2523.31,111.12,11:30:00,1,normal,2.919046903262888,0.04403739532598056
892.6030874386586,26.084632213782708,2604.16,2526.03,111.24,11:31:00,1,normal,2.9174893484546263,0.04403748174012185
893.99459511148,26.158009255500367,2606.84,2528.63,111.35,11:32:00,1,normal,2.9159460406748106,0.04403570312778065
895.338460482449,26.231455465986244,2609.39,2531.11,111.46,11:33:00,1,normal,2.9144174132695495,0.04403601581914653
896.6344623007813,26.30496583468193,2611.82,2533.46,111.57,11:34:00,1,normal,2.912915028157651,0.04403858754430699
311.3820859198664,26.37853531097965,981.9,952.44,41.94,11:35:00,1,normal,3.153360595871562,0.04403426987526773
899.0820286728692,26.45215880471181,2616.29,2537.8,111.76,11:36:00,1,normal,2.9099569522726347,0.04403814327370163
900.2331892954409,26.52583118665116,2618.34,2539.79,111.84,11:37:00,1,normal,2.9085130732063096,0.04403513676327571
901.3356786141034,26.59954728902141,2620.26,2541.65,111.93,11:38:00,1,normal,2.9070856309925737,0.04403832156276435
692.827123224148,26.673301906018388,2073.02,2010.83,88.55,11:39:00,1,normal,2.9921172692445572,0.044036542124396394
903.3939218910604,26.74708979434157,2623.72,2545.01,112.07,11:40:00,1,normal,2.9042922875856942,0.04403519043147178
904.3493350230866,26.82090567373595,2625.25,2546.5,112.14,11:41:00,1,normal,2.902915829459842,0.04403691341056352
688.7814011721763,26.89474422754427,2060.05,1998.25,88.0,11:42:00,1,normal,2.9908618271256784,0.04403853371700238
906.111952392714,26.968600103269488,2627.95,2549.11,112.25,11:43:00,1,normal,2.9002486867770965,0.044034976913510986
459.0641022170643,27.042467913147416,1415.6,1373.14,60.47,11:44:00,1,normal,3.0836652074586444,0.044037752887542414
907.675996490778,27.116342234729508,2630.13,2551.22,112.35,11:45:00,1,normal,2.897652918187225,0.04403775448608901
908.3832236261916,27.190217611475692,2631.02,2552.09,112.39,11:46:00,1,normal,2.8963766960569606,0.0440384155731185
909.0404279385898,27.264088553357205,2631.79,2552.84,112.42,11:47:00,1,normal,2.8951297644352847,0.04403722912520957
674.7803279449485,27.337949537469317,2018.13,1957.58,86.21,11:48:00,1,normal,2.990795546968951,0.04403906864598126
358.67108803852364,27.411795008653925,1119.13,1085.56,47.8,11:49:00,1,normal,3.1202124657446553,0.04403257304985445
641.5971049266042,27.485619380131915,1926.42,1868.62,82.29,11:50:00,1,normal,3.002538485924705,0.04403784611103382
911.1669547361396,27.559417034145135,2633.6,2554.59,112.5,11:51:00,1,normal,2.8903594300812316,0.044038377978462294
911.5725711178968,27.633182322608057,2633.73,2554.72,112.5,11:52:00,1,normal,2.889215936774134,0.044036137032629805
911.9276335687234,27.706909567768854,2633.74,2554.72,112.5,11:53:00,1,normal,2.8881019754749206,0.044036137032629805
912.23208288476,27.780593062879944,2633.61,2554.61,112.5,11:54:00,1,normal,2.886995589622008,0.04403803320271979
912.4858682892398,27.854227072877848,2633.36,2554.36,112.49,11:55:00,1,normal,2.885918666266158,0.044038428412596496
912.688947446601,27.927805835072235,2632.99,2554.0,112.47,11:56:00,1,normal,2.884871135304341,0.04403680501174628
912.841286474258,28.00132355984413,2632.48,2553.51,112.45,11:57:00,1,normal,2.8838309999842844,0.04403742299814765
912.9428599520234,28.074774431353102,2631.85,2552.9,112.42,11:58:00,1,normal,2.8828200706211864,0.04403619413216342
912.9936509291756,28.14815260825341,2631.1,2552.16,112.39,11:59:00,1,normal,2.8818382223384207,0.04403720769857689
912.9936509291756,28.221452224418883,2630.21,2551.31,112.35,12:00:00,1,normal,2.8808634072352772,0.04403620101046129
452.16351833235177,28.294667389676547,1388.14,1346.49,59.3,12:01:00,1,normal,3.069995573989854,0.044040431046647205
912.841286474258,28.367792190548823,2628.07,2549.23,112.26,12:02:00,1,normal,2.878999930152821,0.044036826806525896
912.688947446601,28.44082069100414,2626.81,2548.0,112.21,12:03:00,1,normal,2.8780999346479845,0.04403846153846153
912.4858682892398,28.51374693321595,2625.42,2546.66,112.15,12:04:00,1,normal,2.877217161644628,0.044038073398097906
912.2320828847602,28.586564938329857,2623.91,2545.19,112.08,12:05:00,1,normal,2.876362330627952,0.044036005170537365
911.9276335687234,28.65926870723897,2622.27,2543.6,112.01,12:06:00,1,normal,2.8755242230549034,0.044036011951564716
911.572571117897,28.73185222136709,2620.51,2541.9,111.94,12:07:00,1,normal,2.874713525864832,0.04403792438726936
911.1669547361396,28.80430944345977,2618.63,2540.07,111.86,12:08:00,1,normal,2.873929949268536,0.044038156428759835
910.7108520379486,28.876634318383086,2616.62,2538.12,111.77,12:09:00,1,normal,2.8731622052648684,0.04403653097568279
910.204339029676,28.94882077392993,2614.49,2536.05,111.68,12:10:00,1,normal,2.8724209365857107,0.04403698665247136
909.647500088418,29.020862721633748,2612.23,2533.86,111.58,12:11:00,1,normal,2.8716948045765975,0.044035582076357806
289.42653518452136,29.092754057589502,904.92,877.77,38.65,12:12:00,1,normal,3.1265965279343724,0.044032035726898844
908.3832236261918,29.1644886632818,2607.35,2529.13,111.37,12:13:00,1,normal,2.8703194116593997,0.04403490528363509
907.6759964907782,29.236060406419995,2604.73,2526.59,111.26,12:14:00,1,normal,2.869669364476208,0.04403563696523773
906.9188641351404,29.307463141780104,2601.98,2523.92,111.15,12:15:00,1,normal,2.86903283512722,0.04403863830866272
655.720200094468,29.3786907120534,1948.61,1890.16,83.24,12:16:00,1,normal,2.9717095793591053,0.04403859990688618
905.2553952927254,29.44973694870151,2596.13,2518.25,110.9,12:17:00,1,normal,2.867842614912568,0.04403851881266753
593.1753571008652,29.52059567281793,1776.94,1723.63,75.9,12:18:00,1,normal,2.9956402920795044,0.044034972702958294
681.5747092332609,29.59126069599565,2016.27,1955.78,86.13,12:19:00,1,normal,2.958252371582578,0.04403869555880518
341.0180563070834,29.661725821200918,1056.4,1024.71,45.12,12:20:00,1,normal,3.097783183212804,0.04403197002078636
901.3356786141036,29.731984843652764,2582.99,2505.5,110.33,12:21:00,1,normal,2.8657358865141265,0.04403512272999401
632.0609312832661,29.80203155170834,1880.94,1824.51,80.35,12:22:00,1,normal,2.9758839803326382,0.04403922148960542
665.7899783474885,29.871859727753705,1971.44,1912.3,84.21,12:23:00,1,normal,2.9610538820262446,0.04403597761857449
897.8823869832546,29.94146314910004,2571.89,2494.73,109.86,12:24:00,1,normal,2.8643952006243834,0.04403682963687453
896.6344623007814,30.01083558888498,2567.96,2490.92,109.69,12:25:00,1,normal,2.8639987731573076,0.04403593852873637
895.3384604824491,30.07997081697905,2563.91,2486.99,109.52,12:26:00,1,normal,2.863620980403822,0.044037169429712225
893.9945951114801,30.148862600896805,2559.74,2482.95,109.34,12:27:00,1,normal,2.863261158397499,0.04403632775529109
892.6030874386588,30.217504706712788,2555.46,2478.8,109.16,12:28:00,1,normal,2.862929823974663,0.044037437469743416
891.1641663216277,30.285890899981773,2551.07,2474.53,108.97,12:29:00,1,normal,2.8626263222968285,0.04403664534275195
889.6780681621609,30.35401494666345,2546.56,2470.16,108.78,12:30:00,1,normal,2.8623387392930995,0.044037633189752894
888.1450368414411,30.421870614051127,2541.93,2465.68,108.58,12:31:00,1,normal,2.8620663231311916,0.044036533532331855
886.5653236533628,30.48945167170432,2537.2,2461.08,108.38,12:32:00,1,normal,2.8618308570255073,0.04403757699871601
627.9196289675721,30.556751892385133,1863.44,1807.53,79.6,12:33:00,1,normal,2.9676409432587345,0.044037996603099254
883.2668935004929,30.623765052998117,2527.4,2451.57,107.96,12:34:00,1,normal,2.8614227688118254,0.044037086438486354
881.5487155596878,30.690484935533448,2522.33,2446.66,107.74,12:35:00,1,normal,2.861248567980266,0.04403554233117801
562.0072696413589,30.7569053280133,1681.63,1631.18,71.83,12:36:00,1,normal,2.992185494456541,0.04403560612562685
449.5498327274919,30.823020025441075,1365.6,1324.63,58.33,12:37:00,1,normal,3.0377055013338183,0.04403493805817473
661.1066492181235,30.888822830753444,1949.97,1891.48,83.29,12:38:00,1,normal,2.949554360565254,0.04403430118214308
874.2228718160455,30.954307555774875,2500.96,2425.94,106.83,12:39:00,1,normal,2.860780792436478,0.04403653841397561
580.8355817667612,31.019468022174536,1731.44,1679.5,73.96,12:40:00,1,normal,2.980946853726452,0.04403691574873474
870.2922621222262,31.08429806242529,2489.64,2414.95,106.35,12:41:00,1,normal,2.8606941694838923,0.04403817884428249
868.2611307170723,31.148791520764668,2483.82,2409.3,106.1,12:42:00,1,normal,2.8606831656148,0.04403768729506495
866.1865499469873,31.212942254157497,2477.89,2403.55,105.84,12:43:00,1,normal,2.8606886128070825,0.04403486509537975
864.0688541750434,31.276744133260117,2471.86,2397.7,105.59,12:44:00,1,normal,2.8607210965380427,0.044038036451599455
861.908384143026,31.34019104338581,2465.72,2391.75,105.32,12:45:00,1,normal,2.860768087842194,0.044034702623601964
417.4285460310066,31.403276885471445,1270.36,1232.24,54.26,12:46:00,1,normal,3.0432992953616487,0.044033629812374214
857.4605156100114,31.465995577044875,2453.15,2379.55,104.79,12:47:00,1,normal,2.860948061561516,0.04403773822781618
855.1738296566612,31.528341053193092,2446.71,2373.31,104.51,12:48:00,1,normal,2.8610674405019103,0.04403554529328238
852.8457943484179,31.590307267530825,2440.17,2366.97,104.23,12:49:00,1,normal,2.861208926831037,0.04403520112210971
499.1715032405575,31.65188819316933,1500.65,1455.63,64.1,12:50:00,1,normal,3.0062813887771482,0.04403591572034101
848.0671664182723,31.7130778236853,2426.79,2353.99,103.66,12:51:00,1,normal,2.8615540090407072,0.04403587101049707
845.6173335935999,31.77387017408948,2419.96,2347.36,103.37,12:52:00,1,normal,2.8617672602759376,0.04403670506441279
843.1276708073515,31.834259281794974,2413.03,2340.64,103.07,12:53:00,1,normal,2.8619983468095187,0.044034964795953244
840.5985719250432,31.89423920758488,2406.0,2333.82,102.77,12:54:00,1,normal,2.8622461188460653,0.04403510125031065
838.0304362134896,31.95380403657906,2398.88,2326.91,102.47,12:55:00,1,normal,2.8625213313718856,0.04403694169520953
434.5170987228237,32.012947879199935,1315.8,1276.33,56.21,12:56:00,1,normal,3.0281892332143694,0.04404033439627683
275.10962260096926,32.07166487213691,850.96,825.43,36.35,12:57:00,1,normal,3.093166978147721,0.044037653102019556
830.0958795797449,32.12994917930938,2376.95,2305.65,101.53,12:58:00,1,normal,2.863464400285164,0.04403530457788476
827.3756935493788,32.187794992827946,2369.46,2298.38,101.21,12:59:00,1,normal,2.8638259722559614,0.04403536403901878
419.6793126198272,32.24519653395377,1272.15,1233.99,54.34,13:00:00,1,normal,3.0312430509349317,0.044036013257805984
821.8248613593331,32.302148054055706,2354.21,2283.58,100.56,13:01:00,1,normal,2.864612779061024,0.044036118725860274
535.9324451900285,32.35864383556509,1598.04,1550.1,68.26,13:02:00,1,normal,2.9817937210973935,0.044035868653635256
816.1296349876822,32.41467819292794,2338.6,2268.44,99.89,13:03:00,1,normal,2.865476144651084,0.04403466699582092
813.2289732240208,32.47024547355426,2330.66,2260.74,99.56,13:04:00,1,normal,2.865933306286631,0.044038677601139456
570.2164259734038,32.52534005876446,1690.95,1640.22,72.23,13:05:00,1,normal,2.965452980617696,0.04403677555449879
807.3237890872851,32.579956364732325,2314.54,2245.1,98.87,13:06:00,1,normal,2.8669290206556264,0.04403812747761793
804.3201738341174,32.63408884342465,2306.35,2237.16,98.52,13:07:00,1,normal,2.86745263270701,0.0440379767204849
554.7941880858125,32.68773198353706,1647.56,1598.13,70.38,13:08:00,1,normal,2.969677828970271,0.044038970546826595
628.0802161300568,32.74088031142607,1845.76,1790.39,78.84,13:09:00,1,normal,2.9387329079918,0.0440350984980926
795.1107611844163,32.793528392036755,2281.29,2212.85,97.45,13:10:00,1,normal,2.869147433750909,0.044038231240255785
791.9763249620792,32.84567082982633,2272.77,2204.59,97.08,13:11:00,1,normal,2.86974487540246,0.04403539887235268
788.8103601724417,32.89730226968295,2264.18,2196.25,96.72,13:12:00,1,normal,2.8703730507609304,0.04403870233352305
785.6133444015979,32.948417397839805,2255.51,2187.84,96.35,13:13:00,1,normal,2.871017932769489,0.044038869387158106
782.385758485017,32.999010942784146,2246.76,2179.36,95.97,13:14:00,1,normal,2.871678038146481,0.04403586373981352
779.1280863875937,33.04907767616117,2237.94,2170.8,95.59,13:15:00,1,normal,2.872364684446364,0.04403445734291505
775.8408150833214,33.09861241367233,2229.04,2162.17,95.21,13:16:00,1,normal,2.873063593284419,0.04403446537506301
772.5244344346261,33.14761001596807,2220.07,2153.47,94.83,13:17:00,1,normal,2.873786123832787,0.04403590484195276
335.7092564243256,33.19606538953465,1025.03,994.28,43.78,13:18:00,1,normal,3.0533265925333777,0.04403186225208191
765.8063182698083,33.24397348757489,2201.91,2135.85,94.06,13:19:00,1,normal,2.8752831459719355,0.04403867312779456
464.7300062655774,33.29132931088256,1393.66,1351.85,59.53,13:20:00,1,normal,2.9988595124274604,0.04403595073417909
758.97770995863,33.338127908710334,2183.47,2117.97,93.27,13:21:00,1,normal,2.8768565550087306,0.04403745095539597
755.523223138949,33.384364379630924,2174.15,2108.92,92.87,13:22:00,1,normal,2.8776746146427192,0.04403675815109155
752.0426200171449,33.43003387239136,2164.76,2099.82,92.47,13:23:00,1,normal,2.8785070717809162,0.04403710794258555
748.5364072763956,33.475131586760064,2155.3,2090.64,92.07,13:24:00,1,normal,2.879352265365711,0.04403914590747331
745.0050935158089,33.5196527743666,2145.78,2081.41,91.66,13:25:00,1,normal,2.8802219188511726,0.04403745537880571
478.0797893410938,33.56359273953384,1429.34,1386.46,61.06,13:26:00,1,normal,2.9897519867341935,0.0440402175324207
737.8692061802204,33.60694684010241,2126.55,2062.76,90.84,13:27:00,1,normal,2.882014837031432,0.04403808489596463
734.2656582869064,33.64971048824713,2116.84,2053.34,90.42,13:28:00,1,normal,2.882934774504826,0.04403557131308015
730.6390604939733,33.691879151285306,2107.07,2043.86,90.0,13:29:00,1,normal,2.8838726450998173,0.04403432720440735
274.0576179477208,33.73344835247667,841.81,816.56,35.96,13:30:00,1,normal,3.0716533490434976,0.04403840501616538
370.0875269899905,33.77441367181473,1121.93,1088.27,47.92,13:31:00,1,normal,3.03152610714801,0.04403319029285012
719.6261370624205,33.81477074680936,2077.42,2015.09,88.74,13:32:00,1,normal,2.886804540591338,0.04403773528725764
715.9125144669548,33.8545152732605,2067.42,2005.39,88.31,13:33:00,1,normal,2.8878109520677033,0.04403632211190841
712.1784343991397,33.89364300602264,2057.36,1995.64,87.88,13:34:00,1,normal,2.8888265926442735,0.044035998476679154
257.57904040758547,33.93214975975998,792.27,768.5,33.84,13:35:00,1,normal,3.075832562875983,0.04403383214053351
704.6509867620795,33.97003140969214,2037.09,1975.98,87.02,13:36:00,1,normal,2.890920524159869,0.044038907276389434
700.8586629974097,34.00728389233004,2026.88,1966.08,86.58,13:37:00,1,normal,2.891995357996297,0.044036865234375
697.0479691323088,34.043903206202025,2016.62,1956.12,86.14,13:38:00,1,normal,2.893086400510291,0.0440361532012351
693.2194278829686,34.079885412569816,2006.31,1946.12,85.7,13:39:00,1,normal,2.894191823398682,0.04403633897190307
689.3735620795153,34.11522663613424,1995.95,1936.07,85.26,13:40:00,1,normal,2.8953097562650343,0.04403766392744064
393.7392815101543,34.149923065730555,1187.83,1152.2,50.74,13:41:00,1,normal,3.016793232933673,0.04403749349071342
681.6319480012078,34.18397095501315,1975.1,1915.84,84.37,13:42:00,1,normal,2.8976047936011655,0.044038124269250044
677.7372449097115,34.21736662312946,1964.6,1905.66,83.92,13:43:00,1,normal,2.8987635175070317,0.044037236443017116
300.67132638853684,34.25010645538296,918.21,890.67,39.22,13:44:00,1,normal,3.053866196783462,0.04403426633882358
380.5917129844531,34.282186903885034,1149.57,1115.08,49.1,13:45:00,1,normal,3.020480900610043,0.044032715141514515
665.9638152096936,34.31360448819556,1932.86,1874.87,82.56,13:46:00,1,normal,2.902349881264038,0.04403505309701473
257.0740742194984,34.34435579595208,789.37,765.69,33.72,13:47:00,1,normal,3.0705935726759033,0.044038710182972216
658.0456371559278,34.37443748348735,1911.5,1854.15,81.65,13:48:00,1,normal,2.904813727299371,0.044036350888547314
654.0673393225295,34.40384627643513,1900.76,1843.74,81.19,13:49:00,1,normal,2.9060616326887243,0.04403549307386074
650.0769261867118,34.43257897032413,1889.99,1833.29,80.73,13:50:00,1,normal,2.9073328461086874,0.04403558629567608
646.0749142919576,34.46063243115976,1879.18,1822.81,80.27,13:51:00,1,normal,2.9086100673935302,0.04403640533023189
642.0618189459352,34.488003595993845,1868.34,1812.29,79.81,13:52:00,1,normal,2.9099067174983713,0.04403820580591407
638.0381541137933,34.51468947348188,1857.47,1801.74,79.34,13:53:00,1,normal,2.911220885496955,0.04403521040771698
199.1682553664048,34.54068714442777,615.81,597.34,26.3,13:54:00,1,normal,3.091908391059157,0.044028526467338534
629.9611645061619,34.56599376231607,1835.62,1780.56,78.41,13:55:00,1,normal,2.9138621607555377,0.044036707552680056
625.9088600026355,34.59060655383128,1824.66,1769.92,77.94,13:56:00,1,normal,2.91521676173799,0.04403588862773458
621.848026350984,34.6145228193644,1813.67,1759.26,77.47,13:57:00,1,normal,2.9165807772079777,0.04403556040607983
617.7791692402817,34.63773993350637,1802.65,1748.57,77.0,13:58:00,1,normal,2.9179520607935383,0.04403598368952916
613.7027923995049,34.66025534552833,1791.6,1737.85,76.53,13:59:00,1,normal,2.9193284146468637,0.04403717236815606
308.61667273408733,34.682066579848694,939.7,911.51,40.14,14:00:00,1,normal,3.044877620107296,0.04403681802722954
605.5294840509782,34.70317123648674,1769.44,1716.36,75.58,14:01:00,1,normal,2.922136818446044,0.044035050921718055
319.74206443600315,34.72356699150273,971.94,942.78,41.52,14:02:00,1,normal,3.0397626965798716,0.04403996690638325
597.3320882078376,34.74325159742436,1747.19,1694.77,74.63,14:03:00,1,normal,2.924989355991331,0.04403547384010809
593.2255931940708,34.76222288365954,1736.04,1683.95,74.16,14:04:00,1,normal,2.9264415087905067,0.04403931233112622
589.1145542105229,34.78047875689527,1724.86,1673.12,73.68,14:05:00,1,normal,2.9278855660110086,0.04403748685091327
584.9994585663602,34.79801720148257,1713.67,1662.26,73.2,14:06:00,1,normal,2.9293531385475764,0.04403643232707278
580.8807908549645,34.81483627980742,1702.46,1651.39,72.72,14:07:00,1,normal,2.9308250966506373,0.04403563058998782
576.7590328654477,34.8309341326475,1691.24,1640.5,72.24,14:08:00,1,normal,2.9323164504205517,0.04403535507467235
426.54429184335487,34.8463089795147,1277.11,1238.79,54.55,14:09:00,1,normal,2.994085314049892,0.044034905028293735
375.9924764716661,34.86095911898339,1133.52,1099.51,48.42,14:10:00,1,normal,3.0147411741772427,0.04403779865576484
564.3799912363265,34.87488292900412,1657.5,1607.77,70.8,14:11:00,1,normal,2.9368511034012617,0.044036149449237144
560.2506309218485,34.88807886720304,1646.23,1596.84,70.32,14:12:00,1,normal,2.9383813406711523,0.04403697302171789
556.1205442126566,34.90054547116658,1634.95,1585.9,69.84,14:13:00,1,normal,2.9399201612210297,0.044038085629610944
551.9901942936208,34.91228135871158,1623.66,1574.95,69.36,14:14:00,1,normal,2.9414652955525598,0.044039493317248164
547.8600409661026,34.9232852281407,1612.36,1563.99,68.87,14:15:00,1,normal,2.943014418713119,0.04403480840670337
543.7305405711489,34.93355585848302,1601.06,1553.03,68.39,14:16:00,1,normal,2.944583540071529,0.04403649639736515
539.6021459142175,34.94309210971986,1589.76,1542.06,67.91,14:17:00,1,normal,2.9461706407904646,0.044038493962621425
164.0288177799521,34.95189292299568,508.65,493.39,21.73,14:18:00,1,normal,3.100979491801032,0.04404223839153611
207.05628829301747,34.95995732081401,638.38,619.23,27.27,14:19:00,1,normal,3.0831229771519477,0.044038564023060896
527.2280698548786,34.96728440721837,1555.82,1509.15,66.46,14:20:00,1,normal,2.9509430338719347,0.044038034655269516
380.2801428943942,34.97387336795825,1145.21,1110.85,48.92,14:21:00,1,normal,3.011490400954306,0.04403834901201783
518.9923502409697,34.979723470639826,1533.2,1487.2,65.49,14:22:00,1,normal,2.9541861248785857,0.0440357719203873
227.5774295218264,34.9848340648617,699.65,678.66,29.89,14:23:00,1,normal,3.0743382657501117,0.04404267232487549
510.7716038253937,34.989204582335404,1510.58,1465.26,64.53,14:24:00,1,normal,2.9574471029450353,0.04403996560337415
367.6506847559424,34.9928345369907,1109.0,1075.73,47.37,14:25:00,1,normal,3.016450250150323,0.04403521329701691
349.69996797896715,34.99572352506571,1057.42,1025.7,45.17,14:26:00,1,normal,3.0237920984413673,0.04403821780247636
498.4759613010663,34.99787122518174,1476.69,1432.39,63.08,14:27:00,1,normal,2.962409653909305,0.044038285662424334
276.7624167255865,34.99927739840285,845.19,819.83,36.1,14:28:00,1,normal,3.053846725287187,0.04403351914421282
374.2121513542509,34.99994188828021,1127.74,1093.91,48.17,14:29:00,1,normal,3.0136381085402433,0.04403470120942308
486.2327925039945,34.999864620881056,1442.86,1399.58,61.63,14:30:00,1,normal,2.9674263485388974,0.04403463896311751
482.16527712238894,34.99904560480244,1431.61,1388.66,61.15,14:31:00,1,normal,2.969127118700859,0.0440352570103553
478.10518892802605,34.9974849311696,1420.36,1377.75,60.67,14:32:00,1,normal,2.970810677007358,0.044035565233170024
474.0529152136655,34.99518277361909,1409.13,1366.86,60.19,14:33:00,1,normal,2.9725162630101662,0.044035234040062626
231.90156580695623,34.99213938826658,712.5,691.13,30.44,14:34:00,1,normal,3.0724242741556664,0.04404381230738067
465.9733374973571,34.98835511365934,1386.71,1345.11,59.23,14:35:00,1,normal,2.975942802752883,0.04403357346239341
461.946785045772,34.98383037071352,1375.52,1334.26,58.76,14:36:00,1,normal,2.977658995643203,0.04403939262212762
457.9295500877959,34.97856566263607,1364.35,1323.42,58.28,14:37:00,1,normal,2.9793884228227285,0.04403741820434934
453.921996619676,34.972561574831545,1353.2,1312.6,57.8,14:38:00,1,normal,2.981128938622014,0.04403474021026969
449.9244838535265,34.965818774793505,1342.06,1301.8,57.33,14:39:00,1,normal,2.982856119554741,0.04403902289138117
179.24007575398468,34.95833801198094,554.68,538.04,23.69,14:40:00,1,normal,3.0946204283093697,0.044030183629469935
198.09308652691124,34.95012011767941,611.5,593.16,26.12,14:41:00,1,normal,3.0869325665079526,0.04403533616562142
437.9957093456844,34.94116600484704,1308.78,1269.51,55.91,14:42:00,1,normal,2.988111463363803,0.04404061409520208
222.2266431422112,34.931476667945546,683.84,663.33,29.21,14:43:00,1,normal,3.0772187813789054,0.04403539716279981
430.0997634747663,34.921053182756104,1286.7,1248.1,54.96,14:44:00,1,normal,2.991631498712717,0.044034933098309435
260.79242580432214,34.90989670618035,798.45,774.49,34.11,14:45:00,1,normal,3.0616303274048815,0.04404188562796162
309.880369136307,34.898008476026284,942.51,914.23,40.26,14:46:00,1,normal,3.0415285828752134,0.044037058508252847
418.3473453519504,34.88538981077949,1253.76,1216.15,53.56,14:47:00,1,normal,2.996935474623909,0.044040619989310525
414.4555567145448,34.87204210935934,1242.84,1205.55,53.09,14:48:00,1,normal,2.9987292482026073,0.04403799095848369
410.5771302977838,34.85796685086056,1231.94,1194.98,52.62,14:49:00,1,normal,3.000508087497463,0.0440342097775695
406.7123705639153,34.84316559428005,1221.07,1184.44,52.16,14:50:00,1,normal,3.002293729858673,0.044037688696768086
402.86157684756176,34.82763997822912,1210.23,1173.93,51.7,14:51:00,1,normal,3.0040839572495077,0.044040104605896434
399.0250433376911,34.81139172063112,1199.43,1163.44,51.23,14:52:00,1,normal,3.005901559378903,0.044033211854500445
395.2030590611827,34.79442261840466,1188.65,1152.99,50.77,14:53:00,1,normal,3.0076943301594765,0.04403333940450481
391.3959078679778,34.77673454713238,1177.9,1142.57,50.31,14:54:00,1,normal,3.0094847092712036,0.04403231311867107
387.6038684178049,34.75832946071547,1167.19,1132.18,49.86,14:55:00,1,normal,3.0112960553372647,0.04403893373845148
383.82721416846977,34.739209391013986,1156.52,1121.82,49.4,14:56:00,1,normal,3.0131266291409426,0.04403558503146673
380.0662133656979,34.71937644747293,1145.87,1111.5,48.95,14:57:00,1,normal,3.0149220312236733,0.044039586144849305
376.3211290345191,34.69883281673448,1135.26,1101.21,48.49,14:58:00,1,normal,3.0167320206351342,0.04403338146220975
372.5922189721808,34.67758076223613,1124.69,1090.95,48.04,14:59:00,1,normal,3.018554716742418,0.0440350153535909
368.8797357425775,34.655622623795125,1114.16,1080.73,47.59,15:00:00,1,normal,3.0203881971372804,0.044035050382611754
365.18392667218495,34.6329608171791,1103.66,1070.55,47.14,15:01:00,1,normal,3.02220311298291,0.04403344075475223
150.33632929594702,34.609597833663194,467.72,453.69,19.98,15:02:00,1,normal,3.1111575105659406,0.044038881174370166
123.8951403737502,34.585536239573585,386.85,375.24,16.52,15:03:00,1,normal,3.122398496284866,0.0440251572327044
127.32708432556775,34.5607786758177,397.42,385.5,16.98,15:04:00,1,normal,3.121252654963973,0.04404669260700389
350.57219509948897,34.53532785740121,1062.07,1030.2,45.37,15:05:00,1,normal,3.0295329031972855,0.044039992234517565
346.96328331450144,34.50918657293177,1051.77,1020.22,44.93,15:06:00,1,normal,3.0313582173668605,0.04403952088765168
343.3724196199857,34.48235768410991,1041.51,1010.27,44.49,15:07:00,1,normal,3.0331789639734357,0.04403773248735487
339.79981468995976,34.454844125206925,1031.3,1000.36,44.05,15:08:00,1,normal,3.0350222555035207,0.04403414770682554
336.2456739808998,34.42664890253011,1021.13,990.5,43.62,15:09:00,1,normal,3.036856914501165,0.04403836446239273
332.7101977405449,34.39777509387535,1011.01,980.68,43.19,15:10:00,1,normal,3.038710586167271,0.04404086960068524
205.4107559243285,34.36822584796725,635.05,616.0,27.13,15:11:00,1,normal,3.0916102574197564,0.04404220779220779
325.69601367547403,34.33800438388694,990.89,961.17,42.33,15:12:00,1,normal,3.042376812715093,0.04404007615718343
322.21768040057555,34.307113990487736,980.91,951.48,41.9,15:13:00,1,normal,3.0442463578676047,0.044036658679110434
126.58566446055868,34.275558025798745,395.62,383.76,16.9,15:14:00,1,normal,3.1253144002199913,0.04403794037940379
185.68447441610545,34.24333991641657,575.88,558.6,24.6,15:15:00,1,normal,3.101390150204452,0.04403866809881848
311.89985455000715,34.2104631568854,951.22,922.68,40.63,15:16:00,1,normal,3.0497609605248797,0.044034768283695326
156.41500728667074,34.17693130906533,487.13,472.52,20.81,15:17:00,1,normal,3.114343108441052,0.044040463895708114
305.1206287946724,34.14274800148955,931.67,903.72,39.8,15:18:00,1,normal,3.053448086025534,0.04404018943920683
114.88914368172112,34.10791692871004,359.88,349.08,15.37,15:19:00,1,normal,3.1324108481213875,0.044030021771513696
298.42233563669674,34.07244185063233,912.32,884.95,38.97,15:20:00,1,normal,3.057143822876148,0.04403638623651054
99.7599993728624,34.03632659183932,313.2,303.81,13.38,15:21:00,1,normal,3.139534903457502,0.044040683321812976
291.8061464756971,33.999575040904354,893.17,866.38,38.15,15:22:00,1,normal,3.060833401857034,0.0440337957939934
288.5291850487482,33.96219114969371,883.67,857.16,37.75,15:23:00,1,normal,3.0626711119386423,0.04404078585094965
285.2731526713615,33.92417893265871,874.23,848.0,37.34,15:24:00,1,normal,3.064536539150337,0.04403301886792453
282.03817339080086,33.88554246611767,864.83,838.89,36.94,15:25:00,1,normal,3.0663579670886065,0.044034378762412237
95.81629526429032,33.8462858875277,301.22,292.18,12.87,15:26:00,1,normal,3.143724135536071,0.044048189472243135
275.6318458535815,33.806413394746755,846.21,820.82,36.15,15:27:00,1,normal,3.070073406719177,0.0440413245291294
272.4607213243348,33.765929245285975,836.97,811.86,35.75,15:28:00,1,normal,3.07189232977064,0.044034685783263125
269.31109740809546,33.72483775555253,827.79,802.96,35.36,15:29:00,1,normal,3.073731487364682,0.044037062867390654
148.892130672224,33.68314330008322,465.13,451.18,19.87,15:30:00,1,normal,3.123939444616804,0.0440400726982579
263.07674613014984,33.64085031076892,809.6,785.31,34.58,15:31:00,1,normal,3.077428970477965,0.044033566362328254
259.99220430724046,33.597963276070104,800.58,776.57,34.2,15:32:00,1,normal,3.0792461725272773,0.04403981611445201
129.9673863792279,33.55448674022373,407.25,395.03,17.4,15:33:00,1,normal,3.1334784159750475,0.04404728754778118
253.8888170472303,33.51042530244154,782.72,759.24,33.43,15:34:00,1,normal,3.0829242859262784,0.044030872978241396
250.87012922466897,33.46578361610004,773.88,750.66,33.06,15:35:00,1,normal,3.0847833593888927,0.04404124370553913
108.89500765783626,33.42056638792236,342.36,332.09,14.62,15:36:00,1,normal,3.1439457819383625,0.04402421030443555
244.89912495852417,33.374778377152225,756.35,733.66,32.31,15:37:00,1,normal,3.0884144650500267,0.044039473325518635
241.94693887263296,33.32842439472019,747.68,725.25,31.94,15:38:00,1,normal,3.090264350869088,0.04403998621165116
239.0170429552383,33.28150930240228,739.06,716.89,31.57,15:39:00,1,normal,3.0920807606945697,0.044037439495599046
129.9968663282836,33.23403801197147,407.89,395.65,17.42,15:40:00,1,normal,3.137691019181551,0.04402881334512828
233.22433361229156,33.18601548434195,722.0,700.34,30.84,15:41:00,1,normal,3.0957318596105043,0.04403575406231259
230.3616153147918,33.13744672870651,713.56,692.15,30.48,15:42:00,1,normal,3.097564665992257,0.044036697247706424
227.52137752672385,33.088336801667275,705.18,684.02,30.12,15:43:00,1,normal,3.0994010658061,0.04403380018128125
224.703657139028,33.03869080635995,696.85,675.95,29.77,15:44:00,1,normal,3.101195631937788,0.0440417190620608
101.1401573064262,32.9885138915718,318.88,309.31,13.62,15:45:00,1,normal,3.1528525216139753,0.044033493905790304
219.1358952202676,32.93781125085355,680.38,659.97,29.06,15:46:00,1,normal,3.1048313619094956,0.04403230449868933
216.38590669742527,32.88658812162553,672.23,652.07,28.71,15:47:00,1,normal,3.1066256128223104,0.0440290152897695
144.5202078294696,32.83484978427811,453.35,439.75,19.37,15:48:00,1,normal,3.136931553094237,0.04404775440591245
94.0711333051584,32.7826015612668,297.12,288.21,12.69,15:49:00,1,normal,3.158460938661907,0.044030394504007496
67.0306546543341,32.729848816202086,212.51,206.13,9.08,15:50:00,1,normal,3.1703405120519648,0.044049871440353175
205.6123318295328,32.6765969529344,640.25,621.04,27.35,15:51:00,1,normal,3.113869651217285,0.044039031302331576
113.25545247931984,32.622851414634226,357.06,346.34,15.25,15:52:00,1,normal,3.1526958939588208,0.044031876191026165
200.36150523746244,32.56861768286774,624.62,605.88,26.68,15:53:00,1,normal,3.117465100193369,0.04403512246649501
197.770088484478,32.513901276668136,616.89,598.38,26.35,15:54:00,1,normal,3.1192280123210674,0.04403556268591865
195.2013284553974,32.4587077516028,609.23,590.95,26.02,15:55:00,1,normal,3.1210340873228546,0.044030797867839915
73.4578493114184,32.403042698836664,233.01,226.02,9.95,15:56:00,1,normal,3.172023169534594,0.044022652862578525
190.13173363259853,32.346911744191885,594.08,576.26,25.38,15:57:00,1,normal,3.124570468325776,0.044042619650852044
187.63086736993003,32.290320547204075,586.6,569.01,25.06,15:58:00,1,normal,3.126351267371529,0.044041405247710934
185.1525949942061,32.23327480017535,579.18,561.81,24.74,15:59:00,1,normal,3.12812250899386,0.04403624000996778
78.98146935716878,32.17578022722432,250.58,243.07,10.7,16:00:00,1,normal,3.1726429254795327,0.044020241082815645
127.70563606515108,32.11784258333339,402.7,390.62,17.2,16:01:00,1,normal,3.1533455562960127,0.04403256361681429
177.85307907782214,32.05946765339344,557.29,540.58,23.81,16:02:00,1,normal,3.1334290240550167,0.04404528469421732
74.2016109195015,32.000661251246214,235.74,228.67,10.07,16:03:00,1,normal,3.177019974077724,0.04403725893208554
173.09916513148173,31.941429218724565,543.01,526.72,23.19,16:04:00,1,normal,3.1369879778885323,0.04402718712029162
170.75582361950953,31.88177742469085,535.96,519.88,22.89,16:05:00,1,normal,3.1387509288951976,0.04402939139801493
168.43483448827476,31.82171176407356,528.97,513.1,22.6,16:06:00,1,normal,3.1405023883988985,0.044045994932761644
99.56468546028316,31.7612381569027,315.59,306.12,13.48,16:07:00,1,normal,3.169698156942306,0.044035018946818244
163.85972095759885,31.700362547343687,515.17,499.71,22.01,16:08:00,1,normal,3.1439697137852924,0.04404554641692182
84.02781338338849,31.63909090273038,267.02,259.0,11.41,16:09:00,1,normal,3.1777573311551546,0.044054054054054055
90.9482521134251,31.57742921259732,288.82,280.16,12.34,16:10:00,1,normal,3.1756520140684104,0.04404625928041119
157.16341193594633,31.515383487711347,494.93,480.09,21.14,16:11:00,1,normal,3.149142627431085,0.044033410402216255
154.97543797547803,31.45295975910289,488.31,473.66,20.86,16:12:00,1,normal,3.1508864009615896,0.04404002871257864
152.8094227699566,31.39016407709705,481.75,467.3,20.58,16:13:00,1,normal,3.152619722444992,0.044040231114915465
93.02980837629046,31.32700251034484,295.66,286.79,12.63,16:14:00,1,normal,3.178121133003987,0.04403919244046166
51.451914387308136,31.26348114485468,164.45,159.51,7.02,16:15:00,1,normal,3.1961881682786437,0.044009779951100246
146.44244038430676,31.1996060830244,462.43,448.56,19.75,16:16:00,1,normal,3.157759449968545,0.04402978419832353
144.36355770606733,31.13538344267389,456.11,442.43,19.48,16:17:00,1,normal,3.159453862509171,0.044029563998824676
142.3062695287116,31.0708193560788,449.85,436.36,19.22,16:18:00,1,normal,3.16113971288692,0.044046200385003204
82.38439709226249,31.005919969005276,262.54,254.66,11.21,16:19:00,1,normal,3.186768481245069,0.044019476949658375
138.25615238201465,30.940691439746114,437.52,424.39,18.69,16:20:00,1,normal,3.1645607986477984,0.04403968048257499
136.26315527846904,30.8751399381584,431.44,418.5,18.43,16:21:00,1,normal,3.1662264030089715,0.04403823178016726
73.37051423641879,30.80927164470293,234.28,227.25,10.01,16:22:00,1,normal,3.193108327482743,0.04404840484048405
132.34084626921688,30.74309274948573,419.47,406.88,17.92,16:23:00,1,normal,3.1696185404972037,0.04404246952418404
130.41135252539857,30.676609451301527,413.57,401.16,17.67,16:24:00,1,normal,3.1712729911259387,0.044047262937481305
128.5028411072156,30.60982795667975,407.73,395.5,17.42,16:25:00,1,normal,3.1729259562425773,0.04404551201011379
126.61521573973616,30.54275447893308,401.95,389.89,17.17,16:26:00,1,normal,3.174578960764306,0.04403806201749212
51.18843495679799,30.475395237208787,164.14,159.22,7.01,16:27:00,1,normal,3.2065836773195127,0.04402713226981535
122.90222786617844,30.40775645554301,390.57,378.86,16.68,16:28:00,1,normal,3.177891945337805,0.04402681729398722
119.27157866517182,30.27166518732416,379.43,368.05,16.21,16:30:00,1,normal,3.1812272818586944,0.04404292894987094
117.48686953647491,30.203225164822104,373.94,362.73,15.97,16:31:00,1,normal,3.182823761287697,0.044027237890441925
115.72242759480436,30.134530528613208,368.52,357.46,15.74,16:32:00,1,normal,3.184516672000282,0.04403289878587814
113.97814330544097,30.0655875131105,363.15,352.25,15.51,16:33:00,1,normal,3.186137179185514,0.04403122782114975
112.25390544285996,29.99640235201517,357.84,347.1,15.29,16:34:00,1,normal,3.187773276914178,0.04405070584845865
110.54960114077964,29.926981277397232,352.58,342.01,15.06,16:35:00,1,normal,3.189337603769426,0.04403380018128125
62.78635125284807,29.857330518780515,201.54,195.5,8.61,16:36:00,1,normal,3.209933305223846,0.04404092071611253
107.20033384736328,29.78745630223245,342.25,331.98,14.62,16:37:00,1,normal,3.192620654403102,0.044038797517922765
105.55513736579776,29.717364849458757,337.16,327.05,14.4,16:38:00,1,normal,3.1941600230369027,0.04402996483718086
103.92940756214652,29.647062376903115,332.14,322.17,14.19,16:39:00,1,normal,3.195823085986425,0.04404506937331222
102.32302410605416,29.57655509485214,327.17,317.35,13.98,16:40:00,1,normal,3.1974230908275345,0.044052308177091534
100.73586531993134,29.505849206545573,322.25,312.58,13.77,16:41:00,1,normal,3.198959963033548,0.044052722503039224
99.16780822664448,29.43495090729228,317.39,307.87,13.56,16:42:00,1,normal,3.20053458552413,0.04404456426413746
97.61872859682616,29.363866383591848,312.59,303.21,13.35,16:43:00,1,normal,3.202151928151245,0.04402889086771545
96.08850099579438,29.29260181226213,307.84,298.6,13.15,16:44:00,1,normal,3.2037132103192407,0.04403884795713329
93.08409439350442,29.149557180385223,298.5,289.55,12.75,16:46:00,1,normal,3.2067777201346432,0.0440338456225177
90.15356259354768,29.005866199803293,289.39,280.71,12.36,16:48:00,1,normal,3.209967434173386,0.044031206583306615
88.71567466356825,28.933793643439145,284.91,276.36,12.17,16:49:00,1,normal,3.2114956131534718,0.04403676364162686
87.29586341879097,28.861577848963,280.48,272.07,11.98,16:50:00,1,normal,3.2129815665426475,0.044032785680155846
85.89399626645863,28.789224901521514,276.11,267.83,11.79,16:51:00,1,normal,3.2145436468394966,0.04402046074002165
62.02675392471158,28.571403741561912,200.18,194.17,8.55,16:54:00,1,normal,3.2273170419812653,0.04403357882268116
80.46328804984944,28.49856269299567,259.14,251.37,11.07,16:55:00,1,normal,3.2205991860468703,0.04403866809881848
77.85209300422375,28.35256560097878,250.97,243.44,10.72,16:57:00,1,normal,3.2236769791967443,0.04403549129148866
75.30887603561617,28.206188239323865,242.99,235.7,10.38,16:59:00,1,normal,3.2265784963392847,0.04403903266864659
74.06241358531703,28.132871771391628,239.08,231.91,10.21,17:00:00,1,normal,3.2280881546560605,0.044025699624854475
72.83252976282118,28.05947796684169,235.22,228.16,10.05,17:01:00,1,normal,3.2296008495927975,0.04404803646563815
70.42193919582321,27.91248176705171,227.64,220.81,9.72,17:03:00,1,normal,3.2325153581329027,0.044019745482541554
69.24095208950253,27.8388910183397,223.92,217.21,9.56,17:04:00,1,normal,3.2339243358548218,0.04401270659730215
68.0759829618895,27.76524622462867,220.25,213.65,9.41,17:05:00,1,normal,3.235355413425334,0.04404399719166861
53.16644267800528,27.691553142910607,172.39,167.22,7.36,17:06:00,1,normal,3.242458801391972,0.0440138739385241
51.8444704021104,27.617817502406385,168.19,163.14,7.18,17:07:00,1,normal,3.2441261082523005,0.044011278656368766
64.67577249598442,27.54404500387857,209.53,203.25,8.95,17:08:00,1,normal,3.2396984514256753,0.04403444034440344
61.41463559765087,27.32256292673362,199.23,193.25,8.51,17:11:00,1,normal,3.24401501468195,0.044036222509702454
59.315916341151,27.1748270908638,192.59,186.81,8.23,17:13:00,1,normal,3.2468519729566885,0.04405545741662652
58.28874232293509,27.10095148230999,189.33,183.65,8.09,17:14:00,1,normal,3.2481400773937033,0.044051184317996185
57.276169360188966,27.027078068481284,186.13,180.54,7.95,17:15:00,1,normal,3.2496935825001882,0.04403456297773347
53.36905017300976,26.73171483338625,173.72,168.51,7.42,17:19:00,1,normal,3.2550701096766965,0.04403299507447629
52.4273550624856,26.65793344237097,170.73,165.61,7.29,17:20:00,1,normal,3.2565060700948054,0.04401908097337117
51.49941099483373,26.584186418101787,167.78,162.74,7.17,17:21:00,1,normal,3.2579013382663966,0.04405800663635246
50.585076913544896,26.510478996111807,164.87,159.92,7.04,17:22:00,1,normal,3.259261625356028,0.04402201100550276
50.73866334927236,15.276950573404584,172.89,167.7,7.38,06:29:00,2,normal,3.4074606737246538,0.04400715563506261
51.67876869000988,15.281924043789871,176.07,170.79,7.52,06:30:00,2,normal,3.4070084187984224,0.0440306809532174
52.63336443899082,15.286976183889994,179.3,173.92,7.66,06:31:00,2,normal,3.406584433868615,0.04404323827046919
53.60261106732506,15.292108025379598,182.57,177.1,7.8,06:32:00,2,normal,3.4059907971776124,0.044042913608131
54.58666953810426,15.297320609454555,185.9,180.32,7.94,06:33:00,2,normal,3.405593372393463,0.044032830523513755
55.58570127931488,15.302614986846384,189.27,183.6,8.08,06:34:00,2,normal,3.4050123618829486,0.04400871459694989
56.599868156122746,15.307992217835125,192.7,186.92,8.23,06:35:00,2,normal,3.4046015702450796,0.0440295313503103
58.67425679238111,15.318999529532691,199.7,193.71,8.53,06:37:00,2,normal,3.4035369328432834,0.04403489752723142
59.73480420977955,15.324631778638391,203.28,197.18,8.68,06:38:00,2,normal,3.4030412033512585,0.04402069175372755
61.90342183265863,15.3361589562263,210.6,204.28,9.0,06:40:00,2,normal,3.4020736457720813,0.04405717642451537
63.01181952210016,15.34205611062194,214.33,207.9,9.16,06:41:00,2,normal,3.40142534568182,0.04405964405964406
64.13649518331766,15.348043808682627,218.12,211.58,9.32,06:42:00,2,normal,3.400871833993425,0.04404953209188014
65.2776131051054,15.354123187347795,221.97,215.31,9.48,06:43:00,2,normal,3.4004000673645893,0.04402953880451442
66.43533773542181,15.360295393147789,225.87,219.09,9.65,06:44:00,2,normal,3.3998472454452693,0.04404582591629011
67.60983364730353,15.3665615821998,229.82,222.93,9.82,06:45:00,2,normal,3.399209665252088,0.04404970170008523
68.80126550413877,15.37292292020198,233.83,226.82,9.99,06:46:00,2,normal,3.3986293462281427,0.04404373512035976
70.00979802430037,15.379380582425629,237.9,230.76,10.16,06:47:00,2,normal,3.398095791069488,0.04402842780377882
71.23559594513941,15.385935753705455,242.02,234.76,10.34,06:48:00,2,normal,3.397458767473309,0.044044982109388314
72.47882398633978,15.39258962842792,246.2,238.82,10.52,06:49:00,2,normal,3.3968542321603037,0.04404991206766602
73.73964681263517,15.39934341051752,250.44,242.93,10.7,06:50:00,2,normal,3.3962733865045784,0.04404560984645782
77.62932902442974,15.420216382961124,263.51,255.6,11.26,06:53:00,2,normal,3.394464480262017,0.04405320813771518
59.90040606016017,15.427382023932902,203.76,197.65,8.7,06:54:00,2,normal,3.401646389431089,0.044017202124968374
81.68327887007315,15.442032774943156,277.11,268.79,11.84,06:56:00,2,normal,3.392493590282731,0.04404925778488783
83.07186306621995,15.449520415866404,281.76,273.31,12.04,06:57:00,2,normal,3.391762139430985,0.04405254107057919
84.47935270408254,15.457117936600904,286.48,277.89,12.24,06:58:00,2,normal,3.391124468051891,0.04404620533304545
85.90591017179693,15.464826625954696,291.26,282.52,12.44,06:59:00,2,normal,3.3904535720246773,0.04403228090046722
88.81687579313748,15.48058271213996,301.0,291.97,12.86,07:01:00,2,normal,3.3889955857156715,0.04404562112545809
91.8060489883565,15.496799169893915,311.0,301.67,13.28,07:03:00,2,normal,3.3875763462976525,0.04402161302085059
93.33036368542228,15.50508335807524,316.09,306.61,13.5,07:04:00,2,normal,3.38678633103164,0.044029875085613644
94.87470926457348,15.513486641310353,321.25,311.62,13.72,07:05:00,2,normal,3.3860446318116493,0.044027982799563575
70.10528004507397,15.522010372528994,238.09,230.95,10.17,07:06:00,2,normal,3.396177860596531,0.04403550552067547
99.6295093605473,15.53942463543638,337.12,327.01,14.4,07:08:00,2,normal,3.3837364267247665,0.04403535060089906
101.25555242113852,15.548317917618183,342.55,332.27,14.63,07:09:00,2,normal,3.383024355793134,0.0440304571583351
104.57023306305238,15.566483725749949,353.59,342.98,15.1,07:11:00,2,normal,3.381363793908702,0.04402589072249111
106.25917720570864,15.57575905479338,359.22,348.44,15.34,07:12:00,2,normal,3.380602122530847,0.04402479623464585
107.96939316836917,15.585164550267931,364.91,353.96,15.59,07:13:00,2,normal,3.379754107082492,0.04404452480506272
109.70103150169412,15.594701635191306,370.67,359.55,15.83,07:14:00,2,normal,3.3789107989770883,0.044027256292587955
111.45424157124432,15.604371741040149,376.5,365.2,16.08,07:15:00,2,normal,3.3780679379468195,0.04403066812705367
113.22917150497145,15.614176307673812,382.4,370.92,16.33,07:16:00,2,normal,3.377221566822206,0.0440256659117869
51.68194259502323,15.624116783255335,175.84,170.57,7.51,07:17:00,2,normal,3.4023488895893923,0.044028844462683944
116.84477697021563,15.634194624169574,394.4,382.57,16.85,07:18:00,2,normal,3.375418313310955,0.04404422720025094
118.68574209015463,15.644411294938472,400.51,388.49,17.11,07:19:00,2,normal,3.374541818980829,0.04404231769157507
120.54900614273072,15.654768268133438,406.69,394.49,17.37,07:20:00,2,normal,3.3736487177544765,0.04403153438616949
122.43471026328544,15.665267024284812,412.94,400.55,17.64,07:21:00,2,normal,3.3727363679140305,0.04403944576207714
124.34299402448778,15.67590905178838,419.26,406.68,17.91,07:22:00,2,normal,3.3718023543604883,0.04403953968722337
126.27399538058972,15.686695846808911,425.65,412.88,18.18,07:23:00,2,normal,3.3708444776542565,0.044032164309242394
128.22785061126575,15.697628913180738,432.11,419.15,18.46,07:24:00,2,normal,3.36986074351336,0.04404151258499344
130.2046942650476,15.70870976230524,438.65,425.49,18.74,07:25:00,2,normal,3.368926154897873,0.044043338268819475
132.2046591023676,15.719939913045357,445.26,431.9,19.02,07:26:00,2,normal,3.367959972236909,0.04403797175272054
134.22787603822303,15.731320891616978,451.94,438.38,19.3,07:27:00,2,normal,3.3669608231847796,0.04402573110087139
136.27447408447637,15.742854231477262,458.7,444.94,19.59,07:28:00,2,normal,3.3660008822756673,0.04402840832471794
138.34458029180365,15.754541473209818,465.53,451.56,19.89,07:29:00,2,normal,3.3650035224949155,0.0440473026840287
140.43831969130562,15.766384164406752,472.43,458.26,20.18,07:30:00,2,normal,3.3639679044753454,0.044036136690961465
93.14310853710472,15.77838385954754,315.13,305.68,13.46,07:31:00,2,normal,3.383288414455955,0.044032975660821774
82.14171970988075,15.790542119874722,278.27,269.92,11.89,07:32:00,2,normal,3.387681691871459,0.04405008891523414
146.86255582517018,15.802860513266362,493.58,478.77,21.08,07:33:00,2,normal,3.3608294314826797,0.04402949224053303
149.05203585163292,15.815340614105295,500.78,485.75,21.39,07:34:00,2,normal,3.3597662530317844,0.044034997426659804
151.26574186680926,15.827984003145117,508.05,492.81,21.7,07:35:00,2,normal,3.3586587004435033,0.04403319737829995
84.70222431729681,15.840792267372862,286.8,278.19,12.25,07:36:00,2,normal,3.385979557344793,0.04403465257557784
155.76627610876844,15.853766999868451,522.83,507.14,22.33,07:37:00,2,normal,3.356503172964849,0.044031233978782974
158.05332030656987,15.866909799660766,530.33,514.42,22.65,07:38:00,2,normal,3.3553866440220275,0.04403016990008165
160.36502231385907,15.880222271580395,537.9,521.76,22.98,07:39:00,2,normal,3.3542227116537093,0.04404323827046918
162.7014836912672,15.893706026109076,545.55,529.19,23.3,07:40:00,2,normal,3.353073294864376,0.044029554602316744
78.59599705426119,15.907362679225688,266.25,258.26,11.37,07:41:00,2,normal,3.3875771028922252,0.04402540075892511
167.4490773392386,15.921193852248924,561.08,544.25,23.97,07:42:00,2,normal,3.350750024518178,0.04404225999081304
169.860399087602,15.935201171676532,568.96,551.89,24.3,07:43:00,2,normal,3.3495741388584084,0.044030513326931094
172.29685903892786,15.949386269021115,576.92,559.61,24.64,07:44:00,2,normal,3.3484069484380656,0.04403066421257661
174.7585447421531,15.963750780642536,584.95,567.4,24.99,07:45:00,2,normal,3.3471896945758077,0.044043003172365175
93.32026154646796,15.978296347576832,315.48,306.01,13.48,07:46:00,2,normal,3.3806163288870517,0.04405084801150289
116.14125319997044,15.993024615361694,391.51,379.76,16.72,07:47:00,2,normal,3.3709813628918175,0.04402780703602275
182.29578668145365,16.007937233858442,609.51,591.22,26.04,07:48:00,2,normal,3.343522146592816,0.04404451811508406
184.8591902219989,16.023035857070532,617.84,599.31,26.39,07:49:00,2,normal,3.3422195523956963,0.04403397240159517
187.44821122503535,16.038322142958545,626.26,607.47,26.75,07:50:00,2,normal,3.3409761336594577,0.04403509638336049
190.06291839441064,16.053797753251676,634.75,615.71,27.11,07:51:00,2,normal,3.339683539336133,0.04403046888957463
192.70337707751375,16.06946435325567,643.32,624.02,27.48,07:52:00,2,normal,3.338395049201595,0.04403705009454825
195.36964920381456,16.08532361165726,651.96,632.41,27.85,07:53:00,2,normal,3.3370587635127444,0.044037886813934
77.91016193198503,16.101377200325047,263.75,255.84,11.27,07:54:00,2,normal,3.3853093545133652,0.0440509693558474
200.7798640462638,16.11762679410681,669.49,649.4,28.6,07:55:00,2,normal,3.334447919766176,0.044040652910378814
203.5239129801677,16.134074070623296,678.36,658.01,28.98,07:56:00,2,normal,3.333072709083097,0.044041883861947385
206.29398767077043,16.150720710058412,687.31,666.69,29.36,07:57:00,2,normal,3.3317015573759456,0.04403845865394711
209.0901320403742,16.167568394945864,696.34,675.45,29.74,07:58:00,2,normal,3.330334115746507,0.04402990598860019
211.9123862275151,16.18461880995222,705.45,684.28,30.13,07:59:00,2,normal,3.3289701114620507,0.044031682936809494
214.76078652668565,16.201873641656377,714.63,693.19,30.53,08:00:00,2,normal,3.3275627806997337,0.04404275883956779
141.38517488440874,16.219334578325487,474.71,460.47,20.28,08:01:00,2,normal,3.3575656032402637,0.0440419571307577
220.53615105905985,16.237003309687246,733.22,711.22,31.32,08:02:00,2,normal,3.3247156825714383,0.044037006833328646
223.46316812233792,16.254881526698643,742.63,720.35,31.72,08:03:00,2,normal,3.3232769688176855,0.044034150065940164
226.4164368392832,16.2729709213111,752.11,729.55,32.13,08:04:00,2,normal,3.3217994704769116,0.04404084709752588
229.39597338999107,16.291273186232033,761.67,738.82,32.54,08:05:00,2,normal,3.320328551299815,0.044043204028044715
157.4826376703802,16.309790014682832,527.53,511.7,22.53,08:06:00,2,normal,3.349766093606771,0.044029704905217903
154.36012783476085,16.32852310015326,517.23,501.71,22.09,08:07:00,2,normal,3.3508005419228692,0.0440294193857009
79.02384744658038,16.34747413615227,267.23,259.21,11.41,08:08:00,2,normal,3.381637425090519,0.04401836348906293
241.5769733401044,16.366644815955276,800.66,776.64,34.2,08:09:00,2,normal,3.3143059494862945,0.044035846724351055
244.6879427637668,16.386036832347802,810.6,786.28,34.63,08:10:00,2,normal,3.3127909403471962,0.04404283461362365
247.8251869022447,16.405651877365635,820.6,795.99,35.05,08:11:00,2,normal,3.311205008083734,0.04403321649769469
250.9886913390723,16.425491642031385,830.68,805.76,35.48,08:12:00,2,normal,3.309631185246493,0.044032962668784745
254.17843706271967,16.44555781608751,840.84,815.61,35.92,08:13:00,2,normal,3.3080697549199227,0.04404065668640649
257.39440041219456,16.465852087725818,851.07,825.54,36.35,08:14:00,2,normal,3.306482187013727,0.044031785255711414
260.6365530232534,16.48637614331343,861.37,835.53,36.79,08:15:00,2,normal,3.3048702877955516,0.044031931827702174
263.9048617752468,16.50713166711524,871.74,845.59,37.24,08:16:00,2,normal,3.303235848464258,0.044040255915987654
267.19928873862455,16.52812034101288,882.19,855.72,37.68,08:17:00,2,normal,3.3016180700352162,0.044033094937596405
270.5197911231285,16.549343844220196,892.7,865.92,38.13,08:18:00,2,normal,3.2999434026388217,0.04403409090909091
164.59591315536665,16.570803852995247,550.3,533.8,23.51,08:19:00,2,normal,3.3433393906965145,0.04404271262645186
277.2388263851008,16.592502040348855,913.95,886.53,39.04,08:20:00,2,normal,3.2966161771673006,0.04403686282472111
280.6372489223637,16.61444007574974,924.68,896.94,39.5,08:21:00,2,normal,3.2949296771926595,0.04403862019756059
284.0615261019461,16.63661962482621,935.48,907.41,39.96,08:22:00,2,normal,3.2932302126134045,0.04403742519919331
287.5115900787656,16.659042349064453,946.35,917.95,40.42,08:23:00,2,normal,3.291519481843294,0.04403289939539191
145.22290444070154,16.681709905503467,486.48,471.89,20.78,08:24:00,2,normal,3.349884798638241,0.044035686282820154
196.67146997589708,16.70462394642665,654.6,634.96,27.96,08:25:00,2,normal,3.32839328490413,0.044034269875267734
298.0157467297634,16.727786119050002,979.36,949.98,41.83,08:26:00,2,normal,3.286269302031447,0.04403250594749363
301.56817564224235,16.751198065207085,990.5,960.78,42.31,08:27:00,2,normal,3.2844977686738877,0.04403713649326589
305.1459738793301,16.774861421030653,1001.7,971.65,42.79,08:28:00,2,normal,3.282691189614457,0.0440384912262646
308.74904198599387,16.798777816631056,1012.97,982.58,43.27,08:29:00,2,normal,3.280884674116503,0.044037126747949275
229.7867516189215,16.82294887577139,761.32,738.48,32.52,08:30:00,2,normal,3.313158807617306,0.04403639909002275
203.40082934981,16.847376215539494,676.05,655.76,28.88,08:31:00,2,normal,3.3237327603877413,0.04404050262291082
222.49570638202132,16.872061446016712,737.69,715.56,31.51,08:32:00,2,normal,3.315524654365235,0.0440354407736598
323.41183348571184,16.897006169943573,1058.71,1026.94,45.22,08:33:00,2,normal,3.2735660553582475,0.04403373127933472
327.1395680403699,16.92221198238236,1070.3,1038.19,45.72,08:34:00,2,normal,3.2716922823225163,0.044038181835694815
330.89186054651856,16.947680470376586,1081.95,1049.49,46.22,08:35:00,2,normal,3.2697993786036137,0.044040438689268116
110.05837826571828,16.97341321260745,369.86,358.76,15.8,08:36:00,2,normal,3.3605801378158824,0.044040584234585796
338.4695609175934,16.999411779047307,1105.44,1072.27,47.22,08:37:00,2,normal,3.265995314329431,0.044037415949341116
342.2946753019322,17.025677730610155,1117.27,1083.75,47.72,08:38:00,2,normal,3.264058954508934,0.0440322952710496
346.1437606125536,17.052212618799224,1129.16,1095.29,48.23,08:39:00,2,normal,3.26211282272366,0.04403400012782003
350.0166557345205,17.07901798535167,1141.12,1106.88,48.74,08:40:00,2,normal,3.260187711939951,0.044033680254408784
353.91319374978946,17.106095361880442,1153.12,1118.53,49.26,08:41:00,2,normal,3.258200090769252,0.044039945285329854
160.10622921048324,17.133446269513335,534.4,518.37,22.83,08:42:00,2,normal,3.3377839365478557,0.04404190057294982
361.77650160838687,17.161072218529338,1177.31,1141.99,50.29,08:43:00,2,normal,3.2542467373251505,0.04403716319757616
126.15722904779746,17.1889747079922,422.76,410.08,18.06,08:44:00,2,normal,3.351056480796895,0.04404018728053063
369.7322317671912,17.21715522538143,1201.71,1165.66,51.33,08:45:00,2,normal,3.2502170401975645,0.04403513889127189
373.74427551392006,17.2456152462206,1213.99,1177.57,51.86,08:46:00,2,normal,3.2481835295823416,0.044039844765067046
377.7788373300401,17.274356233703152,1226.32,1189.54,52.38,08:47:00,2,normal,3.246132072053168,0.044033828202498446
381.8357089793155,17.303379638315675,1238.71,1201.55,52.91,08:48:00,2,normal,3.2440915578880616,0.044034788398318835
385.9146762401278,17.332686897458707,1251.14,1213.61,53.44,08:49:00,2,normal,3.2420119705981407,0.04403391534347937
390.01551888912655,17.362279435065155,1263.63,1225.72,53.98,08:50:00,2,normal,3.239947998990328,0.04403942172763763
394.1380106863823,17.39215866121636,1276.16,1237.87,54.51,08:51:00,2,normal,3.237850614249554,0.044035318732984885
398.28191936206406,17.42232597175586,1288.73,1250.07,55.05,08:52:00,2,normal,3.2357230829463313,0.04403753389810171
148.2309784884808,17.452782747900947,494.87,480.02,21.14,08:53:00,2,normal,3.338505925321521,0.044039831673680266
406.633028050776,17.483530355851993,1314.03,1274.61,56.13,08:54:00,2,normal,3.2314886134530076,0.04403699955280439
410.8397332764859,17.514570146399727,1326.74,1286.94,56.67,08:55:00,2,normal,3.2293371174670047,0.04403468693179169
415.06686579033175,17.545903454530396,1339.5,1299.31,57.22,08:56:00,2,normal,3.2271908706792303,0.044038759033640934
419.3141630279127,17.577531599028966,1352.29,1311.72,57.76,08:57:00,2,normal,3.2250043505207846,0.04403378769859421
190.2010628875295,17.6094558820804,631.3,612.36,26.97,08:58:00,2,normal,3.319119201627716,0.044042719968645894
427.86817103109433,17.641677588869037,1378.01,1336.67,58.86,08:59:00,2,normal,3.2206415276911455,0.044034802905728414
432.1743262776988,17.674197987176218,1390.92,1349.19,59.41,09:00:00,2,normal,3.218423481977612,0.04403382770402982
436.499535210904,17.70701832697614,1403.87,1361.76,59.97,09:01:00,2,normal,3.2162004464029734,0.04403859710962284
309.59782580076086,17.74013984003009,1011.8,981.45,43.22,09:02:00,2,normal,3.268110805956162,0.0440368842019461
445.2059362589365,17.773563739479062,1429.89,1386.99,61.08,09:03:00,2,normal,3.211749627633808,0.04403780849176995
209.60535654852737,17.80729121943487,693.48,672.67,29.62,09:04:00,2,normal,3.3085032339784077,0.044033478525874505
453.9849577570516,17.841323454569793,1456.03,1412.35,62.2,09:05:00,2,normal,3.207220801309433,0.044040075052217936
458.4009195463221,17.875661599704888,1469.15,1425.08,62.76,09:06:00,2,normal,3.204945577888485,0.04403963286271648
462.8340864125021,17.91030678939698,1482.3,1437.83,63.32,09:07:00,2,normal,3.202659535060467,0.04403858592462252
467.28412911453165,17.945260137524436,1495.48,1450.62,63.88,09:08:00,2,normal,3.2003654881962764,0.04403634308088956
471.7507124065563,17.980522736871794,1508.69,1463.43,64.44,09:09:00,2,normal,3.198066182674476,0.04403353764785469
476.23349505515074,18.01609565871337,1521.92,1476.26,65.01,09:10:00,2,normal,3.1957432977782307,0.04403695825938521
480.7321298583816,18.05197995239581,1535.18,1489.12,65.58,09:11:00,2,normal,3.193420835949216,0.04403943268507575
150.61848618390027,18.088176644919827,501.42,486.38,21.42,09:12:00,2,normal,3.3290734272005795,0.044039639787820224
388.70471812835,18.124686740521053,1255.68,1218.01,53.64,09:13:00,2,normal,3.230421297807287,0.044039047298462246
257.1618234273405,18.161511220250205,844.57,819.23,36.08,09:14:00,2,normal,3.2841966538576366,0.044041355907376435
498.8780389044656,18.19865104155257,1588.42,1540.77,67.85,09:15:00,2,normal,3.183984613730772,0.04403642334676817
315.6134273914781,18.23610713784695,1028.61,997.76,43.94,09:16:00,2,normal,3.2590818727244475,0.04403864656831302
508.0366442465272,18.273880418104152,1615.16,1566.71,68.99,09:17:00,2,normal,3.1792194879868467,0.04403495222472569
215.08270716694707,18.31197176642505,709.68,688.39,30.31,09:18:00,2,normal,3.299567916676568,0.04403027353680326
282.0375163385985,18.35038204161836,922.67,894.99,39.41,09:19:00,2,normal,3.271444210607407,0.044034011553201705
188.77242711566325,18.389112076778268,624.72,605.98,26.69,09:20:00,2,normal,3.3093816165070877,0.04404435789960065
526.5097419717814,18.428162678861888,1668.81,1618.74,71.28,09:21:00,2,normal,3.1695709822012006,0.04403424886022462
531.1581528400606,18.46753462826671,1682.24,1631.78,71.86,09:22:00,2,normal,3.167116970727449,0.04403779921312922
168.61801058560494,18.507228678408147,559.16,542.39,23.88,09:23:00,2,normal,3.316134486808706,0.0440273603864378
540.4882414125966,18.54724555529725,1709.15,1657.87,73.01,09:24:00,2,normal,3.1622334567964696,0.04403843485918679
234.47568666288785,18.58758595711868,770.94,747.81,32.93,09:25:00,2,normal,3.2879315163640044,0.044035249595485486
549.8598436048973,18.628250553809035,1736.07,1683.98,74.16,09:26:00,2,normal,3.157295482096445,0.044038527773488996
554.5601260402839,18.6692399866357,1749.53,1697.05,74.73,09:27:00,2,normal,3.1548066978636546,0.044035237618219855
559.2694725877429,18.71055486777617,1763.0,1710.11,75.31,09:28:00,2,normal,3.1523265374070735,0.044038102812099814
326.88542622712845,18.752195779898152,1061.6,1029.76,45.35,09:29:00,2,normal,3.247621077063169,0.04403938781852082
568.7135558701921,18.794163275740285,1789.93,1736.23,76.46,09:30:00,2,normal,3.1473313437398502,0.04403794428157559
573.4473784730718,18.836457877693896,1803.38,1749.28,77.03,09:31:00,2,normal,3.1448046807745307,0.04403526022134821
348.3539474971365,18.8790800773856,1127.66,1093.83,48.17,09:32:00,2,normal,3.237109865130119,0.04403792179771994
582.9362617137471,18.922030335261045,1830.28,1775.38,78.18,09:33:00,2,normal,3.1397600736300832,0.04403564307359551
392.7285240556293,18.96530908016979,1263.67,1225.76,53.98,09:34:00,2,normal,3.2176679884372326,0.04403798459731106
592.450304984766,19.008916708951528,1857.15,1801.44,79.33,09:35:00,2,normal,3.1346932972677832,0.04403699262811973
597.215559101552,19.05285358602366,1870.57,1814.45,79.9,09:36:00,2,normal,3.1321521542641584,0.044035382622833366
601.9856504985612,19.097120042970367,1883.97,1827.45,80.48,09:37:00,2,normal,3.1295928705936866,0.04403950860488659
606.7600849603878,19.141716378133346,1897.36,1840.44,81.05,09:38:00,2,normal,3.127034963290093,0.04403838212601334
611.5383636104227,19.18664285620421,1910.74,1853.42,81.62,09:39:00,2,normal,3.1244810034799824,0.044037509037347176
616.3199829853376,19.23189970781872,1924.09,1866.37,82.19,09:40:00,2,normal,3.1219010467258768,0.04403735593692569
376.8098176710448,19.27748712915301,1213.37,1176.97,51.83,09:41:00,2,normal,3.220112489370626,0.044036806375693516
625.8912075828651,19.323405281521804,1950.75,1892.22,83.33,09:42:00,2,normal,3.11675571787247,0.04403821965733371
325.4155984906564,19.369654290978843,1054.37,1022.74,45.04,09:43:00,2,normal,3.2400720951619464,0.0440385630756595
635.4696422596958,19.416234247919544,1977.31,1917.99,84.46,09:44:00,2,normal,3.1115727148960133,0.044035683189172
640.2602582222825,19.463145206686093,1990.56,1930.84,85.03,09:45:00,2,normal,3.108985720161514,0.044037828095543914
645.0511022138039,19.51038718517501,2003.77,1943.66,85.59,09:46:00,2,normal,3.1063740424953883,0.044035479456283506
361.1193890702685,19.55796016444736,1163.84,1128.93,49.71,09:47:00,2,normal,3.2228676587994944,0.04403284526055645
654.631337041916,19.60586408834165,2030.12,1969.22,86.72,09:48:00,2,normal,3.101165320275542,0.044037740831395174
659.4196495370554,19.654098863089672,2043.25,1981.95,87.28,09:49:00,2,normal,3.098557953852999,0.04403743787683847
664.2060335616659,19.70266435693516,2056.34,1994.65,87.84,09:50:00,2,normal,3.0959369474157095,0.044037801117990626
453.9495164246989,19.75156039975567,1444.48,1401.14,61.7,09:51:00,2,normal,3.1820278417228147,0.04403557103501434
469.7123562847206,19.800786782687616,1491.28,1446.54,63.7,09:52:00,2,normal,3.174879221393202,0.04403611376111273
678.5481124006297,19.850343257754552,2095.41,2032.54,89.51,09:53:00,2,normal,3.088078740041979,0.044038493707380916
683.3212627699269,19.900229537499,2108.35,2045.1,90.06,09:54:00,2,normal,3.085444745936258,0.04403696640751064
688.0897077683686,19.950445294617744,2121.25,2057.62,90.61,09:55:00,2,normal,3.082810244146357,0.04403631379943819
692.8528821600215,20.00099016160081,2134.12,2070.09,91.16,09:56:00,2,normal,3.0801921373938987,0.044036732702442884
551.2545563046931,20.051863730374297,1729.79,1677.9,73.89,09:57:00,2,normal,3.137915106943622,0.044037189343822634
702.361143055844,20.103065551947,2159.7,2094.91,92.25,09:58:00,2,normal,3.0749138407679317,0.044035304619291525
279.11831794288025,20.154595136061168,906.81,879.6,38.73,09:59:00,2,normal,3.2488372912363737,0.044031377899045016
388.57022951637,20.206451950847345,1244.59,1207.25,53.16,10:00:00,2,normal,3.202998854413181,0.04403396148270863
236.04666614220503,20.258635422483486,770.74,747.62,32.92,10:01:00,2,normal,3.265201803509785,0.04403306492603194
721.2892222406261,20.31114493485848,2210.29,2143.98,94.41,10:02:00,2,normal,3.064360220348107,0.044034925698933754
508.3976319972644,20.363979829240108,1602.21,1554.14,68.44,10:03:00,2,normal,3.151489895233464,0.04403721672436202
730.6997516013417,20.417139403947733,2235.27,2168.21,95.48,10:04:00,2,normal,3.0590813738493345,0.044036324894728834
735.3895879725331,20.470622914029637,2247.67,2180.24,96.01,10:05:00,2,normal,3.0564343536557534,0.04403643635563058
407.2941798567181,20.52442957094523,1299.7,1260.71,55.52,10:06:00,2,normal,3.1910595934791437,0.04403867661873072
744.7354504531708,20.5785585422523,2272.31,2204.14,97.06,10:07:00,2,normal,3.0511640054428746,0.044035315361093216
749.3902894142198,20.63300895129929,2284.53,2216.0,97.59,10:08:00,2,normal,3.0485182851592088,0.04403880866425993
754.0322725429654,20.68777987692284,2296.69,2227.79,98.1,10:09:00,2,normal,3.0458775885738136,0.044034671131480074
443.6819793832267,20.74287035315063,1407.88,1365.64,60.14,10:10:00,2,normal,3.1731737267245537,0.04403796022377786
763.2752790231403,20.79827936890971,2320.82,2251.2,99.14,10:11:00,2,normal,3.0406067951922227,0.044038734896943856
767.8751027757097,20.8540058677404,2332.79,2262.8,99.65,10:12:00,2,normal,3.037981035675524,0.0440383595545342
772.4596717492499,20.910048747515837,2344.68,2274.34,100.15,10:13:00,2,normal,3.0353429256577584,0.04403475293931426
777.0283832523509,20.96640686016739,2356.51,2285.81,100.66,10:14:00,2,normal,3.0327206197237335,0.04403690595456315
781.5806336665268,21.023079011415977,2368.26,2297.21,101.16,10:15:00,2,normal,3.0300904321158684,0.04403602631017625
786.1158185754481,21.080063960509413,2379.94,2308.54,101.66,10:16:00,2,normal,3.0274673830031618,0.04403649059578781
790.6333328951573,21.137360419965923,2391.55,2319.8,102.16,10:17:00,2,normal,3.0248534946567123,0.04403827916199672
453.7604880502851,21.194967055323943,1435.27,1392.21,61.31,10:18:00,2,normal,3.1630563651918173,0.04403789658169385
799.6129268808394,21.252882484898308,2414.53,2342.09,103.14,10:19:00,2,normal,3.019623518867674,0.04403759035733042
443.7653331439927,21.31110527954292,1404.8,1362.66,60.01,10:20:00,2,normal,3.165637094829513,0.044038865160788455
808.514566605821,21.36963396242008,2437.19,2364.08,104.11,10:21:00,2,normal,3.0144045644488866,0.04403827281648675
812.9346375840706,21.428467008776515,2448.4,2374.95,104.59,10:22:00,2,normal,3.011804254369461,0.04403882186993411
817.3334008554673,21.48760284572624,2459.53,2385.74,105.06,10:23:00,2,normal,3.0092126388395695,0.044036651101964176
821.7102503831914,21.54703985204045,2470.57,2396.46,105.53,10:24:00,2,normal,3.0066194243626505,0.044035786117857176
826.0645805352559,21.60677635794438,2481.53,2407.08,106.0,10:25:00,2,normal,3.0040387379786586,0.0440367582298885
830.3957862218015,21.66681064492144,2492.4,2417.63,106.46,10:26:00,2,normal,3.0014603173025636,0.04403486058660754
834.7032630329714,21.727140945524543,2503.18,2428.09,106.92,10:27:00,2,normal,2.9988860842648006,0.044034611567116536
838.9864073773231,21.787765443194942,2513.87,2438.46,107.38,10:28:00,2,normal,2.996317911583781,0.044035989928069355
843.2446166207344,21.848682272088453,2524.47,2448.74,107.83,10:29:00,2,normal,2.9937576241123267,0.044034891413543296
847.4772892257582,21.909889516909374,2534.98,2458.93,108.28,10:30:00,2,normal,2.9912070001497235,0.044035413777537384
851.6838248913839,21.9713852127521,2545.39,2469.03,108.73,10:31:00,2,normal,2.988656031273831,0.04403753700846081
855.8636246931578,22.033167344950545,2555.71,2479.04,109.17,10:32:00,2,normal,2.986118262610199,0.04403720795146508
387.7064583580837,22.095233848935504,1232.29,1195.32,52.64,10:33:00,2,normal,3.178409782541882,0.044038416490981495
864.1406287330134,22.157582610100025,2576.06,2498.78,110.04,10:34:00,2,normal,2.981065713548234,0.04403749029526409
868.2366432702108,22.220211463672957,2586.08,2508.5,110.47,10:35:00,2,normal,2.978542797110632,0.04403826988239984
872.3035428238293,22.283118194600647,2596.01,2518.13,110.89,10:36:00,2,normal,2.976039729927236,0.04403664624145695
876.3407374634685,22.34630053743706,2605.83,2527.66,111.31,10:37:00,2,normal,2.9735351657192903,0.044036777098185674
311.79863205808,22.409756176242247,999.49,969.51,42.69,10:38:00,2,normal,3.2055624920567998,0.04403255252653402
884.3236635321286,22.473482744489377,2625.17,2546.42,112.14,10:39:00,2,normal,2.9685624260179306,0.04403829690310318
888.2682267773566,22.537477824980364,2634.69,2555.65,112.54,10:40:00,2,normal,2.966097312248434,0.04403576389568212
892.1807490236768,22.601738949770212,2644.1,2564.77,112.94,10:41:00,2,normal,2.9636371361895755,0.044035137653668746
451.53810502114993,22.666263600100194,1419.88,1377.29,60.65,10:42:00,2,normal,3.144540813301888,0.04403575136681454
899.9073638261085,22.731049206339836,2662.59,2582.71,113.73,10:43:00,2,normal,2.958737873506833,0.04403514138250133
491.6642437087046,22.796093147937967,1537.08,1490.97,65.66,10:44:00,2,normal,3.1262798132431833,0.04403844477085387
408.955702583015,22.861392753382823,1292.11,1253.35,55.19,10:45:00,2,normal,3.159535352701705,0.04403398890972195
495.8184486410088,22.92694530017125,1548.36,1501.91,66.14,10:46:00,2,normal,3.1228366032847457,0.04403725922325572
914.9508996961836,22.992748014787217,2698.26,2617.31,115.26,10:47:00,2,normal,2.9490762847448733,0.0440375805693632
918.623141440133,23.05879807268957,2706.9,2625.69,115.63,10:48:00,2,normal,2.946692585771757,0.044037948120303615
922.258812808649,23.12509259830926,2715.42,2633.96,115.99,10:49:00,2,normal,2.9443145050904462,0.044036355905176995
633.3150938981204,23.19162866505601,1939.61,1881.42,82.85,10:50:00,2,normal,3.0626303062848197,0.04403588778688437
929.41824826356,23.25840329533456,2732.12,2650.16,116.7,10:51:00,2,normal,2.939602278204073,0.04403507712741873
932.9409245239102,23.325413460570484,2740.3,2658.09,117.05,10:52:00,2,normal,2.937270654514813,0.04403537878702376
936.424855031144,23.3926560812458,2748.35,2665.9,117.4,10:53:00,2,normal,2.9349391841042003,0.044037660827487904
939.8695067403658,23.46012802694426,2756.29,2673.6,117.74,10:54:00,2,normal,2.9326305196976787,0.04403800119688809
337.5008715690762,23.527826116406597,1073.32,1041.13,45.85,10:55:00,2,normal,3.1801991947754833,0.044038688732434945
946.6388646790308,23.59574711759553,2771.8,2688.65,118.4,10:56:00,2,normal,2.928043738136414,0.04403697022669369
949.9625283157968,23.66388774777092,2779.38,2696.0,118.72,10:57:00,2,normal,2.9257785619477072,0.04403560830860534
467.1350123049269,23.73224467357481,1459.35,1415.57,62.34,10:58:00,2,normal,3.124043288468806,0.044038797092337365
956.4852556926028,23.80081451112666,2794.16,2710.34,119.35,10:59:00,2,normal,2.921278695484662,0.044035065711312965
959.6833071947336,23.869593826128717,2801.37,2717.32,119.66,11:00:00,2,normal,2.9190567127698945,0.04403603550557166
962.8384846384988,23.938579133981563,2808.45,2724.19,119.96,11:01:00,2,normal,2.916844356355825,0.04403510768338478
965.9502954356592,24.007766899910017,2815.4,2730.94,120.26,11:02:00,2,normal,2.9146427236509194,0.04403611943140457
969.018252641628,24.077153539099253,2822.23,2737.56,120.55,11:03:00,2,normal,2.9124631990226764,0.044035564517307384
555.5935007717054,24.146735416841377,1712.38,1661.01,73.15,11:04:00,2,normal,3.0820734900994116,0.0440394699610478
975.0206874793214,24.216508848692374,2835.5,2750.44,121.12,11:05:00,2,normal,2.908143423428784,0.0440365905091549
977.9542205750108,24.28647010063956,2841.95,2756.69,121.4,11:06:00,2,normal,2.9060153739394976,0.04403832132013393
980.8420112547886,24.35661538927947,2848.26,2762.81,121.67,11:07:00,2,normal,2.903892744516753,0.04403849703743652
983.6836026691676,24.42694088200637,2854.45,2768.81,121.93,11:08:00,2,normal,2.901796870715968,0.044036968950559995
986.4785443540022,24.497442697211333,2860.5,2774.69,122.19,11:09:00,2,normal,2.899708276851784,0.04403735192039471
989.2263923493696,24.56811690449192,2866.43,2780.43,122.44,11:10:00,2,normal,2.8976481239975347,0.044036354089115715
991.9267093169814,24.63895952487248,2872.22,2786.05,122.69,11:11:00,2,normal,2.895596996251615,0.04403725704850953
684.1276547788676,24.709966531035256,2067.18,2005.16,88.3,11:12:00,2,normal,3.0216290564487998,0.04403638612380059
997.1830346177828,24.781133847562064,2883.41,2796.9,123.17,11:13:00,2,normal,2.8915554114949438,0.04403804211805928
999.738202417814,24.85245735118679,2888.8,2802.14,123.4,11:14:00,2,normal,2.889556478899766,0.04403777113206336
573.4429932877302,24.923932871058614,1757.29,1704.57,75.06,11:15:00,2,normal,3.0644545675323367,0.04403456590225101
1004.700499883745,24.995556189016067,2899.18,2812.21,123.84,11:16:00,2,normal,2.8856161615680165,0.0440365406566366
1007.1068317955962,25.0673230398718,2904.17,2817.05,124.05,11:17:00,2,normal,2.883676198305677,0.04403542713121882
325.9435532401644,25.139229111708232,1031.19,1000.26,44.05,11:18:00,2,normal,3.1637073037618575,0.04403854997700598
1011.7679229218652,25.21127004618401,2913.75,2826.33,124.46,11:19:00,2,normal,2.8798600291511884,0.0440359052198434
707.9159906622193,25.28344143885129,2126.75,2062.95,90.85,11:20:00,2,normal,3.0042406557457952,0.04403887636636855
1016.2244197177786,25.35573883948388,2922.77,2835.09,124.85,11:21:00,2,normal,2.876106835546915,0.044037402692683476
516.8702272023419,25.42815775241617,1592.55,1544.77,68.03,11:22:00,2,normal,3.0811409057549684,0.04403891841503913
1020.4734334482216,25.500693636892997,2931.25,2843.32,125.21,11:23:00,2,normal,2.87244126492856,0.04403654882320667
1022.5192659120582,25.57334190743028,2935.29,2847.23,125.38,11:24:00,2,normal,2.870645177899709,0.04403578214615609
402.54893345877167,25.646097934186525,1258.13,1220.39,53.74,11:25:00,2,normal,3.1254088520119145,0.04403510353247732
795.3104928215823,25.718957043345167,2356.06,2285.38,100.64,11:26:00,2,normal,2.962440482384723,0.04403644032939817
511.1075273434333,25.7919145175077,1573.55,1526.35,67.22,11:27:00,2,normal,3.078706369633781,0.04403970255839094
691.0635130471967,25.86496559609764,2075.62,2013.35,88.66,11:28:00,2,normal,3.0035155391835078,0.04403605930414484
795.4423754535403,25.93810547577529,2354.11,2283.49,100.56,11:29:00,2,normal,2.9594978500582756,0.0440378543370017
465.0027908775533,26.01132931086326,1439.11,1395.93,61.47,11:30:00,2,normal,3.0948416401633017,0.04403515935612817
1035.3413686720037,26.084632213782708,2959.63,2870.84,126.42,11:31:00,2,normal,2.8586030555276802,0.044035891934068074
1036.9553956440934,26.158009255500367,2962.55,2873.67,126.55,11:32:00,2,normal,2.8569695595824975,0.04403776355670623
1038.5141617206064,26.231455465986244,2965.33,2876.37,126.67,11:33:00,2,normal,2.8553582698256634,0.044038145301195604
1040.017410270019,26.30496583468193,2967.97,2878.93,126.78,11:34:00,2,normal,2.8537695337517746,0.04403719437429879
1041.4648935545088,26.37853531097965,2970.47,2881.35,126.89,11:35:00,2,normal,2.852203678092131,0.04403838478490985
345.8664599652901,26.45215880471181,1085.38,1052.82,46.36,11:36:00,2,normal,3.1381475963553243,0.04403411789289717
598.4279242993822,26.52583118665116,1815.04,1760.59,77.53,11:37:00,2,normal,3.0330135448224333,0.044036374170022555
1045.4704092577606,26.59954728902141,2977.11,2887.8,127.17,11:38:00,2,normal,2.8476272246802483,0.04403698317057968
1046.692534309226,26.673301906018388,2979.05,2889.67,127.25,11:39:00,2,normal,2.8461557738787646,0.04403617022012894
1047.857791109127,26.74708979434157,2980.84,2891.41,127.33,11:40:00,2,normal,2.8446989899696864,0.04403733818448439
1048.965986625902,26.82090567373595,2982.49,2893.01,127.4,11:41:00,2,normal,2.843266643557681,0.04403717927003363
595.6188899002069,26.89474422754427,1804.31,1750.18,77.07,11:42:00,2,normal,3.029302848844004,0.044035470637305875
703.7544823832121,26.968600103269488,2099.8,2036.81,89.69,11:43:00,2,normal,2.9837110136608778,0.044034544213746
1051.9464152454696,27.042467913147416,2986.59,2897.0,127.57,11:44:00,2,normal,2.8391084913798443,0.044035208836727645
764.6339885024619,27.116342234729508,2260.76,2192.93,96.57,11:45:00,2,normal,2.9566564316970867,0.044036973364402876
1053.644943943195,27.190217611475692,2988.62,2898.96,127.66,11:46:00,2,normal,2.836458350775444,0.04403648204873472
1054.407243359219,27.264088553357205,2989.42,2899.74,127.7,11:47:00,2,normal,2.8351664111070174,0.04403843103174768
380.44211007467067,27.337949537469317,1184.01,1148.49,50.58,11:48:00,2,normal,3.112194913879566,0.04404043570253115
1055.7572782392408,27.411795008653925,2990.61,2900.89,127.75,11:49:00,2,normal,2.832668134656525,0.044038208963456046
1056.3447889465365,27.485619380131915,2990.98,2901.26,127.76,11:50:00,2,normal,2.831442944857826,0.044036039513866386
1056.8738281112503,27.559417034145135,2991.22,2901.49,127.77,11:51:00,2,normal,2.8302526947286024,0.04403599529896708
1057.3443075726757,27.633182322608057,2991.32,2901.58,127.78,11:52:00,2,normal,2.8290879125902837,0.044038075806974136
1057.7561489039192,27.706909567768854,2991.28,2901.54,127.77,11:53:00,2,normal,2.8279485806815305,0.044035236460638144
448.0912799628034,27.780593062879944,1379.43,1338.05,58.92,11:54:00,2,normal,3.0784575859510324,0.04403422891521244
1058.4036522653942,27.854227072877848,2990.77,2901.04,127.75,11:55:00,2,normal,2.825736658786648,0.04403593194164851
1058.6392062934835,27.927805835072235,2990.3,2900.59,127.73,11:56:00,2,normal,2.824663948041055,0.04403586856467132
1058.8159062171296,28.00132355984413,2989.69,2900.0,127.71,11:57:00,2,normal,2.823616440256716,0.04403793103448276
654.5480808817084,28.074774431353102,1956.71,1898.01,83.58,11:58:00,2,normal,2.989406060688797,0.04403559517600013
1058.9926356341696,28.14815260825341,2988.06,2898.42,127.64,11:59:00,2,normal,2.8216060239272798,0.0440377861041533
1058.9926356341696,28.221452224418883,2987.04,2897.43,127.59,12:00:00,2,normal,2.8206428444247247,0.0440355763555979
1058.9337225511422,28.294667389676547,2985.88,2896.3,127.54,12:01:00,2,normal,2.8197043274875915,0.04403549356074992
1058.8159062171296,28.367792190548823,2984.57,2895.04,127.49,12:02:00,2,normal,2.8187808498864384,0.04403738808444788
1058.6392062934835,28.44082069100414,2983.13,2893.64,127.43,12:03:00,2,normal,2.817891102337462,0.044037959110324716
1058.4036522653942,28.51374693321595,2981.55,2892.11,127.36,12:04:00,2,normal,2.8170254265641725,0.044037052532580015
1058.1092834336923,28.586564938329857,2979.83,2890.44,127.29,12:05:00,2,normal,2.8161835895911356,0.04403827790924565
1057.7561489039192,28.65926870723897,2977.98,2888.64,127.21,12:06:00,2,normal,2.8153747941677087,0.044038024814445555
471.46231428747126,28.73185222136709,1440.91,1397.68,61.55,12:07:00,2,normal,3.0562570036539847,0.044037261748039604
1056.8738281112503,28.80430944345977,2973.86,2884.64,127.03,12:08:00,2,normal,2.81382689295525,0.044036690886904435
554.5464280918626,28.876634318383086,1674.77,1624.53,71.54,12:09:00,2,normal,3.0200717472163907,0.04403735234190813
781.0406893798131,28.94882077392993,2285.09,2216.54,97.61,12:10:00,2,normal,2.925699046248769,0.044037102872043814
1055.1113938594026,29.020862721633748,2966.65,2877.65,126.72,12:11:00,2,normal,2.811693644164473,0.04403593209737112
1054.407243359219,29.092754057589502,2963.97,2875.05,126.61,12:12:00,2,normal,2.8110296269941544,0.044037495000086954
533.9911010710674,29.1644886632818,1615.19,1566.74,68.99,12:13:00,2,normal,3.0247507809779752,0.044034109041704426
1052.8246224356342,29.236060406419995,2958.22,2869.47,126.36,12:14:00,2,normal,2.8097937082401914,0.04403600664931155
1051.9464152454696,29.307463141780104,2955.14,2866.49,126.23,12:15:00,2,normal,2.8092115312835815,0.04403643480354022
1051.0104683284603,29.3786907120534,2951.93,2863.37,126.09,12:16:00,2,normal,2.808658989567235,0.044035524574190556
392.7884161550375,29.44973694870151,1209.49,1173.2,51.66,12:17:00,2,normal,3.0792405026593306,0.04403341288782816
728.3462390887528,29.52059567281793,2141.25,2077.02,91.46,12:18:00,2,normal,2.9398792567103205,0.04403424136503259
682.0836788578177,29.59126069599565,2017.63,1957.1,86.18,12:19:00,2,normal,2.958038819193885,0.044034540902355535
423.9674307055308,29.661725821200918,1298.86,1259.89,55.48,12:20:00,2,normal,3.063584383919649,0.044035590408686466
516.6956623214104,29.731984843652764,1562.69,1515.81,66.75,12:21:00,2,normal,3.0243915595868294,0.04403586201436856
1044.1916182517766,29.80203155170834,2929.88,2841.98,125.15,12:22:00,2,normal,2.8058834688841032,0.044036200114005025
1042.856372797994,29.871859727753705,2925.75,2837.97,124.98,12:23:00,2,normal,2.805515770259124,0.04403852049175996
457.5903931507902,29.94146314910004,1393.83,1352.01,59.54,12:24:00,2,normal,3.0460211159649275,0.044038135812604934
1040.0174102700191,30.01083558888498,2917.09,2829.58,124.61,12:25:00,2,normal,2.804847275818813,0.04403833784519257
452.6237197552767,30.07997081697905,1378.8,1337.44,58.9,12:26:00,2,normal,3.0462389393677505,0.04403935877497308
1036.9553956440934,30.148862600896805,2907.92,2820.69,124.21,12:27:00,2,normal,2.804286483502772,0.0440353246900581
492.900450061509,30.217504706712788,1492.41,1447.64,63.75,12:28:00,2,normal,3.0278122079494194,0.04403719156696416
1033.6723462591497,30.285890899981773,2898.25,2811.3,123.8,12:29:00,2,normal,2.803838189624342,0.04403656671290861
1031.9486026108746,30.35401494666345,2893.22,2806.42,123.59,12:30:00,2,normal,2.803647383871666,0.04403831215570014
1030.1704206079803,30.421870614051127,2888.07,2801.43,123.37,12:31:00,2,normal,2.803487599940537,0.04403822333593915
1028.338091729366,30.48945167170432,2882.79,2796.31,123.14,12:32:00,2,normal,2.803348454351219,0.04403660538352329
1026.4519159724073,30.556751892385133,2877.39,2791.07,122.91,12:33:00,2,normal,2.803238958616108,0.04403687474696084
1024.5122017711085,30.623765052998117,2871.87,2785.71,122.67,12:34:00,2,normal,2.803158415327121,0.044035452362234405
1022.5192659120584,30.690484935533448,2866.22,2780.23,122.43,12:35:00,2,normal,2.8030963284035653,0.044035925085334666
716.3370779173493,30.7569053280133,2097.81,2034.87,89.61,12:36:00,2,normal,2.928523546622899,0.04403721122233853
476.2750705311099,30.823020025441075,1441.53,1398.28,61.58,12:37:00,2,normal,3.026675316834246,0.044039820350716595
664.7218690796567,30.888822830753444,1959.65,1900.86,83.71,12:38:00,2,normal,2.9480751140521995,0.044037961764674935
407.534850466622,30.954307555774875,1244.32,1206.99,53.15,12:39:00,2,normal,3.0532848873544682,0.04403516184889684
538.612588283363,31.019468022174536,1614.96,1566.51,68.98,12:40:00,2,normal,2.998370322437345,0.04403419065310787
1009.4627662513008,31.08429806242529,2829.81,2744.92,120.88,12:41:00,2,normal,2.803283186470231,0.044037713303119945
1007.1068317955963,31.148791520764668,2823.33,2738.63,120.6,12:42:00,2,normal,2.803406660409813,0.04403661684857026
582.6672173367704,31.212942254157497,1734.97,1682.92,74.11,12:43:00,2,normal,2.9776344856505306,0.04403655551066004
781.9936416908241,31.276744133260117,2263.54,2195.63,96.69,12:44:00,2,normal,2.894575964973041,0.04403747443786066
999.7382024178144,31.34019104338581,2803.18,2719.09,119.74,12:45:00,2,normal,2.8039140579210198,0.04403679172075951
997.183034617783,31.403276885471445,2796.24,2712.35,119.44,12:46:00,2,normal,2.8041391629489456,0.044035614872711855
994.5790646560812,31.465995577044875,2789.18,2705.51,119.14,12:47:00,2,normal,2.8043823755374135,0.04403605974474313
991.9267093169816,31.528341053193092,2782.01,2698.55,118.84,12:48:00,2,normal,2.804652777134744,0.04403846510162865
989.2263923493698,31.590307267530825,2774.73,2691.49,118.52,12:49:00,2,normal,2.804949424580289,0.04403508837112529
708.2888537936122,31.65188819316933,2068.22,2006.18,88.35,12:50:00,2,normal,2.9200233618283886,0.044038919738009545
596.5109165721739,31.7130778236853,1768.85,1715.78,75.56,12:51:00,2,normal,2.9653271228708196,0.044038279965963004
980.842011254789,31.77387017408948,2752.23,2669.66,117.56,12:52:00,2,normal,2.8059870686809982,0.04403557007259352
977.9542205750112,31.834259281794974,2744.51,2662.18,117.23,12:53:00,2,normal,2.806378808188282,0.04403533945863917
314.11670004012353,31.89423920758488,967.3,938.28,41.32,12:54:00,2,normal,3.0794287596821257,0.04403802702817922
972.0418750822404,31.95380403657906,2728.76,2646.89,116.56,12:55:00,2,normal,2.8072453151970755,0.04403658633339504
969.0182526416284,32.012947879199935,2720.72,2639.1,116.22,12:56:00,2,normal,2.807707690317576,0.04403774013868364
361.66077212276815,32.07166487213691,1105.77,1072.59,47.23,12:57:00,2,normal,3.057478403061748,0.04403360090994695
962.8384846384992,32.12994917930938,2704.34,2623.21,115.52,12:58:00,2,normal,2.8087161482908045,0.044037648529854645
959.683307194734,32.187794992827946,2695.99,2615.11,115.16,12:59:00,2,normal,2.809249655368803,0.04403638852667765
329.35074706801987,32.24519653395377,1010.61,980.3,43.17,13:00:00,2,normal,3.0684915974739893,0.044037539528715704
953.244828236072,32.302148054055706,2679.0,2598.63,114.43,13:01:00,2,normal,2.810400770762475,0.044034741382959486
949.9625283157972,32.35864383556509,2670.35,2590.24,114.07,13:02:00,2,normal,2.8110056138048978,0.04403839026499475
451.4648617542442,32.41467819292794,1361.57,1320.72,58.16,13:03:00,2,normal,3.0158936283753865,0.04403658610454903
943.2743511985082,32.47024547355426,2652.76,2573.18,113.31,13:04:00,2,normal,2.812288913219626,0.04403500726727241
939.869506740366,32.52534005876446,2643.82,2564.51,112.93,13:05:00,2,normal,2.8129649712429083,0.044035702726836705
465.8446537127276,32.579956364732325,1401.16,1359.13,59.85,13:06:00,2,normal,3.0077837940886907,0.04403552272409556
932.9409245239106,32.63408884342465,2625.66,2546.89,112.16,13:07:00,2,normal,2.814390419564777,0.044038022843546444
929.4182482635606,32.68773198353706,2616.44,2537.95,111.76,13:08:00,2,normal,2.8151373236842674,0.04403554049528163
925.8573637513424,32.74088031142607,2607.13,2528.91,111.36,13:09:00,2,normal,2.8159089100253647,0.044034781783456114
922.2588128086494,32.793528392036755,2597.72,2519.79,110.96,13:10:00,2,normal,2.8166930626435507,0.04403541564971684
918.6231414401336,32.84567082982633,2588.23,2510.58,110.56,13:11:00,2,normal,2.8175101227500203,0.044037632738251724
914.9508996961838,32.89730226968295,2578.64,2501.28,110.15,13:12:00,2,normal,2.8183370286386475,0.044037452824154034
466.17405120581054,32.948417397839805,1399.82,1357.83,59.79,13:13:00,2,normal,3.0027840382346707,0.04403349462009235
907.4989246830592,32.999010942784146,2559.21,2482.43,109.32,13:14:00,2,normal,2.8200694572655225,0.04403749551850405
903.7203104977676,33.04907767616117,2549.37,2472.88,108.9,13:15:00,2,normal,2.8209723410950134,0.04403772119957297
899.907363826109,33.09861241367233,2539.44,2463.25,108.47,13:16:00,2,normal,2.8218904545942816,0.04403531919212422
896.060652865574,33.14761001596807,2529.42,2453.54,108.05,13:17:00,2,normal,2.8228223077433365,0.044038409807869446
892.1807490236771,33.19606538953465,2519.33,2443.75,107.61,13:18:00,2,normal,2.8237887925254266,0.04403478260869565
557.9914801216808,33.24397348757489,1652.22,1602.65,70.58,13:19:00,2,normal,2.961012952455299,0.04403955947961189
884.3236635321291,33.29132931088256,2498.9,2423.93,106.74,13:20:00,2,normal,2.8257753388832736,0.04403592512985111
310.50430994311205,33.338127908710334,950.72,922.2,40.61,13:21:00,2,normal,3.0618576604433696,0.04403600086749078
876.3407374634688,33.384364379630924,2478.15,2403.8,105.86,13:22:00,2,normal,2.8278384126851166,0.044038605541226385
402.9936067745281,33.43003387239136,1218.04,1181.5,52.03,13:23:00,2,normal,3.022479710655768,0.044037240795598814
549.0021740916641,33.475131586760064,1625.96,1577.18,69.45,13:24:00,2,normal,2.9616640456664602,0.044034289047540545
570.0228910618039,33.5196527743666,1682.94,1632.45,71.89,13:25:00,2,normal,2.952407747810131,0.04403810223896597
860.0160912236208,33.56359273953384,2435.74,2362.67,104.04,13:26:00,2,normal,2.832202821384955,0.04403492658729319
855.8636246931583,33.60694684010241,2424.96,2352.21,103.58,13:27:00,2,normal,2.833348596710591,0.04403518393340731
851.6838248913843,33.64971048824713,2414.1,2341.68,103.12,13:28:00,2,normal,2.8345025811754394,0.04403675993303953
522.8122592614067,33.691879151285306,1552.55,1505.97,66.32,13:29:00,2,normal,2.969612843802355,0.044038061847181544
843.2446166207347,33.73344835247667,2392.18,2320.42,102.18,13:30:00,2,normal,2.8368755078289793,0.0440351315710087
838.9864073773235,33.77441367181473,2381.12,2309.69,101.71,13:31:00,2,normal,2.8380912718757805,0.04403621265191432
834.7032630329719,33.81477074680936,2370.0,2298.9,101.24,13:32:00,2,normal,2.8393323770993595,0.04403845317325677
830.3957862218019,33.8545152732605,2358.81,2288.04,100.76,13:33:00,2,normal,2.8405852235020284,0.0440376916487474
826.0645805352564,33.89364300602264,2347.55,2277.13,100.28,13:34:00,2,normal,2.841848028974784,0.04403788979987967
821.7102503831918,33.93214975975998,2336.24,2266.15,99.79,13:35:00,2,normal,2.8431433086182514,0.04403503739823048
817.3334008554679,33.97003140969214,2324.86,2255.11,99.31,13:36:00,2,normal,2.8444451157467303,0.04403776312463693
812.9346375840711,34.00728389233004,2313.42,2244.02,98.82,13:37:00,2,normal,2.8457638450185407,0.04403704066808673
597.9773319251374,34.043903206202025,1754.44,1701.81,74.94,13:38:00,2,normal,2.9339573698416443,0.04403546811923775
804.0737942256995,34.079885412569816,2290.38,2221.66,97.83,13:39:00,2,normal,2.8484698997130873,0.04403464076411332
385.4974999368597,34.11522663613424,1164.46,1129.52,49.74,13:40:00,2,normal,3.020668098212637,0.044036404844535734
795.1325710052297,34.149923065730555,2267.1,2199.09,96.84,13:41:00,2,normal,2.8512226547755,0.044036396873252115
509.3109282524364,34.18397095501315,1511.98,1466.62,64.59,13:42:00,2,normal,2.968677709681104,0.0440400376375612
502.0072127098945,34.21736662312946,1491.59,1446.84,63.71,13:43:00,2,normal,2.9712521299210426,0.0440338945564126
781.5806336665272,34.25010645538296,2231.8,2164.85,95.33,13:44:00,2,normal,2.8554955226183742,0.04403538351386932
777.0283832523513,34.282186903885034,2219.93,2153.33,94.83,13:45:00,2,normal,2.8569484047779565,0.044038767861869756
772.4596717492503,34.31360448819556,2208.01,2141.77,94.32,13:46:00,2,normal,2.858414595288732,0.044038342118901654
767.8751027757102,34.34435579595208,2196.05,2130.17,93.81,13:47:00,2,normal,2.859905200809002,0.044038738692217055
763.2752790231408,34.37443748348735,2184.04,2118.52,93.29,13:48:00,2,normal,2.86140539334012,0.04403545871646244
758.6608021276656,34.40384627643513,2171.99,2106.83,92.78,13:49:00,2,normal,2.862926348519193,0.04403772492322589
495.0023358929928,34.43257897032413,1470.8,1426.68,62.83,13:50:00,2,normal,2.971299109824707,0.044039308043850055
749.3902894142202,34.46063243115976,2147.75,2083.32,91.74,13:51:00,2,normal,2.8659965712644113,0.04403548182708369
744.7354504531713,34.488003595993845,2135.57,2071.5,91.22,13:52:00,2,normal,2.8675551817769738,0.04403572290610668
740.0683518143561,34.51468947348188,2123.35,2059.65,90.7,13:53:00,2,normal,2.8691268783408748,0.04403660816158085
735.3895879725336,34.54068714442777,2111.09,2047.76,90.18,13:54:00,2,normal,2.870709668082557,0.04403836387076611
730.6997516013422,34.56599376231607,2098.8,2035.84,89.65,13:55:00,2,normal,2.872315195674339,0.04403587708267841
725.9994334532212,34.59060655383128,2086.47,2023.88,89.12,13:56:00,2,normal,2.873927862554508,0.0440342312785343
721.2892222406266,34.6145228193644,2074.11,2011.88,88.6,13:57:00,2,normal,2.875559395656773,0.04403841183370777
716.5697045185742,34.63773993350637,2061.71,1999.86,88.07,13:58:00,2,normal,2.8771939240511926,0.044038082665786606
711.8414645685386,34.66025534552833,2049.28,1987.81,87.54,13:59:00,2,normal,2.878843256541834,0.044038414134147635
707.1050842837395,34.682066579848694,2036.83,1975.72,87.0,14:00:00,2,normal,2.8805195228700726,0.044034579798756905
319.92788715917465,34.70317123648674,972.56,943.39,41.54,14:01:00,2,normal,3.0399350573528445,0.04403269061575806
697.6102176631143,34.72356699150273,2011.83,1951.47,85.94,14:02:00,2,normal,2.8838883793005747,0.044038596545168514
692.852882160022,34.74325159742436,1999.29,1939.31,85.4,14:03:00,2,normal,2.885590940701668,0.04403628094528467
688.0897077683691,34.76222288365954,1986.72,1927.12,84.86,14:04:00,2,normal,2.887297946140458,0.04403462161152393
683.3212627699274,34.78047875689527,1974.13,1914.91,84.33,14:05:00,2,normal,2.8890217640786116,0.04403862322511241
678.5481124006303,34.79801720148257,1961.52,1902.68,83.79,14:06:00,2,normal,2.890760381103048,0.04403788340656337
673.7708187463389,34.81483627980742,1948.89,1890.42,83.25,14:07:00,2,normal,2.8925117351122887,0.044037832862538484
338.5995323316152,34.8309341326475,1026.15,995.36,43.83,14:08:00,2,normal,3.0305712265279108,0.04403431924127953
664.2060335616663,34.8463089795147,1923.57,1865.86,82.17,14:09:00,2,normal,2.8960441531752683,0.044038673855487556
219.13519920389464,34.86095911898339,674.81,654.57,28.83,14:10:00,2,normal,3.079423125319644,0.04404418167652046
441.4705908837395,34.87488292900412,1318.91,1279.35,56.34,14:11:00,2,normal,2.9875376236496187,0.04403798804080197
470.8846904770873,34.88807886720304,1400.99,1358.96,59.84,14:12:00,2,normal,2.9752294528423846,0.044033672808618356
485.1564770032819,34.90054547116658,1440.52,1397.3,61.53,14:13:00,2,normal,2.9691863724005385,0.044034924497244686
438.2917640607818,34.91228135871158,1309.77,1270.48,55.95,14:14:00,2,normal,2.9883518409402794,0.04403847364775518
193.4476944859747,34.9232852281407,597.6,579.67,25.53,14:15:00,2,normal,3.0892071450524683,0.044042299929270105
370.216859836422,34.93355585848302,1116.63,1083.14,47.7,14:16:00,2,normal,3.016151129620018,0.044038628432150964
465.005091130514,34.94309210971986,1384.29,1342.76,59.13,14:17:00,2,normal,2.976935148461564,0.04403616431826984
621.1044351114368,34.95189292299568,1808.92,1754.66,77.27,14:18:00,2,normal,2.912424864065652,0.04403702141725462
304.88227783124205,34.95995732081401,927.69,899.85,39.63,14:19:00,2,normal,3.042780992713173,0.04404067344557427
611.5383636104233,34.96728440721837,1783.35,1729.85,76.18,14:20:00,2,normal,2.9161702782984715,0.04403850044801573
606.7600849603882,34.97387336795825,1770.56,1717.44,75.63,14:21:00,2,normal,2.918056154131479,0.04403647288988261
601.9856504985618,34.979723470639826,1757.77,1705.03,75.08,14:22:00,2,normal,2.919953322050489,0.044034415816730496
382.8972879521992,34.9848340648617,1152.62,1118.04,49.23,14:23:00,2,normal,3.010258981369157,0.04403241386712461
592.4503049847666,34.989204582335404,1732.18,1680.22,73.99,14:24:00,2,normal,2.923755773987725,0.04403590006070633
587.6903776298046,34.9928345369907,1719.39,1667.81,73.44,14:25:00,2,normal,2.925673220879364,0.04403379281812676
582.9362617137474,34.99572352506571,1706.6,1655.4,72.9,14:26:00,2,normal,2.927592795450476,0.044037694816962666
304.3582968894294,34.99787122518174,926.0,898.22,39.55,14:27:00,2,normal,3.0424667553466014,0.04403152902406982
573.4473784730724,34.99927739840285,1681.04,1630.61,71.81,14:28:00,2,normal,2.931463396826632,0.04403873397072262
568.7135558701926,34.99994188828021,1668.27,1618.22,71.26,14:29:00,2,normal,2.9334099438642154,0.04403603959906564
563.9874340216103,34.999864620881056,1655.5,1605.84,70.72,14:30:00,2,normal,2.9353490878248296,0.04403925671299756
368.6899963235998,34.99904560480244,1111.94,1078.58,47.5,14:31:00,2,normal,3.015921264714892,0.04403938511746927
260.41524605677284,34.9974849311696,797.03,773.12,34.05,14:32:00,2,normal,3.0606118960724764,0.04404232201986755
549.8598436048978,34.99518277361909,1617.27,1568.76,69.08,14:33:00,2,normal,2.9412404248274044,0.04403477906116933
545.1690692058542,34.99213938826658,1604.55,1556.42,68.54,14:34:00,2,normal,2.9432153998342976,0.04403695660554349
540.4882414125971,34.98835511365934,1591.85,1544.09,68.0,14:35:00,2,normal,2.945207458796159,0.044038883743823226
428.6403671180644,34.98383037071352,1282.23,1243.77,54.77,14:36:00,2,normal,2.9913888153395116,0.04403547279641735
531.1581528400611,34.97856566263607,1566.48,1519.49,66.91,14:37:00,2,normal,2.949178115075809,0.044034511579543134
526.5097419717819,34.972561574831545,1553.82,1507.21,66.37,14:38:00,2,normal,2.9511704649204313,0.04403500507560327
281.4202588703281,34.965818774793505,859.0,833.23,36.69,14:39:00,2,normal,3.0523744219701228,0.04403346014905848
517.2482703003394,34.95833801198094,1528.56,1482.71,65.29,14:40:00,2,normal,2.955176629421001,0.04403423461094887
512.6360259857514,34.95012011767941,1515.97,1470.49,64.76,14:41:00,2,normal,2.957205352637733,0.0440397418547559
508.03664424652766,34.94116600484704,1503.39,1458.29,64.22,14:42:00,2,normal,2.9592156727782646,0.044037879982719484
503.4505191223943,34.931476667945546,1490.83,1446.11,63.68,14:43:00,2,normal,2.9612244766353353,0.04403537766836548
498.87803890446605,34.921053182756104,1478.3,1433.95,63.15,14:44:00,2,normal,2.963249300863875,0.04403919244046166
494.3195861011251,34.90989670618035,1465.8,1421.82,62.61,14:45:00,2,normal,2.96528812779054,0.044035109929526944
489.7755374058124,34.898008476026284,1453.32,1409.72,62.08,14:46:00,2,normal,2.967318473474157,0.044037113753085715
485.2462636667201,34.88538981077949,1440.87,1397.64,61.55,14:47:00,2,normal,2.9693582576240654,0.044038522080077844
266.89806102684963,34.87204210935934,816.6,792.1,34.88,14:48:00,2,normal,3.059595101059393,0.044034844085342764
228.8000907292117,34.85796685086056,703.67,682.56,30.06,14:49:00,2,normal,3.0754795496685525,0.04404008438818566
471.7507124065568,34.84316559428005,1403.68,1361.57,59.96,14:50:00,2,normal,2.975469804463809,0.044037398003775055
174.5790814707226,34.82763997822912,540.89,524.66,23.1,14:51:00,2,normal,3.0982520668761153,0.04402851370411315
462.8340864125026,34.81139172063112,1379.05,1337.68,58.91,14:52:00,2,normal,2.979577434949155,0.04403893307816518
197.7318619948749,34.79442261840466,610.82,592.5,26.09,14:53:00,2,normal,3.08913289865157,0.0440337552742616
453.984957757052,34.77673454713238,1354.55,1313.91,57.86,14:54:00,2,normal,2.983689166029332,0.044036501739084105
449.586524265559,34.75832946071547,1342.35,1302.08,57.34,14:55:00,2,normal,2.9857434054387024,0.04403723273531581
285.5604250412662,34.739209391013986,872.0,845.84,37.25,14:56:00,2,normal,3.0536444252525103,0.044039061761089564
440.8435048787229,34.71937644747293,1318.06,1278.52,56.3,14:57:00,2,normal,2.9898591799886023,0.04403529080499327
436.4995352109044,34.69883281673448,1305.97,1266.79,55.79,14:58:00,2,normal,2.9919161296907033,0.044040448693153565
432.17432627769927,34.67758076223613,1293.92,1255.11,55.27,14:59:00,2,normal,2.9939770165073964,0.04403598091003976
427.8681710310948,34.655622623795125,1281.91,1243.46,54.76,15:00:00,2,normal,2.996039637421029,0.044038408955655986
423.5813563481313,34.6329608171791,1269.95,1231.85,54.25,15:01:00,2,normal,2.9981253446770184,0.0440394528554613
419.31416302791314,34.609597833663194,1258.02,1220.28,53.74,15:02:00,2,normal,3.000184851653235,0.04403907299963943
415.0668657903322,34.585536239573585,1246.14,1208.75,53.23,15:03:00,2,normal,3.0022632561315508,0.044037228541882106
274.46977721616355,34.5607786758177,840.04,814.84,35.88,15:04:00,2,normal,3.0605919840070825,0.04403318442884493
258.15052087247875,34.53532785740121,791.91,768.16,33.83,15:05:00,2,normal,3.067628906281339,0.04404030410331181
402.4470066046627,34.50918657293177,1210.75,1174.43,51.72,15:06:00,2,normal,3.0084706312385636,0.04403838457805063
398.28191936206457,34.48235768410991,1199.04,1163.07,51.22,15:07:00,2,normal,3.0105308368517565,0.044038621923014096
394.1380106863827,34.454844125206925,1187.39,1151.76,50.72,15:08:00,2,normal,3.0126249379809535,0.04403695214280753
390.01551888912695,34.42664890253011,1175.77,1140.5,50.22,15:09:00,2,normal,3.0146749117802316,0.04403331871985971
385.9146762401282,34.39777509387535,1164.21,1129.29,49.73,15:10:00,2,normal,3.0167549245408645,0.044036518520486324
381.8357089793158,34.36822584796725,1152.7,1118.12,49.24,15:11:00,2,normal,3.018837612336677,0.04403820699030516
377.7788373300405,34.33800438388694,1141.23,1107.0,48.75,15:12:00,2,normal,3.020894468482316,0.04403794037940379
373.74427551392057,34.307113990487736,1129.82,1095.93,48.26,15:13:00,2,normal,3.022976066847928,0.04403565921181097
258.19642637675287,34.275558025798745,792.94,769.15,33.87,15:14:00,2,normal,3.0710727143952203,0.044035623740492746
365.7429083585386,34.24333991641657,1107.15,1073.93,47.29,15:15:00,2,normal,3.0271263630753937,0.044034527390053355
361.77650160838726,34.2104631568854,1095.89,1063.01,46.81,15:16:00,2,normal,3.029190660885625,0.04403533362809381
357.83320190963383,34.17693130906533,1084.68,1052.14,46.33,15:17:00,2,normal,3.0312447090192656,0.04403406390784496
353.91319374978985,34.14274800148955,1073.53,1041.33,45.86,15:18:00,2,normal,3.03331443686998,0.044039833674243516
350.0166557345209,34.10791692871004,1062.44,1030.57,45.38,15:19:00,2,normal,3.0353984091712336,0.04403388416119235
346.14376061255405,34.07244185063233,1051.4,1019.86,44.91,15:20:00,2,normal,3.037466277420075,0.04403545584688094
342.2946753019326,34.03632659183932,1040.41,1009.2,44.44,15:21:00,2,normal,3.039515584290849,0.04403487911216805
338.4695609175939,33.999575040904354,1029.48,998.6,43.98,15:22:00,2,normal,3.0415733610108715,0.04404165832165031
236.9685298520309,33.96219114969371,730.8,708.88,31.22,15:23:00,2,normal,3.0839538079437374,0.044041304593161044
330.891860546519,33.92417893265871,1007.8,977.57,43.05,15:24:00,2,normal,3.0457080398879035,0.04403776711642132
197.9334285697463,33.88554246611767,613.8,595.39,26.22,15:25:00,2,normal,3.101042630521169,0.04403836141016813
323.4118334857122,33.8462858875277,986.35,956.76,42.13,15:26:00,2,normal,3.0498265612893087,0.04403403152305699
319.70878944024406,33.806413394746755,975.71,946.44,41.68,15:27:00,2,normal,3.0518710533679823,0.04403871349478044
232.65887616102933,33.765929245285975,718.52,696.97,30.69,15:28:00,2,normal,3.0882982495913605,0.04403345911588734
212.42972601908085,33.72483775555253,657.94,638.2,28.1,15:29:00,2,normal,3.097212486829186,0.04403008461297399
138.7854227561422,33.68314330008322,434.14,421.12,18.54,15:30:00,2,normal,3.128138325902,0.04402545592705167
121.564548192972,33.64085031076892,381.2,369.77,16.28,15:31:00,2,normal,3.1357826411272613,0.04402736836411824
205.43317335858677,33.597963276070104,637.21,618.09,27.22,15:32:00,2,normal,3.101787260462263,0.04403889401219887
298.0157467297638,33.55448674022373,913.16,885.77,39.01,15:33:00,2,normal,3.064133388991823,0.04404077808008851
294.48878121907654,33.51042530244154,902.96,875.87,38.57,15:34:00,2,normal,3.066194903120159,0.04403621542009659
290.98736785205307,33.46578361610004,892.81,866.03,38.14,15:35:00,2,normal,3.068208790609536,0.044040044802143116
287.51159007876595,33.42056638792236,882.73,856.25,37.71,15:36:00,2,normal,3.0702414457732625,0.04404087591240876
284.0615261019464,33.374778377152225,872.72,846.53,37.28,15:37:00,2,normal,3.072292161405874,0.04403860465665718
280.637248922364,33.32842439472019,862.76,836.88,36.85,15:38:00,2,normal,3.0742889738014627,0.044032597266035756
277.2388263851012,33.28150930240228,852.88,827.29,36.43,15:39:00,2,normal,3.076336785581753,0.04403534431698679
273.866321226696,33.23403801197147,843.05,817.76,36.01,15:40:00,2,normal,3.0783266676378056,0.04403492467227548
270.5197911231289,33.18601548434195,833.3,808.3,35.59,15:41:00,2,normal,3.08036612234673,0.04403068167759496
267.1992887386249,33.13744672870651,823.61,798.9,35.18,15:42:00,2,normal,3.0823809595004485,0.044035548879709605
263.904861775247,33.088336801667275,813.98,789.56,34.77,15:43:00,2,normal,3.084369096213245,0.04403718526774407
260.6365530232537,33.03869080635995,804.42,780.29,34.36,15:44:00,2,normal,3.0863667842024847,0.04403491009752784
257.39440041219484,32.9885138915718,794.93,771.08,33.96,15:45:00,2,normal,3.0883733240777125,0.044042122736940394
254.17843706272,32.93781125085355,785.51,761.94,33.55,15:46:00,2,normal,3.090388032428458,0.04403233850434417
250.9886913390727,32.88658812162553,776.15,752.86,33.15,15:47:00,2,normal,3.092370400670609,0.0440320909598066
189.92065309887087,32.83484978427811,592.22,574.45,25.3,15:48:00,2,normal,3.1182495970656543,0.044042127252154235
244.68794276376707,32.7826015612668,757.64,734.91,32.36,15:49:00,2,normal,3.096351996107386,0.04403260263161476
241.57697334010476,32.729848816202086,748.48,726.03,31.97,15:50:00,2,normal,3.098308541792394,0.04403399308568517
238.49228850764,32.6765969529344,739.4,717.21,31.58,15:51:00,2,normal,3.100309886859564,0.04403173408067372
235.43389365820912,32.622851414634226,730.38,708.47,31.2,15:52:00,2,normal,3.102272101315745,0.04403856197157254
232.40178975517276,32.56861768286774,721.43,699.79,30.82,15:53:00,2,normal,3.1042359904370853,0.04404178396376056
229.39597338999147,32.513901276668136,712.55,691.17,30.44,15:54:00,2,normal,3.1062009915431603,0.04404126336501874
226.41643683928356,32.4587077516028,703.74,682.62,30.06,15:55:00,2,normal,3.108166570519496,0.04403621341302628
223.46316812233823,32.403042698836664,694.99,674.14,29.69,15:56:00,2,normal,3.110087473652559,0.04404129705995787
220.5361510590601,32.346911744191885,686.32,665.73,29.32,15:57:00,2,normal,3.1120521361425317,0.04404187883976988
217.6353653283197,32.290320547204075,677.72,657.38,28.95,15:58:00,2,normal,3.114015954978674,0.04403845568773008
214.760786526686,32.23327480017535,669.18,649.1,28.58,15:59:00,2,normal,3.115931967016,0.044030195655523026
211.91238622751544,32.17578022722432,660.71,640.89,28.22,16:00:00,2,normal,3.1178451234589097,0.04403251728065659
149.63037672900722,32.11784258333339,470.49,456.37,20.1,16:01:00,2,normal,3.144348161684413,0.0440432105528409
206.2939876707707,32.05946765339344,643.99,624.67,27.51,16:02:00,2,normal,3.121709979389988,0.044039252725439036
104.320202691367,32.000661251246214,330.13,320.22,14.1,16:03:00,2,normal,3.164583575213086,0.04403222784335769
200.77986404626412,31.941429218724565,627.55,608.72,26.81,16:04:00,2,normal,3.1255624311778525,0.04404323827046918
91.25816139412947,31.88177742469085,289.43,280.74,12.36,16:05:00,2,normal,3.171551953035717,0.04402650138918572
195.36964920381487,31.82171176407356,611.38,593.04,26.12,16:06:00,2,normal,3.1293499399294715,0.04404424659382167
192.70337707751375,31.7612381569027,603.4,585.3,25.77,16:07:00,2,normal,3.1312372888892654,0.04402870322911328
132.61110712311313,31.700362547343687,418.63,406.07,17.88,16:08:00,2,normal,3.156824560791529,0.0440318171743788
187.44821122503592,31.63909090273038,587.66,570.03,25.1,16:09:00,2,normal,3.135052589509646,0.04403277020507693
125.10201990116391,31.57742921259732,395.52,383.65,16.89,16:10:00,2,normal,3.1615796476545954,0.044024501498761894
182.29578668145365,31.515383487711347,572.19,555.02,24.44,16:11:00,2,normal,3.138799916422936,0.04403444920903751
179.75792860463443,31.45295975910289,564.56,547.62,24.12,16:12:00,2,normal,3.14066814399999,0.04404514079105949
177.2455407594568,31.39016407709705,557.0,540.29,23.79,16:13:00,2,normal,3.1425332203754284,0.04403190878972404
174.7585447421534,31.32700251034484,549.51,533.02,23.47,16:14:00,2,normal,3.1443956048659696,0.044032118869836025
96.46552137739214,31.26348114485468,306.52,297.33,13.09,16:15:00,2,normal,3.177508353485525,0.04402515723270441
169.86039908760227,31.1996060830244,534.74,518.7,22.84,16:16:00,2,normal,3.1481145862857534,0.044033159822633505
97.52618696069462,31.13538344267389,310.01,300.71,13.24,16:17:00,2,normal,3.178735985289176,0.044029131056499624
165.06280331972133,31.0708193560788,520.24,504.63,22.22,16:18:00,2,normal,3.151770050774625,0.04403226126072568
162.7014836912672,31.005919969005276,513.1,497.7,21.92,16:19:00,2,normal,3.153628278975184,0.04404259594133012
160.36502231385927,30.940691439746114,506.02,490.84,21.61,16:20:00,2,normal,3.1554262438204272,0.04402656670198028
158.05332030657033,30.8751399381584,499.01,484.04,21.32,16:21:00,2,normal,3.1572256693632776,0.04404594661598215
155.76627610876872,30.80927164470293,492.08,477.31,21.02,16:22:00,2,normal,3.159092021025075,0.04403846556745092
153.50378554118365,30.74309274948573,485.21,470.65,20.73,16:23:00,2,normal,3.160899246161083,0.044045469032189526
50.76770534212347,30.676609451301527,162.67,157.79,6.95,16:24:00,2,normal,3.2042023350034667,0.04404588376956715
107.4037626016644,30.60982795667975,341.72,331.47,14.6,16:25:00,2,normal,3.1816390014878726,0.04404621836063595
96.26299691038017,30.54275447893308,306.8,297.6,13.11,16:26:00,2,normal,3.1871021040995386,0.0440524193548387
144.69718774078757,30.475395237208787,458.41,444.65,19.58,16:27:00,2,normal,3.168064335992498,0.04403463398178342
54.35355326357839,30.40775645554301,174.27,169.04,7.44,16:28:00,2,normal,3.2062301273093783,0.04401325130146711
140.43831969130608,30.33984436191824,445.41,432.05,19.03,16:29:00,2,normal,3.1715702735481632,0.04404582802916329
138.34458029180388,30.27166518732416,439.02,425.84,18.75,16:30:00,2,normal,3.173380547860966,0.04403062182979523
136.27447408447637,30.203225164822104,432.69,419.71,18.48,16:31:00,2,normal,3.175136084045909,0.04403040194419957
134.22787603822323,30.134530528613208,426.42,413.63,18.21,16:32:00,2,normal,3.1768363814277376,0.04402485312960859
132.204659102368,30.0655875131105,420.23,407.62,17.95,16:33:00,2,normal,3.178632302773912,0.04403611206515872
60.18413016188972,29.99640235201517,193.14,187.35,8.25,16:34:00,2,normal,3.2091516398171964,0.044035228182546036
96.60270178594098,29.926981277397232,308.66,299.4,13.18,16:35:00,2,normal,3.195148730766873,0.04402137608550435
126.27399538058988,29.857330518780515,402.03,389.97,17.17,16:36:00,2,normal,3.1837909205951815,0.044029027873939024
124.34299402448816,29.78745630223245,396.1,384.21,16.92,16:37:00,2,normal,3.1855433682254097,0.0440384164909815
122.43471026328568,29.717364849458757,390.23,378.52,16.67,16:38:00,2,normal,3.187249752630139,0.04403994504913876
120.54900614273072,29.647062376903115,384.42,372.89,16.42,16:39:00,2,normal,3.1889105708996435,0.04403443374721768
118.6857420901548,29.57655509485214,378.68,367.32,16.18,16:40:00,2,normal,3.1906107113721474,0.04404878579984754
116.84477697021607,29.505849206545573,373.01,361.82,15.93,16:41:00,2,normal,3.192354931663577,0.04402741694765353
115.02596814021524,29.43495090729228,367.39,356.37,15.69,16:42:00,2,normal,3.193974421081647,0.0440272750231501
71.24619219733049,29.363866383591848,228.91,222.05,9.78,16:43:00,2,normal,3.21294363867178,0.0440441342040081
109.70103150169447,29.22116335957281,350.94,340.41,14.99,16:45:00,2,normal,3.199058342442106,0.044035134102993444
107.9693931683693,29.149557180385223,345.58,335.21,14.76,16:46:00,2,normal,3.2007218884809023,0.044032099281047704
106.25917720570864,29.07778941729872,340.28,330.07,14.54,16:47:00,2,normal,3.202358694545951,0.044051261853546214
102.90240905664707,28.933793643439145,329.87,319.97,14.09,16:49:00,2,normal,3.2056586723679987,0.04403537831671719
99.6295093605473,28.789224901521514,319.7,310.11,13.66,16:51:00,2,normal,3.208888632012066,0.04404888587920415
98.02412509870764,28.71674086983175,314.71,305.27,13.44,16:52:00,2,normal,3.2105361785488573,0.04402659940380647
96.439243929173,28.644131805368968,309.77,300.48,13.23,16:53:00,2,normal,3.2120741243834465,0.04402955271565495
94.87470926457364,28.571403741561912,304.9,295.75,13.02,16:54:00,2,normal,3.213712087904654,0.04402366863905325
93.33036368542228,28.49856269299567,300.09,291.08,12.82,16:55:00,2,normal,3.2153523049741684,0.044042874811048516
91.80604898835666,28.425614654622212,295.33,286.47,12.62,16:56:00,2,normal,3.2168904255694013,0.04405347854923726
90.30160623381484,28.35256560097878,290.64,281.92,12.41,16:57:00,2,normal,3.2185474004466306,0.044019580022701475
88.81687579313763,28.27942148541428,286.0,277.42,12.22,16:58:00,2,normal,3.220108762507244,0.044048734770384255
87.35169739509038,28.206188239323865,281.42,272.97,12.02,16:59:00,2,normal,3.2216889699022295,0.044034142946111285
84.47935270408283,28.05947796684169,272.43,264.25,11.64,17:01:00,2,normal,3.2248116407126974,0.04404919583727531
83.07186306622009,27.98601268669784,268.02,259.98,11.45,17:02:00,2,normal,3.2263631764987615,0.044041849373028685
81.68327887007315,27.91248176705171,263.66,255.75,11.26,17:03:00,2,normal,3.227833207080022,0.044027370478983384
80.31343730863436,27.8388910183397,259.36,251.58,11.08,17:04:00,2,normal,3.229347525038835,0.04404165672946975
78.96217519894958,27.76524622462867,255.12,247.47,10.9,17:05:00,2,normal,3.2309140339309423,0.04404574291833354
77.62932902442991,27.691553142910607,250.93,243.4,10.72,17:06:00,2,normal,3.232412326029927,0.044042728019720624
76.31473497654443,27.617817502406385,246.8,239.4,10.54,17:07:00,2,normal,3.233975720099857,0.044026733500417706
75.01822899588993,27.54404500387857,242.72,235.44,10.37,17:08:00,2,normal,3.2354802725787897,0.044045191980971794
73.73964681263544,27.470241318953477,238.69,231.53,10.2,17:09:00,2,normal,3.23692898348816,0.04405476612102103
72.47882398633992,27.396412089452618,234.72,227.68,10.03,17:10:00,2,normal,3.238463141237469,0.04405305692199578
71.23559594513941,27.32256292673362,230.8,223.88,9.86,17:11:00,2,normal,3.2399532416033376,0.04404145077720207
70.00979802430051,27.24869941104053,226.93,220.12,9.69,17:12:00,2,normal,3.2414034378621155,0.04402144284935489
68.801265504139,27.1748270908638,223.12,216.42,9.53,17:13:00,2,normal,3.242963604885689,0.0440347472507162
66.43533773542181,27.027078068481284,215.64,209.17,9.21,17:15:00,2,normal,3.2458629300385966,0.04403117081799494
65.27761310510554,26.953212298864745,211.98,205.62,9.05,17:16:00,2,normal,3.247361383429941,0.044013228285186265
64.13649518331792,26.87935958873155,208.36,202.11,8.9,17:17:00,2,normal,3.24869638424201,0.04403542625303053
63.01181952210026,26.80552531854628,204.8,198.66,8.75,17:18:00,2,normal,3.2501838790446307,0.04404510218463707
58.67425679238121,26.510478996111807,191.04,185.3,8.16,17:22:00,2,normal,3.2559423918396586,0.04403669724770642
57.629332442526994,26.43681637432624,187.71,182.08,8.02,17:23:00,2,normal,3.2571954600931883,0.04404657293497363
54.58666953810436,26.21614871428481,178.03,172.69,7.6,17:26:00,2,normal,3.2614189784142393,0.044009496786148586
53.60261106732506,26.142716502100985,174.89,169.65,7.47,17:27:00,2,normal,3.262714194656256,0.04403183023872679
52.63336443899093,26.0693544974662,171.8,166.65,7.34,17:28:00,2,normal,3.264089267923183,0.044044404440444045
51.67876869001008,25.996067661907738,168.76,163.7,7.21,17:29:00,2,normal,3.265557680220478,0.04404398289554062
50.73866334927245,25.92286091585988,165.76,160.78,7.08,17:30:00,2,normal,3.2669366723153312,0.0440353277770867
50.60932877389056,15.313453372260708,172.43,167.25,7.37,06:36:00,3,normal,3.4070793700974145,0.04406576980568012
52.45832664314918,15.324631778638391,178.68,173.32,7.63,06:38:00,3,normal,3.406132285070416,0.04402261712439418
53.4035489683587,15.330351218149382,181.87,176.42,7.77,06:39:00,3,normal,3.4055789083934656,0.04404262555265843
54.36277837995517,15.3361589562263,185.11,179.56,7.91,06:40:00,3,normal,3.405087184952534,0.04405212742258855
57.32594918578661,15.354123187347795,195.12,189.27,8.33,06:43:00,3,normal,3.4036941868618555,0.044011200929888514
58.342647869633886,15.360295393147789,198.55,192.59,8.48,06:44:00,3,normal,3.4031708749945353,0.04403136196064178
60.420374805334326,15.37292292020198,205.56,199.39,8.78,06:46:00,3,normal,3.402163602299464,0.04403430462911881
61.48169231595783,15.379380582425629,209.14,202.86,8.93,06:47:00,3,normal,3.401663033691687,0.044020506753426
63.64995874154485,15.39258962842792,216.45,209.95,9.25,06:49:00,3,normal,3.4006306410803893,0.04405810907358895
64.75719691761162,15.39934341051752,220.18,213.57,9.4,06:50:00,3,normal,3.400085403327873,0.04401367233225641
67.01860578676707,15.41315556009024,227.79,220.96,9.73,06:52:00,3,normal,3.398906875573611,0.04403511947863867
68.17306514893262,15.420216382961124,231.67,224.72,9.9,06:53:00,3,normal,3.3982629282384145,0.044054823780704876
70.53021406707254,15.434653734343454,239.6,232.41,10.23,06:55:00,3,normal,3.397125659822132,0.04401703885374984
54.2946046818167,15.442032774943156,184.81,179.26,7.89,06:56:00,3,normal,3.4038372888622024,0.04401428093272342
72.95262762189287,15.449520415866404,247.75,240.31,10.58,06:57:00,3,normal,3.3960394310135986,0.04402646581498897
74.18866668063906,15.457117936600904,251.9,244.34,10.76,06:58:00,3,normal,3.39539731970595,0.04403699762625849
75.44145085908512,15.464826625954696,256.1,248.42,10.94,06:59:00,3,normal,3.3946855088770986,0.04403832219628049
76.71112235829467,15.472647782020871,260.37,252.56,11.12,07:00:00,3,normal,3.394162306528247,0.0440291415901172
77.99782293448334,15.48058271213996,264.68,256.74,11.31,07:01:00,3,normal,3.3934280476305867,0.044052348679598036
81.96150918549833,15.50508335807524,277.97,269.64,11.87,07:04:00,3,normal,3.3914700054008033,0.04402165850763982
83.31773334849228,15.513486641310353,282.52,274.04,12.07,07:05:00,3,normal,3.390874771140332,0.04404466501240695
84.69168730323942,15.522010372528994,287.12,278.51,12.26,07:06:00,3,normal,3.3901792388663132,0.04401996337653944
87.49333683220868,15.53942463543638,296.5,287.6,12.67,07:08:00,3,normal,3.3888294895943467,0.044054242002781636
88.92130665879021,15.548317917618183,301.27,292.23,12.87,07:09:00,3,normal,3.3880518777803887,0.04404065291037881
90.36755469563876,15.557337148652302,306.11,296.92,13.08,07:10:00,3,normal,3.387388327934619,0.04405226997170955
91.83221600438029,15.566483725749949,311.0,301.67,13.28,07:11:00,3,normal,3.386611077589216,0.04402161302085059
93.31542474155718,15.57575905479338,315.96,306.48,13.5,07:12:00,3,normal,3.3859354000163497,0.044048551292090836
94.81731411386528,15.585164550267931,320.97,311.34,13.71,07:13:00,3,normal,3.3851412371220513,0.04403545962613221
96.33801633293253,15.594701635191306,326.05,316.27,13.93,07:14:00,3,normal,3.3844375503146202,0.0440446453979195
97.877662569648,15.604371741040149,331.18,321.25,14.15,07:15:00,3,normal,3.3836116566876355,0.04404669260700389
99.43638290804856,15.614176307673812,336.38,326.29,14.37,07:16:00,3,normal,3.3828664133032618,0.044040577400471966
101.0143062987724,15.624116783255335,341.64,331.39,14.59,07:17:00,3,normal,3.3820951954025533,0.044026675518271524
67.7293123831243,15.634194624169574,229.99,223.09,9.82,07:18:00,3,normal,3.395723238691926,0.04401810928324891
104.22827209050408,15.644411294938472,352.34,341.77,15.05,07:19:00,3,normal,3.3804647523471765,0.04403546244550429
105.86456630098166,15.654768268133438,357.79,347.06,15.28,07:20:00,3,normal,3.3796955157098894,0.04402696940010373
67.23456615475313,15.665267024284812,228.29,221.45,9.75,07:21:00,3,normal,3.3954260889338856,0.044027997290584785
109.196397018672,15.67590905178838,368.87,357.8,15.76,07:22:00,3,normal,3.378041859173478,0.044046953605366125
110.89217724641024,15.686695846808911,374.5,363.27,16.0,07:23:00,3,normal,3.3771543611037105,0.044044374707517826
112.60802744898692,15.697628913180738,380.2,368.8,16.24,07:24:00,3,normal,3.3763134708334728,0.04403470715835141
66.36515108026597,15.70870976230524,225.33,218.57,9.63,07:25:00,3,normal,3.3953060654901916,0.04405911149746077
116.10040884343896,15.719939913045357,391.79,380.04,16.74,07:26:00,3,normal,3.374578986438606,0.04404799494790022
117.87717159164062,15.731320891616978,397.68,385.75,16.99,07:27:00,3,normal,3.3736812194448844,0.04404406999351911
119.67446732631068,15.742854231477262,403.64,391.53,17.24,07:28:00,3,normal,3.3728163493672714,0.044032385768651185
121.49240762169724,15.754541473209818,409.66,397.37,17.5,07:29:00,3,normal,3.371897948352446,0.04403956010770818
87.71898094376967,15.766384164406752,296.99,288.08,12.69,07:30:00,3,normal,3.3856982468865997,0.044050263815606776
125.19065927222972,15.77838385954754,421.9,409.25,18.02,07:31:00,3,normal,3.370059734908573,0.04403176542455711
127.0711847015415,15.790542119874722,428.12,415.28,18.29,07:32:00,3,normal,3.3691351898980644,0.04404257368522443
128.9727827359851,15.802860513266362,434.41,421.37,18.56,07:33:00,3,normal,3.368230031054404,0.0440467997247075
130.89555556375697,15.815340614105295,440.76,427.53,18.83,07:34:00,3,normal,3.367264825010146,0.04404369284026852
51.30451624904191,15.827984003145117,174.43,169.2,7.45,07:35:00,3,normal,3.3998956184146345,0.044030732860520096
134.80502412965137,15.840792267372862,453.66,440.05,19.38,07:36:00,3,normal,3.365304838814343,0.044040449948869444
136.7919138632244,15.853766999868451,460.21,446.4,19.66,07:37:00,3,normal,3.3643070485888154,0.04404121863799283
138.8003662748914,15.866909799660766,466.83,452.82,19.94,07:38:00,3,normal,3.36331965490244,0.044035157457709466
140.83047285353064,15.880222271580395,473.51,459.31,20.23,07:39:00,3,normal,3.3622694748207618,0.04404432736060613
142.88232278836497,15.893706026109076,480.27,465.86,20.51,07:40:00,3,normal,3.361297539314001,0.04402610226248229
144.95600291533577,15.907362679225688,487.09,472.47,20.81,07:41:00,3,normal,3.3602609771496934,0.044045124558173
98.70244430344684,15.921193852248924,333.53,323.52,14.25,07:42:00,3,normal,3.3791463053803277,0.044046735905044515
57.40059846608904,15.935201171676532,194.93,189.08,8.33,07:43:00,3,normal,3.395957624294809,0.04405542627459276
151.30885637979503,15.949386269021115,507.95,492.71,21.7,07:44:00,3,normal,3.357040771790731,0.044042134318361716
153.47067668574354,15.963750780642536,515.04,499.59,22.0,07:45:00,3,normal,3.355950538060304,0.0440361096098801
102.80125031671096,15.978296347576832,347.13,336.71,14.83,07:46:00,3,normal,3.3767099031437744,0.04404383594190847
157.86107044599603,15.993024615361694,529.43,513.55,22.61,07:47:00,3,normal,3.3537717595872816,0.04402687177490021
110.0150071449997,16.007937233858442,371.12,359.98,15.85,07:48:00,3,normal,3.3733579593451655,0.044030223901327846
97.52883477803616,16.023035857070532,329.48,319.59,14.07,07:49:00,3,normal,3.378282953445068,0.04402515723270441
50.092451004472736,16.038322142958545,170.2,165.09,7.27,07:50:00,3,normal,3.397717551988081,0.04403658610454903
69.02020401256043,16.053797753251676,233.95,226.93,9.99,07:51:00,3,normal,3.389587199096446,0.044022385757722646
169.2295946006495,16.06946435325567,566.59,549.6,24.2,07:52:00,3,normal,3.348055057019119,0.044032023289665205
105.89206768314622,16.08532361165726,357.28,346.56,15.26,07:53:00,3,normal,3.3740015453193823,0.04403277931671283
173.93528583367296,16.101377200325047,581.94,564.48,24.86,07:54:00,3,normal,3.3457271031048004,0.04404053287981859
176.32226021059995,16.11762679410681,589.71,572.02,25.19,07:55:00,3,normal,3.3445011384021974,0.04403692178595155
178.73204822620957,16.134074070623296,597.56,579.63,25.52,07:56:00,3,normal,3.343328775842746,0.044028086883011575
181.16469172220636,16.150720710058412,605.47,587.3,25.86,07:57:00,3,normal,3.342097150632494,0.04403201089732675
183.6202292705836,16.167568394945864,613.45,595.04,26.2,07:58:00,3,normal,3.3408628365016217,0.044030653401452007
186.0986961204807,16.18461880995222,621.49,602.85,26.55,07:59:00,3,normal,3.3395720279396586,0.04404080617068923
188.600124145248,16.201873641656377,629.61,610.72,26.89,08:00:00,3,normal,3.338332903297104,0.04402999738014147
191.12454178974227,16.219334578325487,637.8,618.66,27.24,08:01:00,3,normal,3.3370910612915905,0.04403064688197071
193.6719740178712,16.237003309687246,646.05,626.67,27.6,08:02:00,3,normal,3.3357949867355887,0.04404231892383552
93.1595356112944,16.254881526698643,314.6,305.16,13.44,08:03:00,3,normal,3.3770026646833005,0.04404246952418403
122.12521177402525,16.2729709213111,410.93,398.6,17.55,08:04:00,3,normal,3.364825280797593,0.04402910185649774
201.45255453511965,16.291273186232033,671.21,651.07,28.67,08:05:00,3,normal,3.3318515198226817,0.04403520358793985
204.09222329774343,16.309790014682832,679.73,659.34,29.04,08:06:00,3,normal,3.3305041662874353,0.044044044044044044
206.75497743355447,16.32852310015326,688.32,667.67,29.4,08:07:00,3,normal,3.329158062089256,0.044033729237497564
152.4425899604499,16.34747413615227,510.89,495.56,21.82,08:08:00,3,normal,3.3513600112182993,0.044030995237710875
212.14974995873192,16.366644815955276,705.71,684.53,30.14,08:09:00,3,normal,3.3264710429179254,0.04403021050940061
214.8817627670473,16.386036832347802,714.5,693.06,30.52,08:10:00,3,normal,3.325084412931717,0.0440365913485124
79.55633089363543,16.405651877365635,268.95,260.88,11.49,08:11:00,3,normal,3.380623477465025,0.04404323827046918
116.4207792371751,16.425491642031385,391.77,380.02,16.73,08:12:00,3,normal,3.365120922287224,0.044023998736908584
98.31261569936464,16.44555781608751,331.55,321.6,14.16,08:13:00,3,normal,3.372405439947446,0.04402985074626865
99.1072226599937,16.465852087725818,334.17,324.14,14.27,08:14:00,3,normal,3.3718026903693405,0.04402418707965694
96.5794354153907,16.48637614331343,325.72,315.95,13.91,08:15:00,3,normal,3.372560613955442,0.044025953473650896
231.7578106241544,16.50713166711524,768.63,745.57,32.83,08:16:00,3,normal,3.316522528108019,0.04403342409163458
234.65093345318303,16.52812034101288,777.88,754.54,33.23,08:17:00,3,normal,3.31505180291644,0.044040077398149864
237.56695537725167,16.549343844220196,787.19,763.57,33.63,08:18:00,3,normal,3.3135500631809576,0.044043113270558036
116.57949399448648,16.570803852995247,392.08,380.32,16.75,08:19:00,3,normal,3.3631986772780387,0.044041859486748006
243.4675245874823,16.592502040348855,806.01,781.83,34.43,08:20:00,3,normal,3.31054419420273,0.04403770640676362
246.4519749743137,16.61444007574974,815.52,791.05,34.84,08:21:00,3,normal,3.3090422589837107,0.04404272801972063
249.4591305711141,16.63661962482621,825.08,800.33,35.24,08:22:00,3,normal,3.3074756498631825,0.04403183686729224
252.48893179721625,16.659042349064453,834.72,809.67,35.66,08:23:00,3,normal,3.30596669746457,0.04404263465362431
87.83878939551819,16.681709905503467,296.33,287.44,12.66,08:24:00,3,normal,3.37356653067807,0.04404397439465628
88.55474314693079,16.70462394642665,298.69,289.73,12.76,08:25:00,3,normal,3.372941859301777,0.044041003693093564
261.713545286761,16.727786119050002,863.98,838.06,36.91,08:26:00,3,normal,3.3012429641474315,0.044042192683101444
264.83324206542534,16.751198065207085,873.85,847.64,37.33,08:27:00,3,normal,3.2996235411569708,0.044039922608654615
267.9752178543692,16.774861421030653,883.79,857.28,37.75,08:28:00,3,normal,3.29802885160931,0.0440346211272863
271.13938531347907,16.798777816631056,893.79,866.97,38.18,08:29:00,3,normal,3.2964226092297157,0.044038432702400314
211.3898156829536,16.82294887577139,701.97,680.91,29.99,08:30:00,3,normal,3.3207370834403287,0.04404399994125509
277.53392204997925,16.847376215539494,913.96,886.54,39.04,08:31:00,3,normal,3.2931469899215093,0.04403636609741241
280.7640927095624,16.872061446016712,924.13,896.4,39.47,08:32:00,3,normal,3.2914821517293174,0.04403168228469433
284.01605773532765,16.897006169943573,934.36,906.33,39.91,08:33:00,3,normal,3.2898139895692897,0.04403473348559575
287.2897056445175,16.92221198238236,944.64,916.3,40.35,08:34:00,3,normal,3.2881094638624657,0.044035796136636475
290.58492002668766,16.947680470376586,954.99,926.34,40.79,08:35:00,3,normal,3.286440328397952,0.044033508215126194
293.9015795129634,16.97341321260745,965.38,936.42,41.24,08:36:00,3,normal,3.2847050417346226,0.044040067491083065
297.2395577463285,16.999411779047307,975.84,946.56,41.68,08:37:00,3,normal,3.2830085181085007,0.044033130493576746
154.1534971336469,17.025677730610155,515.13,499.68,22.0,08:38:00,3,normal,3.3416692425303607,0.04402817803394172
303.97893991470715,17.052212618799224,996.9,967.0,42.58,08:39:00,3,normal,3.2795035086302957,0.04403309203722854
307.38006594249674,17.07901798535167,1007.52,977.29,43.04,08:40:00,3,normal,3.2777662302554202,0.04404015184847896
211.5112942694116,17.106095361880442,701.57,680.53,29.97,08:41:00,3,normal,3.3169387120594056,0.04403920473748402
214.65371298406868,17.133446269513335,711.64,690.29,30.4,08:42:00,3,normal,3.3152932232428562,0.04403946167552768
317.7074093444757,17.161072218529338,1039.67,1008.48,44.41,08:43:00,3,normal,3.272413451562702,0.04403656988735522
242.67367754923555,17.1889747079922,801.55,777.51,34.24,08:44:00,3,normal,3.3029952325067278,0.04403801880361668
324.6940278975333,17.21715522538143,1061.36,1029.52,45.34,08:45:00,3,normal,3.2688004977256404,0.04403994094335224
328.2173524343208,17.2456152462206,1072.28,1040.11,45.8,08:46:00,3,normal,3.266981443994716,0.04403380411687226
331.76045204621084,17.274356233703152,1083.24,1050.74,46.27,08:47:00,3,normal,3.2651269713398983,0.044035632030759275
335.323143862855,17.303379638315675,1094.25,1061.42,46.74,08:48:00,3,normal,3.2632701321908795,0.044035348872265456
104.69794566268108,17.332686897458707,351.58,341.03,15.02,08:49:00,3,normal,3.358041055864943,0.04404304606632848
164.129966979613,17.362279435065155,547.06,530.65,23.37,08:50:00,3,normal,3.3330902946440712,0.0440403278997456
346.126864908721,17.39215866121636,1127.56,1093.73,48.16,08:51:00,3,normal,3.2576494757127703,0.044032805171294556
349.76599150776167,17.42232597175586,1138.75,1104.59,48.64,08:52:00,3,normal,3.2557482077977555,0.0440344381173105
353.423716848287,17.452782747900947,1149.98,1115.48,49.12,08:53:00,3,normal,3.2538280403339432,0.04403485495033528
357.09982633354264,17.483530355851993,1161.26,1126.42,49.6,08:54:00,3,normal,3.251919811675702,0.0440333090676657
360.7941000445061,17.514570146399727,1172.57,1137.4,50.09,08:55:00,3,normal,3.2499699963368482,0.04403903639880429
204.36567235905204,17.545903454530396,677.29,656.97,28.93,08:56:00,3,normal,3.314108441901449,0.04403549629359027
219.3169318041672,17.577531599028966,725.39,703.63,30.99,08:57:00,3,normal,3.3074965714353337,0.04404303398092747
276.7218739551048,17.6094558820804,908.59,881.33,38.81,08:58:00,3,normal,3.2834050558193644,0.04403571874326302
375.7482521802812,17.641677588869037,1218.23,1181.68,52.04,08:59:00,3,normal,3.2421441561769457,0.044038995328684584
379.5298616036448,17.674197987176218,1229.73,1192.84,52.53,09:00:00,3,normal,3.240140300960683,0.04403775862647128
121.32853461191466,17.70701832697614,405.99,393.81,17.34,09:01:00,3,normal,3.3462037706019663,0.04403138569360859
242.3508479514336,17.74013984003009,798.75,774.79,34.12,09:02:00,3,normal,3.295841573288273,0.04403773925837969
250.6813129671131,17.773563739479062,825.24,800.48,35.25,09:03:00,3,normal,3.291988502183501,0.04403607835298821
394.82102697541967,17.80729121943487,1276.09,1237.81,54.51,09:04:00,3,normal,3.232072034703069,0.04403745324403584
398.6836739509518,17.841323454569793,1287.76,1249.13,55.01,09:05:00,3,normal,3.2300294296937455,0.04403865090102711
402.5617140491781,17.875661599704888,1299.46,1260.48,55.51,09:06:00,3,normal,3.227977114190383,0.044038778877887784
406.4548634217441,17.91030678939698,1311.19,1271.86,56.01,09:07:00,3,normal,3.225917852136728,0.044037865802839936
167.1958317383361,17.945260137524436,555.78,539.11,23.74,09:08:00,3,normal,3.3241259319778003,0.04403554005676021
414.2853281757293,17.980522736871794,1334.73,1294.69,57.01,09:09:00,3,normal,3.2217650716171184,0.04403370691053456
188.00278482626376,18.01609565871337,623.16,604.47,26.62,09:10:00,3,normal,3.3146317517363992,0.044038579251244894
422.17269194362126,18.05197995239581,1358.37,1317.62,58.02,09:11:00,3,normal,3.2175695536967663,0.04403393998269608
426.1369454296971,18.088176644919827,1370.22,1329.12,58.53,09:12:00,3,normal,3.2154452100329682,0.04403665583243049
430.1144946056705,18.124686740521053,1382.1,1340.64,59.04,09:13:00,3,normal,3.213330444181173,0.04403866809881847
288.269872807815,18.161511220250205,943.03,914.74,40.28,09:14:00,3,normal,3.2713442817130716,0.04403437042219647
438.1081928056213,18.19865104155257,1405.91,1363.74,60.05,09:15:00,3,normal,3.209047498054369,0.04403332013433645
274.2005434609757,18.23610713784695,898.33,871.38,38.37,09:16:00,3,normal,3.276178772883616,0.04403360187289127
446.15116066975474,18.273880418104152,1429.8,1386.91,61.07,09:17:00,3,normal,3.2047434278857594,0.04403313841561456
450.1902777778549,18.31197176642505,1441.77,1398.52,61.59,09:18:00,3,normal,3.2025791563438366,0.044039413093842066
454.2406906320257,18.35038204161836,1453.75,1410.14,62.1,09:19:00,3,normal,3.2003958033289965,0.04403818060618094
458.30204817500464,18.389112076778268,1465.75,1421.78,62.61,09:20:00,3,normal,3.1982183056714093,0.04403634880220569
462.3739943661537,18.428162678861888,1477.76,1433.42,63.12,09:21:00,3,normal,3.196027497233685,0.044034546748336144
466.4561682164838,18.46753462826671,1489.77,1445.08,63.64,09:22:00,3,normal,3.1938049092505367,0.04403908434135135
470.54820382537525,18.507228678408147,1501.8,1456.75,64.15,09:23:00,3,normal,3.191596499127923,0.04403638235798868
474.6497304189942,18.54724555529725,1513.84,1468.42,64.66,09:24:00,3,normal,3.1893834610706864,0.04403372332166546
478.76037239040977,18.58758595711868,1525.88,1480.11,65.18,09:25:00,3,normal,3.1871476588202388,0.04403726750038849
482.8797493414112,18.628250553809035,1537.93,1491.79,65.69,09:26:00,3,normal,3.184913018401679,0.04403434799804262
300.99599321539915,18.6692399866357,981.07,951.64,41.91,09:27:00,3,normal,3.25941215867922,0.044039762935563866
491.1431628957516,18.71055486777617,1562.04,1515.18,66.72,09:28:00,3,normal,3.180416868251413,0.04403437215380351
495.2864151464562,18.752195779898152,1574.1,1526.88,67.24,09:29:00,3,normal,3.1781610637039956,0.044037514408466934
384.8749440120944,18.794163275740285,1240.51,1203.3,52.99,09:30:00,3,normal,3.223150842370809,0.04403723094822572
503.5940150896665,18.836457877693896,1598.22,1550.27,68.27,09:31:00,3,normal,3.173627867113218,0.04403749024363498
507.75755094194005,18.8790800773856,1610.27,1561.97,68.78,09:32:00,3,normal,3.171336392758298,0.04403413637905978
160.6393064278828,18.922030335261045,532.35,516.38,22.74,09:33:00,3,normal,3.3139460810545307,0.044037336844959134
185.68546518912945,18.96530908016979,613.33,594.93,26.2,09:34:00,3,normal,3.303058747087686,0.04403879448002286
520.2821375220325,19.008916708951528,1646.42,1597.02,70.33,09:35:00,3,normal,3.1644753514726975,0.044038271280259486
524.4669215905981,19.05285358602366,1658.45,1608.69,70.84,09:36:00,3,normal,3.16216320177118,0.04403583039616085
300.9411499994864,19.097120042970367,979.2,949.82,41.83,09:37:00,3,normal,3.253792311226534,0.04403992335389863
278.52955061656354,19.141716378133346,908.68,881.42,38.82,09:38:00,3,normal,3.2624186481775865,0.044042567674888254
537.0450218675101,19.18664285620421,1694.49,1643.65,72.38,09:39:00,3,normal,3.155210328749744,0.04403613908070452
325.7469316249493,19.23189970781872,1056.0,1024.32,45.11,09:40:00,3,normal,3.241780343815585,0.04403897219618869
307.49974410159365,19.27748712915301,998.97,969.0,42.67,09:41:00,3,normal,3.248685630352766,0.044035087719298247
416.31470489477033,19.323405281521804,1333.54,1293.53,56.96,09:42:00,3,normal,3.203201770970525,0.04403454113936283
553.8547675040177,19.369654290978843,1742.35,1690.08,74.43,09:43:00,3,normal,3.145860796417828,0.044039335416074986
395.83818453108967,19.416234247919544,1270.81,1232.68,54.28,09:44:00,3,normal,3.2104280225148134,0.04403413700230392
562.2682154359987,19.463145206686093,1766.17,1713.18,75.44,09:45:00,3,normal,3.1411521254682016,0.044035069286356365
566.4754721990912,19.51038718517501,1778.05,1724.71,75.95,09:46:00,3,normal,3.138794329607079,0.04403638872622064
230.3165331951752,19.55796016444736,754.71,732.07,32.24,09:47:00,3,normal,3.2768381389296204,0.044039504418976326
574.8887095835523,19.60586408834165,1801.74,1747.68,76.96,09:48:00,3,normal,3.1340674637795116,0.0440355213769111
579.0937432195104,19.654098863089672,1813.54,1759.14,77.47,09:49:00,3,normal,3.1316864000593463,0.04403856429846402
583.2970832977802,19.70266435693516,1825.32,1770.56,77.97,09:50:00,3,normal,3.129314464732463,0.04403691487439002
587.498248154289,19.75156039975567,1837.07,1781.96,78.47,09:51:00,3,normal,3.1269369836785423,0.04403578082560776
239.54543690605783,19.800786782687616,783.27,759.77,33.46,09:52:00,3,normal,3.2698180775915753,0.044039643576345475
456.5927957445549,19.850343257754552,1451.8,1408.24,62.01,09:53:00,3,normal,3.1796384295389166,0.04403368743964097
600.0838284948367,19.900229537499,1872.13,1815.97,79.97,09:54:00,3,normal,3.1197807891203797,0.04403707109698948
604.2714147540914,19.950445294617744,1883.75,1827.24,80.47,09:55:00,3,normal,3.117390553327089,0.04403909721766161
608.4543724351464,20.00099016160081,1895.34,1838.48,80.96,09:56:00,3,normal,3.1150076092222005,0.04403637787737696
612.6322024803549,20.051863730374297,1906.88,1849.68,81.45,09:57:00,3,normal,3.1126016430080616,0.04403464383028416
616.8044032501746,20.103065551947,1918.39,1860.84,81.95,09:58:00,3,normal,3.1102080171465722,0.04403925109090519
353.88121099410125,20.154595136061168,1138.78,1104.62,48.64,09:59:00,3,normal,3.2179724851766203,0.044033242200937885
625.1298980630221,20.206451950847345,1941.28,1883.05,82.92,10:00:00,3,normal,3.105402582751355,0.044034943310055495
629.2821767726851,20.258635422483486,1952.67,1894.09,83.41,10:01:00,3,normal,3.1030117681298335,0.044036978179495166
633.4267957353941,20.31114493485848,1964.01,1905.09,83.89,10:02:00,3,normal,3.1006108570443867,0.04403466502894877
637.5632418427717,20.363979829240108,1975.3,1916.04,84.38,10:03:00,3,normal,3.09820245328247,0.04403874658149099
473.63052092090095,20.417139403947733,1499.1,1454.13,64.03,10:04:00,3,normal,3.1651254169288605,0.044033201983316485
645.809553177012,20.470622914029637,1997.74,1937.81,85.33,10:05:00,3,normal,3.093388740027562,0.0440342448434057
649.9183826131735,20.52442957094523,2008.89,1948.62,85.81,10:06:00,3,normal,3.09098812057402,0.04403629235048394
654.016967820065,20.5785585422523,2019.98,1959.38,86.28,10:07:00,3,normal,3.0885743021819314,0.04403433739244046
658.1047867377001,20.63300895129929,2031.03,1970.1,86.76,10:08:00,3,normal,3.086180257201965,0.044038373686614896
662.1813158309328,20.68777987692284,2042.02,1980.76,87.23,10:09:00,3,normal,3.083777737578699,0.044038651830610474
666.2460301970996,20.74287035315063,2052.95,1991.36,87.69,10:10:00,3,normal,3.081369204395354,0.04403523220311747
315.1000104620085,20.79827936890971,1016.35,985.86,43.41,10:11:00,3,normal,3.225483866248684,0.04403262126468261
674.3379089531728,20.8540058677404,2074.64,2012.4,88.62,10:12:00,3,normal,3.0765584619447317,0.04403697078115683
526.9999838340805,20.910048747515837,1652.99,1603.4,70.61,10:13:00,3,normal,3.1366035117762427,0.04403766995135337
682.3762005898832,20.96640686016739,2096.1,2033.22,89.54,10:14:00,3,normal,3.0717659821488743,0.0440385201798133
686.3739275825022,21.023079011415977,2106.73,2043.53,89.99,10:15:00,3,normal,3.0693619255325966,0.04403654460663655
690.3566678707901,21.080063960509413,2117.3,2053.78,90.44,10:16:00,3,normal,3.0669653796930985,0.044035875312837786
538.0802241529635,21.137360419965923,1683.67,1633.16,71.92,10:17:00,3,normal,3.129031554078026,0.044037326410149645
698.2750623558671,21.194967055323943,2138.25,2074.1,91.34,10:18:00,3,normal,3.062188692212336,0.044038378091702426
480.9178365156952,21.252882484898308,1515.41,1469.95,64.73,10:19:00,3,normal,3.151078801691613,0.04403551141195279
236.8492424162663,21.31110527954292,770.0,746.9,32.89,10:20:00,3,normal,3.251013142979418,0.04403534609720177
710.0269565093612,21.36963396242008,2169.16,2104.08,92.66,10:21:00,3,normal,3.055038939174982,0.044038249496216875
713.9086052438014,21.428467008776515,2179.32,2113.94,93.09,10:22:00,3,normal,3.0526596597834224,0.04403625457676188
717.7715418277475,21.48760284572624,2189.41,2123.72,93.52,10:23:00,3,normal,3.0502881103712243,0.04403593694083966
453.7595115936301,21.54703985204045,1433.16,1390.16,61.22,10:24:00,3,normal,3.158413131587386,0.0440380963342349
317.64194906981487,21.60677635794438,1020.83,990.2,43.61,10:25:00,3,normal,3.2137757717121636,0.044041607756008884
729.2427584384092,21.66681064492144,2219.22,2152.64,94.8,10:26:00,3,normal,3.0431841445394787,0.04403894752489966
733.0255284425529,21.727140945524543,2229.01,2162.13,95.21,10:27:00,3,normal,3.0408354327521727,0.04403528002479036
736.7869299914169,21.787765443194942,2238.71,2171.55,95.63,10:28:00,3,normal,3.038476809063483,0.044037668946144456
740.5264338595684,21.848682272088453,2248.33,2180.88,96.04,10:29:00,3,normal,3.0361238940274853,0.04403726935915777
744.2435117846602,21.909889516909374,2257.88,2190.14,96.45,10:30:00,3,normal,3.0337919837362266,0.04403828065785749
747.9376365901671,21.9713852127521,2267.34,2199.32,96.85,10:31:00,3,normal,3.0314559517779562,0.044036338504628694
751.6082823084389,22.033167344950545,2276.71,2208.41,97.25,10:32:00,3,normal,3.0291177646519096,0.044036207044887504
299.54684532893145,22.095233848935504,962.98,934.09,41.13,10:33:00,3,normal,3.214789322660216,0.04403215964200452
758.8770393972638,22.157582610100025,2295.21,2226.35,98.04,10:34:00,3,normal,3.0244820713286633,0.044036202753385593
491.7288491897818,22.220211463672957,1541.01,1494.78,65.83,10:35:00,3,normal,3.133861278505647,0.04403992560778175
766.0456041795668,22.283118194600647,2313.36,2243.96,98.82,10:36:00,3,normal,3.019872429759066,0.044038218150056145
524.0334759011217,22.34630053743706,1634.39,1585.36,69.81,10:37:00,3,normal,3.118865635806038,0.04403416258767725
773.1098250400062,22.409756176242247,2331.15,2261.21,99.58,10:38:00,3,normal,3.015289580467264,0.04403836883792306
776.6015175494615,22.473482744489377,2339.9,2269.7,99.95,10:39:00,3,normal,3.0129995205050224,0.04403665682689343
347.17981965653763,22.537477824980364,1107.26,1074.04,47.3,10:40:00,3,normal,3.189298275157248,0.044039328144203194
783.5015076411893,22.601738949770212,2357.14,2286.42,100.69,10:41:00,3,normal,3.0084690035841906,0.04403827818161143
350.807034412771,22.666263600100194,1117.71,1084.17,47.74,10:42:00,3,normal,3.18611056893707,0.044033684754235955
790.2869200739196,22.731049206339836,2373.99,2302.77,101.41,10:43:00,3,normal,3.0039596249143896,0.04403826695675209
256.26675464660747,22.796093147937967,826.05,801.26,35.29,10:44:00,3,normal,3.2233989974201886,0.044043132066994485
796.953729891638,22.861392753382823,2390.45,2318.74,102.11,10:45:00,3,normal,2.99948404824585,0.04403684759826458
800.2414132458772,22.92694530017125,2398.54,2326.58,102.45,10:46:00,3,normal,2.9972705239925386,0.04403459154638998
803.4979572402744,22.992748014787217,2406.52,2334.32,102.8,10:47:00,3,normal,2.995054285222489,0.04403852085403886
806.7228720862358,23.05879807268957,2414.4,2341.97,103.13,10:48:00,3,normal,2.9928493210514913,0.044035576886125784
361.3595872045924,23.12509259830926,1147.57,1113.14,49.02,10:49:00,3,normal,3.1757009932333014,0.04403758736547065
813.0758718496204,23.19162866505601,2429.86,2356.96,103.79,10:50:00,3,normal,2.988478792849244,0.044035537302287694
816.2029942257894,23.25840329533456,2437.43,2364.31,104.12,10:51:00,3,normal,2.9863036735267405,0.044038218338542746
819.2965626130657,23.325413460570484,2444.9,2371.55,104.44,10:52:00,3,normal,2.984145316321397,0.04403870886129324
822.3561049848574,23.3926560812458,2452.26,2378.69,104.75,10:53:00,3,normal,2.981992819333609,0.0440368438089873
825.3811532280832,23.46012802694426,2459.52,2385.73,105.06,10:54:00,3,normal,2.9798596568152362,0.04403683568551345
828.3712432621458,23.527826116406597,2466.67,2392.67,105.37,10:55:00,3,normal,2.9777349468170753,0.04403866809881848
831.3259151572224,23.59574711759553,2473.71,2399.49,105.67,10:56:00,3,normal,2.9756199763508704,0.04403852485319797
405.8733371660136,23.66388774777092,1278.59,1240.23,54.62,10:57:00,3,normal,3.1502192504875497,0.044040218346597
837.127186269638,23.73224467357481,2487.46,2412.83,106.25,10:58:00,3,normal,2.9714242241785125,0.0440354272783412
566.1312058256217,23.80081451112666,1744.99,1692.64,74.54,10:59:00,3,normal,3.0823066844640383,0.04403771623026751
842.7813745902761,23.869593826128717,2500.76,2425.74,106.82,11:00:00,3,normal,2.9672701312552876,0.044036046732131226
299.83257158458014,23.938579133981563,956.56,927.87,40.86,11:01:00,3,normal,3.190313830631182,0.044036341297811116
516.9705900775306,24.007766899910017,1602.53,1554.45,68.45,11:02:00,3,normal,3.0998475169731936,0.044034867638071344
850.9792020365572,24.077153539099253,2519.88,2444.28,107.64,11:03:00,3,normal,2.961153450013163,0.04403750797780941
853.6345078625905,24.146735416841377,2526.02,2450.24,107.9,11:04:00,3,normal,2.9591352935401876,0.04403650254668931
608.0101988571315,24.216508848692374,1860.23,1804.42,79.46,11:05:00,3,normal,3.0595374937733757,0.04403631083672315
858.826652629613,24.28647010063956,2537.96,2461.82,108.41,11:06:00,3,normal,2.955148157348289,0.04403652582235906
861.3626727733272,24.35661538927947,2543.76,2467.45,108.66,11:07:00,3,normal,2.9531811400764125,0.04403736651198606
863.8581213241984,24.42694088200637,2549.44,2472.95,108.9,11:08:00,3,normal,2.9512253656792535,0.044036474655775495
514.2021424864162,24.497442697211333,1591.21,1543.48,67.97,11:09:00,3,normal,3.0945223065499685,0.04403685178946277
416.7635978752029,24.56811690449192,1306.05,1266.87,55.79,11:10:00,3,normal,3.1337909708493497,0.04403766763756345
871.0971101650545,24.63895952487248,2565.76,2488.79,109.6,11:11:00,3,normal,2.9454350956506365,0.044037463988524546
451.1373849215328,24.709966531035256,1406.53,1364.33,60.08,11:12:00,3,normal,3.1177420604249866,0.04403626688557754
875.7131465481946,24.781133847562064,2576.05,2498.77,110.04,11:13:00,3,normal,2.9416596178258105,0.044037666531933715
877.9570616133778,24.85245735118679,2581.01,2503.58,110.25,11:14:00,3,normal,2.9397906946121113,0.04403693910320421
880.1577594554109,24.923932871058614,2585.85,2508.27,110.46,11:15:00,3,normal,2.9379392185327884,0.044038321233360045
882.3148865834588,24.995556189016067,2590.57,2512.85,110.66,11:16:00,3,normal,2.936105963293136,0.044037646497005395
884.4280959111468,25.0673230398718,2595.16,2517.31,110.85,11:17:00,3,normal,2.9342803694249895,0.044035100960946406
886.497046849584,25.139229111708232,2599.64,2521.65,111.05,11:18:00,3,normal,2.932485798163175,0.04403862550314278
888.5214053988052,25.21127004618401,2603.99,2525.87,111.23,11:19:00,3,normal,2.930700356995025,0.04403631224093085
890.5008442375926,25.28344143885129,2608.21,2529.97,111.41,11:20:00,3,normal,2.928924792017501,0.04403609528966747
892.4350428116469,25.35573883948388,2612.31,2533.94,111.59,11:21:00,3,normal,2.9271710261060893,0.04403813823531733
650.5035506905646,25.42815775241617,1968.43,1909.38,84.08,11:22:00,3,normal,3.0260096165660357,0.0440352365689386
896.166471300138,25.500693636892997,2620.14,2541.54,111.92,11:23:00,3,normal,2.923720183593524,0.044036292956239134
897.9630947103061,25.57334190743028,2623.87,2545.15,112.08,11:24:00,3,normal,2.922024318656985,0.04403669724770642
899.7132650114547,25.646097934186525,2627.47,2548.64,112.23,11:25:00,3,normal,2.920341515656711,0.0440352501726411
327.31072410793337,25.718957043345167,1032.83,1001.84,44.12,11:26:00,3,normal,3.155503085989373,0.044038968298331066
903.0731117170068,25.7919145175077,2634.29,2555.26,112.53,11:27:00,3,normal,2.91702849505888,0.04403857141739001
904.6822390608324,25.86496559609764,2637.51,2558.39,112.66,11:28:00,3,normal,2.9153993370512596,0.04403550670538894
906.2438153239972,25.93810547577529,2640.61,2561.39,112.8,11:29:00,3,normal,2.9137964368407174,0.04403858842269237
907.7575845335308,26.01132931086326,2643.57,2564.26,112.92,11:30:00,3,normal,2.912198195907612,0.04403609618369432
665.9298788786003,26.084632213782708,2005.11,1944.95,85.65,11:31:00,3,normal,3.0109926939703113,0.04403712177690943
910.6407157214418,26.158009255500367,2649.12,2569.65,113.16,11:32:00,3,normal,2.9090726499103146,0.04403712567859436
549.1283977779053,26.231455465986244,1678.81,1628.45,71.71,11:33:00,3,normal,3.057226701065629,0.04403573950689305
913.3297370643226,26.30496583468193,2654.16,2574.54,113.37,11:34:00,3,normal,2.906026041078171,0.044035050921718055
914.6008980223731,26.37853531097965,2656.49,2576.79,113.47,11:35:00,3,normal,2.9045346508450685,0.04403540839571715
915.8228769614112,26.45215880471181,2658.68,2578.92,113.57,11:36:00,3,normal,2.9030504335305274,0.04403781427884541
916.9954721191236,26.52583118665116,2660.75,2580.93,113.66,11:37:00,3,normal,2.901595570424312,0.044038389262785124
918.118489716447,26.59954728902141,2662.69,2582.81,113.74,11:38:00,3,normal,2.900159434565302,0.04403730820308114
919.1917440109348,26.673301906018388,2664.5,2584.57,113.82,11:39:00,3,normal,2.8987423106884465,0.04403827329110838
920.2150573479586,26.74708979434157,2666.18,2586.2,113.89,11:40:00,3,normal,2.8973444617216733,0.04403758410022427
921.1882602097156,26.82090567373595,2667.74,2587.71,113.95,11:41:00,3,normal,2.8959769845445797,0.04403507348195895
922.1111912620312,26.89474422754427,2669.16,2589.09,114.01,11:42:00,3,normal,2.894618377147013,0.04403477669760418
922.9836973989312,26.968600103269488,2670.45,2590.34,114.07,11:43:00,3,normal,2.8932797052923247,0.04403669016422554
923.8056337849732,27.042467913147416,2671.62,2591.47,114.12,11:44:00,3,normal,2.89197197147842,0.044036782212412265
924.576863895316,27.116342234729508,2672.65,2592.47,114.16,11:45:00,3,normal,2.890673673944114,0.044035225094215175
925.297259553514,27.190217611475692,2673.56,2593.35,114.2,11:46:00,3,normal,2.889406590580501,0.044035706711396456
925.9667009670192,27.264088553357205,2674.33,2594.1,114.24,11:47:00,3,normal,2.8881492144448653,0.04403839481901237
471.1014636419581,27.337949537469317,1448.55,1405.09,61.88,11:48:00,3,normal,3.07481532492311,0.04403988356617726
927.152284006132,27.411795008653925,2675.5,2595.23,114.29,11:49:00,3,normal,2.885717962576151,0.04403848599160768
927.668228253332,27.485619380131915,2675.88,2595.61,114.3,11:50:00,3,normal,2.8845226326639466,0.0440358913704293
928.1328235537894,27.559417034145135,2676.14,2595.86,114.31,11:51:00,3,normal,2.8833588599454436,0.04403550268504465
508.8405725944321,27.633182322608057,1554.68,1508.04,66.41,11:52:00,3,normal,3.055338123045363,0.044037293440492294
471.7666696086786,27.706909567768854,1448.17,1404.72,61.86,11:53:00,3,normal,3.0696742548625346,0.04403724585682556
929.2177843185398,27.780593062879944,2676.14,2595.86,114.31,11:54:00,3,normal,2.8799922312750397,0.04403550268504465
602.7856620575443,27.854227072877848,1816.6,1762.1,77.6,11:55:00,3,normal,3.0136748671148386,0.04403836331649736
310.6861679140155,27.927805835072235,973.44,944.24,41.58,11:56:00,3,normal,3.1331938802933963,0.044035414725069895
364.5363371993821,28.00132355984413,1133.71,1099.7,48.43,11:57:00,3,normal,3.1100054625827895,0.04403928344093844
929.9417960080852,28.074774431353102,2674.34,2594.11,114.24,11:58:00,3,normal,2.8758143912662124,0.044038225055992225
706.7146954890002,28.14815260825341,2096.77,2033.87,89.56,11:59:00,3,normal,2.9669257104511924,0.04403427947705606
929.993532709894,28.221452224418883,2672.67,2592.49,114.16,12:00:00,3,normal,2.873858694707422,0.04403488538046434
597.4939791132206,28.294667389676547,1798.48,1744.53,76.82,12:01:00,3,normal,3.010038699752658,0.04403478300745759
929.8383312388391,28.367792190548823,2670.48,2590.37,114.07,12:02:00,3,normal,2.871983128983374,0.0440361801595911
929.6831556684984,28.44082069100414,2669.2,2589.13,114.02,12:03:00,3,normal,2.871085685187749,0.044037958696550576
929.4762951905728,28.51374693321595,2667.79,2587.76,113.96,12:04:00,3,normal,2.870207679102797,0.0440380869941571
423.6311791187,28.586564938329857,1303.9,1264.78,55.7,12:05:00,3,normal,3.077913204388225,0.044039279558500295
726.74127513145,28.65926870723897,2145.28,2080.92,91.64,12:06:00,3,normal,2.951917103665222,0.04403821386694347
928.5459924859192,28.73185222136709,2662.8,2582.92,113.74,12:07:00,3,normal,2.8677093235533833,0.044035432766016756
928.1328235537894,28.80430944345977,2660.89,2581.06,113.66,12:08:00,3,normal,2.866928022016872,0.044036171185481934
927.668228253332,28.876634318383086,2658.85,2579.08,113.57,12:09:00,3,normal,2.8661647763945073,0.044035082277401244
927.152284006132,28.94882077392993,2656.69,2576.98,113.48,12:10:00,3,normal,2.8654300332634777,0.044036042188918816
926.585076760382,29.020862721633748,2654.4,2574.76,113.38,12:11:00,3,normal,2.8647126600404302,0.04403517221022541
925.9667009670192,29.092754057589502,2651.98,2572.42,113.28,12:12:00,3,normal,2.864012277364235,0.04403635487206599
925.297259553514,29.1644886632818,2649.44,2569.96,113.17,12:13:00,3,normal,2.8633392919356977,0.044035704835872935
924.576863895316,29.236060406419995,2646.78,2567.38,113.06,12:14:00,3,normal,2.862693306913289,0.04403711176374358
494.141350767832,29.307463141780104,1501.85,1456.79,64.15,12:15:00,3,normal,3.0393125320645975,0.04403517322331977
922.9836973989312,29.3786907120534,2641.09,2561.86,112.82,12:16:00,3,normal,2.861469826003298,0.04403831591109584
922.1111912620312,29.44973694870151,2638.06,2558.92,112.69,12:17:00,3,normal,2.8608914250237714,0.04403810982758351
921.1882602097158,29.52059567281793,2634.91,2555.86,112.55,12:18:00,3,normal,2.860338232491306,0.044036058313053135
388.7213825209067,29.59126069599565,1196.89,1160.98,51.13,12:19:00,3,normal,3.0790433812465348,0.04404037967923651
919.1917440109348,29.661725821200918,2628.24,2549.4,112.27,12:20:00,3,normal,2.8592946108627513,0.044037812818702435
408.6920241428711,29.731984843652764,1254.26,1216.63,53.58,12:21:00,3,normal,3.068961286020923,0.04403968338771853
916.995472119124,29.80203155170834,2621.1,2542.46,111.96,12:22:00,3,normal,2.858356534675998,0.04403609102994737
403.66541059421417,29.871859727753705,1238.92,1201.75,52.92,12:23:00,3,normal,3.0691755287535103,0.04403578115248596
914.6008980223731,29.94146314910004,2613.47,2535.07,111.64,12:24:00,3,normal,2.8574977409830495,0.04403823168591005
913.3297370643228,30.01083558888498,2609.48,2531.2,111.47,12:25:00,3,normal,2.857106140425846,0.044038400758533505
912.009603777303,30.07997081697905,2605.37,2527.21,111.29,12:26:00,3,normal,2.8567352681476654,0.044036704508133476
910.640715721442,30.148862600896805,2601.15,2523.12,111.11,12:27:00,3,normal,2.856395453325713,0.04403674815308031
643.8874678740141,30.217504706712788,1909.46,1852.18,81.56,12:28:00,3,normal,2.9655181926504177,0.0440345970693993
907.7575845335308,30.285890899981773,2592.35,2514.58,110.73,12:29:00,3,normal,2.8557734401438575,0.04403518679063701
366.8050585997535,30.35401494666345,1129.03,1095.16,48.23,12:30:00,3,normal,3.0780109857535063,0.044039227144892064
904.6822390608326,30.421870614051127,2583.09,2505.6,110.34,12:31:00,3,normal,2.855245619369685,0.04403735632183908
903.073111717007,30.48945167170432,2578.29,2500.94,110.13,12:32:00,3,normal,2.8550180118837933,0.04403544267355474
901.4166967463066,30.556751892385133,2573.38,2496.18,109.92,12:33:00,3,normal,2.854817321765506,0.044035285916880995
899.713265011455,30.623765052998117,2568.35,2491.3,109.71,12:34:00,3,normal,2.85463169198389,0.0440372496287079
897.9630947103063,30.690484935533448,2563.21,2486.32,109.49,12:35:00,3,normal,2.85447143106357,0.044036970301489745
701.0345929585521,30.7569053280133,2057.42,1995.7,87.88,12:36:00,3,normal,2.934833773775901,0.04403467455028311
894.3236874200713,30.823020025441075,2552.6,2476.03,109.04,12:37:00,3,normal,2.854223851951964,0.04403823863200365
440.8681452887015,30.888822830753444,1340.42,1300.21,57.26,12:38:00,3,normal,3.040410186864894,0.04403903984740926
319.34333263115275,30.954307555774875,986.67,957.07,42.15,12:39:00,3,normal,3.0896840459156274,0.04404066578202221
583.7406787309277,31.019468022174536,1739.4,1687.22,74.3,12:40:00,3,normal,2.9797477944855846,0.04403693649909318
886.4970468495842,31.08429806242529,2530.07,2454.17,108.07,12:41:00,3,normal,2.854008379375107,0.04403525428148824
884.428095911147,31.148791520764668,2524.17,2448.44,107.82,12:42:00,3,normal,2.8540138103590817,0.04403620264331574
882.3148865834592,31.212942254157497,2518.16,2442.61,107.56,12:43:00,3,normal,2.854037757144659,0.04403486434592505
584.0284855105989,31.276744133260117,1738.21,1686.06,74.25,12:44:00,3,normal,2.9762418154661314,0.04403757873385289
877.9570616133781,31.34019104338581,2505.82,2430.65,107.04,12:45:00,3,normal,2.8541486930980193,0.04403760311027914
381.1309301655416,31.403276885471445,1165.6,1130.63,49.79,12:46:00,3,normal,3.058266615868016,0.04403739508061876
873.4263740605812,31.465995577044875,2493.07,2418.28,106.49,12:47:00,3,normal,2.854356215979207,0.04403543014043038
871.0971101650547,31.528341053193092,2486.55,2411.95,106.21,12:48:00,3,normal,2.854503787217077,0.04403490951304961
612.1709888524158,31.590307267530825,1812.32,1757.95,77.41,12:49:00,3,normal,2.960480050512358,0.044034244432435504
866.3126026904838,31.65188819316933,2473.18,2398.99,105.64,12:50:00,3,normal,2.8548355320228644,0.0440351981458864
863.8581213241986,31.7130778236853,2466.35,2392.36,105.35,12:51:00,3,normal,2.8550405895581084,0.044036014646625085
383.4204908591212,31.77387017408948,1170.36,1135.25,49.99,12:52:00,3,normal,3.0524190227225523,0.044034353666593265
858.8266526296132,31.834259281794974,2452.4,2378.83,104.76,12:53:00,3,normal,2.8555238621100973,0.04403845587957105
856.2504620923222,31.89423920758488,2445.27,2371.92,104.45,12:54:00,3,normal,2.855788239839043,0.044036055178926774
853.6345078625907,31.95380403657906,2438.05,2364.91,104.14,12:55:00,3,normal,2.8560818213694477,0.04403550240812547
850.9792020365575,32.012947879199935,2430.74,2357.82,103.83,12:56:00,3,normal,2.856403533932169,0.04403644044074611
377.8954189951668,32.07166487213691,1152.87,1118.29,49.25,12:57:00,3,normal,3.050764687927442,0.04404045462268285
284.5425904331916,32.12994917930938,878.81,852.45,37.54,12:58:00,3,normal,3.0885007360834362,0.04403777347645023
432.7770817385546,32.187794992827946,1309.84,1270.55,55.95,12:59:00,3,normal,3.0265928009359993,0.04403604738105545
839.9728874354306,32.24519653395377,2400.54,2328.52,102.54,13:00:00,3,normal,2.8578779576198303,0.04403655540858571
508.208162285793,32.302148054055706,1521.56,1475.92,64.99,13:01:00,3,normal,2.993970016452322,0.044033551954035445
834.2447132518332,32.35864383556509,2384.89,2313.34,101.87,13:02:00,3,normal,2.8587415204632816,0.044035896150155185
401.2833839505414,32.41467819292794,1218.54,1181.98,52.05,13:03:00,3,normal,3.036607167742052,0.04403627810961268
588.2885100134681,32.47024547355426,1740.58,1688.37,74.35,13:04:00,3,normal,2.9587183335607756,0.04403655596818233
825.3811532280836,32.52534005876446,2360.75,2289.93,100.84,13:05:00,3,normal,2.8601937308200647,0.044036280584996056
556.1180460449004,32.579956364732325,1651.97,1602.41,70.57,13:06:00,3,normal,2.970538380742677,0.04403991487821468
473.81470992690566,32.63408884342465,1423.24,1380.54,60.79,13:07:00,3,normal,3.003790237368443,0.04403349413997421
302.9215015549544,32.68773198353706,931.05,903.12,39.77,13:08:00,3,normal,3.07356854901597,0.044036229958366556
813.0758718496207,32.74088031142607,2327.37,2257.55,99.41,13:09:00,3,normal,2.862426595817677,0.04403446213815862
809.9156713050462,32.793528392036755,2318.82,2249.25,99.05,13:10:00,3,normal,2.8630388102795963,0.04403690118928531
806.7228720862362,32.84567082982633,2310.18,2240.88,98.68,13:11:00,3,normal,2.863659975358984,0.044036271464781694
803.4979572402747,32.89730226968295,2301.47,2232.43,98.31,13:12:00,3,normal,2.864313442568937,0.04403721505265563
579.3520025885659,32.948417397839805,1712.62,1661.24,73.16,13:13:00,3,normal,2.9560957627624505,0.04403939226120247
355.999878053284,32.999010942784146,1084.93,1052.38,46.34,13:14:00,3,normal,3.047557223706728,0.04403352401223892
312.7807701417531,33.04907767616117,958.59,929.83,40.95,13:15:00,3,normal,3.0647344450413763,0.044040308443478914
790.28692007392,33.09861241367233,2265.84,2197.86,96.79,13:16:00,3,normal,2.867110592932581,0.04403829179292584
786.9087886354898,33.14761001596807,2256.74,2189.04,96.4,13:17:00,3,normal,2.8678546136372636,0.0440375689800095
262.04419820788564,33.19606538953465,808.07,783.83,34.52,13:18:00,3,normal,3.0837164322903257,0.04404016176977151
780.0655815891804,33.24397348757489,2238.32,2171.17,95.61,13:19:00,3,normal,2.8693997694911832,0.04403616483278601
599.1447331810848,33.29132931088256,1763.53,1710.62,75.33,13:20:00,3,normal,2.9434123381787165,0.044036665068805464
773.1098250400065,33.338127908710334,2219.62,2153.03,94.81,13:21:00,3,normal,2.871028058510497,0.04403561492408373
325.29642509687176,33.384364379630924,993.83,964.01,42.45,13:22:00,3,normal,3.055151927058658,0.04403481291687846
766.0456041795671,33.43003387239136,2200.64,2134.62,94.0,13:23:00,3,normal,2.872727143127307,0.04403594082319102
245.02856543796588,33.475131586760064,756.42,733.72,32.31,13:24:00,3,normal,3.087068638907342,0.0440358719947664
758.8770393972643,33.5196527743666,2181.39,2115.95,93.18,13:25:00,3,normal,2.8744972989729165,0.044036957395023515
755.2549243040296,33.56359273953384,2171.67,2106.52,92.76,13:26:00,3,normal,2.8754132281907365,0.04403471127736742
282.4388633052504,33.60694684010241,867.05,841.04,37.04,13:27:00,3,normal,3.0698678993865007,0.04404071150004756
747.9376365901675,33.64971048824713,2152.04,2087.48,91.93,13:28:00,3,normal,2.877298714116202,0.04403874528139192
744.2435117846607,33.691879151285306,2142.13,2077.87,91.5,13:29:00,3,normal,2.878264930873598,0.0440354786391834
587.7523115237408,33.73344835247667,1729.33,1677.45,73.87,13:30:00,3,normal,2.942276816430943,0.04403708009180601
317.4258598829739,33.77441367181473,969.18,940.1,41.4,13:31:00,3,normal,3.0532484037605183,0.04403786831188171
733.0255284425532,33.81477074680936,2112.05,2048.68,90.22,13:32:00,3,normal,2.8812775518029183,0.044038112345510284
729.2427584384096,33.8545152732605,2101.9,2038.85,89.78,13:33:00,3,normal,2.8823049329978674,0.0440346273634647
725.439150045126,33.89364300602264,2091.7,2028.95,89.35,13:34:00,3,normal,2.8833569292061028,0.044037556371522214
266.0429869175244,33.93214975975998,817.38,792.86,34.91,13:35:00,3,normal,3.0723606341609555,0.044030471962263194
717.7715418277479,33.97003140969214,2071.14,2009.01,88.47,13:36:00,3,normal,2.8855142330190566,0.04403661504920334
713.9086052438018,34.00728389233004,2060.78,1998.96,88.03,13:37:00,3,normal,2.8866159965899807,0.044037899707848084
710.0269565093616,34.043903206202025,2050.37,1988.86,87.58,13:38:00,3,normal,2.887735432018018,0.044035276490049576
435.9936052555338,34.079885412569816,1308.11,1268.87,55.88,13:39:00,3,normal,3.000296298459063,0.04403918447122243
213.76414993890316,34.11522663613424,660.85,641.03,28.23,13:40:00,3,normal,3.09149125421115,0.04403850053819634
538.6848367087581,34.149923065730555,1592.9,1545.11,68.04,13:41:00,3,normal,2.9570165919877325,0.04403569972364428
694.3238900779006,34.18397095501315,2008.24,1947.99,85.78,13:42:00,3,normal,2.892367710082225,0.044035133650583425
244.7116311872519,34.21736662312946,753.07,730.48,32.17,13:43:00,3,normal,3.0773772229230714,0.04403953564779323
686.3739275825027,34.25010645538296,1986.89,1927.29,84.87,13:44:00,3,normal,2.894763218932401,0.044035926093115206
682.3762005898836,34.282186903885034,1976.16,1916.87,84.41,13:45:00,3,normal,2.8959978356391947,0.04403532842602785
678.3640176834776,34.31360448819556,1965.38,1906.42,83.95,13:46:00,3,normal,2.897235037187718,0.04403541716935408
674.3379089531732,34.34435579595208,1954.56,1895.92,83.49,13:47:00,3,normal,2.898487500182534,0.04403666821384868
670.2984036747129,34.37443748348735,1943.7,1885.39,83.03,13:48:00,3,normal,2.899753288004625,0.0440386339165902
451.0514101547778,34.40384627643513,1348.56,1308.1,57.6,13:49:00,3,normal,2.9898143972928564,0.044033330785108175
662.1813158309332,34.43257897032413,1921.88,1864.22,82.09,13:50:00,3,normal,2.902347067265623,0.04403450236560063
658.1047867377005,34.46063243115976,1910.91,1853.58,81.63,13:51:00,3,normal,2.9036561327453585,0.04403910270935163
231.25917525033728,34.488003595993845,712.13,690.77,30.42,13:52:00,3,normal,3.0793589021024643,0.044037812875486776
219.65679336066844,34.51468947348188,677.38,657.06,28.93,13:53:00,3,normal,3.083810837972886,0.04402946458466503
645.8095531770125,34.54068714442777,1877.8,1821.46,80.21,13:54:00,3,normal,2.9076683532510494,0.04403610290645965
641.6909999898472,34.56599376231607,1866.7,1810.7,79.74,13:55:00,3,normal,2.909032540630202,0.04403821726404153
234.31391584600223,34.59060655383128,720.93,699.3,30.79,13:56:00,3,normal,3.0767698853781082,0.04402974402974403
250.50066852111289,34.6145228193644,768.98,745.91,32.85,13:57:00,3,normal,3.0697722466764126,0.04404016570363717
629.2821767726856,34.63773993350637,1833.23,1778.23,78.31,13:58:00,3,normal,2.9132082039917906,0.0440381727897966
359.63046485356864,34.66025534552833,1087.57,1054.94,46.46,13:59:00,3,normal,3.0241320085127597,0.04404041936034277
620.9704706174483,34.682066579848694,1810.78,1756.46,77.35,14:00:00,3,normal,2.9160484848812387,0.0440374389396855
337.62003304522466,34.70317123648674,1023.88,993.17,43.74,14:01:00,3,normal,3.032639949605271,0.04404079865481237
612.6322024803554,34.72356699150273,1788.24,1734.59,76.39,14:02:00,3,normal,2.918945482721897,0.044039225407733244
608.4543724351468,34.74325159742436,1776.93,1723.62,75.9,14:03:00,3,normal,2.9203997546905582,0.04403522818254604
415.0559764100658,34.76222288365954,1245.14,1207.78,53.19,14:04:00,3,normal,2.999932709726435,0.04403947738826607
600.0838284948371,34.78047875689527,1754.26,1701.64,74.93,14:05:00,3,normal,2.923358232132551,0.04403399073834654
595.8921100402135,34.79801720148257,1742.9,1690.61,74.45,14:06:00,3,normal,2.924858326924955,0.04403735929634866
375.9855364632941,34.81483627980742,1133.73,1099.72,48.43,14:07:00,3,normal,3.0153553529330543,0.04403848252282399
587.4982481542895,34.8309341326475,1720.13,1668.53,73.48,14:08:00,3,normal,2.927889581635412,0.044038764661108884
583.2970832977807,34.8463089795147,1708.72,1657.46,72.99,14:09:00,3,normal,2.929416328193221,0.04403726183437307
243.3528505912288,34.86095911898339,746.96,724.55,31.91,14:10:00,3,normal,3.0694524357748487,0.04404112897660617
574.8887095835528,34.87488292900412,1685.87,1635.29,72.01,14:11:00,3,normal,2.932515410193458,0.04403500296583481
570.68246085139,34.88807886720304,1674.42,1624.19,71.52,14:12:00,3,normal,2.9340659909224573,0.04403425707583472
566.4754721990917,34.90054547116658,1662.97,1613.08,71.03,14:13:00,3,normal,2.935643433146807,0.04403377389838074
562.2682154359993,34.91228135871158,1651.51,1601.96,70.55,14:14:00,3,normal,2.9372280962376123,0.044039801243476735
558.0611589249457,34.9232852281407,1640.04,1590.84,70.06,14:15:00,3,normal,2.938817679337133,0.04403962686379523
324.84458555390046,34.93355585848302,985.86,956.29,42.11,14:16:00,3,normal,3.0348666526763437,0.04403475933032867
203.43627477908356,34.94309210971986,627.57,608.74,26.81,14:17:00,3,normal,3.0848480718666997,0.044041791240923875
545.4458212026782,34.95189292299568,1605.6,1557.43,68.58,14:18:00,3,normal,2.9436470820506786,0.04403408178858761
225.27203320057276,34.95995732081401,692.85,672.06,29.6,14:19:00,3,normal,3.0756148029396773,0.044043686575603376
537.0450218675105,34.96728440721837,1582.62,1535.14,67.6,14:20:00,3,normal,2.9469037707427694,0.04403507171984313
326.71532461642124,34.97387336795825,991.12,961.38,42.34,14:21:00,3,normal,3.0335889544318753,0.044040857933387426
528.6559536956208,34.979723470639826,1559.64,1512.85,66.62,14:22:00,3,normal,2.9501984969566406,0.044036090821958564
524.4669215905985,34.9848340648617,1548.15,1501.71,66.13,14:23:00,3,normal,2.9518544187778035,0.0440364650964567
520.2821375220329,34.989204582335404,1536.67,1490.57,65.64,14:24:00,3,normal,2.9535321110940984,0.04403684496534883
269.61838993030887,34.9928345369907,824.19,799.46,35.21,14:25:00,3,normal,3.0568760543857456,0.04404222850424036
511.9270287004581,34.99572352506571,1513.71,1468.3,64.66,14:26:00,3,normal,2.9568862652995636,0.04403732207314581
507.7575509419405,34.99787122518174,1502.24,1457.17,64.17,14:27:00,3,normal,2.9585773706628213,0.04403741498932863
503.5940150896669,34.99927739840285,1490.78,1446.05,63.68,14:28:00,3,normal,2.960281407900689,0.0440372047992808
342.01114855607096,34.99994188828021,1035.24,1004.18,44.22,14:29:00,3,normal,3.026918872003606,0.04403592981338007
259.1331899258428,34.999864620881056,793.24,769.44,33.88,14:30:00,3,normal,3.06112852709838,0.04403202328966521
202.62623776200144,34.99904560480244,624.99,606.24,26.7,14:31:00,3,normal,3.08444753701687,0.04404196357878068
286.16913600678816,34.9974849311696,872.81,846.63,37.28,14:32:00,3,normal,3.0499795057538845,0.044033403021390694
482.87974934141175,34.99518277361909,1433.61,1390.6,61.24,14:33:00,3,normal,2.9688757955894123,0.04403854451315979
167.5878449075467,34.99213938826658,519.35,503.77,22.18,14:34:00,3,normal,3.0989717678302395,0.04402802866387439
474.6497304189946,34.98835511365934,1410.83,1368.51,60.26,14:35:00,3,normal,2.97236026818049,0.044033291682194504
470.5482038253757,34.98383037071352,1399.46,1357.48,59.78,14:36:00,3,normal,2.974105497848954,0.04403748121519286
466.4561682164843,34.97856566263607,1388.11,1346.47,59.29,14:37:00,3,normal,2.9758637457995243,0.044033658380803135
462.3739943661541,34.972561574831545,1376.78,1335.48,58.81,14:38:00,3,normal,2.977632861656418,0.04403660107227364
248.32013766796237,34.965818774793505,761.35,738.51,32.52,14:39:00,3,normal,3.0660018440309824,0.044034610228703745
454.2406906320261,34.95833801198094,1354.17,1313.55,57.84,14:40:00,3,normal,2.9811728185685458,0.04403334475276922
450.1902777778553,34.95012011767941,1342.9,1302.61,57.36,14:41:00,3,normal,2.982960908504224,0.04403466885714067
446.1511606697552,34.94116600484704,1331.64,1291.7,56.88,14:42:00,3,normal,2.984728310469848,0.04403499264535109
442.1236853482784,34.931476667945546,1320.41,1280.8,56.4,14:43:00,3,normal,2.986517220763372,0.04403497813866333
438.10819280562174,34.921053182756104,1309.21,1269.93,55.92,14:44:00,3,normal,2.9883257640444665,0.044033923129621316
434.1050189556623,34.90989670618035,1298.03,1259.09,55.45,14:45:00,3,normal,2.990128985660439,0.04403974298898411
299.34901484156893,34.898008476026284,911.78,884.42,38.95,14:46:00,3,normal,3.045876067046893,0.044040161914022755
426.1369454296976,34.88538981077949,1275.74,1237.47,54.49,14:47:00,3,normal,2.993732446065197,0.04403339070846162
168.95349661894596,34.87204210935934,523.76,508.04,22.37,14:48:00,3,normal,3.100024625008365,0.04403196598693016
418.2220494818608,34.85796685086056,1253.56,1215.95,53.55,14:49:00,3,normal,2.9973551168644677,0.04403963978782022
293.0178197780168,34.84316559428005,893.47,866.67,38.17,14:50:00,3,normal,3.049200218187656,0.044042138299468084
297.8774934751505,34.82763997822912,907.75,880.52,38.78,14:51:00,3,normal,3.0473937101116575,0.04404215690728206
406.4548634217445,34.81139172063112,1220.51,1183.9,52.13,14:52:00,3,normal,3.002818049032859,0.04403243517188952
402.5617140491785,34.79442261840466,1209.56,1173.27,51.67,14:53:00,3,normal,3.004657317839807,0.04403930893997119
398.6836739509522,34.77673454713238,1198.64,1162.68,51.2,14:54:00,3,normal,3.006493815313496,0.04403619224550177
120.78461326472672,34.75832946071547,377.01,365.7,16.1,14:55:00,3,normal,3.121341285199114,0.04402515723270441
390.9740516721543,34.739209391013986,1176.9,1141.59,50.27,14:56:00,3,normal,3.0101741917821,0.044035073888173515
387.14302128159807,34.71937644747293,1166.08,1131.1,49.81,14:57:00,3,normal,3.012013483130367,0.04403677835735126
383.32820372629,34.69883281673448,1155.29,1120.64,49.35,14:58:00,3,normal,3.0138403299563064,0.044037335808109646
379.52986160364526,34.67758076223613,1144.55,1110.21,48.89,14:59:00,3,normal,3.0157047331239744,0.04403671377487142
375.7482521802816,34.655622623795125,1133.84,1099.82,48.43,15:00:00,3,normal,3.017552293113504,0.04403447836918769
371.9836273878773,34.6329608171791,1123.17,1089.47,47.98,15:01:00,3,normal,3.019407084895273,0.04403976245330298
368.2362338205469,34.609597833663194,1112.54,1079.16,47.52,15:02:00,3,normal,3.0212670503853127,0.04403424886022462
364.5063127337195,34.585536239573585,1101.94,1068.89,47.07,15:03:00,3,normal,3.0231026500904346,0.0440363367605647
360.7941000445065,34.5607786758177,1091.39,1058.65,46.62,15:04:00,3,normal,3.024966316980709,0.044037217210598396
357.099826333543,34.53532785740121,1080.88,1048.45,46.17,15:05:00,3,normal,3.026828691287076,0.0440364347369927
353.42371684828737,34.50918657293177,1070.41,1038.3,45.72,15:06:00,3,normal,3.028687518612369,0.04403351632476163
133.162807472665,34.48235768410991,415.46,402.99,17.75,15:07:00,3,normal,3.1199402286954903,0.04404575795925457
346.12686490872136,34.454844125206925,1049.6,1018.11,44.83,15:08:00,3,normal,3.032414141782362,0.04403257015450197
342.5065463332277,34.42664890253011,1039.26,1008.08,44.39,15:09:00,3,normal,3.034277771114175,0.044034203634632174
338.90523975761965,34.39777509387535,1028.97,998.1,43.95,15:10:00,3,normal,3.0361584280488114,0.0440336639615269
164.61218616953633,34.36822584796725,511.69,496.34,21.86,15:11:00,3,normal,3.1084575930059244,0.04404239029697385
331.76045204621124,34.33800438388694,1008.51,978.26,43.08,15:12:00,3,normal,3.0398740831819326,0.04403737247766442
328.2173524343212,34.307113990487736,998.36,968.41,42.65,15:13:00,3,normal,3.041764832344687,0.044041263514420545
324.6940278975337,34.275558025798745,988.25,958.6,42.21,15:14:00,3,normal,3.043634668611367,0.04403296474024619
321.19065606557217,34.24333991641657,978.19,948.84,41.78,15:15:00,3,normal,3.045512008295469,0.04403271362927364
317.7074093444761,34.2104631568854,968.17,939.13,41.36,15:16:00,3,normal,3.0473636167240152,0.044040761129982
314.2444549348059,34.17693130906533,958.21,929.46,40.93,15:17:00,3,normal,3.0492503048265185,0.04403632216555849
310.8019548510902,34.14274800148955,948.29,919.84,40.51,15:18:00,3,normal,3.051106935457789,0.044040267872673504
218.9793699927795,34.10791692871004,676.53,656.23,28.9,15:19:00,3,normal,3.0894691131055287,0.044039437392377666
158.09117615055305,34.07244185063233,492.46,477.69,21.04,15:20:00,3,normal,3.1150378660667406,0.04404530134606125
300.598723352972,34.03632659183932,918.85,891.28,39.25,15:21:00,3,normal,3.056732875478845,0.04403778834934027
138.3696031226467,33.999575040904354,432.28,419.32,18.47,15:22:00,3,normal,3.1240965518766415,0.04404750548507107
293.9015795129637,33.96219114969371,899.48,872.49,38.42,15:23:00,3,normal,3.0604803196041517,0.04403488865201893
290.5849200266881,33.92417893265871,889.87,863.17,38.01,15:24:00,3,normal,3.062340605693757,0.044035358040710404
198.2540746379708,33.88554246611767,614.77,596.33,26.26,15:25:00,3,normal,3.10091987326174,0.044036020324317075
114.19310713995708,33.8462858875277,358.12,347.38,15.3,15:26:00,3,normal,3.1360912139914174,0.04404398641257413
280.7640927095628,33.806413394746755,861.37,835.53,36.79,15:27:00,3,normal,3.0679492939684656,0.044031931827702174
118.32293006346714,33.765929245285975,371.0,359.87,15.85,15:28:00,3,normal,3.135486923802509,0.04404368244088143
274.325652343405,33.72483775555253,842.64,817.36,35.99,15:29:00,3,normal,3.071677740677239,0.04403200548106098
271.1393853134794,33.68314330008322,833.36,808.36,35.6,15:30:00,3,normal,3.073548311826797,0.044039784254540054
267.97521785436953,33.64085031076892,824.13,799.41,35.2,15:31:00,3,normal,3.0753963243267943,0.04403247394953779
158.89217455224215,33.597963276070104,495.9,481.02,21.18,15:32:00,3,normal,3.1209844122118993,0.04403143320444056
88.24937720629549,33.55448674022373,278.05,269.7,11.88,15:33:00,3,normal,3.150730450482597,0.04404894327030034
97.29500205388136,33.51042530244154,306.24,297.05,13.08,15:34:00,3,normal,3.1475409171624893,0.044032991078942936
255.5413145442959,33.46578361610004,787.79,764.16,33.65,15:35:00,3,normal,3.082828314493324,0.04403528056951424
110.81239861143789,33.42056638792236,348.3,337.85,14.88,15:36:00,3,normal,3.143150083965866,0.044043214444280006
93.71053876518778,33.374778377152225,295.26,286.41,12.61,15:37:00,3,normal,3.1507662200068918,0.044027792325686946
246.451974974314,33.32842439472019,761.14,738.31,32.51,15:38:00,3,normal,3.0883907506901838,0.0440329942706993
243.4675245874826,33.28150930240228,752.38,729.81,32.14,15:39:00,3,normal,3.090268409615572,0.0440388594291665
240.5058345050305,33.23403801197147,743.67,721.36,31.77,15:40:00,3,normal,3.0921079379654097,0.044041809914605747
237.56695537725204,33.18601548434195,735.02,712.97,31.4,15:41:00,3,normal,3.093948814694373,0.0440411237499474
234.6509334531833,33.13744672870651,726.43,704.64,31.03,15:42:00,3,normal,3.095789943426475,0.044036671207992734
231.75781062415464,33.088336801667275,717.9,696.36,30.67,15:43:00,3,normal,3.097630229016229,0.04404331093112758
228.8876244680132,33.03869080635995,709.43,688.15,30.3,15:44:00,3,normal,3.0994685782985267,0.04403109787110369
226.04040829399548,32.9885138915718,701.02,679.99,29.94,15:45:00,3,normal,3.1013039008858567,0.04403005926557744
223.2161911882244,32.93781125085355,692.67,671.89,29.59,15:46:00,3,normal,3.1031351100149998,0.04403994701513641
153.24457374460818,32.88658812162553,480.07,465.66,20.51,15:47:00,3,normal,3.13270472336637,0.0440450113816948
217.6368496875239,32.83484978427811,676.16,655.87,28.88,15:48:00,3,normal,3.1068268125127205,0.044033116318782685
214.8817627670476,32.7826015612668,667.99,647.95,28.53,15:49:00,3,normal,3.108639799852001,0.04403117524500347
212.1497499587322,32.729848816202086,659.88,640.09,28.19,15:50:00,3,normal,3.1104443918899793,0.04404068177912481
209.44081993588776,32.6765969529344,651.84,632.28,27.84,15:51:00,3,normal,3.1122872809585815,0.04403112545074967
206.75497743355476,32.622851414634226,643.85,624.54,27.5,15:52:00,3,normal,3.1140725509590954,0.044032407852179205
204.09222329774377,32.56861768286774,635.93,616.85,27.16,15:53:00,3,normal,3.1158953032338794,0.04403015319769798
201.45255453512,32.513901276668136,628.07,609.23,26.83,15:54:00,3,normal,3.1177068042118385,0.04403919701918815
198.83596436311015,32.4587077516028,620.27,601.67,26.5,15:55:00,3,normal,3.1195060812402913,0.0440440773181312
71.5992001955823,32.403042698836664,227.17,220.35,9.7,15:56:00,3,normal,3.1728008047500014,0.04402087587928296
193.67197401787143,32.346911744191885,604.86,586.72,25.84,15:57:00,3,normal,3.1231157892994132,0.04404145077720207
191.12454178974247,32.290320547204075,597.25,579.33,25.51,15:58:00,3,normal,3.1249257390348077,0.04403362504962629
68.82861709829119,32.23327480017535,218.61,212.05,9.34,15:59:00,3,normal,3.1761498227955456,0.044046215515208674
107.41241122598652,32.17578022722432,339.53,329.34,14.5,16:00:00,3,normal,3.1609941172036247,0.04402744883706808
183.62022927058408,32.11784258333339,574.79,557.54,24.55,16:01:00,3,normal,3.130319585610501,0.044032715141514515
91.25992941291098,32.05946765339344,289.22,280.54,12.35,16:02:00,3,normal,3.169189389698155,0.044022242817423535
178.73204822620957,32.000661251246214,560.12,543.32,23.93,16:03:00,3,normal,3.1338531928593603,0.044044025620260614
176.32226021060023,31.941429218724565,552.88,536.3,23.62,16:04:00,3,normal,3.135622237031429,0.04404251351855305
173.93528583367345,31.88177742469085,545.71,529.34,23.31,16:05:00,3,normal,3.137431242800487,0.04403596932028563
171.5710800373445,31.82171176407356,538.59,522.43,23.01,16:06:00,3,normal,3.1391654111098997,0.04404417816740999
107.04061093586176,31.7612381569027,338.95,328.79,14.48,16:07:00,3,normal,3.166555170383858,0.04404026886462484
109.49311824489666,31.700362547343687,346.7,336.3,14.81,16:08:00,3,normal,3.166409045220148,0.04403806125483199
164.61457642991823,31.63909090273038,517.62,502.1,22.11,16:09:00,3,normal,3.144435998475309,0.04403505277833101
91.3323059233309,31.57742921259732,290.03,281.33,12.39,16:10:00,3,normal,3.1755466706760505,0.04404080617068923
160.08978433782048,31.515383487711347,503.96,488.84,21.53,16:11:00,3,normal,3.147983502411039,0.04404304066770314
122.36740450883262,31.45295975910289,387.21,375.6,16.54,16:12:00,3,normal,3.1643230609835378,0.04403620873269435
155.65472417969292,31.39016407709705,490.54,475.82,20.95,16:13:00,3,normal,3.1514623316778008,0.04402925476020344
153.47067668574377,31.32700251034484,483.92,469.4,20.67,16:14:00,3,normal,3.153175645344323,0.044034938219002985
151.30885637979503,31.26348114485468,477.37,463.04,20.39,16:15:00,3,normal,3.1549375986410895,0.04403507256392536
149.1691890004439,31.1996060830244,470.87,456.75,20.11,16:16:00,3,normal,3.156617014245474,0.04402846195949644
147.05159766335444,31.13538344267389,464.44,450.51,19.84,16:17:00,3,normal,3.158347188197462,0.044038978047102176
68.79431742299566,31.0708193560788,219.56,212.97,9.38,16:18:00,3,normal,3.191542677136998,0.044043762032211116
142.88232278836497,31.005919969005276,451.76,438.21,19.3,16:19:00,3,normal,3.161762709227087,0.04404281052463431
140.8304728535308,30.940691439746114,445.52,432.15,19.03,16:20:00,3,normal,3.163519875867762,0.0440356357746153
138.8003662748918,30.8751399381584,439.33,426.15,18.77,16:21:00,3,normal,3.1651933765788076,0.044045523876569286
136.79191386322464,30.80927164470293,433.21,420.21,18.5,16:22:00,3,normal,3.1669269605596537,0.0440256062444968
134.80502412965137,30.74309274948573,427.14,414.33,18.25,16:23:00,3,normal,3.1685762660387917,0.04404701566384283
132.83960333912452,30.676609451301527,421.14,408.5,17.99,16:24:00,3,normal,3.1702895026333153,0.044039167686658505
63.47534331018856,30.60982795667975,203.11,197.01,8.68,16:25:00,3,normal,3.199825151121292,0.04405867722450637
96.84836608211944,30.54275447893308,308.64,299.39,13.18,16:26:00,3,normal,3.1868374499813314,0.0440228464544574
127.0711847015415,30.475395237208787,403.49,391.39,17.24,16:27:00,3,normal,3.1753068246565683,0.04404813613020261
55.80746431451453,30.40775645554301,178.9,173.53,7.64,16:28:00,3,normal,3.2056643711990205,0.04402696940010373
66.35313586018248,30.33984436191824,212.47,206.1,9.08,16:29:00,3,normal,3.202109399135423,0.0440562833575934
121.49240762169748,30.27166518732416,386.38,374.79,16.5,16:30:00,3,normal,3.18028103618712,0.04402465380613143
119.67446732631068,30.203225164822104,380.8,369.37,16.27,16:31:00,3,normal,3.181965280544686,0.04404797357663048
90.50658095431518,30.134530528613208,289.16,280.48,12.35,16:32:00,3,normal,3.194905795258786,0.044031660011409006
114.3440657851695,29.99640235201517,364.4,353.47,15.57,16:34:00,3,normal,3.18687286041269,0.04404899991512717
112.60802744898692,29.926981277397232,359.05,348.28,15.34,16:35:00,3,normal,3.1884938235211955,0.04404502124727231
110.89217724641036,29.857330518780515,353.76,343.15,15.11,16:36:00,3,normal,3.190125839209739,0.04403322162319685
109.19639701867231,29.78745630223245,348.53,338.07,14.89,16:37:00,3,normal,3.1917719770589335,0.04404413287189044
107.52056708673813,29.717364849458757,343.35,333.05,14.67,16:38:00,3,normal,3.193342532531618,0.044047440324275634
72.8549677094765,29.647062376903115,233.76,226.75,9.99,16:39:00,3,normal,3.208566379881794,0.04405733186328556
104.22827209050422,29.57655509485214,333.18,323.18,14.23,16:40:00,3,normal,3.196637470020522,0.04403119004888916
102.61156051208778,29.505849206545573,328.17,318.33,14.02,16:41:00,3,normal,3.1981776552490997,0.04404234599315176
101.01430629877258,29.43495090729228,323.22,313.53,13.81,16:42:00,3,normal,3.1997447870800007,0.044046821675756714
99.43638290804856,29.363866383591848,318.33,308.78,13.6,16:43:00,3,normal,3.20134331811293,0.0440443033875251
97.87766256964817,29.29260181226213,313.5,304.09,13.39,16:44:00,3,normal,3.202978001001183,0.04403301654115559
96.33801633293282,29.22116335957281,308.72,299.46,13.19,16:45:00,3,normal,3.2045501013130697,0.044045949375542646
94.8173141138654,29.149557180385223,304.0,294.88,12.99,16:46:00,3,normal,3.2061654861360944,0.04405181768855128
93.31542474155718,29.07778941729872,299.33,290.35,12.79,16:47:00,3,normal,3.20772263351973,0.04405028413983123
91.83221600438046,29.005866199803293,294.71,285.87,12.59,16:48:00,3,normal,3.209222349441531,0.04404099765627733
90.36755469563909,28.933793643439145,290.15,281.45,12.39,16:49:00,3,normal,3.2107762678456306,0.04402202877953456
88.92130665879037,28.861577848963,285.65,277.08,12.2,16:50:00,3,normal,3.212390941308349,0.044030604879457196
87.49333683220868,28.789224901521514,281.19,272.76,12.01,16:51:00,3,normal,3.2138447358483453,0.044031382900718584
86.08350929348262,28.71674086983175,276.8,268.49,11.82,16:52:00,3,normal,3.2154822947135187,0.04402398599575403
84.69168730323973,28.644131805368968,272.45,264.28,11.64,16:53:00,3,normal,3.2169627111630104,0.04404419555017407
83.31773334849244,28.571403741561912,268.16,260.11,11.45,16:54:00,3,normal,3.2185225068277994,0.044019837760947284
55.09845042797798,28.49856269299567,178.03,172.69,7.6,16:55:00,3,normal,3.2311253513873712,0.044009496786148586
52.07381901603622,28.425614654622212,168.37,163.32,7.19,16:56:00,3,normal,3.2332946417498243,0.044024001959343625
79.30169385972408,28.35256560097878,255.59,247.92,10.92,16:57:00,3,normal,3.223008079147848,0.04404646660212972
77.99782293448347,28.27942148541428,251.51,243.96,10.74,16:58:00,3,normal,3.2245771809716164,0.04402361042793901
76.71112235829467,28.206188239323865,247.47,240.05,10.57,16:59:00,3,normal,3.2259989476381503,0.04403249323057696
74.18866668063932,28.05947796684169,239.56,232.37,10.23,17:01:00,3,normal,3.229064636398391,0.04402461591427465
71.73319107570163,27.91248176705171,231.84,224.88,9.9,17:03:00,3,normal,3.2319766697027896,0.044023479188900747
70.53021406707266,27.8388910183397,228.05,221.21,9.74,17:04:00,3,normal,3.233366054768096,0.044030559197142986
69.34355329086225,27.76524622462867,224.32,217.59,9.58,17:05:00,3,normal,3.2349077795175485,0.044027758628613446
68.17306514893278,27.691553142910607,220.63,214.01,9.42,17:06:00,3,normal,3.2363221386335725,0.04401663473669455
67.01860578676707,27.617817502406385,216.99,210.48,9.27,17:07:00,3,normal,3.2377575966052854,0.04404218928164196
65.88003112953506,27.54404500387857,213.4,207.0,9.12,17:08:00,3,normal,3.2392212987939746,0.04405797101449275
64.75719691761186,27.470241318953477,209.86,203.56,8.96,17:09:00,3,normal,3.24072087720222,0.04401650618982118
63.64995874154496,27.396412089452618,206.36,200.17,8.81,17:10:00,3,normal,3.2421073647186325,0.044012589299095774
62.55817207646803,27.32256292673362,202.91,196.82,8.67,17:11:00,3,normal,3.2435410636994444,0.04405040138197338
61.48169231595795,27.24869941104053,199.51,193.52,8.52,17:12:00,3,normal,3.245031040699183,0.044026457213724675
59.374074874402666,27.10095148230999,192.83,187.05,8.24,17:14:00,3,normal,3.2477137607264486,0.04405239240844694
58.342647869633886,27.027078068481284,189.57,183.88,8.1,17:15:00,3,normal,3.249252595178615,0.04405046769632369
57.32594918578674,26.953212298864745,186.34,180.75,7.96,17:16:00,3,normal,3.250534926095924,0.0440387275242047
55.33615878711355,26.80552531854628,180.03,174.63,7.69,17:18:00,3,normal,3.253388091005779,0.04403596174769513
52.45832664314937,26.584186418101787,170.88,165.75,7.3,17:21:00,3,normal,3.2574428300471823,0.04404223227752639
50.60932877389056,26.43681637432624,164.99,160.04,7.05,17:23:00,3,normal,3.260070899915168,0.044051487128217943
52.30264250425663,15.318999529532691,178.15,172.81,7.61,06:37:00,4,normal,3.406137653283987,0.04403680342572768
53.24802188293853,15.324631778638391,181.35,175.91,7.75,06:38:00,4,normal,3.405760319109756,0.044056619862429654
54.207473361430765,15.330351218149382,184.59,179.05,7.88,06:39:00,4,normal,3.4052500246458246,0.04401005305780508
55.18114278567493,15.3361589562263,187.88,182.24,8.03,06:40:00,4,normal,3.404786318575008,0.04406277436347673
56.16917623122053,15.34205611062194,191.22,185.48,8.17,06:41:00,4,normal,3.404358276732464,0.044047875781755445
57.171719974553234,15.348043808682627,194.6,188.76,8.31,06:42:00,4,normal,3.4037807518580028,0.0440241576605213
58.18892046385221,15.354123187347795,198.04,192.09,8.46,06:43:00,4,normal,3.403397045714661,0.04404185538029049
59.22092428917677,15.360295393147789,201.52,195.47,8.61,06:44:00,4,normal,3.402851313430612,0.044047679950887604
60.267878152081714,15.3665615821998,205.05,198.9,8.76,06:45:00,4,normal,3.4023099250743636,0.04404223227752639
61.32992883466194,15.37292292020198,208.63,202.37,8.91,06:46:00,4,normal,3.401764912567259,0.044028265059050255
63.49990800019981,15.385935753705455,215.94,209.47,9.22,06:48:00,4,normal,3.400634848153174,0.04401584952499165
65.73203644110255,15.39934341051752,223.46,216.76,9.55,06:50:00,4,normal,3.3995599725595818,0.04405794427016055
68.02748802441732,15.41315556009024,231.19,224.25,9.88,06:52:00,4,normal,3.398479154735483,0.044057971014492756
69.199326344723,15.420216382961124,235.13,228.08,10.04,06:53:00,4,normal,3.3978654478322174,0.044019642230796206
70.3874347382513,15.427382023932902,239.13,231.96,10.21,06:54:00,4,normal,3.3973393246855657,0.044016209691326094
72.81304556501327,15.442032774943156,247.28,239.86,10.56,06:56:00,4,normal,3.396094725624528,0.04402568164762778
75.30548531884223,15.457117936600904,255.65,247.99,10.92,06:58:00,4,normal,3.3948390202597056,0.04403403363038832
77.86591344755932,15.472647782020871,264.25,256.32,11.29,07:00:00,4,normal,3.3936544028083038,0.044046504369538074
79.17198370984116,15.48058271213996,268.63,260.57,11.47,07:01:00,4,normal,3.392993170216714,0.044018881682465365
80.49548279954759,15.488632732859948,273.07,264.88,11.66,07:02:00,4,normal,3.3923642731606143,0.04401993355481728
81.83655358357746,15.496799169893915,277.56,269.24,11.86,07:03:00,4,normal,3.3916384286214534,0.044049918288515816
83.1953383560327,15.50508335807524,282.12,273.65,12.05,07:04:00,4,normal,3.3910553833277697,0.04403435044765212
85.9666159293097,15.522010372528994,291.4,282.65,12.45,07:06:00,4,normal,3.3896879253641674,0.04404740845568725
87.37939007854564,15.530655913631977,296.12,287.24,12.65,07:07:00,4,normal,3.388899827909267,0.04403982732209999
88.81044082753225,15.53942463543638,300.91,291.88,12.85,07:08:00,4,normal,3.3882277488562416,0.04402494175688639
90.25990697408383,15.548317917618183,305.76,296.59,13.06,07:09:00,4,normal,3.38755057755369,0.04403385144475539
91.7279264867559,15.557337148652302,310.66,301.34,13.27,07:10:00,4,normal,3.386754850987006,0.04403663635760271
94.72017307099998,15.57575905479338,320.66,311.04,13.7,07:12:00,4,normal,3.3853400981398223,0.04404578189300411
61.35279423690038,15.585164550267931,208.54,202.28,8.91,07:13:00,4,normal,3.399030192410935,0.044047854459165516
97.78826604117022,15.594701635191306,330.9,320.97,14.13,07:14:00,4,normal,3.3838415731871807,0.04402280586970745
99.3510897481158,15.604371741040149,336.11,326.03,14.36,07:15:00,4,normal,3.383052977598309,0.0440450265313008
100.93327469376112,15.614176307673812,341.38,331.14,14.58,07:16:00,4,normal,3.3822344616854223,0.044029715528175396
102.53495176993673,15.624116783255335,346.72,336.32,14.81,07:17:00,4,normal,3.381481085376181,0.04403544243577545
104.15625067033388,15.634194624169574,352.12,341.55,15.04,07:18:00,4,normal,3.3806900472492907,0.044034548382374465
53.09257555127668,15.654768268133438,180.59,175.17,7.71,07:20:00,4,normal,3.4014172061701284,0.044014386025004286
110.84021374798532,15.67590905178838,374.35,363.12,15.99,07:22:00,4,normal,3.37738432056032,0.04403502974223397
112.56152185011965,15.686695846808911,380.06,368.66,16.23,07:23:00,4,normal,3.376464654645179,0.04402430423696631
114.30320205574588,15.697628913180738,385.85,374.27,16.48,07:24:00,4,normal,3.375670961622057,0.044032383038982555
117.84815693355525,15.719939913045357,397.61,385.68,16.98,07:26:00,4,normal,3.373917847728235,0.0440261356565028
119.65166664785887,15.731320891616978,403.58,391.48,17.24,07:27:00,4,normal,3.3729576136014643,0.044038009604577495
84.02197557906918,15.754541473209818,284.61,276.08,12.16,07:29:00,4,normal,3.387328113133531,0.044045204288612
125.18769951708452,15.766384164406752,421.91,409.26,18.02,07:30:00,4,normal,3.370219291731784,0.04403068953721351
55.387188042850426,15.77838385954754,188.25,182.61,8.04,07:31:00,4,normal,3.3988004564225207,0.04402825694102184
99.94617644083398,15.790542119874722,337.85,327.72,14.43,07:32:00,4,normal,3.3803194082166823,0.04403149029659465
130.91430849760212,15.802860513266362,440.84,427.62,18.83,07:33:00,4,normal,3.36739356499045,0.0440344230859174
96.13801352701698,15.815340614105295,325.1,315.35,13.89,07:34:00,4,normal,3.3815968114281816,0.04404629776438877
60.72589819702657,15.827984003145117,206.23,200.04,8.81,07:35:00,4,normal,3.3960798625140467,0.044041191761647676
106.8695894485223,15.840792267372862,360.88,350.05,15.42,07:36:00,4,normal,3.376825922717998,0.044050849878588774
138.85114697514393,15.853766999868451,467.02,453.01,19.95,07:37:00,4,normal,3.3634579920582315,0.04403876294121543
77.02656057219765,15.866909799660766,261.03,253.2,11.15,07:38:00,4,normal,3.3888310481594766,0.044036334913112166
142.95050147713218,15.880222271580395,480.52,466.1,20.53,07:39:00,4,normal,3.3614432620711643,0.044046341986698136
145.03323947550166,15.893706026109076,487.37,472.75,20.82,07:40:00,4,normal,3.3604020827399657,0.044040190375462716
50.40744468896729,15.907362679225688,171.35,166.21,7.32,07:41:00,4,normal,3.3992994696972505,0.044040671439744904
151.41474668432133,15.935201171676532,508.33,493.08,21.71,07:43:00,4,normal,3.357202723852237,0.04402936643141073
153.58662411024355,15.949386269021115,515.45,499.99,22.02,07:44:00,4,normal,3.3560865276263456,0.044040880817616354
155.78098794767945,15.963750780642536,522.65,506.97,22.33,07:45:00,4,normal,3.3550307189959345,0.04404599877704794
157.99791357594594,15.978296347576832,529.91,514.01,22.64,07:46:00,4,normal,3.3539050485327104,0.04404583568413066
160.23747365701104,15.993024615361694,537.24,521.13,22.95,07:47:00,4,normal,3.352773778435651,0.04403891543376892
162.49973808054037,16.007937233858442,544.64,528.31,23.26,07:48:00,4,normal,3.3516361714383685,0.04402718101114877
164.78477390893948,16.023035857070532,552.12,535.55,23.58,07:49:00,4,normal,3.3505522804255143,0.04402950238073009
167.09264532241113,16.038322142958545,559.65,542.87,23.91,07:50:00,4,normal,3.349339517129169,0.044043693701991266
169.42341356404498,16.053797753251676,567.26,550.25,24.23,07:51:00,4,normal,3.3481794993202985,0.044034529759200365
62.45107429541659,16.06946435325567,211.84,205.49,9.05,07:52:00,4,normal,3.3920953704962504,0.04404107255827534
61.54918537881732,16.08532361165726,208.79,202.53,8.92,07:53:00,4,normal,3.392246358988479,0.04404285784822001
117.36182151285664,16.101377200325047,395.4,383.54,16.89,07:54:00,4,normal,3.369068363996763,0.04403712780935495
178.97657380516813,16.11762679410681,598.39,580.44,25.56,07:55:00,4,normal,3.343398453092529,0.04403555923092826
83.11189003279081,16.134074070623296,281.15,272.71,12.01,07:56:00,4,normal,3.3827891519381352,0.04403945583220271
183.8919021352288,16.150720710058412,614.37,595.94,26.24,07:57:00,4,normal,3.340930148997045,0.044031278316609045
186.38440476497945,16.167568394945864,622.47,603.79,26.59,07:58:00,4,normal,3.339710748787704,0.044038490203547595
188.90018186853092,16.18461880995222,630.63,611.71,26.94,07:59:00,4,normal,3.3384298191883177,0.04404047669647382
191.43926579904743,16.201873641656377,638.86,619.7,27.29,08:00:00,4,normal,3.3371419250563115,0.044037437469743416
127.85731663093652,16.219334578325487,430.01,417.1,18.37,08:01:00,4,normal,3.3632021328997155,0.044042196116039316
196.58746609986068,16.237003309687246,655.54,635.87,28.0,08:02:00,4,normal,3.3345971287254135,0.044034157925362104
199.19662956325496,16.254881526698643,663.98,644.06,28.36,08:03:00,4,normal,3.3332893305263127,0.04403316461199267
201.82919393416748,16.2729709213111,672.48,652.31,28.73,08:04:00,4,normal,3.3319263030865054,0.04404347626128682
204.48517363564832,16.291273186232033,681.06,660.63,29.09,08:05:00,4,normal,3.3306082191245445,0.0440337253833462
207.16457934738688,16.309790014682832,689.7,669.01,29.46,08:06:00,4,normal,3.3292370837365337,0.04403521621500426
124.83436490221143,16.32852310015326,419.81,407.22,17.93,08:07:00,4,normal,3.362936162080503,0.04403025391680172
212.5936924940621,16.34747413615227,707.2,685.98,30.21,08:08:00,4,normal,3.326533311987855,0.04403918481588384
215.34340210864832,16.366644815955276,716.05,694.56,30.59,08:09:00,4,normal,3.325154116580398,0.044042271366044695
173.16138502169343,16.386036832347802,578.75,561.39,24.72,08:10:00,4,normal,3.342257859207438,0.04403355955752685
85.65275875498745,16.405651877365635,289.34,280.66,12.36,08:11:00,4,normal,3.378058152542017,0.0440390508088078
223.73307329941852,16.425491642031385,742.99,720.7,31.74,08:12:00,4,normal,3.3208769228573907,0.044040516164839734
91.6054350818782,16.44555781608751,309.18,299.9,13.21,08:13:00,4,normal,3.3751272478936505,0.04404801600533512
229.44316712852847,16.465852087725818,761.29,738.45,32.52,08:14:00,4,normal,3.317989415538114,0.04403818809668901
75.30595968535634,16.48637614331343,254.63,246.99,10.88,08:15:00,4,normal,3.381272890803013,0.04405036641159561
127.20056920160934,16.50713166711524,427.35,414.53,18.25,08:16:00,4,normal,3.359654777351367,0.044025764118399154
238.1833130965643,16.52812034101288,789.24,765.56,33.71,08:17:00,4,normal,3.3135822562012405,0.044033126077642516
241.14323212486624,16.549343844220196,798.68,774.72,34.12,08:18:00,4,normal,3.3120564610597736,0.04404171829822387
244.1263524438156,16.570803852995247,808.2,783.95,34.52,08:19:00,4,normal,3.3105807378414958,0.0440334204987563
188.6912910208808,16.592502040348855,628.94,610.07,26.87,08:20:00,4,normal,3.333169202442951,0.04404412608389201
94.13139190059754,16.61444007574974,317.4,307.88,13.56,08:21:00,4,normal,3.3718825738301352,0.044043133688450045
198.25848129963117,16.63661962482621,659.93,640.13,28.19,08:22:00,4,normal,3.3286343952299187,0.044037929795510286
256.289840447927,16.659042349064453,846.88,821.47,36.17,08:23:00,4,normal,3.304383812170928,0.044030822793285206
259.3881730428119,16.681709905503467,856.71,831.01,36.59,08:24:00,4,normal,3.3028105713154488,0.044030757752614294
262.5093573850877,16.70462394642665,866.6,840.6,37.02,08:25:00,4,normal,3.3012156543004387,0.04403997144896503
265.6533190867768,16.727786119050002,876.55,850.26,37.44,08:26:00,4,normal,3.299601160690453,0.04403358972549573
268.8199790427543,16.751198065207085,886.57,859.97,37.87,08:27:00,4,normal,3.2980063578496,0.04403641987511192
272.00925339196186,16.774861421030653,896.64,869.74,38.3,08:28:00,4,normal,3.2963584467031097,0.04403614873410444
275.22105347948843,16.798777816631056,906.78,879.58,38.73,08:29:00,4,normal,3.2947334098754917,0.04403237909002023
278.4552858195419,16.82294887577139,916.97,889.46,39.17,08:30:00,4,normal,3.293060131005232,0.044037955613518316
281.7118520593338,16.847376215539494,927.23,899.41,39.61,08:31:00,4,normal,3.2914128149805637,0.044039981765824264
284.99064894389994,16.872061446016712,937.54,909.42,40.05,08:32:00,4,normal,3.2897219732446503,0.0440390578610543
288.291568281881,16.897006169943573,947.91,919.48,40.49,08:33:00,4,normal,3.288025403064054,0.04403575934223692
291.6144969122844,16.92221198238236,958.34,929.59,40.94,08:34:00,4,normal,3.286324960340576,0.04404092126636474
167.09814548927167,16.947680470376586,557.67,540.94,23.82,08:35:00,4,normal,3.3373799473783174,0.044034458535142526
165.42375325704472,16.97341321260745,552.14,535.57,23.58,08:36:00,4,normal,3.3377310641843185,0.04402785816980039
301.71413173390766,16.999411779047307,989.97,960.27,42.29,08:37:00,4,normal,3.2811522427232194,0.04403969716850469
305.1238654249519,17.025677730610155,1000.62,970.6,42.74,08:38:00,4,normal,3.2793894984465317,0.04403461776220895
308.5549669671866,17.052212618799224,1011.33,980.99,43.2,08:39:00,4,normal,3.277633187825333,0.044037146148278784
312.0072927416311,17.07901798535167,1022.09,991.43,43.66,08:40:00,4,normal,3.275852916830308,0.044037400522477635
223.8276853252882,17.106095361880442,741.29,719.05,31.66,08:41:00,4,normal,3.311878058885723,0.044030317780404706
318.9750166219962,17.133446269513335,1043.77,1012.46,44.59,08:42:00,4,normal,3.2722625459940886,0.044041246073918974
322.490101528156,17.161072218529338,1054.69,1023.05,45.05,08:43:00,4,normal,3.2704569690735674,0.04403499340208201
326.02578422139766,17.1889747079922,1065.65,1033.68,45.52,08:44:00,4,normal,3.2686065077489035,0.04403683925392771
329.58189498416283,17.21715522538143,1076.67,1044.37,45.99,08:45:00,4,normal,3.2667753186252435,0.04403611746794719
184.9395790364836,17.2456152462206,615.12,596.67,26.28,08:46:00,4,normal,3.3260592632724304,0.04404444667906884
336.7546954103474,17.274356233703152,1098.85,1065.89,46.94,08:47:00,4,normal,3.2630576944473266,0.044038315398399454
340.37101914681193,17.303379638315675,1110.02,1076.71,47.41,08:48:00,4,normal,3.261205971008995,0.04403228353038422
344.0070390657985,17.332686897458707,1121.22,1087.59,47.89,08:49:00,4,normal,3.2592937721415156,0.044033137487472306
347.6625588586737,17.362279435065155,1132.48,1098.5,48.37,08:50:00,4,normal,3.2574114501077402,0.04403277196176604
351.33737685358346,17.39215866121636,1143.78,1109.46,48.86,08:51:00,4,normal,3.2555033291452493,0.04403944261172101
355.0312860035774,17.42232597175586,1155.12,1120.47,49.34,08:52:00,4,normal,3.2535724189342585,0.04403509241657519
358.7440738761107,17.452782747900947,1166.51,1131.51,49.83,08:53:00,4,normal,3.2516495322034076,0.04403849722936607
112.49046108050264,17.483530355851993,377.16,365.84,16.11,08:54:00,4,normal,3.352817620065486,0.0440356439973759
366.2254090774341,17.514570146399727,1189.4,1153.72,50.81,08:55:00,4,normal,3.2477265927458223,0.04404014838955726
369.9935045383127,17.545903454530396,1200.91,1164.89,51.3,08:56:00,4,normal,3.245759682993695,0.04403849290490947
373.7795749748343,17.577531599028966,1212.46,1176.09,51.79,08:57:00,4,normal,3.24378345200278,0.04403574556368985
169.7920956523645,17.6094558820804,564.99,548.04,24.13,08:58:00,4,normal,3.3275400590895057,0.044029632873512886
381.4046774819198,17.641677588869037,1235.68,1198.6,52.78,08:59:00,4,normal,3.239813439515504,0.044034707158351415
385.2432143589685,17.674197987176218,1247.34,1209.92,53.28,09:00:00,4,normal,3.23779875545772,0.04403596932028564
389.098735825395,17.70701832697614,1259.03,1221.26,53.78,09:01:00,4,normal,3.2357596776284048,0.04403648690696494
392.9709807417507,17.74013984003009,1270.76,1232.64,54.28,09:02:00,4,normal,3.2337247844647012,0.044035565939771544
276.1774736760866,17.773563739479062,906.27,879.08,38.71,09:03:00,4,normal,3.2814768993901158,0.04403467261227647
400.7645693169851,17.80729121943487,1294.32,1255.49,55.29,09:04:00,4,normal,3.2296268160777863,0.044038582545460336
404.6853636663425,17.841323454569793,1306.15,1266.96,55.79,09:05:00,4,normal,3.227569161796775,0.04403453936983014
408.6217828628216,17.875661599704888,1318.0,1278.46,56.3,09:06:00,4,normal,3.2254766027548407,0.04403735744567683
412.5735387850821,17.91030678939698,1329.89,1289.99,56.81,09:07:00,4,normal,3.2234011030280025,0.04403910107830293
196.20728417314683,17.945260137524436,649.88,630.38,27.76,09:08:00,4,normal,3.3122113826645756,0.04403693010565056
420.5218815031059,17.980522736871794,1353.74,1313.13,57.83,09:09:00,4,normal,3.2191903906669874,0.0440398132705825
424.51786528051207,18.01609565871337,1365.71,1324.73,58.34,09:10:00,4,normal,3.217084866611135,0.04403916269730436
428.5279797793317,18.05197995239581,1377.69,1336.36,58.85,09:11:00,4,normal,3.214935931860119,0.04403753479601306
432.55191019960654,18.088176644919827,1389.71,1348.02,59.36,09:12:00,4,normal,3.2128166983673725,0.044034954970994494
436.58933645994944,18.124686740521053,1401.74,1359.69,59.88,09:13:00,4,normal,3.210660185532472,0.04403945016878848
440.63993321951057,18.161511220250205,1413.8,1371.38,60.39,09:14:00,4,normal,3.2085153736978644,0.04403593460601729
444.7033699016199,18.19865104155257,1425.87,1383.09,60.91,09:15:00,4,normal,3.206339543402695,0.04403907193313523
448.7793107191122,18.23610713784695,1437.96,1394.82,61.42,09:16:00,4,normal,3.2041584040401743,0.04403435568747222
333.3261700155411,18.273880418104152,1083.74,1051.23,46.29,09:17:00,4,normal,3.251289870067722,0.04403413144602038
456.96733572289793,18.31197176642505,1462.2,1418.33,62.46,09:18:00,4,normal,3.199791069720285,0.04403770631658359
461.07872253401314,18.35038204161836,1474.34,1430.11,62.98,09:19:00,4,normal,3.1975884549546523,0.044038570459615
465.2012187926929,18.389112076778268,1486.49,1441.89,63.5,09:20:00,4,normal,3.195369960246005,0.044039420482838494
277.6824336601581,18.428162678861888,908.63,881.37,38.81,09:21:00,4,normal,3.2721911430379773,0.044033720231004006
186.06272434440376,18.46753462826671,615.77,597.3,26.3,09:22:00,4,normal,3.3094753512272788,0.04403147497070149
477.6317251732841,18.507228678408147,1523.02,1477.32,65.06,09:23:00,4,normal,3.1886910348081474,0.04403920613001923
481.7949951779898,18.54724555529725,1535.21,1489.15,65.58,09:24:00,4,normal,3.1864382473148076,0.044038545478964505
172.4239053936655,18.58758595711868,571.33,554.19,24.4,09:25:00,4,normal,3.313519657819962,0.04402822136812284
158.91774880399578,18.628250553809035,527.38,511.56,22.53,09:26:00,4,normal,3.318572053587634,0.04404175463288764
494.33877146556,18.6692399866357,1571.82,1524.67,67.14,09:27:00,4,normal,3.1796413527105,0.04403575855758951
389.96899733509656,18.71055486777617,1256.54,1218.85,53.67,09:28:00,4,normal,3.2221535778144625,0.04403331008737745
396.40184158358136,18.752195779898152,1276.0,1237.72,54.51,09:29:00,4,normal,3.2189557820985937,0.0440406553986362
506.95523771620526,18.794163275740285,1608.47,1560.21,68.71,09:30:00,4,normal,3.172804777096366,0.04403894347555777
246.60456063206152,18.836457877693896,808.77,784.51,34.55,09:31:00,4,normal,3.279623044793156,0.044040228932709584
515.4012129991305,18.8790800773856,1632.89,1583.9,69.75,09:32:00,4,normal,3.16819200036061,0.04403687101458425
519.6334570894969,18.922030335261045,1645.1,1595.74,70.27,09:33:00,4,normal,3.1658854478199294,0.04403599583892112
223.93369732799363,18.96530908016979,736.13,714.05,31.44,09:34:00,4,normal,3.2872676545941952,0.04403053007492473
528.1143417427943,19.008916708951528,1669.49,1619.41,71.31,09:35:00,4,normal,3.161228294786749,0.04403455579501176
420.79251865659785,19.05285358602366,1348.61,1308.15,57.61,09:36:00,4,normal,3.2049286529748864,0.0440392921301074
323.65163862487435,19.097120042970367,1050.06,1018.56,44.85,09:37:00,4,normal,3.244414285870689,0.04403275212064091
540.8701796058602,19.141716378133346,1706.02,1654.84,72.87,09:38:00,4,normal,3.1542134588436745,0.04403446858910832
545.1295705837952,19.18664285620421,1718.18,1666.63,73.39,09:39:00,4,normal,3.151874513356432,0.04403496876931292
549.391939507232,19.23189970781872,1730.32,1678.41,73.91,09:40:00,4,normal,3.1495183594283924,0.04403572428667608
386.8853998720023,19.27748712915301,1244.2,1206.88,53.15,09:41:00,4,normal,3.2159393981050535,0.044039175394405404
557.9237959945465,19.323405281521804,1754.55,1701.92,74.95,09:42:00,4,normal,3.144784310323896,0.044038497696719
562.1923661546158,19.369654290978843,1766.64,1713.64,75.46,09:43:00,4,normal,3.142411932918587,0.04403491981979878
566.4620795969337,19.416234247919544,1778.71,1725.35,75.98,09:44:00,4,normal,3.1400336652113445,0.04403744167850002
570.732468141487,19.463145206686093,1790.76,1737.04,76.49,09:45:00,4,normal,3.137652227551321,0.04403467968498134
575.0030599526259,19.51038718517501,1802.79,1748.71,77.01,09:46:00,4,normal,3.135270271689564,0.04403817671311996
452.66334382562,19.55796016444736,1441.78,1398.53,61.59,09:47:00,4,normal,3.1851043820226326,0.044039098195962904
583.5429482224445,19.60586408834165,1826.78,1771.97,78.03,09:48:00,4,normal,3.130497944606535,0.04403573423929299
587.8112834400191,19.654098863089672,1838.73,1783.57,78.54,09:49:00,4,normal,3.128095788225246,0.04403527756129561
380.5922046814727,19.70266435693516,1222.82,1186.13,52.23,09:50:00,4,normal,3.212940215166543,0.044033959178167645
596.3423078039234,19.75156039975567,1862.55,1806.67,79.56,09:51:00,4,normal,3.123290056107178,0.044036819120259925
400.6720466777821,19.800786782687616,1283.49,1244.99,54.83,09:52:00,4,normal,3.203343009930949,0.04404051438164162
439.9626646107358,19.850343257754552,1401.94,1359.88,59.88,09:53:00,4,normal,3.186497657114586,0.044033297055622554
609.1173484936837,19.900229537499,1898.04,1841.1,81.08,09:54:00,4,normal,3.1160498132153953,0.0440388897941448
613.3679736858735,19.950445294617744,1909.81,1852.51,81.58,09:55:00,4,normal,3.1136447971411014,0.04403754905506583
417.3526661481486,20.00099016160081,1332.95,1292.96,56.94,09:56:00,4,normal,3.1938216959343437,0.044038485335973265
225.91588032681665,20.051863730374297,739.23,717.05,31.58,09:57:00,4,normal,3.2721471325105957,0.04404155916602748
626.0896308259837,20.103065551947,1944.87,1886.52,83.08,09:58:00,4,normal,3.10637631457685,0.04403875919682802
630.3184131858826,20.154595136061168,1956.48,1897.78,83.57,09:59:00,4,normal,3.1039550155470845,0.04403566272170641
426.0884232673242,20.206451950847345,1358.16,1317.42,58.01,10:00:00,4,normal,3.18750739479233,0.04403303426394012
638.7552417993708,20.258635422483486,1979.57,1920.18,84.56,10:01:00,4,normal,3.0991056831464268,0.04403753814746534
642.9622528754968,20.31114493485848,1991.04,1931.31,85.05,10:02:00,4,normal,3.0966670144250985,0.044037466797148046
647.1609680640607,20.363979829240108,2002.47,1942.4,85.54,10:03:00,4,normal,3.094237908059036,0.04403830313014827
651.3508645058231,20.417139403947733,2013.85,1953.44,86.02,10:04:00,4,normal,3.0918052155007096,0.04403513801294127
655.5314174183865,20.470622914029637,2025.19,1964.43,86.51,10:05:00,4,normal,3.08938663531277,0.04403821973804106
236.33142015035105,20.52442957094523,770.82,747.69,32.93,10:06:00,4,normal,3.2616060932973454,0.04404231700303601
663.8623845399369,20.5785585422523,2047.7,1986.27,87.47,10:07:00,4,normal,3.084524816719471,0.04403731617554512
668.0117405165472,20.63300895129929,2058.87,1997.11,87.95,10:08:00,4,normal,3.082086548969868,0.04403863582877258
672.1496367144092,20.68777987692284,2069.99,2007.89,88.42,10:09:00,4,normal,3.0796565034513605,0.04403627688767811
676.2755403290989,20.74287035315063,2081.06,2018.62,88.89,10:10:00,4,normal,3.0772368301052033,0.04403503383499619
680.3889172784178,20.79827936890971,2092.06,2029.3,89.36,10:11:00,4,normal,3.0748002309742515,0.04403488887793821
684.4892323137582,20.8540058677404,2103.01,2039.92,89.83,10:12:00,4,normal,3.072378498769454,0.044036040629044274
688.5759491324758,20.910048747515837,2113.89,2050.48,90.3,10:13:00,4,normal,3.0699445757047585,0.04403846904139518
692.6485304912363,20.96640686016739,2124.72,2060.98,90.76,10:14:00,4,normal,3.067529788149724,0.04403730264243224
696.7064383203034,21.023079011415977,2135.48,2071.41,91.22,10:15:00,4,normal,3.0651073142778045,0.044037636199496966
451.07773919874825,21.080063960509413,1427.96,1385.13,61.0,10:16:00,4,normal,3.165662758123451,0.04403918765747619
704.7760776704707,21.137360419965923,2156.8,2092.1,92.13,10:17:00,4,normal,3.060262781802941,0.04403709191721237
708.7867299612242,21.194967055323943,2167.36,2102.34,92.58,10:18:00,4,normal,3.057845058863575,0.04403664488141785
712.7805504962345,21.252882484898308,2177.86,2112.52,93.03,10:19:00,4,normal,3.0554425180145337,0.0440374528998542
340.09627026032405,21.31110527954292,1091.17,1058.43,46.61,10:20:00,4,normal,3.20841507366362,0.044036922611792935
720.715534349287,21.36963396242008,2198.63,2132.67,93.92,10:21:00,4,normal,3.050621077544941,0.04403869328119212
232.14879851569611,21.428467008776515,754.8,732.16,32.24,10:22:00,4,normal,3.2513629397438653,0.04403409090909091
728.5767048230039,21.48760284572624,2219.12,2152.54,94.79,10:23:00,4,normal,3.0458289227612623,0.04403634775660383
230.6149534503904,21.54703985204045,749.6,727.11,32.02,10:24:00,4,normal,3.250439699528214,0.044037353357813815
736.3597394006435,21.60677635794438,2239.3,2172.12,95.65,10:25:00,4,normal,3.0410407850688137,0.04403532033221001
566.470098908477,21.66681064492144,1761.91,1709.05,75.26,10:26:00,4,normal,3.1103318664038913,0.04403616044001054
744.0603213438385,21.727140945524543,2259.17,2191.4,96.5,10:27:00,4,normal,3.036272645099177,0.044035776216117546
747.8783461418252,21.787765443194942,2268.99,2200.92,96.92,10:28:00,4,normal,3.0339025213195785,0.044036130345491885
751.6741436165942,21.848682272088453,2278.72,2210.36,97.34,10:29:00,4,normal,3.0315263859365964,0.04403807524566134
232.77141410716803,21.909889516909374,755.29,732.63,32.26,10:30:00,4,normal,3.2447712830075615,0.044033140876022
759.1969128399115,21.9713852127521,2297.94,2229.01,98.16,10:31:00,4,normal,3.0268036673175414,0.044037487494448205
762.9228155905014,22.033167344950545,2307.43,2238.2,98.56,10:32:00,4,normal,3.0244606044637052,0.044035385577696366
766.6243532720468,22.095233848935504,2316.82,2247.32,98.96,10:33:00,4,normal,3.022105924644225,0.044034672409803674
770.3009948290506,22.157582610100025,2326.13,2256.35,99.36,10:34:00,4,normal,3.0197676176132,0.04403572140846943
261.37361164045734,22.220211463672957,843.94,818.62,36.05,10:35:00,4,normal,3.2288645923480392,0.0440375265691041
537.6113078298299,22.283118194600647,1674.17,1623.95,71.51,10:36:00,4,normal,3.114090004464573,0.04403460697681579
781.1762570023742,22.34630053743706,2353.52,2282.92,100.53,10:37:00,4,normal,3.012789980370393,0.0440357086538293
342.9047186125823,22.409756176242247,1094.81,1061.96,46.77,10:38:00,4,normal,3.192752798589887,0.04404120682511582
788.2922930824641,22.473482744489377,2371.32,2300.18,101.29,10:39:00,4,normal,3.0081735173731223,0.04403568416384805
791.8085043227805,22.537477824980364,2380.08,2308.68,101.67,10:40:00,4,normal,3.0058782988642427,0.04403815167108478
514.215321313527,22.601738949770212,1604.12,1555.99,68.52,10:41:00,4,normal,3.1195492112183425,0.044036272726688475
262.8378335921988,22.666263600100194,846.96,821.56,36.18,10:42:00,4,normal,3.222367147166816,0.044038171283898926
802.1837124191184,22.731049206339836,2405.79,2333.61,102.76,10:43:00,4,normal,2.9990511683974987,0.04403477873337876
805.5825997260549,22.796093147937967,2414.16,2341.74,103.12,10:44:00,4,normal,2.9967876674855627,0.04403563162434771
808.9508828147378,22.861392753382823,2422.43,2349.76,103.48,10:45:00,4,normal,2.9945328591164584,0.044038540106223614
812.2880581764603,22.92694530017125,2430.61,2357.69,103.82,10:46:00,4,normal,2.992300546011447,0.04403462711382752
815.5936254137839,22.992748014787217,2438.68,2365.52,104.17,10:47:00,4,normal,2.9900675091259545,0.04403682911156955
818.8670873649534,23.05879807268957,2446.64,2373.25,104.51,10:48:00,4,normal,2.987835312655055,0.0440366585905404
379.3805705523519,23.12509259830926,1201.97,1165.91,51.34,10:49:00,4,normal,3.168243429678053,0.044034273657486425
375.9451849452877,23.19162866505601,1191.29,1155.55,50.89,10:50:00,4,normal,3.1687864287272935,0.04403963480593657
828.4899210205862,23.25840329533456,2469.92,2395.83,105.5,10:51:00,4,normal,2.981231198271425,0.04403484387456539
831.6300592545526,23.325413460570484,2477.47,2403.15,105.83,10:52:00,4,normal,2.9790529724487436,0.04403803341447683
274.73698414299724,23.3926560812458,881.33,854.89,37.65,10:53:00,4,normal,3.207904471795754,0.04404075378118822
837.8062458573232,23.46012802694426,2492.25,2417.48,106.46,10:54:00,4,normal,2.9747331346875936,0.044037592865297744
840.8413479994254,23.527826116406597,2499.47,2424.49,106.77,10:55:00,4,normal,2.9725821713535763,0.04403812760621822
494.3028045392035,23.59574711759553,1539.57,1493.39,65.76,10:56:00,4,normal,3.114629303864076,0.04403404335103356
846.8032358169144,23.66388774777092,2513.59,2438.18,107.37,10:57:00,4,normal,2.968328288891256,0.04403694559056346
849.7291009016541,23.73224467357481,2520.48,2444.87,107.66,10:58:00,4,normal,2.9662159355558133,0.04403506116889651
852.6176405796195,23.80081451112666,2527.26,2451.45,107.95,10:59:00,4,normal,2.9641188262090603,0.04403516286279549
855.4684060357212,23.869593826128717,2533.93,2457.91,108.24,11:00:00,4,normal,2.962038085944453,0.0440374139004276
316.05876666096657,23.938579133981563,1006.22,976.03,42.98,11:01:00,4,normal,3.1836484418081756,0.0440355316947225
861.054843145668,24.007766899910017,2546.92,2470.52,108.79,11:02:00,4,normal,2.957906828205515,0.04403526383109629
863.7896416371075,24.077153539099253,2553.25,2476.65,109.06,11:03:00,4,normal,2.955870129631241,0.04403528960490986
866.484919808909,24.146735416841377,2559.46,2482.67,109.33,11:04:00,4,normal,2.953842521072903,0.04403726633020095
869.140253994787,24.216508848692374,2565.55,2488.58,109.59,11:05:00,4,normal,2.951825080253834,0.044037161754896366
871.7552258950051,24.28647010063956,2571.52,2494.38,109.84,11:06:00,4,normal,2.9498188523732645,0.04403499065900143
429.6127539446814,24.35661538927947,1345.24,1304.88,57.46,11:07:00,4,normal,3.131285064626406,0.04403470050885905
876.8624371290787,24.42694088200637,2583.11,2505.62,110.34,11:08:00,4,normal,2.945855462183235,0.04403700481317997
879.3538676772221,24.497442697211333,2588.73,2511.07,110.58,11:09:00,4,normal,2.9439001693800773,0.044037004145643086
881.8033185814965,24.56811690449192,2594.23,2516.4,110.81,11:10:00,4,normal,2.9419598966504013,0.04403512955015101
884.2103999954961,24.63895952487248,2599.6,2521.62,111.04,11:11:00,4,normal,2.9400242295422463,0.04403518373109351
327.1051279198811,24.709966531035256,1036.56,1005.47,44.28,11:12:00,4,normal,3.1688894839150543,0.044039106089689396
888.8959250983825,24.781133847562064,2609.99,2531.69,111.49,11:13:00,4,normal,2.9362155076941407,0.04403777713701124
647.0536608842652,24.85245735118679,1963.83,1904.92,83.89,11:14:00,4,normal,3.0350342154253864,0.04403859479663188
693.9626659132573,24.923932871058614,2092.12,2029.36,89.37,11:15:00,4,normal,3.014744312284815,0.04403851460558995
895.5970461664356,24.995556189016067,2624.66,2545.92,112.11,11:16:00,4,normal,2.9306260122615897,0.044035162141779785
897.7420672474436,25.0673230398718,2629.3,2550.42,112.31,11:17:00,4,normal,2.928792239915487,0.04403588428572549
899.8421636838789,25.139229111708232,2633.82,2554.8,112.51,11:18:00,4,normal,2.926979981930787,0.0440386723031157
640.2153381166974,25.21127004618401,1941.85,1883.6,82.95,11:19:00,4,normal,3.0331200838022454,0.0440380123168401
903.9062332906316,25.28344143885129,2642.48,2563.2,112.87,11:20:00,4,normal,2.9234005726237395,0.044034800249687894
339.3128445905615,25.35573883948388,1070.65,1038.53,45.73,11:21:00,4,normal,3.1553476889208865,0.044033393354067765
907.7866246500508,25.42815775241617,2650.63,2571.11,113.22,11:22:00,4,normal,2.9198821926042484,0.044035455503654064
909.6571493627208,25.500693636892997,2654.52,2574.89,113.39,11:23:00,4,normal,2.918154385814127,0.044036832641394394
641.8294430960658,25.57334190743028,1943.25,1884.95,83.01,11:24:00,4,normal,3.0276735056374533,0.0440383034032733
913.2573356675412,25.646097934186525,2661.92,2582.06,113.71,11:25:00,4,normal,2.9147534829865696,0.04403848090284501
914.986410460767,25.718957043345167,2665.43,2585.46,113.86,11:26:00,4,normal,2.9130815163230106,0.04403858501001756
520.1739248041448,25.7919145175077,1599.52,1551.54,68.32,11:27:00,4,normal,3.074971511888546,0.04403366977325753
918.301111476802,25.86496559609764,2672.06,2591.9,114.14,11:28:00,4,normal,2.9097863071327676,0.04403719279293183
919.8861953396272,25.93810547577529,2675.18,2594.92,114.27,11:29:00,4,normal,2.9081640898114665,0.04403603964669431
603.4795634825812,26.01132931086326,1833.2,1778.2,78.31,11:30:00,4,normal,3.0377167860016745,0.04403891575750759
478.6161710643672,26.084632213782708,1478.09,1433.75,63.14,11:31:00,4,normal,3.0882575419734772,0.04403836094158675
924.349285635528,26.158009255500367,2683.77,2603.26,114.64,11:32:00,4,normal,2.9034154531258154,0.04403709195393468
925.7387806083592,26.231455465986244,2686.38,2605.79,114.75,11:33:00,4,normal,2.901876918491647,0.044036549376580615
927.078786869592,26.30496583468193,2688.86,2608.19,114.86,11:34:00,4,normal,2.9003575942874313,0.044038202738297436
928.3690835840002,26.37853531097965,2691.2,2610.47,114.96,11:35:00,4,normal,2.8988470723416717,0.04403804678850935
929.6094579049164,26.45215880471181,2693.42,2612.62,115.05,11:36:00,4,normal,2.897367251480236,0.04403625479403817
930.799705032745,26.52583118665116,2695.51,2614.64,115.14,11:37:00,4,normal,2.8959076645873814,0.04403665514181685
638.5536366483584,26.59954728902141,1925.55,1867.78,82.25,11:38:00,4,normal,3.015486702271137,0.044036235530951186
746.0590984824494,26.673301906018388,2215.92,2149.44,94.65,11:39:00,4,normal,2.970166846711445,0.04403472532380527
934.0677571359925,26.74708979434157,2700.98,2619.95,115.37,11:40:00,4,normal,2.89163176800113,0.04403519151128839
519.1315865032956,26.82090567373595,1589.49,1541.8,67.9,11:41:00,4,normal,3.061824865457131,0.04403943442729278
716.2172785863005,26.89474422754427,2134.01,2069.98,91.16,11:42:00,4,normal,2.9795567124716653,0.044039072841283486
936.8780756393452,26.968600103269488,2705.28,2624.13,115.56,11:43:00,4,normal,2.8875475585805126,0.04403745241279967
590.227765255745,27.042467913147416,1788.14,1734.49,76.38,11:44:00,4,normal,3.029576216607162,0.0440359990544771
728.4762312665285,27.116342234729508,2164.72,2099.78,92.47,11:45:00,4,normal,2.9715725882180375,0.04403794683252531
939.2264656113088,27.190217611475692,2708.41,2627.16,115.69,11:46:00,4,normal,2.883660223774884,0.04403614549551607
939.9059846374904,27.264088553357205,2709.19,2627.91,115.72,11:47:00,4,normal,2.882405308914912,0.04403499358806048
940.533669313764,27.337949537469317,2709.84,2628.54,115.75,11:48:00,4,normal,2.8811727728760252,0.04403585260258547
941.1094151632136,27.411795008653925,2710.35,2629.04,115.77,11:49:00,4,normal,2.8799520611850986,0.044035085050056294
941.6331263130596,27.485619380131915,2710.74,2629.42,115.79,11:50:00,4,normal,2.878764482950842,0.044036327403001424
739.1178399403798,27.559417034145135,2188.77,2123.11,93.49,11:51:00,4,normal,2.96132752008334,0.04403445888343043
942.5241042007608,27.633182322608057,2711.12,2629.79,115.81,11:52:00,4,normal,2.876446329506839,0.04403773685351302
942.891222441265,27.706909567768854,2711.12,2629.79,115.81,11:53:00,4,normal,2.875326374319793,0.04403773685351302
943.2060090287114,27.780593062879944,2710.99,2629.66,115.8,11:54:00,4,normal,2.8742289320142325,0.044036111132237626
943.4684114622588,27.854227072877848,2710.72,2629.4,115.79,11:55:00,4,normal,2.8731433581318537,0.044036662356431125
943.6783859688844,27.927805835072235,2710.33,2629.02,115.77,11:56:00,4,normal,2.872090788873241,0.04403542004244928
943.8358975155528,28.00132355984413,2709.8,2628.51,115.75,11:57:00,4,normal,2.8710499432506986,0.04403635519743124
753.2181507236199,28.074774431353102,2221.02,2154.39,94.87,11:58:00,4,normal,2.9487074864914717,0.044035666708441834
943.9934353528388,28.14815260825341,2708.36,2627.11,115.69,11:59:00,4,normal,2.8690453752866296,0.04403698360555896
943.9934353528388,28.221452224418883,2707.45,2626.22,115.65,12:00:00,4,normal,2.8680813855321245,0.04403667628759206
560.3977754396041,28.294667389676547,1695.4,1644.54,72.42,12:01:00,4,normal,3.0253510529552754,0.044036630303914776
416.9794653712096,28.367792190548823,1285.77,1247.2,54.92,12:02:00,4,normal,3.0835331395884515,0.04403463758819756
524.2852956640795,28.44082069100414,1592.94,1545.15,68.04,12:03:00,4,normal,3.0383076030814906,0.04403455975148044
943.4684114622588,28.51374693321595,2702.51,2621.43,115.44,12:04:00,4,normal,2.8644414239703537,0.044037033222325224
943.2060090287116,28.586564938329857,2700.95,2619.92,115.37,12:05:00,4,normal,2.863584385749796,0.044035695746435004
942.891222441265,28.65926870723897,2699.27,2618.29,115.3,12:06:00,4,normal,2.862758646762293,0.04403637488589881
942.524104200761,28.73185222136709,2697.46,2616.53,115.22,12:07:00,4,normal,2.8619533314613577,0.04403542095829208
942.1047155212658,28.80430944345977,2695.52,2614.65,115.14,12:08:00,4,normal,2.861168143616149,0.04403648671906374
941.6331263130596,28.876634318383086,2693.45,2612.65,115.05,12:09:00,4,normal,2.86040276699497,0.04403574914358984
679.657961770966,28.94882077392993,2016.9,1956.39,86.15,12:10:00,4,normal,2.9675220676362257,0.04403518725816427
734.0067588441511,29.020862721633748,2161.02,2096.19,92.31,12:11:00,4,normal,2.944141826981243,0.044037038627223676
939.9059846374904,29.092754057589502,2686.5,2605.9,114.76,12:12:00,4,normal,2.8582645965768037,0.044038527955792627
939.2264656113088,29.1644886632818,2683.93,2603.41,114.65,12:13:00,4,normal,2.8575962222839686,0.044038395796282576
340.5656559887904,29.236060406419995,1056.98,1025.27,45.15,12:14:00,4,normal,3.103601262820201,0.044037180450027795
712.3243701021245,29.307463141780104,2100.86,2037.84,89.74,12:15:00,4,normal,2.949302436050032,0.044036823303105245
602.6816110465115,29.3786907120534,1804.18,1750.06,77.07,12:16:00,4,normal,2.9935872721704193,0.04403849010891055
648.4408756182576,29.44973694870151,1928.32,1870.47,82.37,12:17:00,4,normal,2.973779217976409,0.04403706020411982
935.0556103634106,29.52059567281793,2669.23,2589.15,114.02,12:18:00,4,normal,2.8546216614459974,0.04403761852345364
934.0677571359925,29.59126069599565,2665.92,2585.94,113.88,12:19:00,4,normal,2.854097017730443,0.044038144736536805
933.0290390820674,29.661725821200918,2662.48,2582.61,113.73,12:20:00,4,normal,2.853587496718646,0.04403684644603715
931.9396282713184,29.731984843652764,2658.93,2579.16,113.58,12:21:00,4,normal,2.8531139993822623,0.044037593635137026
437.3291939981591,29.80203155170834,1336.57,1296.47,57.09,12:22:00,4,normal,3.0562103292963014,0.04403495645869168
392.34877160399134,29.871859727753705,1206.02,1169.84,51.52,12:23:00,4,normal,3.073846759018963,0.04404021062709431
928.3690835840004,29.94146314910004,2647.54,2568.12,113.09,12:24:00,4,normal,2.851818362777746,0.04403610423188948
371.2263189044977,30.01083558888498,1143.65,1109.34,48.85,12:25:00,4,normal,3.080735232822265,0.044035192096201346
925.7387806083592,30.07997081697905,2639.35,2560.17,112.74,12:26:00,4,normal,2.8510742504116795,0.04403613822519598
517.3505425975424,30.148862600896805,1561.69,1514.84,66.71,12:27:00,4,normal,3.018630254370625,0.04403765414169153
437.9742422760716,30.217504706712788,1336.02,1295.94,57.07,12:28:00,4,normal,3.0504533624099666,0.04403753260181798
921.4227524727454,30.285890899981773,2626.18,2547.4,112.18,12:29:00,4,normal,2.8501358284808354,0.044037057391850515
919.8861953396276,30.35401494666345,2621.56,2542.91,111.98,12:30:00,4,normal,2.849874270623339,0.04403616329323492
918.301111476802,30.421870614051127,2616.82,2538.32,111.78,12:31:00,4,normal,2.849631746379636,0.044037000850956534
916.6677607105964,30.48945167170432,2611.97,2533.61,111.57,12:32:00,4,normal,2.849418417393902,0.044035980281100874
476.7140640572854,30.556751892385133,1444.45,1401.11,61.7,12:33:00,4,normal,3.030013395674487,0.04403651390683102
913.2573356675414,30.623765052998117,2601.91,2523.86,111.14,12:34:00,4,normal,2.8490436357657565,0.04403572305912372
911.480818716698,30.690484935533448,2596.72,2518.82,110.92,12:35:00,4,normal,2.8489025184929315,0.04403649327859871
909.6571493627208,30.7569053280133,2591.41,2513.67,110.69,12:36:00,4,normal,2.8487765987608253,0.044035215441963343
399.0104573766966,30.823020025441075,1220.39,1183.78,52.13,12:37:00,4,normal,3.058541392682994,0.044036898748078195
279.9191189472791,30.888822830753444,869.65,843.56,37.15,12:38:00,4,normal,3.1067902873893822,0.04403954668310494
302.1189526429324,30.954307555774875,935.6,907.53,39.96,12:39:00,4,normal,3.0967934709669294,0.044031602261082284
398.3611133271608,31.019468022174536,1217.48,1180.95,52.01,12:40:00,4,normal,3.0562220037780743,0.04404081459841652
899.842163683879,31.08429806242529,2563.2,2486.31,109.49,12:41:00,4,normal,2.848499551861931,0.04403714741926791
465.92385051121,31.148791520764668,1410.18,1367.88,60.24,12:42:00,4,normal,3.0266319237634125,0.04403895078515659
895.5970461664359,31.212942254157497,2551.16,2474.62,108.97,12:43:00,4,normal,2.848557854137783,0.04403504376429512
893.4074461568904,31.276744133260117,2544.98,2468.63,108.71,12:44:00,4,normal,2.8486218812564927,0.04403657089154713
568.2403866694261,31.34019104338581,1694.44,1643.61,72.38,12:45:00,4,normal,2.9819070234191933,0.04403721077384538
888.8959250983827,31.403276885471445,2532.29,2456.32,108.17,12:46:00,4,normal,2.8488036996229082,0.04403742183428869
886.5747280786975,31.465995577044875,2525.8,2450.02,107.89,12:47:00,4,normal,2.8489420237295504,0.04403637521326357
271.1821660904531,31.528341053193092,841.2,815.96,35.93,12:48:00,4,normal,3.10197389499211,0.04403402127555272
455.2997679212935,31.590307267530825,1377.37,1336.05,58.84,12:49:00,4,normal,3.025193723002517,0.04404026795404364
879.3538676772222,31.65188819316933,2505.69,2430.51,107.03,12:50:00,4,normal,2.849467196429896,0.04403602536093248
876.8624371290789,31.7130778236853,2498.78,2423.82,106.74,12:51:00,4,normal,2.8496830223235645,0.04403792360818872
874.3294226860442,31.77387017408948,2491.77,2417.02,106.44,12:52:00,4,normal,2.8499212486124343,0.044037699315686255
871.7552258950053,31.834259281794974,2484.67,2410.13,106.13,12:53:00,4,normal,2.8501922629130934,0.044034969068058566
510.2091074362525,31.89423920758488,1529.88,1483.98,65.35,12:54:00,4,normal,2.99853526270334,0.04403698163048019
866.4849198089092,31.95380403657906,2470.16,2396.06,105.51,12:55:00,4,normal,2.8507824470214187,0.044034790447651566
863.7896416371078,32.012947879199935,2462.76,2388.88,105.2,12:56:00,4,normal,2.8511108275533665,0.04403737316231874
861.0548431456683,32.07166487213691,2455.27,2381.61,104.88,12:57:00,4,normal,2.85146761503626,0.04403743685993928
858.2809532566037,32.12994917930938,2447.68,2374.25,104.55,12:58:00,4,normal,2.851840053903896,0.04403495840791829
364.4355696289286,32.187794992827946,1113.27,1079.88,47.55,12:59:00,4,normal,3.0547786571259796,0.044032670296699626
852.6176405796199,32.24519653395377,2432.23,2359.26,103.89,13:00:00,4,normal,2.8526620659015927,0.04403499402354975
849.7291009016543,32.302148054055706,2424.36,2351.63,103.56,13:01:00,4,normal,2.853097531233769,0.04403753991911993
846.8032358169146,32.35864383556509,2416.4,2343.91,103.22,13:02:00,4,normal,2.853555463411626,0.044037527038154195
843.8404988262562,32.41467819292794,2408.36,2336.11,102.87,13:03:00,4,normal,2.854046473652212,0.044034741514740315
840.8413479994256,32.47024547355426,2400.22,2328.21,102.53,13:04:00,4,normal,2.854545635405217,0.04403812370877198
583.027670115214,32.52534005876446,1725.86,1674.08,73.72,13:05:00,4,normal,2.960168253522079,0.04403612730574405
576.4002592720543,32.579956364732325,1707.4,1656.18,72.93,13:06:00,4,normal,2.9621777099064888,0.04403506865195812
831.630059254553,32.63408884342465,2375.29,2304.03,101.46,13:07:00,4,normal,2.8561858407681116,0.04403588494941472
828.4899210205866,32.68773198353706,2366.81,2295.8,101.1,13:08:00,4,normal,2.856775852003622,0.044036937015419456
825.3157236839161,32.74088031142607,2358.24,2287.49,100.73,13:09:00,4,normal,2.857379221461642,0.044035165181049975
822.1079502279179,32.793528392036755,2349.59,2279.1,100.36,13:10:00,4,normal,2.858006663660909,0.04403492606730727
818.8670873649537,32.84567082982633,2340.86,2270.63,99.99,13:11:00,4,normal,2.858656839576607,0.044036236639170626
815.5936254137843,32.89730226968295,2332.05,2262.08,99.61,13:12:00,4,normal,2.8593283803767533,0.044034693733201305
812.2880581764606,32.948417397839805,2323.15,2253.46,99.23,13:13:00,4,normal,2.8600075756565184,0.04403450693600064
808.9508828147383,32.999010942784146,2314.18,2244.76,98.85,13:14:00,4,normal,2.8607175653827444,0.04403588802366399
805.5825997260553,33.04907767616117,2305.13,2235.98,98.47,13:15:00,4,normal,2.8614446250252645,0.04403885544593422
438.7966535226825,33.09861241367233,1321.7,1282.05,56.46,13:16:00,4,normal,3.0121013672035173,0.04403884403884404
798.7547273891424,33.14761001596807,2286.81,2218.2,97.68,13:17:00,4,normal,2.86296897105674,0.04403570462537193
367.2480814183319,33.19606538953465,1116.55,1083.06,47.69,13:18:00,4,normal,3.040315406653246,0.04403264823740144
791.808504322781,33.24397348757489,2268.18,2200.14,96.89,13:19:00,4,normal,2.8645562501755797,0.04403810666593944
788.2922930824644,33.29132931088256,2258.76,2191.0,96.48,13:20:00,4,normal,2.8653838427971388,0.044034687357371066
784.7480374599636,33.338127908710334,2249.27,2181.79,96.08,13:21:00,4,normal,2.866232080401671,0.044037235480958295
781.1762570023744,33.384364379630924,2239.7,2172.51,95.67,13:22:00,4,normal,2.867086627279805,0.04403662123534529
608.8249981269752,33.43003387239136,1788.47,1734.82,76.4,13:23:00,4,normal,2.9375764883211986,0.04403915103584234
773.9522108093291,33.475131586760064,2220.37,2153.76,94.84,13:24:00,4,normal,2.8688722236197735,0.04403461852759824
770.3009948290511,33.5196527743666,2210.6,2144.29,94.43,13:25:00,4,normal,2.8697872842428134,0.04403788666644904
766.6243532720473,33.56359273953384,2200.77,2134.75,94.01,13:26:00,4,normal,2.870728004669878,0.04403794355310926
762.9228155905018,33.60694684010241,2190.87,2125.15,93.58,13:27:00,4,normal,2.871679749548803,0.044034538738441986
759.196912839912,33.64971048824713,2180.91,2115.48,93.16,13:28:00,4,normal,2.872653936173048,0.04403728704596593
289.36337783345243,33.691879151285306,887.16,860.55,37.9,13:29:00,4,normal,3.0659028334629777,0.04404160130149323
751.6741436165945,33.73344835247667,2160.8,2095.98,92.3,13:30:00,4,normal,2.8746498976319144,0.04403667973931049
410.323584726664,33.77441367181473,1237.09,1199.98,52.84,13:31:00,4,normal,3.0149132198288924,0.04403406723445391
744.060321343839,33.81477074680936,2140.45,2076.24,91.43,13:32:00,4,normal,2.876715689037358,0.04403633491311217
740.2206064149018,33.8545152732605,2130.19,2066.29,90.99,13:33:00,4,normal,2.877777221465252,0.04403544516984547
736.359739400644,33.89364300602264,2119.87,2056.28,90.55,13:34:00,4,normal,2.8788510378438894,0.04403583169607252
732.4782590762352,33.93214975975998,2109.5,2046.21,90.11,13:35:00,4,normal,2.87994895938672,0.04403751325621515
728.5767048230043,33.97003140969214,2099.07,2036.1,89.66,13:36:00,4,normal,2.8810556062315147,0.04403516526693188
724.6556165055365,34.00728389233004,2088.59,2025.93,89.22,13:37:00,4,normal,2.882182863732821,0.044039033925160294
518.6738029970338,34.043903206202025,1538.73,1492.57,65.73,13:38:00,4,normal,2.9666622665513716,0.04403813556483113
716.7569988187539,34.079885412569816,2067.47,2005.45,88.31,13:39:00,4,normal,2.8844782867935415,0.04403500461243112
712.7805504962349,34.11522663613424,2056.84,1995.14,87.86,13:40:00,4,normal,2.885656740448426,0.044037009934139955
708.7867299612245,34.149923065730555,2046.16,1984.77,87.4,13:41:00,4,normal,2.886848629505153,0.044035329030567776
704.7760776704712,34.18397095501315,2035.43,1974.37,86.94,13:42:00,4,normal,2.8880520558072864,0.04403429954871681
700.7491338387379,34.21736662312946,2024.65,1963.92,86.48,13:43:00,4,normal,2.889265076802691,0.04403438021915353
696.7064383203037,34.25010645538296,2013.83,1953.42,86.02,13:44:00,4,normal,2.890500057463459,0.04403558886465788
692.6485304912367,34.282186903885034,2002.97,1942.88,85.56,13:45:00,4,normal,2.8917552146966425,0.04403771720332702
688.5759491324762,34.31360448819556,1992.07,1932.3,85.09,13:46:00,4,normal,2.8930287247322117,0.044035605237282
520.4621857457113,34.34435579595208,1541.59,1495.34,65.85,13:47:00,4,normal,2.9619635051703717,0.044036807682533735
680.3889172784183,34.37443748348735,1970.13,1911.03,84.16,13:48:00,4,normal,2.895593902206102,0.044039078402746165
676.2755403290995,34.40384627643513,1959.11,1900.33,83.68,13:49:00,4,normal,2.8969109233887536,0.04403445717322781
672.1496367144096,34.43257897032413,1948.04,1889.6,83.21,13:50:00,4,normal,2.8982236894783964,0.044035774767146485
441.0804133168717,34.46063243115976,1320.23,1280.62,56.39,13:51:00,4,normal,2.9931730363450715,0.044033358841811004
320.75743093731535,34.488003595993845,975.89,946.61,41.69,13:52:00,4,normal,3.0424548455456213,0.04404136867347693
659.7021002008992,34.51468947348188,1914.64,1857.2,81.78,13:53:00,4,normal,2.9022796795961914,0.044034029722162395
655.5314174183868,34.54068714442777,1903.44,1846.33,81.31,13:54:00,4,normal,2.9036594576902592,0.0440387146393115
651.3508645058234,34.56599376231607,1892.2,1835.44,80.83,13:55:00,4,normal,2.9050395157387294,0.04403848668439175
647.1609680640612,34.59060655383128,1880.94,1824.51,80.35,13:56:00,4,normal,2.906448461542275,0.04403922148960542
208.46272137212196,34.6145228193644,643.54,624.24,27.49,13:57:00,4,normal,3.087074733382338,0.044037549660387025
638.7552417993712,34.63773993350637,1858.33,1802.58,79.38,13:58:00,4,normal,2.9092990215862513,0.04403688047132443
634.5404556682723,34.66025534552833,1846.98,1791.57,78.89,13:59:00,4,normal,2.9107363975001963,0.044034003695083083
630.3184131858831,34.682066579848694,1835.61,1780.54,78.41,14:00:00,4,normal,2.9121947917118396,0.044037202197086275
626.089630825984,34.70317123648674,1824.21,1769.48,77.92,14:01:00,4,normal,2.9136563044389767,0.04403553586364356
621.8546227327479,34.72356699150273,1812.79,1758.41,77.43,14:02:00,4,normal,2.9151347175545173,0.044034098987153165
617.6139006223426,34.74325159742436,1801.35,1747.31,76.95,14:03:00,4,normal,2.916628006890483,0.044039122994774825
465.7602535509872,34.76222288365954,1387.51,1345.88,59.27,14:04:00,4,normal,2.9790219097089787,0.04403810146521235
609.1173484936841,34.78047875689527,1778.4,1725.05,75.97,14:05:00,4,normal,2.919634458611123,0.04403930320860265
203.12299688402996,34.79801720148257,627.02,608.21,26.78,14:06:00,4,normal,3.0868981337351364,0.04403084460959208
600.6040159551878,34.81483627980742,1755.38,1702.72,74.98,14:07:00,4,normal,2.922691079926066,0.04403542567186619
596.342307803924,34.8309341326475,1743.85,1691.53,74.49,14:08:00,4,normal,2.9242433031824633,0.04403705521037167
592.0778996054892,34.8463089795147,1732.3,1680.33,74.0,14:09:00,4,normal,2.9257974350237674,0.044038968535942344
298.9449455185043,34.86095911898339,910.74,883.42,38.9,14:10:00,4,normal,3.046514127945429,0.04403341558941387
583.5429482224449,34.87488292900412,1709.16,1657.89,73.01,14:11:00,4,normal,2.9289360880914512,0.044037903600359495
356.2421751641596,34.88807886720304,1076.75,1044.45,45.99,14:12:00,4,normal,3.0225225284003048,0.044032744506678156
575.0030599526264,34.90054547116658,1685.98,1635.4,72.02,14:13:00,4,normal,2.93212352667985,0.04403815580286168
570.7324681414874,34.91228135871158,1674.38,1624.14,71.52,14:14:00,4,normal,2.9337388241681617,0.04403561269348701
566.4620795969341,34.9232852281407,1662.76,1612.88,71.03,14:15:00,4,normal,2.935342117133659,0.04403923416497197
562.1923661546163,34.93355585848302,1651.14,1601.61,70.53,14:16:00,4,normal,2.9369662403880765,0.04403693783130725
557.9237959945469,34.94309210971986,1639.52,1590.33,70.03,14:17:00,4,normal,2.938609200343239,0.04403488584130338
553.6568335648691,34.95189292299568,1627.89,1579.05,69.54,14:18:00,4,normal,2.940250894255907,0.04403913745606536
435.64400886708006,34.95995732081401,1302.06,1263.0,55.62,14:19:00,4,normal,2.9888164958037406,0.04403800475059382
545.1295705837956,34.96728440721837,1604.62,1556.49,68.54,14:20:00,4,normal,2.9435570671419717,0.04403497613219488
540.8701796058607,34.97387336795825,1592.99,1545.2,68.05,14:21:00,4,normal,2.9452354004076042,0.04403960652342739
536.6142153641571,34.979723470639826,1581.36,1533.92,67.55,14:22:00,4,normal,2.94692155877171,0.044037498696151034
532.3621225607795,34.9848340648617,1569.72,1522.63,67.05,14:23:00,4,normal,2.9485944500508405,0.04403564884443364
528.1143417427947,34.989204582335404,1558.09,1511.35,66.55,14:24:00,4,normal,2.9502891265142535,0.04403348000132332
523.8713092375218,34.9928345369907,1546.47,1500.07,66.06,14:25:00,4,normal,2.9520036175503455,0.04403794489590486
519.6334570894973,34.99572352506571,1534.85,1488.8,65.56,14:26:00,4,normal,2.9537166613497146,0.04403546480386889
381.1907464970415,34.99787122518174,1147.68,1113.25,49.02,14:27:00,4,normal,3.0107761286091645,0.044033236020660234
511.17500026305976,34.99927739840285,1511.62,1466.27,64.57,14:28:00,4,normal,2.9571477463140674,0.044036909982472526
506.95523771620566,34.99994188828021,1500.02,1455.02,64.07,14:29:00,4,normal,2.95888056459871,0.044033758986130773
312.85971119861176,34.999864620881056,950.76,922.24,40.61,14:30:00,4,normal,3.038933956556752,0.044034090909090905
498.5367158855807,34.99904560480244,1476.85,1432.54,63.08,14:31:00,4,normal,2.9623695766852047,0.044033674452371316
494.33877146556034,34.9974849311696,1465.28,1421.32,62.59,14:32:00,4,normal,2.964121134289956,0.04403652942335294
237.81760345595364,34.99518277361909,730.09,708.19,31.19,14:33:00,4,normal,3.069957771798085,0.044041853174995406
485.9675177812336,34.99213938826658,1442.18,1398.91,61.6,14:34:00,4,normal,2.9676469048477054,0.04403428383527175
379.46544297108807,34.98835511365934,1142.81,1108.52,48.82,14:35:00,4,normal,3.0116312859800307,0.04404070291920759
244.51785631334985,34.98383037071352,750.02,727.52,32.04,14:36:00,4,normal,3.067342448147626,0.044040026391027054
473.4780890283454,34.97856566263607,1407.64,1365.41,60.13,14:37:00,4,normal,2.9729781221528286,0.044038054503775424
264.7498504496529,34.972561574831545,809.91,785.61,34.6,14:38:00,4,normal,3.0591518696778994,0.04404220923868077
465.2012187926933,34.965818774793505,1384.7,1343.16,59.15,14:39:00,4,normal,2.976561419150239,0.04403794037940379
302.3824956879721,34.95833801198094,920.4,892.79,39.32,14:40:00,4,normal,3.043826984448726,0.04404171193673764
456.9673357228983,34.95012011767941,1361.84,1320.98,58.17,14:41:00,4,normal,2.9801692452385913,0.0440354888037669
452.8674147013429,34.94116600484704,1350.44,1309.92,57.68,14:42:00,4,normal,2.981976525934392,0.0440332234029559
448.77931071911263,34.931476667945546,1339.06,1298.89,57.2,14:43:00,4,normal,2.9837828260271713,0.0440376013365258
444.7033699016204,34.921053182756104,1327.71,1287.88,56.71,14:44:00,4,normal,2.9856081376080486,0.04403360561543001
308.2829957985881,34.90989670618035,937.8,909.67,40.06,14:45:00,4,normal,3.0420101425662054,0.04403794782723405
436.5893364599499,34.898008476026284,1305.08,1265.92,55.75,14:46:00,4,normal,2.9892621990773707,0.044039117795753285
432.551910199607,34.88538981077949,1293.8,1254.99,55.27,14:47:00,4,normal,2.991086085836399,0.0440401915553112
238.3822964585224,34.87204210935934,732.16,710.19,31.27,14:48:00,4,normal,3.0713690189128324,0.044030470719103335
424.5178652805125,34.85796685086056,1271.33,1233.19,54.31,14:49:00,4,normal,2.994762067692797,0.04404025332673797
420.52188150310633,34.84316559428005,1260.14,1222.33,53.83,14:50:00,4,normal,2.9966098208630116,0.04403884384740618
416.5403379453432,34.82763997822912,1248.98,1211.51,53.35,14:51:00,4,normal,2.9984611002161485,0.04403595513037449
412.5735387850826,34.81139172063112,1237.85,1200.71,52.88,14:52:00,4,normal,3.000313601413055,0.04404060930616052
147.66792867843893,34.79442261840466,459.22,445.44,19.62,14:53:00,4,normal,3.10981540886915,0.044046336206896554
404.6853636663429,34.77673454713238,1215.68,1179.21,51.93,14:54:00,4,normal,3.004012769293802,0.04403795761569186
400.7645693169855,34.75832946071547,1204.65,1168.51,51.46,14:55:00,4,normal,3.005879491924796,0.04403898982464848
396.85968255754153,34.739209391013986,1193.65,1157.84,50.99,14:56:00,4,normal,3.0077381312900946,0.04403890002072826
225.42608840198213,34.71937644747293,694.02,673.2,29.65,14:57:00,4,normal,3.078703112491649,0.04404337492572786
389.09873582539547,34.69883281673448,1171.76,1136.61,50.05,14:58:00,4,normal,3.011472133196076,0.04403445333051795
385.24321435896894,34.67758076223613,1160.87,1126.04,49.59,14:59:00,4,normal,3.0133431472158345,0.044039288124755785
237.5075049033261,34.655622623795125,730.23,708.33,31.19,15:00:00,4,normal,3.0745554768773697,0.044033148391286546
377.5833809184475,34.6329608171791,1139.2,1105.03,48.66,15:01:00,4,normal,3.017081941554124,0.04403500357456359
208.8731355135193,34.609597833663194,644.79,625.45,27.54,15:02:00,4,normal,3.0869934442012816,0.04403229674634263
187.92488152449025,34.585536239573585,581.81,564.35,24.85,15:03:00,4,normal,3.0959710884488643,0.04403295827057677
194.21335972788336,34.5607786758177,600.83,582.81,25.67,15:04:00,4,normal,3.0936594724576945,0.04404522914843603
200.6452761185567,34.53532785740121,620.27,601.66,26.5,15:05:00,4,normal,3.091376044325592,0.044044809360768544
358.74407387611103,34.50918657293177,1085.74,1053.17,46.38,15:06:00,4,normal,3.0265029559065284,0.04403847432038512
355.03128600357786,34.48235768410991,1075.17,1042.92,45.93,15:07:00,4,normal,3.028380997355723,0.04403981129904499
351.3373768535838,34.454844125206925,1064.65,1032.71,45.48,15:08:00,4,normal,3.0302782172922123,0.04403946896999157
170.33197687546414,34.42664890253011,528.93,513.06,22.59,15:09:00,4,normal,3.1052889169877935,0.044029938018945156
344.0070390657989,34.39777509387535,1043.73,1012.42,44.58,15:10:00,4,normal,3.034036753533883,0.044033108788842576
340.3710191468122,34.36822584796725,1033.34,1002.34,44.14,15:11:00,4,normal,3.0359223960671264,0.04403695352874274
336.7546954103477,34.33800438388694,1023.0,992.31,43.7,15:12:00,4,normal,3.037819558101299,0.04403865727444045
131.8325949102008,34.307113990487736,411.68,399.33,17.59,15:13:00,4,normal,3.1227482117030334,0.04404878170936318
329.5818949841632,34.275558025798745,1002.46,972.39,42.82,15:14:00,4,normal,3.0416112512738884,0.04403582924546735
326.025784221398,34.24333991641657,992.26,962.49,42.38,15:15:00,4,normal,3.0435016125171708,0.04403162630261094
322.4901015281564,34.2104631568854,982.11,952.65,41.95,15:16:00,4,normal,3.0453957977195545,0.04403506009552302
155.16057193114943,34.17693130906533,483.3,468.8,20.64,15:17:00,4,normal,3.114837706414606,0.04402730375426621
231.9538511849947,34.14274800148955,715.26,693.8,30.55,15:18:00,4,normal,3.0836306288768824,0.04403286249639666
312.0072927416315,34.10791692871004,951.96,923.4,40.66,15:19:00,4,normal,3.0510825296263304,0.044032921810699586
308.554966967187,34.07244185063233,942.01,913.75,40.24,15:20:00,4,normal,3.0529730545552267,0.04403830369357045
184.29752385742492,34.03632659183932,572.19,555.02,24.44,15:21:00,4,normal,3.1047080179039956,0.04403444920903751
301.71413173390806,33.999575040904354,922.26,894.6,39.4,15:22:00,4,normal,3.056734514554898,0.04404202995752291
158.0574977458967,33.96219114969371,492.59,477.81,21.04,15:23:00,4,normal,3.116524094237649,0.044034239551286075
294.95931667225113,33.92417893265871,902.73,875.65,38.56,15:24:00,4,normal,3.0605237704801276,0.04403585907611489
291.6144969122848,33.88554246611767,893.05,866.25,38.15,15:25:00,4,normal,3.062433484809303,0.04404040404040404
288.2915682818813,33.8462858875277,883.41,856.91,37.74,15:26:00,4,normal,3.064293573567968,0.04404196473375267
284.9906489439003,33.806413394746755,873.84,847.62,37.33,15:27:00,4,normal,3.0662058675897583,0.044040961751728364
281.7118520593341,33.765929245285975,864.32,838.39,36.92,15:28:00,4,normal,3.068099526809959,0.04403678478989492
278.4552858195423,33.72483775555253,854.85,829.2,36.52,15:29:00,4,normal,3.0699722488083783,0.04404245055475157
161.31969367132447,33.68314330008322,503.13,488.04,21.49,15:30:00,4,normal,3.1188380572125665,0.0440332759609868
272.0092533919622,33.64085031076892,836.08,811.0,35.71,15:31:00,4,normal,3.0737189620355245,0.04403205918618989
268.81997904275465,33.597963276070104,826.79,801.98,35.32,15:32:00,4,normal,3.075627053257461,0.044040998528641614
265.6533190867772,33.55448674022373,817.55,793.02,34.92,15:33:00,4,normal,3.0775071917431704,0.04403419838087312
262.5093573850881,33.51042530244154,808.37,784.11,34.53,15:34:00,4,normal,3.0793949901532907,0.044037188659754374
259.3881730428122,33.46578361610004,799.24,775.26,34.14,15:35:00,4,normal,3.081250739477952,0.04403683925392771
256.28984044792736,33.42056638792236,790.17,766.47,33.75,15:36:00,4,normal,3.083110897486183,0.04403303456103957
253.21442931089464,33.374778377152225,781.17,757.73,33.37,15:37:00,4,normal,3.085013765313057,0.04403943357132487
76.38509338394222,33.32842439472019,241.27,234.03,10.31,15:38:00,4,normal,3.158600576519294,0.04405418108789472
109.92739403128571,33.28150930240228,345.76,335.39,14.77,15:39:00,4,normal,3.1453488281692144,0.044038283789021734
244.1263524438159,33.23403801197147,754.5,731.86,32.23,15:40:00,4,normal,3.0906126784229215,0.044038477304402475
241.14323212486656,33.18601548434195,745.73,723.36,31.85,15:41:00,4,normal,3.0924774186233557,0.04403063481530635
87.93731898844607,33.13744672870651,277.56,269.23,11.86,15:42:00,4,normal,3.1563391196457573,0.04405155443301266
181.04879120010912,33.088336801667275,564.61,547.67,24.12,15:43:00,4,normal,3.118551613945599,0.0440411196523454
232.3332446212951,33.03869080635995,719.78,698.19,30.75,15:44:00,4,normal,3.09804996341891,0.04404245262750827
229.4431671285288,32.9885138915718,711.25,689.91,30.38,15:45:00,4,normal,3.099896191729144,0.04403472916757258
226.5764349265417,32.93781125085355,702.79,681.7,30.02,15:46:00,4,normal,3.101778877524714,0.04403696640751063
223.7330732994189,32.88658812162553,694.38,673.55,29.66,15:47:00,4,normal,3.103609089885074,0.04403533516442729
173.53694483850882,32.83484978427811,542.3,526.03,23.16,15:48:00,4,normal,3.1249829856383444,0.0440279071535844
131.8620539897411,32.7826015612668,414.43,401.99,17.7,15:49:00,4,normal,3.142905691672623,0.04403094604343391
215.3434021086486,32.729848816202086,669.53,649.45,28.6,15:50:00,4,normal,3.109127066090456,0.04403726229886827
90.31489775673326,32.6765969529344,285.52,276.96,12.2,15:51:00,4,normal,3.1613831947090207,0.04404968226458694
102.00794287432078,32.622851414634226,322.07,312.41,13.76,15:52:00,4,normal,3.157303156253307,0.04404468486924234
71.74693195449048,32.56861768286774,227.47,220.65,9.72,15:53:00,4,normal,3.1704491579414937,0.04405166553365058
163.31702440319927,32.513901276668136,511.75,496.39,21.86,15:54:00,4,normal,3.1334761447562545,0.044037954028082756
201.82919393416776,32.4587077516028,629.36,610.48,26.88,15:55:00,4,normal,3.1182803029242807,0.0440309264840781
199.1966295632552,32.403042698836664,621.52,602.87,26.55,15:56:00,4,normal,3.1201331135105144,0.04403934513244978
137.60885259342248,32.346911744191885,432.95,419.96,18.49,15:57:00,4,normal,3.146236538133117,0.044028002666920654
75.628526025619,32.290320547204075,239.94,232.74,10.25,15:58:00,4,normal,3.1726124071057638,0.044040560281859584
191.43926579904772,32.23327480017535,598.35,580.4,25.56,15:59:00,4,normal,3.125534343764582,0.044038594073053064
64.3853454533039,32.17578022722432,204.66,198.52,8.74,16:00:00,4,normal,3.1786736338695527,0.044025790852307074
79.9931362115062,32.11784258333339,253.82,246.21,10.84,16:01:00,4,normal,3.1730222369190044,0.04402745623654604
183.89190213522903,32.05946765339344,575.76,558.49,24.59,16:02:00,4,normal,3.13096984323215,0.04402943651632079
88.1923703845512,32.000661251246214,279.68,271.29,11.95,16:03:00,4,normal,3.1712493811028355,0.0440488038630248
178.9765738051684,31.941429218724565,561.01,544.18,23.96,16:04:00,4,normal,3.134544304165238,0.04402954904627146
79.14265748100043,31.88177742469085,251.4,243.86,10.74,16:05:00,4,normal,3.1765423098201238,0.044041663249405394
174.15387048951956,31.82171176407356,546.51,530.12,23.34,16:06:00,4,normal,3.138087017324651,0.04402776729797027
171.77713688496036,31.7612381569027,539.36,523.18,23.04,16:07:00,4,normal,3.1398823486108687,0.04403838067204404
169.42341356404526,31.700362547343687,532.27,516.3,22.74,16:08:00,4,normal,3.141655505593929,0.04404416037187682
167.09264532241164,31.63909090273038,525.25,509.49,22.44,16:09:00,4,normal,3.143465704229591,0.044044044044044044
164.78477390893974,31.57742921259732,518.28,502.73,22.14,16:10:00,4,normal,3.1451935012296834,0.04403954408927257
162.49973808054037,31.515383487711347,511.38,496.04,21.84,16:11:00,4,normal,3.146958918460181,0.04402870736230949
160.23747365701124,31.45295975910289,504.54,489.41,21.55,16:12:00,4,normal,3.1487016643807633,0.04403261069450971
99.07129442691036,31.39016407709705,314.53,305.09,13.44,16:13:00,4,normal,3.1747843996531593,0.04405257465010325
155.7809879476797,31.32700251034484,491.06,476.32,20.98,16:14:00,4,normal,3.152246024816112,0.044046019482700705
88.83830494970815,31.26348114485468,282.57,274.09,12.07,16:15:00,4,normal,3.1807225516061393,0.044036630303914776
151.41474668432156,31.1996060830244,477.82,463.49,20.41,16:16:00,4,normal,3.1557031957804447,0.044035470020928176
149.26527762817915,31.13538344267389,471.3,457.16,20.13,16:17:00,4,normal,3.157465738106967,0.044032723772858516
147.1381362925561,31.0708193560788,464.83,450.89,19.86,16:18:00,4,normal,3.1591401910635475,0.0440462196988179
145.03323947550166,31.005919969005276,458.43,444.68,19.58,16:19:00,4,normal,3.1608616180529836,0.044031663218494194
61.0179444353271,30.940691439746114,195.04,189.19,8.33,16:20:00,4,normal,3.196436749958413,0.04402981130080871
140.88983415429877,30.8751399381584,445.82,432.45,19.04,16:21:00,4,normal,3.164316309094025,0.04402821135391374
55.75325291053597,30.80927164470293,178.43,173.08,7.62,16:22:00,4,normal,3.200351381942079,0.04402588398428472
136.8343470735386,30.74309274948573,433.46,420.45,18.52,16:23:00,4,normal,3.1677719028179854,0.04404804376263527
134.8393393033694,30.676609451301527,427.37,414.55,18.26,16:24:00,4,normal,3.1694756308355836,0.04404776263418164
130.91430849760235,30.54275447893308,415.37,402.91,17.74,16:26:00,4,normal,3.1728388192770187,0.04402968404854681
92.93112906707208,30.475395237208787,296.39,287.5,12.66,16:27:00,4,normal,3.189351113834887,0.04403478260869565
52.48043019110841,30.40775645554301,168.3,163.25,7.19,16:28:00,4,normal,3.206909687804246,0.04404287901990812
125.18769951708492,30.33984436191824,397.83,385.9,16.99,16:29:00,4,normal,3.177868125499873,0.044026949987043276
123.32132558589508,30.27166518732416,392.11,380.34,16.75,16:30:00,4,normal,3.17957983452659,0.044039543566282806
121.47601844735192,30.203225164822104,386.44,374.85,16.51,16:31:00,4,normal,3.1812040346670094,0.04404428438041884
117.8481569335556,30.0655875131105,375.29,364.03,16.03,16:33:00,4,normal,3.1845215891801657,0.044034832294041704
116.0653743023656,29.99640235201517,369.8,358.71,15.8,16:34:00,4,normal,3.186135419135618,0.04404672297956567
114.30320205574588,29.926981277397232,364.38,353.45,15.56,16:35:00,4,normal,3.1878372035657514,0.044023199886829824
112.56152185011976,29.857330518780515,359.01,348.24,15.34,16:36:00,4,normal,3.1894558113565346,0.04405008040431886
110.84021374798569,29.78745630223245,353.7,343.09,15.11,16:37:00,4,normal,3.191080096653349,0.04404092220700108
109.13915626868902,29.717364849458757,348.45,338.0,14.88,16:38:00,4,normal,3.1927129722549172,0.04402366863905326
107.4582264388459,29.647062376903115,343.26,332.96,14.66,16:39:00,4,normal,3.19435757852702,0.04402931283037002
105.79729984240429,29.57655509485214,338.12,327.98,14.44,16:40:00,4,normal,3.1959227740562732,0.04402707482163546
76.14444844002252,29.505849206545573,244.36,237.03,10.44,16:41:00,4,normal,3.2091637014414465,0.04404505758764713
102.5349517699369,29.43495090729228,328.03,318.19,14.01,16:42:00,4,normal,3.199201777907091,0.044030296363807786
100.93327469376112,29.363866383591848,323.06,313.37,13.8,16:43:00,4,normal,3.200728411717419,0.044037399878737594
99.35108974811598,29.29260181226213,318.16,308.61,13.59,16:44:00,4,normal,3.2023805758611052,0.04403616214639836
52.4200477674116,29.149557180385223,168.98,163.91,7.22,16:46:00,4,normal,3.2235758492584043,0.04404856323592215
94.72017307099998,29.07778941729872,303.78,294.66,12.98,16:47:00,4,normal,3.207130964301488,0.044050770379420345
93.21463646036035,29.005866199803293,299.1,290.12,12.78,16:48:00,4,normal,3.2087235584209215,0.04405073762581001
91.72792648675622,28.933793643439145,294.47,285.63,12.58,16:49:00,4,normal,3.2102546223206727,0.04404299268284144
90.259906974084,28.861577848963,289.9,281.2,12.38,16:50:00,4,normal,3.211835794194181,0.044025604551920346
87.3793900785458,28.71674086983175,280.92,272.49,12.0,16:52:00,4,normal,3.214945764069531,0.04403831333259936
84.57197879674932,28.571403741561912,272.15,263.99,11.63,16:54:00,4,normal,3.217968928621788,0.04405469904163037
60.6473841770326,28.49856269299567,195.82,189.94,8.36,16:55:00,4,normal,3.2288284590872394,0.0440138991260398
81.83655358357761,28.425614654622212,263.6,255.69,11.26,16:56:00,4,normal,3.2210545099604175,0.04403770190465016
58.46189549070155,28.35256560097878,188.93,183.26,8.07,16:57:00,4,normal,3.2316776323143612,0.044035796136636475
79.17198370984129,28.27942148541428,255.25,247.6,10.9,16:58:00,4,normal,3.2239939943335254,0.04402261712439419
77.86591344755932,28.206188239323865,251.16,243.63,10.73,16:59:00,4,normal,3.2255448999407137,0.044042195131962406
54.22287784411792,28.132871771391628,175.48,170.22,7.5,17:00:00,4,normal,3.236272344387121,0.04406062742333451
75.30548531884249,28.05947796684169,243.13,235.83,10.39,17:01:00,4,normal,3.228582871096184,0.04405715981851334
74.05083922050214,27.98601268669784,239.19,232.01,10.22,17:02:00,4,normal,3.230078180312864,0.04404982543855869
72.81304556501327,27.91248176705171,235.3,228.24,10.05,17:03:00,4,normal,3.2315637695707355,0.044032597266035756
71.5919592250716,27.8388910183397,231.46,224.51,9.89,17:04:00,4,normal,3.233044639445241,0.044051489911362526
70.38743473825157,27.76524622462867,227.67,220.84,9.72,17:05:00,4,normal,3.2345261742615303,0.0440137656221699
68.02748802441732,27.617817502406385,220.23,213.62,9.41,17:07:00,4,normal,3.237367811096481,0.044050182567175356
65.73203644110279,27.470241318953477,212.99,206.6,9.1,17:09:00,4,normal,3.2402769111047287,0.04404646660212972
64.6081301634607,27.396412089452618,209.44,203.16,8.95,17:10:00,4,normal,3.24169728283592,0.044053947627485726
63.49990800019981,27.32256292673362,205.94,199.76,8.8,17:11:00,4,normal,3.243154305032253,0.04405286343612335
58.18892046385235,26.953212298864745,189.13,183.45,8.08,17:16:00,4,normal,3.250275112381399,0.044044698828018536
57.17171997455346,26.87935958873155,185.9,180.32,7.94,17:17:00,4,normal,3.2516076144419332,0.044032830523513755
56.16917623122063,26.80552531854628,182.72,177.24,7.8,17:18:00,4,normal,3.253029726621455,0.04400812457684495
55.18114278567493,26.73171483338625,179.58,174.19,7.67,17:19:00,4,normal,3.254372615976687,0.04403237843733854
54.207473361430885,26.65793344237097,176.49,171.19,7.54,17:20:00,4,normal,3.2558241337544844,0.04404462877504527
53.24802188293872,26.584186418101787,173.44,168.23,7.41,17:21:00,4,normal,3.2572101998698315,0.04404684063484516
51.37118963715344,26.43681637432624,167.46,162.44,7.15,17:23:00,4,normal,3.259803815773172,0.044016252154641715
50.45351797864023,26.36320371253296,164.54,159.6,7.03,17:24:00,4,normal,3.261219565891498,0.04404761904761905
51.80653870187507,15.313453372260708,176.48,171.18,7.54,06:36:00,5,normal,3.4065198027524763,0.0440472017759084
52.74588523734354,15.318999529532691,179.65,174.26,7.67,06:37:00,5,normal,3.4059528850756617,0.04401469069206932
54.66685872890052,15.330351218149382,186.15,180.56,7.95,06:39:00,5,normal,3.4051709633278926,0.044029685423128045
56.64518619928173,15.34205611062194,192.83,187.04,8.24,06:41:00,5,normal,3.4041727627412253,0.04405474764756202
57.6562260760325,15.348043808682627,196.24,190.35,8.38,06:42:00,5,normal,3.4036220085097852,0.044024166009981616
59.72279652891555,15.360295393147789,203.21,197.12,8.68,06:44:00,5,normal,3.4025533265444676,0.044034090909090905
62.9360979406364,15.379380582425629,214.05,207.63,9.14,06:47:00,5,normal,3.4010688143058965,0.044020613591484854
64.03804281376082,15.385935753705455,217.76,211.23,9.3,06:48:00,5,normal,3.4004786909759614,0.04402783695497799
65.15565669026957,15.39258962842792,221.53,214.88,9.46,06:49:00,5,normal,3.4000117756941215,0.04402457185405809
66.28908759738309,15.39934341051752,225.34,218.58,9.63,06:50:00,5,normal,3.3993528673774627,0.0440570958001647
67.43848347883578,15.406198313421132,229.21,222.33,9.79,06:51:00,5,normal,3.3988012211444967,0.04403364368281383
68.60399216021747,15.41315556009024,233.13,226.14,9.96,06:52:00,5,normal,3.3981987441131585,0.04404351286813479
69.78576131374608,15.420216382961124,237.11,230.0,10.13,06:53:00,5,normal,3.3976845066429786,0.044043478260869566
55.24466490679334,15.427382023932902,188.03,182.39,8.03,06:54:00,5,normal,3.4035865783100854,0.04402653654257361
73.43010527319134,15.442032774943156,249.36,241.88,10.65,06:56:00,5,normal,3.3958823710285357,0.044030097569042505
52.30501167141632,15.449520415866404,178.07,172.73,7.61,06:57:00,5,normal,3.4044538813727447,0.04405719909685637
75.94366739781546,15.457117936600904,257.8,250.07,11.01,06:58:00,5,normal,3.3946214191838684,0.044027672251769505
77.22608733102048,15.464826625954696,262.11,254.24,11.2,06:59:00,5,normal,3.3940603371046953,0.04405286343612334
78.52579406999627,15.472647782020871,266.47,258.47,11.38,07:00:00,5,normal,3.393407263891839,0.04402832050141216
79.84293272433133,15.48058271213996,270.88,262.76,11.57,07:01:00,5,normal,3.3926609501588616,0.044032577256812304
81.17764790801833,15.488632732859948,275.36,267.1,11.76,07:02:00,5,normal,3.3920667461566265,0.044028453762635714
82.53008369869252,15.496799169893915,279.89,271.5,11.96,07:03:00,5,normal,3.3913693947269574,0.04405156537753223
65.72273603411492,15.50508335807524,223.34,216.64,9.54,07:04:00,5,normal,3.398215191225,0.04403618906942393
85.28869048146737,15.513486641310353,289.13,280.46,12.35,07:05:00,5,normal,3.3900157027598623,0.044034799971475434
86.69514657277841,15.522010372528994,293.84,285.02,12.55,07:06:00,5,normal,3.3893477503187404,0.04403199775454355
88.11989338429603,15.530655913631977,298.61,289.65,12.76,07:07:00,5,normal,3.3886786346613498,0.044053167616088386
89.56307168200286,15.53942463543638,303.43,294.33,12.96,07:08:00,5,normal,3.387891843162101,0.044032208745285906
91.02482143996588,15.548317917618183,308.32,299.07,13.17,07:09:00,5,normal,3.3872079628670084,0.04403651319089177
92.5052817959657,15.557337148652302,313.27,303.87,13.38,07:10:00,5,normal,3.386509331337037,0.04403198736301708
94.00459100663444,15.566483725749949,318.28,308.73,13.6,07:11:00,5,normal,3.3857920830434454,0.04405143653030155
95.52288640211016,15.57575905479338,323.34,313.64,13.81,07:12:00,5,normal,3.384947965651687,0.04403137354929219
97.06030434021476,15.585164550267931,328.48,318.62,14.03,07:13:00,5,normal,3.384287760407338,0.0440336450944699
98.6169801601632,15.594701635191306,333.67,323.66,14.25,07:14:00,5,normal,3.383494398815384,0.04402768337143916
50.10728171279566,15.614176307673812,170.53,165.41,7.28,07:16:00,5,normal,3.403297767726493,0.04401184934405417
66.16591796194525,15.624116783255335,224.73,217.99,9.6,07:17:00,5,normal,3.3964616062494812,0.044038717372356526
105.03893076076044,15.634194624169574,355.06,344.41,15.17,07:18:00,5,normal,3.3802705094998964,0.044046340117882755
62.23460278415962,15.644411294938472,211.46,205.12,9.03,07:19:00,5,normal,3.397788216522887,0.04402301092043681
108.36888937476832,15.654768268133438,366.14,355.16,15.64,07:20:00,5,normal,3.378644942404004,0.04403649059578781
110.06406437266077,15.665267024284812,371.78,360.62,15.88,07:21:00,5,normal,3.377850910004627,0.044035272586101716
111.77953759330724,15.67590905178838,377.48,366.15,16.12,07:22:00,5,normal,3.377004486933944,0.044025672538577094
113.51543305223927,15.686695846808911,383.24,371.74,16.37,07:23:00,5,normal,3.376104814079639,0.044036154301393446
115.27187325960811,15.697628913180738,389.07,377.4,16.62,07:24:00,5,normal,3.3752379396469148,0.04403815580286169
52.95524906683828,15.70870976230524,180.09,174.69,7.69,07:25:00,5,normal,3.4007960150030954,0.04402083691109966
118.8468701279074,15.719939913045357,400.93,388.9,17.13,07:26:00,5,normal,3.373500703623952,0.04404731293391617
120.66566382284071,15.731320891616978,406.95,394.75,17.38,07:27:00,5,normal,3.3725418408792502,0.04402786573780874
122.50547623080406,15.742854231477262,413.05,400.66,17.64,07:28:00,5,normal,3.3716860070957253,0.044027354864473615
124.36642156543634,15.754541473209818,419.21,406.63,17.91,07:29:00,5,normal,3.3707651528707,0.04404495487298035
126.24861222485644,15.766384164406752,425.43,412.67,18.17,07:30:00,5,normal,3.3697796158129907,0.0440303390118012
99.8411840129464,15.77838385954754,337.52,327.39,14.42,07:31:00,5,normal,3.3805688838408985,0.04404532820183879
130.07716971598657,15.790542119874722,438.09,424.95,18.71,07:32:00,5,normal,3.3679238328796326,0.04402870925991293
132.02375178995467,15.802860513266362,444.52,431.18,18.99,07:33:00,5,normal,3.3669699124080057,0.04404193144394452
133.99200956634047,15.815340614105295,451.01,437.48,19.27,07:34:00,5,normal,3.3659469804182724,0.04404772789613239
135.98204556865196,15.827984003145117,457.58,443.85,19.55,07:35:00,5,normal,3.3650030640919133,0.044046412076151856
87.11837132498933,15.840792267372862,294.89,286.05,12.6,07:36:00,5,normal,3.3849347217469474,0.04404824331410592
77.0510423433902,15.853766999868451,261.12,253.29,11.15,07:37:00,5,normal,3.3889223566409044,0.044020687749220265
142.08381579967377,15.866909799660766,477.68,463.35,20.4,07:38:00,5,normal,3.361959258424539,0.04402719326642926
144.16194640490448,15.880222271580395,484.52,469.98,20.7,07:39:00,5,normal,3.3609424129106813,0.04404442742244351
146.26233472529404,15.893706026109076,491.42,476.68,20.99,07:40:00,5,normal,3.3598533820957512,0.04403373332214483
148.38506965096738,15.907362679225688,498.4,483.45,21.29,07:41:00,5,normal,3.3588284938123536,0.04403764608542766
150.53023760807852,15.921193852248924,505.44,490.28,21.59,07:42:00,5,normal,3.3577306993692972,0.04403606102635229
152.69792250368,15.935201171676532,512.56,497.18,21.89,07:43:00,5,normal,3.3566926883870822,0.04402831972323907
154.88820567049984,15.949386269021115,519.74,504.15,22.2,07:44:00,5,normal,3.3555815160365707,0.044034513537637605
157.10116581164283,15.963750780642536,526.99,511.18,22.51,07:45:00,5,normal,3.35446269464249,0.04403536914589773
91.41016791849646,15.978296347576832,309.09,299.82,13.2,07:46:00,5,normal,3.3813525020060373,0.044026415849509705
125.51063658663024,15.993024615361694,422.61,409.93,18.05,07:47:00,5,normal,3.3671249823380918,0.044031907886712365
79.18037606915473,16.007937233858442,268.11,260.06,11.45,07:48:00,5,normal,3.386066261744419,0.044028301161270475
166.181255043761,16.023035857070532,556.7,540.0,23.78,07:49:00,5,normal,3.3499566473571436,0.04403703703703704
168.50868468955022,16.038322142958545,564.3,547.37,24.1,07:50:00,5,normal,3.348788823790481,0.044028719147925534
170.85920520441823,16.053797753251676,571.97,554.81,24.43,07:51:00,5,normal,3.347610094028516,0.04403309241001424
173.23287533313797,16.06946435325567,579.71,562.32,24.76,07:52:00,5,normal,3.346420238567191,0.044031867975529944
175.62975074790506,16.08532361165726,587.52,569.9,25.1,07:53:00,5,normal,3.345219118617966,0.044042814528864715
178.0498839931792,16.101377200325047,595.4,577.54,25.43,07:54:00,5,normal,3.344006671876342,0.044031582228070784
180.49332443063565,16.11762679410681,603.35,585.25,25.77,07:55:00,5,normal,3.3427829084718863,0.04403246475865015
182.96011818424893,16.134074070623296,611.37,593.03,26.12,07:56:00,5,normal,3.3415479070926453,0.04404498929227864
101.29391007427634,16.150720710058412,341.87,331.61,14.6,07:57:00,5,normal,3.3750301449446973,0.04402762280992732
79.39848892606544,16.167568394945864,268.67,260.61,11.48,07:58:00,5,normal,3.3838175465805285,0.0440504969110932
190.5010308674168,16.18461880995222,635.85,616.78,27.16,07:59:00,5,normal,3.337777213617984,0.04403515029670223
146.75400350327138,16.201873641656377,492.45,477.67,21.04,08:00:00,5,normal,3.3556154397452094,0.04404714551887286
195.6457675094996,16.219334578325487,652.52,632.94,27.87,08:01:00,5,normal,3.335211429852766,0.04403260972604038
198.2534615752832,16.237003309687246,660.96,641.13,28.23,08:02:00,5,normal,3.333914044920786,0.044031631650367324
200.88473659345203,16.254881526698643,669.46,649.38,28.6,08:03:00,5,normal,3.3325578207310227,0.04404200930117959
203.53961083191467,16.2729709213111,678.04,657.7,28.96,08:04:00,5,normal,3.3312434726031444,0.044032233541128174
206.21809883595043,16.291273186232033,686.68,666.08,29.33,08:05:00,5,normal,3.329872614848729,0.04403374969973576
208.92021137575452,16.309790014682832,695.4,674.54,29.7,08:06:00,5,normal,3.3285434445080315,0.04403000563346873
73.40977001374931,16.32852310015326,248.43,240.98,10.61,08:07:00,5,normal,3.384154451832096,0.04402855008714416
214.39533395587625,16.34747413615227,713.03,691.64,30.46,08:08:00,5,normal,3.3257720065248506,0.04404025215429993
217.16834619431484,16.366644815955276,721.95,700.29,30.84,08:09:00,5,normal,3.324379508577294,0.04403889817075783
219.96498726261183,16.386036832347802,730.94,709.01,31.22,08:10:00,5,normal,3.3229833942951355,0.044033229432589104
222.78524828228228,16.405651877365635,739.99,717.79,31.61,08:11:00,5,normal,3.3215394901837856,0.04403794981819195
225.62911629348145,16.425491642031385,749.11,726.64,32.0,08:12:00,5,normal,3.320094552981424,0.04403831333259936
116.4109025136595,16.44555781608751,391.71,379.96,16.73,08:13:00,5,normal,3.364891015719402,0.04403095062638173
231.38760074826172,16.465852087725818,767.56,744.53,32.79,08:14:00,5,normal,3.3172045412885685,0.04404120720454515
234.3021704231702,16.48637614331343,776.88,753.58,33.19,08:15:00,5,normal,3.315718324746573,0.04404310093155338
237.2402534561236,16.50713166711524,786.27,762.68,33.59,08:16:00,5,normal,3.3142352048001698,0.04404206220170977
240.201815749925,16.52812034101288,795.73,771.86,33.99,08:17:00,5,normal,3.312755973620272,0.04403648330008033
103.1117504243718,16.549343844220196,347.39,336.96,14.84,08:18:00,5,normal,3.369063162736202,0.044040835707502377
195.52484550752845,16.570803852995247,651.22,631.68,27.82,08:19:00,5,normal,3.3306253141876314,0.04404128672745694
249.2269714056808,16.592502040348855,824.49,799.75,35.22,08:20:00,5,normal,3.3081892996963442,0.04403876211316036
252.2820216941362,16.61444007574974,834.2,809.18,35.63,08:21:00,5,normal,3.3066169138733734,0.04403223015892633
255.3603143050545,16.63661962482621,843.98,818.66,36.05,08:22:00,5,normal,3.305055455844161,0.044035374880902936
112.0181356594232,16.659042349064453,376.82,365.51,16.1,08:23:00,5,normal,3.363919581251316,0.04404804246121858
173.71260546215058,16.681709905503467,579.88,562.48,24.77,08:24:00,5,normal,3.338157288339949,0.04403712131986915
264.7340129561477,16.70462394642665,873.7,847.49,37.32,08:25:00,5,normal,3.300293718377342,0.044035917827938975
267.9046184010715,16.727786119050002,883.73,857.22,37.75,08:26:00,5,normal,3.2986740029878687,0.04403770327337206
271.09811445837084,16.751198065207085,893.83,867.01,38.18,08:27:00,5,normal,3.2970719910235835,0.0440364009642334
274.3144165563005,16.774861421030653,903.98,876.86,38.61,08:28:00,5,normal,3.2954155722051395,0.044032114590698626
277.55343528863665,16.798777816631056,914.2,886.77,39.05,08:29:00,5,normal,3.293780165427585,0.044036221342625484
280.81507637733466,16.82294887577139,924.47,896.74,39.49,08:30:00,5,normal,3.2920953245322853,0.04403729063050606
284.0992406361078,16.847376215539494,934.81,906.76,39.93,08:31:00,5,normal,3.2904347012928605,0.04403590806828709
287.4058239349499,16.872061446016712,945.2,916.85,40.37,08:32:00,5,normal,3.288729459476549,0.04403119376124775
131.14223123374953,16.897006169943573,439.7,426.51,18.78,08:33:00,5,normal,3.352848246239408,0.04403179292396427
209.1026989711585,16.92221198238236,694.3,673.47,29.66,08:34:00,5,normal,3.3203779932834085,0.044040566023727856
142.7714363989648,16.947680470376586,477.91,463.58,20.41,08:35:00,5,normal,3.3473782435340493,0.044026920919798096
300.85408999606574,16.97341321260745,987.36,957.74,42.18,08:36:00,5,normal,3.2818566635172277,0.04404118027857247
304.2710311553814,16.999411779047307,998.04,968.1,42.63,08:37:00,5,normal,3.2801019413850576,0.044034707158351415
307.70966089465486,17.025677730610155,1008.77,978.51,43.09,08:38:00,5,normal,3.2783176097462694,0.0440363409673892
311.16983956860344,17.052212618799224,1019.56,988.98,43.55,08:39:00,5,normal,3.276538630522442,0.04403526866064025
167.10398371611265,17.07901798535167,557.4,540.67,23.81,08:40:00,5,normal,3.3356475866365227,0.04403795291027799
318.1542591593953,17.106095361880442,1041.31,1010.07,44.48,08:41:00,5,normal,3.272972056860957,0.04403655192214401
321.67819472896224,17.133446269513335,1052.26,1020.69,44.95,08:42:00,5,normal,3.2711573779087115,0.04403883647336606
325.22306849025904,17.161072218529338,1063.26,1031.36,45.42,08:43:00,5,normal,3.269325281677694,0.04403893887682284
169.88787346130516,17.1889747079922,566.24,549.25,24.19,08:44:00,5,normal,3.3330218835717593,0.04404187528447884
332.37496189080827,17.21715522538143,1085.41,1052.85,46.36,08:45:00,5,normal,3.265619028055966,0.04403286318088997
268.07107105469146,17.2456152462206,882.43,855.96,37.69,08:46:00,5,normal,3.2917763059183955,0.04403243142202906
146.53283207558724,17.274356233703152,489.64,474.96,20.92,08:47:00,5,normal,3.3415036962325613,0.04404581438436921
343.255519309073,17.303379638315675,1119.01,1085.44,47.8,08:48:00,5,normal,3.259991280700791,0.044037441037735846
346.92235295618667,17.332686897458707,1130.31,1096.4,48.28,08:49:00,5,normal,3.2581065773606936,0.044035023713973
350.6088517303574,17.362279435065155,1141.65,1107.4,48.77,08:50:00,5,normal,3.2561927468905103,0.04404009391367166
161.10087356295412,17.39215866121636,537.11,520.99,22.94,08:51:00,5,normal,3.3339980604767554,0.04403155530816331
358.0400257154721,17.42232597175586,1164.47,1129.53,49.74,08:52:00,5,normal,3.252345872987349,0.04403601497968182
361.7842778920099,17.452782747900947,1175.94,1140.66,50.23,08:53:00,5,normal,3.2503900027159554,0.04403590903512001
365.5473491070243,17.483530355851993,1187.45,1151.83,50.72,08:54:00,5,normal,3.2484163895614535,0.04403427589140759
231.06672193710068,17.514570146399727,763.33,740.43,32.61,08:55:00,5,normal,3.303504691635294,0.04404197560876788
200.5437797725804,17.545903454530396,664.94,644.99,28.4,08:56:00,5,normal,3.3156849878567756,0.044031690413804864
376.9471984915702,17.577531599028966,1222.25,1185.58,52.21,08:57:00,5,normal,3.242496574828195,0.044037517501982155
380.78324007877296,17.6094558820804,1233.92,1196.9,52.71,08:58:00,5,normal,3.240478755695072,0.04403876681427019
384.6369205114276,17.641677588869037,1245.63,1208.27,53.21,08:59:00,5,normal,3.23845666802803,0.044038170276511045
388.5079873620106,17.674197987176218,1257.38,1219.66,53.71,09:00:00,5,normal,3.236432817090005,0.04403686273223685
392.3961827391696,17.70701832697614,1269.17,1231.09,54.21,09:01:00,5,normal,3.2344096498095456,0.044034148600021125
396.3012432904096,17.74013984003009,1280.99,1242.56,54.72,09:02:00,5,normal,3.2323643230694845,0.04403811485964461
400.2229002063338,17.773563739479062,1292.84,1254.05,55.22,09:03:00,5,normal,3.2302999137067867,0.04403333200430605
404.1608792264511,17.80729121943487,1304.72,1265.58,55.73,09:04:00,5,normal,3.228219422169671,0.044035145940991484
408.1149006465657,17.841323454569793,1316.64,1277.14,56.24,09:05:00,5,normal,3.2261502775666413,0.04403589269774653
412.0846793277608,17.875661599704888,1328.58,1288.73,56.75,09:06:00,5,normal,3.2240460920976974,0.044035600940460766
416.0699247069896,17.91030678939698,1340.56,1300.34,57.26,09:07:00,5,normal,3.221958426685292,0.04403463709491364
420.0703408092863,17.945260137524436,1352.56,1311.98,57.78,09:08:00,5,normal,3.2198416993549848,0.044040305492461775
424.0856262616068,17.980522736871794,1364.59,1323.65,58.29,09:09:00,5,normal,3.217722826470477,0.044037321044082645
428.115474308313,18.01609565871337,1376.64,1335.34,58.8,09:10:00,5,normal,3.215581035056431,0.044033729237497564
432.1595728283091,18.05197995239581,1388.72,1347.06,59.32,09:11:00,5,normal,3.2134426432148455,0.044036642762757414
303.5345700991883,18.088176644919827,991.35,961.61,42.35,09:12:00,5,normal,3.266020076975249,0.04404072337018126
278.83333146522347,18.124686740521053,913.38,885.98,39.02,09:13:00,5,normal,3.2757202849470604,0.044041626221810876
444.37416994170985,18.161511220250205,1425.09,1382.34,60.87,09:14:00,5,normal,3.2069595768514945,0.04403402925474196
218.6029578410236,18.19865104155257,721.3,699.66,30.81,09:15:00,5,normal,3.2995893885596774,0.04403567447045708
452.5825252167318,18.23610713784695,1449.44,1405.95,61.91,09:16:00,5,normal,3.202598242841778,0.044034282869234324
456.705274147964,18.273880418104152,1461.64,1417.79,62.43,09:17:00,5,normal,3.2004009647728657,0.04403331946197956
228.69691437437103,18.31197176642505,753.31,730.72,32.18,09:18:00,5,normal,3.293922885058478,0.044038756295160936
464.9861693351489,18.35038204161836,1486.08,1441.5,63.48,09:19:00,5,normal,3.1959660265268566,0.04403746097814776
334.1315345408846,18.389112076778268,1085.74,1053.17,46.38,09:20:00,5,normal,3.2494388818818534,0.04403847432038512
473.3118738027724,18.428162678861888,1510.58,1465.26,64.53,09:21:00,5,normal,3.191510890828515,0.04403996560337415
477.4906152065511,18.46753462826671,1522.84,1477.16,65.05,09:22:00,5,normal,3.189256398979183,0.04403720653145224
324.44531267710533,18.507228678408147,1055.05,1023.4,45.07,09:23:00,5,normal,3.251857736191145,0.04403947625561853
183.61026608848871,18.54724555529725,607.65,589.42,25.96,09:24:00,5,normal,3.309455472969853,0.04404329680024431
490.0858865759894,18.58758595711868,1559.69,1512.9,66.62,09:25:00,5,normal,3.182482994760073,0.044034635468305904
374.7422030693685,18.628250553809035,1210.24,1173.93,51.7,09:26:00,5,normal,3.229526832279343,0.044040104605896434
498.5280830881495,18.6692399866357,1584.28,1536.76,67.67,09:27:00,5,normal,3.1779152544148017,0.044034201827220905
247.00385567703808,18.71055486777617,810.45,786.14,34.62,09:28:00,5,normal,3.281122870647322,0.04403795761569186
354.41179201459727,18.752195779898152,1146.97,1112.57,48.99,09:29:00,5,normal,3.2362636510490583,0.04403318442884493
328.0843132404678,18.794163275740285,1065.15,1033.2,45.5,09:30:00,5,normal,3.246573996420559,0.04403794037940379
515.5069917907124,18.836457877693896,1633.49,1584.49,69.78,09:31:00,5,normal,3.1687058100332632,0.044039407001621976
386.3503193539712,18.8790800773856,1244.6,1207.26,53.16,09:32:00,5,normal,3.2214286818272484,0.044033596739724665
221.0618382851876,18.922030335261045,727.08,705.27,31.06,09:33:00,5,normal,3.2890344423084374,0.044039871254980364
528.310896603941,18.96530908016979,1670.38,1620.26,71.35,09:34:00,5,normal,3.161736793122089,0.04403614234752447
532.589887011801,19.008916708951528,1682.66,1632.18,71.88,09:35:00,5,normal,3.159391571328721,0.044039260375693855
536.8736659723112,19.05285358602366,1694.93,1644.08,72.4,09:36:00,5,normal,3.157036948218307,0.04403678653106905
541.161793460463,19.097120042970367,1707.2,1655.98,72.92,09:37:00,5,normal,3.1546942534196614,0.044034348240920784
255.6936661846765,19.141716378133346,836.59,811.49,35.74,09:38:00,5,normal,3.2718448308992025,0.044042440449050514
549.7493127073866,19.18664285620421,1731.69,1679.74,73.97,09:39:00,5,normal,3.1499630103616365,0.04403657708931144
554.0478034013611,19.23189970781872,1743.92,1691.6,74.49,09:40:00,5,normal,3.1475984369830208,0.04403523291558288
321.2092165368408,19.27748712915301,1041.69,1010.44,44.5,09:41:00,5,normal,3.243026496036188,0.04404022010213372
562.6519637572121,19.323405281521804,1768.32,1715.27,75.53,09:42:00,5,normal,3.1428309397370935,0.044033883878339855
566.9567082406719,19.369654290978843,1780.5,1727.08,76.06,09:43:00,5,normal,3.1404514209296233,0.04403965073997731
407.56108729163816,19.416234247919544,1306.47,1267.28,55.81,09:44:00,5,normal,3.2055808092030396,0.04403920207057636
434.0143575716067,19.463145206686093,1386.27,1344.68,59.22,09:45:00,5,normal,3.194064840980021,0.044040217746973254
579.8759672403601,19.51038718517501,1816.9,1762.4,77.61,09:46:00,5,normal,3.133256252447673,0.04403654108034498
245.75825648343724,19.55796016444736,803.74,779.63,34.33,09:47:00,5,normal,3.2704496341272167,0.044033708297525745
588.4882274446686,19.60586408834165,1841.06,1785.83,78.64,09:48:00,5,normal,3.128456805320038,0.04403554649658702
592.7927349945955,19.654098863089672,1853.09,1797.5,79.16,09:49:00,5,normal,3.1260335874677923,0.04403894297635605
259.10331592273286,19.70266435693516,845.47,820.1,36.11,09:50:00,5,normal,3.263061288849454,0.04403121570540178
297.8208237636005,19.75156039975567,966.85,937.85,41.3,09:51:00,5,normal,3.2464150349924856,0.04403689289331982
605.6938804971805,19.800786782687616,1889.03,1832.36,80.69,09:52:00,5,normal,3.118786669017359,0.04403610644196555
609.988482535788,19.850343257754552,1900.94,1843.91,81.2,09:53:00,5,normal,3.116353922122574,0.04403685646262562
614.2793599215962,19.900229537499,1912.82,1855.44,81.71,09:54:00,5,normal,3.1139252346752193,0.04403807183201828
258.3060773594577,19.950445294617744,842.1,816.84,35.97,09:55:00,5,normal,3.2600858973524542,0.044035551638019685
622.8479167293111,20.00099016160081,1936.47,1878.38,82.72,09:56:00,5,normal,3.109057521085982,0.04403794759313877
627.1245771626859,20.051863730374297,1948.24,1889.79,83.22,09:57:00,5,normal,3.1066235815768324,0.04403663899163399
631.3954751550174,20.103065551947,1959.97,1901.17,83.72,09:58:00,5,normal,3.1041875926000215,0.04403604096424833
635.6600946535596,20.154595136061168,1971.66,1912.51,84.22,09:59:00,5,normal,3.1017520473336813,0.04403637105165463
639.917917156986,20.206451950847345,1983.3,1923.8,84.72,10:00:00,5,normal,3.0993037494736257,0.04403784177149392
644.1684218146197,20.258635422483486,1994.9,1935.06,85.21,10:01:00,5,normal,3.096860902278282,0.0440348102901202
648.411085526984,20.31114493485848,2006.46,1946.26,85.71,10:02:00,5,normal,3.0944258122442294,0.04403830937284844
652.6453830476545,20.363979829240108,2017.97,1957.43,86.2,10:03:00,5,normal,3.0919854064954797,0.04403733466841726
496.0183843293807,20.417139403947733,1565.38,1518.42,66.87,10:04:00,5,normal,3.155891090844146,0.0440391986406923
661.0867684134575,20.470622914029637,2040.83,1979.61,87.18,10:05:00,5,normal,3.0870834170494574,0.044038977374331316
665.2927959653131,20.52442957094523,2052.19,1990.63,87.66,10:06:00,5,normal,3.0846418485899205,0.04403631011287883
669.4883369512924,20.5785585422523,2063.5,2001.59,88.14,10:07:00,5,normal,3.0822045525045896,0.04403499218121593
673.6728569616026,20.63300895129929,2074.75,2012.5,88.62,10:08:00,5,normal,3.0797589342660046,0.04403478260869566
241.1462003126908,20.68777987692284,785.52,761.96,33.55,10:09:00,5,normal,3.2574429909383915,0.0440311827392514
682.0066889759557,20.74287035315063,2097.08,2034.17,89.58,10:10:00,5,normal,3.0748672027671753,0.044037617308287896
686.1549250519637,20.79827936890971,2108.16,2044.91,90.05,10:11:00,5,normal,3.0724256622370603,0.04403616785090786
690.289988519807,20.8540058677404,2119.18,2055.6,90.52,10:12:00,5,normal,3.0699851297918577,0.044035804631251216
694.4113385319035,20.910048747515837,2130.14,2066.23,90.99,10:13:00,5,normal,3.0675478377174197,0.044036723888434486
698.5184332920095,20.96640686016739,2141.03,2076.8,91.46,10:14:00,5,normal,3.0651016465086776,0.04403890600924498
702.6107301704754,21.023079011415977,2151.86,2087.31,91.92,10:15:00,5,normal,3.062663161261274,0.04403754114146916
706.6876858204217,21.080063960509413,2162.63,2097.75,92.38,10:16:00,5,normal,3.06023444782304,0.04403765939697295
519.4396648489754,21.137360419965923,1629.34,1580.46,69.6,10:17:00,5,normal,3.136726188350908,0.044037811776318284
714.7933971642855,21.194967055323943,2183.96,2118.44,93.29,10:18:00,5,normal,3.0553723756601054,0.04403712165555786
718.821063636033,21.252882484898308,2194.52,2128.69,93.74,10:19:00,5,normal,3.0529433693823567,0.044036473136060204
722.8312106731497,21.31110527954292,2205.02,2138.86,94.19,10:20:00,5,normal,3.0505323614160695,0.04403747790879253
726.823293114959,21.36963396242008,2215.43,2148.97,94.63,10:21:00,5,normal,3.048099890284602,0.044035049349223115
730.7967657979559,21.428467008776515,2225.78,2159.01,95.08,10:22:00,5,normal,3.045689450431098,0.044038702924025355
734.7510836774361,21.48760284572624,2236.05,2168.97,95.51,10:23:00,5,normal,3.0432755387151644,0.044034726160343395
408.1247815536997,21.54703985204045,1296.71,1257.8,55.39,10:24:00,5,normal,3.177239066599986,0.044037207823183336
742.6000761752252,21.60677635794438,2256.37,2188.68,96.38,10:25:00,5,normal,3.0384726212545967,0.04403567447045708
495.9073249362221,21.66681064492144,1556.87,1510.16,66.5,10:26:00,5,normal,3.1394373942756877,0.04403506913174763
750.3659172874304,21.727140945524543,2276.37,2208.08,97.24,10:27:00,5,normal,3.033679898774011,0.04403825948335205
754.2162982277729,21.787765443194942,2286.25,2217.66,97.66,10:28:00,5,normal,3.031292223957687,0.04403740880026695
758.0442634777518,21.848682272088453,2296.04,2227.16,98.08,10:29:00,5,normal,3.028899644284938,0.04403814723683974
353.7658913826334,21.909889516909374,1130.23,1096.33,48.28,10:30:00,5,normal,3.1948529452138237,0.04403783532330594
765.6307849826227,21.9713852127521,2315.39,2245.92,98.9,10:31:00,5,normal,3.0241600069053542,0.044035406425874474
769.3882631802514,22.033167344950545,2324.93,2255.18,99.31,10:32:00,5,normal,3.021790312201991,0.044036396207841506
608.5813113224849,22.095233848935504,1878.87,1822.51,80.26,10:33:00,5,normal,3.08729493503029,0.044038167143115814
386.9503620392468,22.157582610100025,1229.69,1192.8,52.53,10:34:00,5,normal,3.1779011486627775,0.04403923541247485
780.5111278500857,22.220211463672957,2353.03,2282.44,100.51,10:35:00,5,normal,3.0147295996681183,0.044036206866336025
784.1671130956425,22.283118194600647,2362.22,2291.35,100.9,10:36:00,5,normal,3.0123936091564794,0.04403517576974273
787.7963947735807,22.34630053743706,2371.32,2300.18,101.29,10:37:00,5,normal,3.010067088059647,0.04403568416384805
464.9722529477646,22.409756176242247,1461.12,1417.29,62.41,10:38:00,5,normal,3.1423810576588176,0.04403474236042024
794.9727362441799,22.473482744489377,2389.23,2317.55,102.06,10:39:00,5,normal,3.0054238228191714,0.04403788483527863
798.518745884838,22.537477824980364,2398.04,2326.1,102.43,10:40:00,5,normal,3.003110462162956,0.04403508017712051
802.03595190797,22.601738949770212,2406.76,2334.56,102.81,10:41:00,5,normal,3.0008131110264307,0.044038277020080875
332.4090582954085,22.666263600100194,1061.61,1029.76,45.35,10:42:00,5,normal,3.1936855314470947,0.04403938781852082
808.9818794735177,22.731049206339836,2423.91,2351.19,103.54,10:43:00,5,normal,2.9962475816856013,0.04403727474172653
311.6549780904707,22.796093147937967,997.46,967.54,42.61,10:44:00,5,normal,3.2005264479056263,0.04403952291378135
815.806398770795,22.861392753382823,2440.66,2367.44,104.25,10:45:00,5,normal,2.991714705446575,0.044034906903659646
819.1718552796506,22.92694530017125,2448.88,2375.41,104.61,10:46:00,5,normal,2.9894581756156606,0.044038713316858984
822.5054357986465,22.992748014787217,2457.0,2383.29,104.95,10:47:00,5,normal,2.9872143004310625,0.04403576568525022
825.8066389527919,23.05879807268957,2465.02,2391.06,105.29,10:48:00,5,normal,2.984984479085685,0.04403486319874868
636.4012983382254,23.12509259830926,1948.81,1890.34,83.24,10:49:00,5,normal,3.0622344817471987,0.044034406508882
832.3099247320846,23.19162866505601,2480.74,2406.31,105.97,10:50:00,5,normal,2.980548382621455,0.04403838241955525
835.5110220461844,23.25840329533456,2488.44,2413.78,106.3,10:51:00,5,normal,2.9783449102870687,0.044038810496399836
838.6777716211167,23.325413460570484,2496.03,2421.15,106.62,10:52:00,5,normal,2.976148986487761,0.04403692460194536
841.8096902640691,23.3926560812458,2503.52,2428.41,106.94,10:53:00,5,normal,2.9739738434403926,0.04403704481533184
587.7953243003584,23.46012802694426,1809.15,1754.88,77.28,10:54:00,5,normal,3.077857079168496,0.04403719912472648
847.9671221350137,23.527826116406597,2518.16,2442.62,107.56,10:55:00,5,normal,2.9696434381320946,0.04403468406874586
593.6921396238807,23.59574711759553,1824.79,1770.05,77.95,10:56:00,5,normal,3.0736300486579653,0.04403830400271179
266.3911549667732,23.66388774777092,854.52,828.88,36.5,10:57:00,5,normal,3.20776416208933,0.04403532477560081
588.1528436255555,23.73224467357481,1808.05,1753.81,77.23,10:58:00,5,normal,3.0741158860248334,0.044035556873321516
859.8432138048705,23.80081451112666,2546.12,2469.74,108.76,10:59:00,5,normal,2.961144496021814,0.0440370241401929
541.5310933940225,23.869593826128717,1674.16,1623.94,71.51,11:00:00,5,normal,3.0915306995712384,0.04403487813589172
527.3111196498553,23.938579133981563,1632.82,1583.83,69.75,11:01:00,5,normal,3.0965021201984584,0.04403881729731095
868.3519180875804,24.007766899910017,2565.9,2488.92,109.6,11:02:00,5,normal,2.954907965944296,0.0440351638461662
871.109892837422,24.077153539099253,2572.26,2495.09,109.88,11:03:00,5,normal,2.952853619445772,0.04403849159749748
652.9207439858524,24.146735416841377,1986.14,1926.56,84.84,11:04:00,5,normal,3.0419312271736247,0.044037040112947436
478.80493189979103,24.216508848692374,1490.44,1445.73,63.67,11:05:00,5,normal,3.112833433202676,0.04404003513795799
879.1429820466576,24.28647010063956,2590.63,2512.92,110.66,11:06:00,5,normal,2.946767537140518,0.04403641978256371
555.6123700479321,24.35661538927947,1710.9,1659.57,73.08,11:07:00,5,normal,3.079305091519835,0.04403550317250854
604.6623690810927,24.42694088200637,1849.14,1793.67,78.99,11:08:00,5,normal,3.058136399012467,0.04403820100687417
886.8060190982154,24.497442697211333,2607.94,2529.7,111.4,11:09:00,5,normal,2.9408235215317884,0.04403684231331779
889.2762280610007,24.56811690449192,2613.47,2535.07,111.64,11:10:00,5,normal,2.938873116735025,0.04403823168591005
891.7037084700343,24.63895952487248,2618.88,2540.31,111.87,11:11:00,5,normal,2.9369396752800516,0.044037932378331784
894.0880732319065,24.709966531035256,2624.16,2545.44,112.09,11:12:00,5,normal,2.9350128679318055,0.04403560877490729
365.0851728365326,24.781133847562064,1150.85,1116.33,49.16,11:13:00,5,normal,3.152278113784957,0.04403715747135704
898.7259383397159,24.85245735118679,2634.37,2555.34,112.53,11:14:00,5,normal,2.9312272936805073,0.04403719270234098
900.9786957005928,24.923932871058614,2639.28,2560.1,112.74,11:15:00,5,normal,2.9293478442880607,0.04403734229131674
903.1868516424224,24.995556189016067,2644.07,2564.75,112.94,11:16:00,5,normal,2.927489472628865,0.04403548104103714
905.3500508681848,25.0673230398718,2648.74,2569.28,113.14,11:17:00,5,normal,2.9256528979702296,0.04403568314858637
503.4177022005375,25.139229111708232,1555.81,1509.14,66.46,11:18:00,5,normal,3.090495215403132,0.044038326464078875
909.5401913329704,25.21127004618401,2657.7,2577.97,113.53,11:19:00,5,normal,2.922025904215432,0.044038526437468244
341.8569118241276,25.28344143885129,1078.64,1046.28,46.07,11:20:00,5,normal,3.1552382376721386,0.04403219023588332
913.5464094157934,25.35573883948388,2666.15,2586.17,113.89,11:21:00,5,normal,2.9184614733530445,0.04403809494348786
715.5337810530575,25.42815775241617,2146.02,2081.64,91.67,11:22:00,5,normal,2.999187539184639,0.04403739359351281
917.3661082556252,25.500693636892997,2674.1,2593.88,114.23,11:23:00,5,normal,2.914975794216782,0.04403827470815921
919.205232434636,25.57334190743028,2677.88,2597.55,114.39,11:24:00,5,normal,2.9132558274361458,0.0440376508633135
920.9968046138762,25.646097934186525,2681.54,2601.09,114.54,11:25:00,5,normal,2.9115627617451114,0.04403538516544987
553.2304550493627,25.718957043345167,1694.16,1643.33,72.37,11:26:00,5,normal,3.062304297489979,0.04403862888160017
924.4361315640758,25.7919145175077,2688.46,2607.81,114.84,11:27:00,5,normal,2.908216055392956,0.04403695054470993
926.0833242859276,25.86496559609764,2691.73,2610.98,114.98,11:28:00,5,normal,2.9065743107678834,0.044037104841860145
927.6818410628445,25.93810547577529,2694.87,2614.02,115.11,11:29:00,5,normal,2.904950685369123,0.044035623292859274
361.3745472291349,26.01132931086326,1133.84,1099.83,48.43,11:30:00,5,normal,3.137575705576939,0.04403407799387178
930.7318063982508,26.084632213782708,2700.76,2619.73,115.36,11:31:00,5,normal,2.9017596491640387,0.04403507231661278
932.182754157863,26.158009255500367,2703.51,2622.4,115.48,11:32:00,5,normal,2.9001931090672883,0.04403599755948749
933.5840245118198,26.231455465986244,2706.13,2624.94,115.59,11:33:00,5,normal,2.898646430261124,0.04403529223525109
934.9353867583172,26.30496583468193,2708.61,2627.36,115.7,11:34:00,5,normal,2.8971092958535984,0.04403659947628037
597.2618395215176,26.37853531097965,1812.95,1758.56,77.44,11:35:00,5,normal,3.035435850802728,0.04403602947866436
937.4875041583476,26.45215880471181,2713.2,2631.8,115.9,11:36:00,5,normal,2.8941185754106042,0.04403830078273425
591.0645178068662,26.52583118665116,1794.5,1740.66,76.65,11:37:00,5,normal,3.0360475818417565,0.044035021198855606
939.8374217312448,26.59954728902141,2717.26,2635.74,116.07,11:38:00,5,normal,2.8912021772814933,0.044036968745020375
940.936064837,26.673301906018388,2719.09,2637.52,116.15,11:39:00,5,normal,2.889771262483209,0.04403758075768146
941.9835855862974,26.74708979434157,2720.8,2639.17,116.22,11:40:00,5,normal,2.888373047717763,0.04403657210410849
942.979810451236,26.82090567373595,2722.37,2640.7,116.29,11:41:00,5,normal,2.8869865185101764,0.044037565796947786
943.924574281133,26.89474422754427,2723.81,2642.09,116.35,11:42:00,5,normal,2.8856225107545046,0.04403710698727144
944.8177203481532,26.968600103269488,2725.12,2643.36,116.4,11:43:00,5,normal,2.8842812124605666,0.044034864717632106
945.6591003906392,27.042467913147416,2726.29,2644.5,116.46,11:44:00,5,normal,2.8829522170027295,0.04403857061826432
946.44857465413,27.116342234729508,2727.34,2645.52,116.5,11:45:00,5,normal,2.881656830638346,0.04403671111917506
947.1860119300488,27.190217611475692,2728.25,2646.4,116.54,11:46:00,5,normal,2.8803740401959033,0.044037182587666264
580.8540822810439,27.264088553357205,1760.29,1707.48,75.19,11:47:00,5,normal,3.0305201490316644,0.04403565488321971
948.5042936299824,27.337949537469317,2729.68,2647.79,116.6,11:48:00,5,normal,2.8778783800264645,0.044036724966859155
949.084918681546,27.411795008653925,2730.2,2648.3,116.62,11:49:00,5,normal,2.876665666327046,0.04403579654872937
719.6742280875353,27.485619380131915,2137.67,2073.54,91.31,11:50:00,5,normal,2.970330069593643,0.044035803505116856
733.0502817715087,27.559417034145135,2172.64,2107.46,92.81,11:51:00,5,normal,2.9638348883101724,0.044038795516878136
950.511596609242,27.633182322608057,2730.97,2649.04,116.65,11:52:00,5,normal,2.8731580022192085,0.04403482016126597
950.8818260212756,27.706909567768854,2730.96,2649.03,116.65,11:53:00,5,normal,2.8720288108008236,0.0440349863912451
406.9825117840548,27.780593062879944,1259.78,1221.99,53.81,11:54:00,5,normal,3.0954155609232665,0.04403473023510831
951.4639064746508,27.854227072877848,2730.55,2648.64,116.64,11:55:00,5,normal,2.8698408646074567,0.04403769481696267
951.6756604262478,27.927805835072235,2730.15,2648.25,116.62,11:56:00,5,normal,2.8687819953041442,0.044036627961861606
951.834506816532,28.00132355984413,2729.62,2647.74,116.6,11:57:00,5,normal,2.8677464206770344,0.04403755655766805
314.9509817751385,28.074774431353102,985.64,956.07,42.1,11:58:00,5,normal,3.129502865635468,0.04403443262522619
951.9933797202356,28.14815260825341,2728.17,2646.33,116.54,11:59:00,5,normal,2.8657447185207667,0.04403834744721936
951.9933797202356,28.221452224418883,2727.25,2645.43,116.5,12:00:00,5,normal,2.8647783252457732,0.04403820928922708
951.9404191394592,28.294667389676547,2726.2,2644.41,116.45,12:01:00,5,normal,2.8638346951003997,0.044036287867615084
449.05076441182393,28.367792190548823,1378.73,1337.36,58.89,12:02:00,5,normal,3.0703210177270033,0.044034515762397565
951.6756604262478,28.44082069100414,2723.71,2642.0,116.34,12:03:00,5,normal,2.862014983949545,0.04403482210446631
951.4639064746508,28.51374693321595,2722.27,2640.6,116.28,12:04:00,5,normal,2.861138485101881,0.04403544648943422
951.1992802916668,28.586564938329857,2720.7,2639.08,116.22,12:05:00,5,normal,2.8602839135514797,0.0440380738742289
339.04759351508767,28.65926870723897,1055.06,1023.41,45.07,12:06:00,5,normal,3.1118345040046704,0.04403904593466939
950.511596609242,28.73185222136709,2717.18,2635.67,116.07,12:07:00,5,normal,2.858650025620929,0.04403813831018299
950.0886537883952,28.80430944345977,2715.23,2633.77,115.98,12:08:00,5,normal,2.857870146299778,0.04403573584633434
949.6130680614754,28.876634318383086,2713.15,2631.76,115.89,12:09:00,5,normal,2.857111060548672,0.044035170380277835
949.084918681546,28.94882077392993,2710.95,2629.62,115.8,12:10:00,5,normal,2.8563829712582613,0.04403678097976133
948.5042936299824,29.020862721633748,2708.61,2627.35,115.7,12:11:00,5,normal,2.8556644584432913,0.04403676708470512
947.8712895920456,29.092754057589502,2706.15,2624.97,115.59,12:12:00,5,normal,2.8549762290666068,0.044034788969016796
947.1860119300488,29.1644886632818,2703.57,2622.46,115.48,12:13:00,5,normal,2.8543179121607034,0.04403499004751264
645.6023809688189,29.236060406419995,1922.46,1864.78,82.12,12:14:00,5,normal,2.9777771220655556,0.04403736633812032
310.0637200171273,29.307463141780104,965.92,936.95,41.26,12:15:00,5,normal,3.115230636936964,0.044036501414162973
440.2142366382065,29.3786907120534,1347.33,1306.91,57.55,12:16:00,5,normal,3.0606234143838322,0.044035166920445935
943.9245742811332,29.44973694870151,2691.97,2611.21,114.99,12:17:00,5,normal,2.8518910020433883,0.04403705561789362
942.979810451236,29.52059567281793,2688.76,2608.1,114.85,12:18:00,5,normal,2.8513441859517346,0.04403588819447107
593.7137668265318,29.59126069599565,1777.87,1724.53,75.94,12:19:00,5,normal,2.994490105060085,0.04403518639861295
940.936064837,29.661725821200918,2681.98,2601.52,114.56,12:20:00,5,normal,2.85033181342093,0.04403579445862419
939.8374217312448,29.731984843652764,2678.4,2598.05,114.41,12:21:00,5,normal,2.8498546004544107,0.04403687380920305
938.6878381262428,29.80203155170834,2674.7,2594.46,114.25,12:22:00,5,normal,2.8494030617666137,0.0440361385413535
937.487504158348,29.871859727753705,2670.88,2590.75,114.09,12:23:00,5,normal,2.8489766403850334,0.044037440895493586
936.2366181906444,29.94146314910004,2666.94,2586.93,113.92,12:24:00,5,normal,2.8485747600367146,0.044036753990251
934.9353867583176,30.01083558888498,2662.88,2582.99,113.75,12:25:00,5,normal,2.848196824844709,0.04403811087150938
933.58402451182,30.07997081697905,2658.7,2578.94,113.57,12:26:00,5,normal,2.8478422190121124,0.04403747276012625
932.1827541578632,30.148862600896805,2654.4,2574.77,113.38,12:27:00,5,normal,2.8475103064934872,0.04403500118457183
930.731806398251,30.217504706712788,2649.98,2570.48,113.2,12:28:00,5,normal,2.847200430653489,0.04403846752357536
699.0093900314447,30.285890899981773,2056.41,1994.71,87.84,12:29:00,5,normal,2.9418918105055685,0.04403647648029037
927.6818410628448,30.35401494666345,2640.79,2561.57,112.8,12:30:00,5,normal,2.8466548369368185,0.04403549385728284
926.0833242859276,30.421870614051127,2636.02,2556.94,112.6,12:31:00,5,normal,2.8464177367976564,0.04403701299209211
412.22130582897154,30.48945167170432,1260.37,1222.55,53.84,12:32:00,5,normal,3.057508144721954,0.04403909860537402
922.740532583316,30.556751892385133,2626.14,2547.35,112.18,12:33:00,5,normal,2.8460221560310406,0.044037921761830925
305.74613063994303,30.623765052998117,947.7,919.27,40.48,12:34:00,5,normal,3.0996303960295855,0.044034940768218254
919.2052324346362,30.690484935533448,2615.79,2537.32,111.74,12:35:00,5,normal,2.8457083442309563,0.044038591900115075
917.3661082556254,30.7569053280133,2610.45,2532.14,111.51,12:36:00,5,normal,2.8455923720179492,0.04403784940801062
571.6986417415841,30.823020025441075,1707.84,1656.61,72.95,12:37:00,5,normal,2.9873081293272827,0.04403571148308896
351.1394725880889,30.888822830753444,1080.6,1048.19,46.16,12:38:00,5,normal,3.0774096459033506,0.04403781757124185
911.5664556066542,30.954307555774875,2593.75,2515.94,110.79,12:39:00,5,normal,2.8453767512472146,0.04403523136481792
426.6105115023389,31.019468022174536,1298.84,1259.88,55.48,12:40:00,5,normal,3.04455695530343,0.044035939930787055
907.4679447320476,31.08429806242529,2582.07,2504.61,110.29,12:41:00,5,normal,2.845356703770314,0.04403479982911511
905.3500508681848,31.148791520764668,2576.06,2498.78,110.04,12:42:00,5,normal,2.8453745570894804,0.04403749029526409
535.6837705258808,31.212942254157497,1605.45,1557.29,68.58,12:43:00,5,normal,2.997010714780344,0.044038040442049974
416.7632415246237,31.276744133260117,1269.14,1231.07,54.21,12:44:00,5,normal,3.0452301775875674,0.044034863980114865
898.725938339716,31.34019104338581,2557.4,2480.68,109.24,12:45:00,5,normal,2.8455838325134772,0.04403631262395795
413.7825939809781,31.403276885471445,1259.88,1222.09,53.82,12:46:00,5,normal,3.0447873311411398,0.044039309707141046
388.515945487738,31.465995577044875,1186.68,1151.08,50.69,12:47:00,5,normal,3.054392010887113,0.04403690447232165
891.7037084700345,31.528341053193092,2537.79,2461.65,108.4,12:48:00,5,normal,2.8460013969822824,0.04403550464119595
889.276228061001,31.590307267530825,2531.04,2455.11,108.11,12:49:00,5,normal,2.846179758474754,0.04403468683684234
886.8060190982156,31.65188819316933,2524.19,2448.47,107.82,12:50:00,5,normal,2.8463834769263565,0.0440356630875608
884.2934747318677,31.7130778236853,2517.24,2441.73,107.53,12:51:00,5,normal,2.8466115287837765,0.04403844814946779
881.7389940647395,31.77387017408948,2510.19,2434.89,107.22,12:52:00,5,normal,2.846862866332183,0.044034843463154394
403.66188944003005,31.834259281794974,1228.46,1191.6,52.47,12:53:00,5,normal,3.043289525558508,0.0440332326283988
663.3395140581025,31.89423920758488,1947.15,1888.73,83.17,12:54:00,5,normal,2.935374659181614,0.04403488058113124
697.4565094918721,31.95380403657906,2036.93,1975.82,87.01,12:55:00,5,normal,2.9205118488090296,0.04403741231488699
871.1098928374223,32.012947879199935,2481.0,2406.57,105.98,12:56:00,5,normal,2.8480907178298294,0.04403777991082744
868.3519180875808,32.07166487213691,2473.46,2399.26,105.66,12:57:00,5,normal,2.84845343054857,0.04403857856172319
865.5545206570833,32.12994917930938,2465.83,2391.85,105.33,12:58:00,5,normal,2.8488442277767456,0.04403704245667579
862.7181382902613,32.187794992827946,2458.1,2384.36,105.0,12:59:00,5,normal,2.8492503992920253,0.044036974282407014
859.8432138048709,32.24519653395377,2450.28,2376.77,104.67,13:00:00,5,normal,2.8496823149389376,0.0440387584831515
476.28483585389927,32.302148054055706,1432.26,1389.29,61.18,13:01:00,5,normal,3.007150117286847,0.044036882148435534
853.9795344255325,32.35864383556509,2434.35,2361.32,103.98,13:02:00,5,normal,2.850595244811779,0.044034692460149405
850.9916894942753,32.41467819292794,2426.26,2353.47,103.64,13:03:00,5,normal,2.851097172807728,0.044037102661176906
847.9671221350139,32.47024547355426,2418.07,2345.53,103.29,13:04:00,5,normal,2.8516082014026405,0.044036955400272006
844.9062987883178,32.52534005876446,2409.79,2337.5,102.94,13:05:00,5,normal,2.852138756044174,0.04403850267379679
395.68885177931,32.579956364732325,1201.6,1165.55,51.33,13:06:00,5,normal,3.036729477205933,0.044039294753549826
838.677771621117,32.63408884342465,2392.98,2321.19,102.22,13:07:00,5,normal,2.8532770045574285,0.04403775649559062
835.5110220461848,32.68773198353706,2384.44,2312.91,101.85,13:08:00,5,normal,2.8538701909167568,0.0440354358794765
832.3099247320848,32.74088031142607,2375.82,2304.55,101.48,13:09:00,5,normal,2.854489571014981,0.04403462715063678
829.0749667552731,32.793528392036755,2367.12,2296.1,101.11,13:10:00,5,normal,2.855133847864361,0.04403553852184138
445.2197219649378,32.84567082982633,1341.35,1301.11,57.3,13:11:00,5,normal,3.0127820800032636,0.044039320272690245
822.5054357986468,32.89730226968295,2349.46,2278.98,100.36,13:12:00,5,normal,2.8564674441557845,0.044037244732292515
819.1718552796509,32.948417397839805,2340.52,2270.3,99.98,13:13:00,5,normal,2.857178240335158,0.04403823283266529
815.8063987707953,32.999010942784146,2331.49,2261.54,99.59,13:14:00,5,normal,2.857896191440689,0.044036364601112515
812.4095709101744,33.04907767616117,2322.38,2252.71,99.2,13:15:00,5,normal,2.858632004295748,0.04403585015381474
808.9818794735181,33.09861241367233,2313.2,2243.8,98.81,13:16:00,5,normal,2.8593965559592265,0.044036901684642124
413.0122996397784,33.14761001596807,1248.16,1210.71,53.32,13:17:00,5,normal,3.022089175282726,0.044040273888875124
802.0359519079703,33.19606538953465,2294.6,2225.76,98.02,13:18:00,5,normal,2.8609690058673256,0.044038890086981516
798.5187458848385,33.24397348757489,2285.19,2216.64,97.61,13:19:00,5,normal,2.861786290900136,0.04403511621192436
794.9727362441802,33.29132931088256,2275.71,2207.44,97.21,13:20:00,5,normal,2.8626264728920257,0.04403743703113108
533.4162095857774,33.338127908710334,1584.19,1536.67,67.67,13:21:00,5,normal,2.9698947492244328,0.04403678083127802
787.796394773581,33.384364379630924,2256.53,2188.84,96.39,13:22:00,5,normal,2.864356850285593,0.04403702417718974
784.1671130956429,33.43003387239136,2246.84,2179.43,95.98,13:23:00,5,normal,2.8652566047180796,0.044039037730048684
780.5111278500862,33.475131586760064,2237.08,2169.96,95.56,13:24:00,5,normal,2.8661731014162797,0.04403767811388228
300.5950450183707,33.5196527743666,920.89,893.26,39.34,13:25:00,5,normal,3.0635568192540243,0.044040928732955696
773.1211698252002,33.56359273953384,2217.35,2150.83,94.72,13:26:00,5,normal,2.8680497786670807,0.04403881292338307
411.73556152423066,33.60694684010241,1242.02,1204.76,53.05,13:27:00,5,normal,3.0165477944195187,0.044033666456389654
765.6307849826231,33.64971048824713,2197.36,2131.44,93.86,13:28:00,5,normal,2.869999539072703,0.04403595691175918
761.8492722784913,33.691879151285306,2187.27,2121.65,93.43,13:29:00,5,normal,2.871000970386766,0.04403648104069946
758.0442634777521,33.73344835247667,2177.12,2111.81,93.0,13:30:00,5,normal,2.872022261618099,0.04403805266572277
754.2162982277733,33.77441367181473,2166.91,2101.9,92.56,13:31:00,5,normal,2.8730617530961826,0.04403634806603549
750.3659172874308,33.81477074680936,2156.64,2091.94,92.12,13:32:00,5,normal,2.8741177475067676,0.04403567979961184
746.4936624014688,33.8545152732605,2146.31,2081.92,91.68,13:33:00,5,normal,2.875188508761514,0.044036274208422994
430.7490267767006,33.89364300602264,1294.37,1255.54,55.29,13:34:00,5,normal,3.004928437530745,0.04403682877486978
738.6857019497626,33.93214975975998,2125.49,2061.72,90.79,13:35:00,5,normal,2.8773942617134245,0.04403604757193024
351.7213939121233,33.97003140969214,1068.01,1035.97,45.62,13:36:00,5,normal,3.0365227094114147,0.044036024209195244
569.1828202279227,34.00728389233004,1676.99,1626.68,71.63,13:37:00,5,normal,2.9463116952976,0.04403447512725305
726.8232931149595,34.043903206202025,2093.84,2031.02,89.44,13:38:00,5,normal,2.8808102599827157,0.04403698634183809
310.3478875416287,34.079885412569816,947.22,918.8,40.46,13:39:00,5,normal,3.052123239836598,0.044035698737483676
718.8210636360335,34.11522663613424,2072.48,2010.31,88.53,13:40:00,5,normal,2.8831653729186986,0.04403798419149286
714.7933971642858,34.149923065730555,2061.73,1999.88,88.07,13:41:00,5,normal,2.88437191526846,0.04403764225853551
710.7487562947972,34.18397095501315,2050.93,1989.4,87.61,13:42:00,5,normal,2.885590698310467,0.0440384035387554
706.6876858204222,34.21736662312946,2040.08,1978.88,87.14,13:43:00,5,normal,2.8868197945625567,0.04403500970245795
364.8249033656851,34.25010645538296,1104.47,1071.34,47.18,13:44:00,5,normal,3.027397498939172,0.044038307166725785
698.51843329201,34.282186903885034,2018.25,1957.71,86.21,13:45:00,5,normal,2.8893296208208823,0.044036144270601874
694.411338531904,34.31360448819556,2007.28,1947.06,85.74,13:46:00,5,normal,2.8906210031704105,0.04403562293920064
690.2899885198074,34.34435579595208,1996.26,1936.37,85.27,13:47:00,5,normal,2.891915040344988,0.04403600551547483
686.1549250519641,34.37443748348735,1985.2,1925.64,84.8,13:48:00,5,normal,2.8932241502888814,0.0440373070771276
317.0423301590985,34.40384627643513,965.42,936.46,41.24,13:49:00,5,normal,3.0450823381077594,0.04403818636140358
677.8458200763961,34.43257897032413,1962.96,1904.07,83.85,13:50:00,5,normal,2.895879773631659,0.04403724652980195
252.1725003156544,34.46063243115976,774.45,751.21,33.08,13:51:00,5,normal,3.071112032559419,0.044035622528986566
669.4883369512928,34.488003595993845,1940.58,1882.36,82.89,13:52:00,5,normal,2.8986016527740985,0.04403514736819737
665.2927959653135,34.51468947348188,1929.33,1871.45,82.41,13:53:00,5,normal,2.899971278361159,0.04403537364075984
661.0867684134579,34.54068714442777,1918.05,1860.51,81.93,13:54:00,5,normal,2.9013589314502966,0.04403631262395795
656.8707870863813,34.56599376231607,1906.74,1849.54,81.45,13:55:00,5,normal,2.902762670353394,0.04403797701049991
652.645383047655,34.59060655383128,1895.4,1838.54,80.96,13:56:00,5,normal,2.9041805078725296,0.044034940768218254
458.6154141039982,34.6145228193644,1368.47,1327.41,58.45,13:57:00,5,normal,2.9839162791193887,0.04403311712281812
326.9104172835101,34.63773993350637,993.13,963.34,42.42,13:58:00,5,normal,3.037927051246938,0.044034297340502834
407.4550980442744,34.66025534552833,1224.16,1187.44,52.29,13:59:00,5,normal,3.004404671522804,0.04403590918277976
635.66009465356,34.682066579848694,1849.76,1794.27,79.01,14:00:00,5,normal,2.90998289110493,0.0440346213223205
631.3954751550178,34.70317123648674,1838.29,1783.14,78.52,14:01:00,5,normal,2.9114716090555923,0.0440346803952578
627.1245771626864,34.72356699150273,1826.79,1771.99,78.03,14:02:00,5,normal,2.9129619002734457,0.044035237219171665
622.8479167293116,34.74325159742436,1815.27,1760.81,77.54,14:03:00,5,normal,2.9144674827401125,0.04403655135988551
377.7483383904769,34.76222288365954,1139.03,1104.86,48.65,14:04:00,5,normal,3.0153143885509017,0.04403272812845067
614.2793599215967,34.78047875689527,1792.16,1738.4,76.55,14:05:00,5,normal,2.917499946976473,0.04403474459272894
411.8801245754044,34.79801720148257,1235.96,1198.88,52.79,14:06:00,5,normal,3.000776017716602,0.04403276391298545
605.693880497181,34.81483627980742,1768.99,1715.92,75.56,14:07:00,5,normal,2.920600747275064,0.04403468693179169
601.3960561751437,34.8309341326475,1757.37,1704.65,75.07,14:08:00,5,normal,2.9221508554226427,0.04403836564690698
343.63047101488985,34.8463089795147,1040.61,1009.39,44.45,14:09:00,5,normal,3.0282820872276757,0.04403649729044275
466.1679366178631,34.86095911898339,1388.03,1346.39,59.29,14:10:00,5,normal,2.9775321101455865,0.04403627477922444
588.4882274446691,34.87488292900412,1722.45,1670.77,73.58,14:11:00,5,normal,2.926906469275035,0.04403957456741502
344.0540425796169,34.88807886720304,1041.64,1010.39,44.49,14:12:00,5,normal,3.02754762650102,0.04403250230109166
429.0606284244645,34.90054547116658,1283.89,1245.37,54.84,14:13:00,5,normal,2.9923276920432405,0.0440351060327453
416.3130554756136,34.91228135871158,1247.87,1210.43,53.3,14:14:00,5,normal,2.9974318210472175,0.0440339383524863
292.613192454163,34.9232852281407,891.98,865.22,38.1,14:15:00,5,normal,3.0483246244604163,0.044035043110422785
566.9567082406724,34.93355585848302,1664.02,1614.1,71.08,14:16:00,5,normal,2.9350036357513662,0.04403692460194536
360.5105022781077,34.94309210971986,1088.76,1056.09,46.51,14:17:00,5,normal,3.0200507145284234,0.044039807213400374
558.3488406289781,34.95189292299568,1640.61,1591.39,70.08,14:18:00,5,normal,2.9383243603619884,0.04403697396615537
554.0478034013616,34.95995732081401,1628.89,1580.02,69.58,14:19:00,5,normal,2.939980972760945,0.04403741724788294
549.7493127073872,34.96728440721837,1617.18,1568.66,69.08,14:20:00,5,normal,2.941668070553405,0.04403758622008593
545.4538251957409,34.97387336795825,1605.46,1557.3,68.58,14:21:00,5,normal,2.9433472199482082,0.044037757657484106
306.2470203708467,34.979723470639826,931.59,903.64,39.79,14:22:00,5,normal,3.0419561270241933,0.04403302199991147
402.9729192094932,34.9848340648617,1209.71,1173.42,51.67,14:23:00,5,normal,3.0019635125185893,0.044033679330504
532.5898870118015,34.989204582335404,1570.31,1523.2,67.08,14:24:00,5,normal,2.948441264648354,0.044038865546218484
528.3108966039415,34.9928345369907,1558.61,1511.85,66.58,14:25:00,5,normal,2.9501757582873442,0.04403876045904025
524.0371304546625,34.99572352506571,1546.9,1500.49,66.08,14:26:00,5,normal,2.9518900667551677,0.044038947277222774
217.9028532693816,34.99787122518174,670.74,650.61,28.65,14:27:00,5,normal,3.0781607029752847,0.04403559736247521
515.5069917907128,34.99927739840285,1523.51,1477.8,65.08,14:28:00,5,normal,2.9553624378745953,0.04403843551224794
511.2514685443091,34.99994188828021,1511.83,1466.47,64.58,14:29:00,5,normal,2.957116200183536,0.044037723240161745
173.0989911332064,34.999864620881056,536.02,519.94,22.9,14:30:00,5,normal,3.0966096133253127,0.04404354348578681
272.17863392096706,34.99904560480244,831.71,806.76,35.53,14:31:00,5,normal,3.0557505121489625,0.04404035896673113
343.3552109398641,34.9974849311696,1039.13,1007.96,44.39,14:32:00,5,normal,3.0263993872572836,0.04403944600976229
494.3027111537892,34.99518277361909,1465.19,1421.24,62.59,14:33:00,5,normal,2.964155297833568,0.044039008190031245
490.0858865759898,34.99213938826658,1453.57,1409.96,62.09,14:34:00,5,normal,2.9659495199003616,0.04403671026128401
485.878003611702,34.98835511365934,1441.95,1398.7,61.59,14:35:00,5,normal,2.9677202698650254,0.04403374562093373
481.6794516578039,34.98383037071352,1430.36,1387.45,61.1,14:36:00,5,normal,2.9695267154891223,0.04403762297740459
477.4906152065517,34.97856566263607,1418.78,1376.21,60.6,14:37:00,5,normal,2.9713254141890677,0.04403397737263935
473.3118738027728,34.972561574831545,1407.21,1365.0,60.11,14:38:00,5,normal,2.973113665401893,0.04403663003663004
469.14360200280095,34.965818774793505,1395.67,1353.8,59.62,14:39:00,5,normal,2.9749313302831046,0.04403900132959078
464.9861693351493,34.95833801198094,1384.14,1342.62,59.12,14:40:00,5,normal,2.9767336993680553,0.044033308009712356
354.7265126497027,34.95012011767941,1072.1,1039.94,45.8,14:41:00,5,normal,3.022328362184513,0.04404100236552108
456.7052741479644,34.94116600484704,1361.16,1320.32,58.14,14:42:00,5,normal,2.980390367813025,0.04403477944740669
357.4361401680785,34.931476667945546,1079.98,1047.58,46.13,14:43:00,5,normal,3.0214627975004347,0.04403482311613433
181.7120222692584,34.921053182756104,562.23,545.37,24.02,14:44:00,5,normal,3.0940715588256196,0.04404349340814493
444.3741699417102,34.90989670618035,1326.85,1287.04,56.68,14:45:00,5,normal,2.985884621003166,0.044039035305818
440.2892460909664,34.898008476026284,1315.46,1276.0,56.19,14:46:00,5,normal,2.9877177598115083,0.04403605015673981
436.21760435384095,34.88538981077949,1304.1,1264.98,55.71,14:47:00,5,normal,2.9895629772478647,0.044040221979794146
188.4341615230222,34.87204210935934,582.63,565.15,24.89,14:48:00,5,normal,3.0919552765320444,0.04404140493674246
428.1154743083134,34.85796685086056,1281.47,1243.02,54.74,14:49:00,5,normal,2.9932811984206187,0.044037907676465385
177.98417869622688,34.84316559428005,551.16,534.62,23.54,14:50:00,5,normal,3.096679738824921,0.04403127455014777
420.07034080928673,34.82763997822912,1258.95,1221.18,53.78,14:51:00,5,normal,2.9969980684058037,0.0440393717551876
416.0699247069901,34.81139172063112,1247.74,1210.3,53.3,14:52:00,5,normal,2.9988709250703445,0.04403866809881848
158.29001354246097,34.79442261840466,491.56,476.81,21.0,14:53:00,5,normal,3.1054391177251373,0.04404270044671882
408.1149006465661,34.77673454713238,1225.41,1188.64,52.34,14:54:00,5,normal,3.0026102895498643,0.044033517297079015
404.1608792264515,34.75832946071547,1214.29,1177.86,51.87,14:55:00,5,normal,3.0044718883334394,0.044037491722275994
400.2229002063343,34.739209391013986,1203.21,1167.11,51.4,14:56:00,5,normal,3.006349710073279,0.04404040750229199
396.30124329041007,34.71937644747293,1192.17,1156.4,50.92,14:57:00,5,normal,3.008241887160511,0.04403320650294016
226.00425887177963,34.69883281673448,695.81,674.94,29.72,14:58:00,5,normal,3.078747292079828,0.04403354372240495
388.507987362011,34.67758076223613,1170.18,1135.08,49.99,14:59:00,5,normal,3.0119844071819006,0.044040948655601375
384.636920511428,34.655622623795125,1159.25,1124.47,49.52,15:00:00,5,normal,3.0138812427538593,0.044038524816135606
380.78324007877336,34.6329608171791,1148.36,1113.9,49.05,15:01:00,5,normal,3.015783992390097,0.04403447347158631
236.3910271825236,34.609597833663194,727.05,705.24,31.06,15:02:00,5,normal,3.075624352859324,0.04404174465430208
373.1290427123666,34.585536239573585,1126.68,1092.88,48.13,15:03:00,5,normal,3.0195451734603305,0.044039601786106435
118.12760319307009,34.5607786758177,369.16,358.08,15.77,15:04:00,5,normal,3.125095151525572,0.04404043789097409
365.5473491070247,34.53532785740121,1105.18,1072.02,47.21,15:05:00,5,normal,3.0233566258920574,0.04403835749333035
361.7842778920103,34.50918657293177,1094.49,1061.65,46.75,15:06:00,5,normal,3.0252558413461417,0.044035228182546036
358.0400257154725,34.48235768410991,1083.84,1051.32,46.3,15:07:00,5,normal,3.0271475872960267,0.04403987368260853
354.3148122506481,34.454844125206925,1073.23,1041.04,45.84,15:08:00,5,normal,3.029029447520753,0.04403289018673635
350.60885173035774,34.42664890253011,1062.68,1030.79,45.39,15:09:00,5,normal,3.0309559919989524,0.044034187370851484
346.922352956187,34.39777509387535,1052.16,1020.6,44.94,15:10:00,5,normal,3.032840031881364,0.044032921810699586
230.44510835940005,34.36822584796725,710.07,688.76,30.33,15:11:00,5,normal,3.0812977765298513,0.044035658284453216
116.50917146878804,34.33800438388694,364.52,353.58,15.57,15:12:00,5,normal,3.1286807330670294,0.044035296114033604
335.9816338897567,34.307113990487736,1020.9,990.27,43.61,15:13:00,5,normal,3.038558947942317,0.044038494551990874
332.3749618908087,34.275558025798745,1010.57,980.25,43.17,15:14:00,5,normal,3.040451646089969,0.044039785768936496
328.7887145961556,34.24333991641657,1000.29,970.29,42.73,15:15:00,5,normal,3.0423489481037556,0.044038380278061194
325.2230684902594,34.2104631568854,990.07,960.36,42.29,15:16:00,5,normal,3.044279744964196,0.04403556999458536
226.56448390910444,34.17693130906533,699.04,678.07,29.86,15:17:00,5,normal,3.085390913610486,0.04403675136785287
318.1542591593956,34.14274800148955,969.76,940.67,41.42,15:18:00,5,normal,3.0480811495726328,0.044032444959443806
97.59278992849562,34.10791692871004,306.39,297.2,13.09,15:19:00,5,normal,3.139473727767042,0.04404441453566622
311.16983956860383,34.07244185063233,949.65,921.17,40.57,15:20:00,5,normal,3.051870326881825,0.04404181638568343
307.7096608946552,34.03632659183932,939.68,911.49,40.14,15:21:00,5,normal,3.053787772759272,0.0440377842872659
304.2710311553819,33.999575040904354,929.76,901.87,39.72,15:22:00,5,normal,3.055696746645592,0.04404182420969763
300.854089996066,33.96219114969371,919.89,892.29,39.29,15:23:00,5,normal,3.057595128628727,0.044032769615259613
297.45897189828713,33.92417893265871,910.08,882.77,38.87,15:24:00,5,normal,3.0595143733341215,0.04403185427687846
294.0858062081516,33.88554246611767,900.31,873.3,38.46,15:25:00,5,normal,3.061385422194663,0.04403984884919272
179.2295619628954,33.8462858875277,557.28,540.56,23.8,15:26:00,5,normal,3.1093084974194696,0.04402841497706083
176.14664184986665,33.806413394746755,548.01,531.57,23.41,15:27:00,5,normal,3.1111010363006524,0.04403935511785841
284.09924063610816,33.765929245285975,871.36,845.22,37.22,15:28:00,5,normal,3.067097251118991,0.04403587231726651
116.39273071562724,33.72483775555253,365.1,354.15,15.6,15:29:00,5,normal,3.1367938337319257,0.04404913172384583
216.4546449871698,33.68314330008322,670.16,650.06,28.63,15:30:00,5,normal,3.0960758547811404,0.044042088422607144
274.31441655630084,33.64085031076892,842.91,817.62,36.01,15:31:00,5,normal,3.072787827128289,0.04404246471465962
271.09811445837124,33.597963276070104,833.54,808.53,35.61,15:32:00,5,normal,3.0746801823588306,0.044042892657044266
267.9046184010719,33.55448674022373,824.23,799.5,35.21,15:33:00,5,normal,3.076580034040586,0.044040025015634775
195.84577910448115,33.51042530244154,608.47,590.21,25.99,15:34:00,5,normal,3.1068833996947633,0.044035173921146704
261.5863778991072,33.46578361610004,805.78,781.6,34.42,15:35:00,5,normal,3.0803591779950636,0.04403787103377687
136.15384988653076,33.42056638792236,426.53,413.73,18.22,15:36:00,5,normal,3.1327061288055074,0.04403838252000096
118.526977595055,33.374778377152225,372.24,361.07,15.9,15:37:00,5,normal,3.140550848025083,0.04403578253524248
106.88162282766856,33.32842439472019,336.25,326.16,14.36,15:38:00,5,normal,3.1460038789096174,0.04402747117978906
249.22697140568116,33.28150930240228,769.58,746.49,32.87,15:39:00,5,normal,3.0878680411652164,0.04403273988934882
246.1952198374076,33.23403801197147,760.68,737.86,32.49,15:40:00,5,normal,3.0897431741459838,0.04403274333884477
177.89807126257918,33.18601548434195,554.79,538.14,23.7,15:41:00,5,normal,3.118583557778571,0.044040584234585796
240.2018157499253,33.13744672870651,743.06,720.77,31.74,15:42:00,5,normal,3.0934820275197317,0.04403623902215686
237.24025345612387,33.088336801667275,734.35,712.32,31.37,15:43:00,5,normal,3.095385329015481,0.04403919586702605
234.3021704231705,33.03869080635995,725.69,703.92,31.0,15:44:00,5,normal,3.097239768156392,0.044039095351744516
231.3876007482621,32.9885138915718,717.09,695.58,30.63,15:45:00,5,normal,3.0990856799632813,0.04403519365134132
228.49657420558023,32.93781125085355,708.56,687.3,30.27,15:46:00,5,normal,3.1009655285356827,0.044041903099083374
225.62911629348176,32.88658812162553,700.09,679.09,29.9,15:47:00,5,normal,3.102835358754738,0.04402951007966543
222.7852482822825,32.83484978427811,691.68,670.93,29.55,15:48:00,5,normal,3.1046938939314295,0.04404334282264916
219.9649872626121,32.7826015612668,683.33,662.83,29.19,15:49:00,5,normal,3.1065398566553917,0.04403844122927447
105.7203470080816,32.729848816202086,333.48,323.48,14.24,15:50:00,5,normal,3.154359680398209,0.044021268702856435
153.12947491406518,32.6765969529344,480.14,465.73,20.51,15:51:00,5,normal,3.13551653115411,0.04403839134262341
211.6459553943485,32.622851414634226,658.66,638.9,28.13,15:52:00,5,normal,3.112084040409628,0.04402879949913915
208.9202113757549,32.56861768286774,650.56,631.04,27.79,15:53:00,5,normal,3.113916053004229,0.04403841277890467
206.2180988359508,32.513901276668136,642.52,623.25,27.45,15:54:00,5,normal,3.1157304020687975,0.04404332129963899
203.53961083191493,32.4587077516028,634.55,615.52,27.11,15:55:00,5,normal,3.1175749889981748,0.04404406030673252
200.88473659345232,32.403042698836664,626.64,607.84,26.77,15:56:00,5,normal,3.1194007599899694,0.04404119505132929
148.23663150174357,32.346911744191885,465.74,451.77,19.89,15:57:00,5,normal,3.141868479347643,0.044026827810611596
132.15619695861392,32.290320547204075,416.19,403.71,17.78,15:58:00,5,normal,3.1492280315113352,0.044041514948849426
193.0616324583617,32.23327480017535,603.29,585.2,25.77,15:59:00,5,normal,3.1248570330519385,0.04403622693096377
190.5010308674171,32.17578022722432,595.64,577.77,25.44,16:00:00,5,normal,3.1267022403387794,0.04403136196064178
187.9639336189205,32.11784258333339,588.05,570.41,25.12,16:01:00,5,normal,3.128525715961111,0.04403849862379692
82.01181160914219,32.05946765339344,260.22,252.42,11.12,16:02:00,5,normal,3.172957588599253,0.04405356152444339
182.96011818424893,32.000661251246214,573.05,555.86,24.48,16:03:00,5,normal,3.1321033550214112,0.04403986615334796
180.49332443063597,31.941429218724565,565.65,548.68,24.16,16:04:00,5,normal,3.1339109176715323,0.04403295181162062
178.0498839931797,31.88177742469085,558.31,541.56,23.85,16:05:00,5,normal,3.135694264318568,0.044039441613117666
175.62975074790532,31.82171176407356,551.04,534.51,23.54,16:06:00,5,normal,3.137509434782205,0.04404033600868085
173.23287533313797,31.7612381569027,543.83,527.51,23.23,16:07:00,5,normal,3.139300198961542,0.044037079865784534
170.85920520441852,31.700362547343687,536.68,520.58,22.92,16:08:00,5,normal,3.1410657643988684,0.044027815129278884
168.5086846895507,31.63909090273038,529.6,513.71,22.62,16:09:00,5,normal,3.1428647192618,0.04403262541122423
166.18125504376124,31.57742921259732,522.58,506.9,22.32,16:10:00,5,normal,3.144638664946818,0.04403235352140462
163.87685450495172,31.515383487711347,515.62,500.15,22.03,16:11:00,5,normal,3.1463869718369533,0.044046785964210744
68.18966047271286,31.45295975910289,217.3,210.78,9.28,16:12:00,5,normal,3.1867001315684207,0.04402694752822848
159.33687894523405,31.39016407709705,501.9,486.84,21.44,16:13:00,5,normal,3.1499299052575824,0.04403910935831074
157.10116581164309,31.32700251034484,495.13,480.28,21.15,16:14:00,5,normal,3.1516634357356557,0.04403681185974848
154.88820567049984,31.26348114485468,488.43,473.78,20.86,16:15:00,5,normal,3.1534357176237005,0.044028874161003
152.69792250368022,31.1996060830244,481.79,467.34,20.58,16:16:00,5,normal,3.15518372549167,0.044036461676723586
150.53023760807898,31.13538344267389,475.21,460.96,20.3,16:17:00,5,normal,3.156907260302467,0.04403852828878862
148.3850696509676,31.0708193560788,468.7,454.64,20.02,16:18:00,5,normal,3.158673585573531,0.044034840753123354
146.26233472529404,31.005919969005276,462.25,448.38,19.75,16:19:00,5,normal,3.160417211089823,0.04404745974396717
144.16194640490465,30.940691439746114,455.86,442.18,19.47,16:20:00,5,normal,3.1621382158620106,0.0440318422361934
142.08381579967417,30.8751399381584,449.53,436.04,19.2,16:21:00,5,normal,3.1638367640252443,0.04403265755435281
140.02785161052674,30.80927164470293,443.27,429.97,18.93,16:22:00,5,normal,3.1655845240910394,0.044026327418191964
84.96189635777189,30.74309274948573,270.96,262.83,11.57,16:23:00,5,normal,3.1891943520068793,0.04402084997907393
135.98204556865218,30.676609451301527,430.92,418.0,18.41,16:24:00,5,normal,3.168947769523329,0.04404306220095694
133.9920095663409,30.60982795667975,424.85,412.1,18.15,16:25:00,5,normal,3.1707114579071387,0.044042708080562966
132.02375178995493,30.54275447893308,418.83,406.26,17.89,16:26:00,5,normal,3.172383713699816,0.044035839117806334
130.07716971598657,30.475395237208787,412.87,400.49,17.64,16:27:00,5,normal,3.1740389255199024,0.04404604359659417
128.15215873888485,30.40775645554301,406.98,394.77,17.38,16:28:00,5,normal,3.175756101223687,0.04402563517997821
126.2486122248568,30.33984436191824,401.15,389.11,17.14,16:29:00,5,normal,3.177460670106427,0.0440492405746447
124.36642156543655,30.27166518732416,395.37,383.51,16.89,16:30:00,5,normal,3.179073539492108,0.044040572605668696
122.50547623080406,30.203225164822104,389.66,377.97,16.64,16:31:00,5,normal,3.1807557669166453,0.044024658041643516
120.66566382284093,30.134530528613208,384.01,372.49,16.4,16:32:00,5,normal,3.1824297636467347,0.04402802759805632
118.84687012790778,30.0655875131105,378.42,367.07,16.16,16:33:00,5,normal,3.184097314407432,0.04402430054213093
117.0489791693348,29.99640235201517,372.89,361.7,15.93,16:34:00,5,normal,3.1857603769490366,0.04404202377661045
115.27187325960811,29.926981277397232,367.42,356.4,15.69,16:35:00,5,normal,3.187421090767907,0.04402356902356903
113.51543305223944,29.857330518780515,362.01,351.15,15.46,16:36:00,5,normal,3.1890817862043845,0.044026769186957145
111.77953759330758,29.78745630223245,356.65,345.95,15.23,16:37:00,5,normal,3.1906555321208736,0.04402370284723226
51.71972613531668,29.717364849458757,166.35,161.36,7.11,16:38:00,5,normal,3.2163743397397524,0.04406296479920674
108.36888937476832,29.647062376903115,346.13,335.74,14.78,16:39:00,5,normal,3.193997853046097,0.04402216000476559
106.69388712920431,29.57655509485214,340.95,330.72,14.56,16:40:00,5,normal,3.1955907613255845,0.0440251572327044
69.36749686330519,29.505849206545573,222.8,216.12,9.52,16:41:00,5,normal,3.2118789069042983,0.044049602072922446
103.40389203917366,29.43495090729228,330.77,320.85,14.13,16:42:00,5,normal,3.1988157648330167,0.04403927068723702
101.788641428454,29.363866383591848,325.77,315.99,13.92,16:43:00,5,normal,3.200455330067253,0.04405202696287857
100.19304813581188,29.29260181226213,320.82,311.19,13.7,16:44:00,5,normal,3.2020185628560562,0.044024550917445934
98.6169801601635,29.22116335957281,315.93,306.45,13.5,16:45:00,5,normal,3.2036065136744116,0.04405286343612335
66.24127470779324,29.149557180385223,213.16,206.76,9.11,16:46:00,5,normal,3.217933243892148,0.04406074675952795
73.13761095825386,29.07778941729872,235.21,228.15,10.05,16:47:00,5,normal,3.2159923863831876,0.04404996712689021
94.0045910066346,29.005866199803293,301.6,292.55,12.88,16:48:00,5,normal,3.2083539406997037,0.044026662109041194
92.505281795966,28.933793643439145,296.93,288.03,12.68,16:49:00,5,normal,3.209870768838073,0.04402319202860813
72.01275362204842,28.861577848963,231.83,224.88,9.9,16:50:00,5,normal,3.2192908664031386,0.044023479188900747
58.5323308651971,28.789224901521514,188.82,183.15,8.07,16:51:00,5,normal,3.2259094624962388,0.044062244062244064
88.11989338429619,28.71674086983175,283.27,274.77,12.1,16:52:00,5,normal,3.214597625131505,0.04403683080394512
86.69514657277874,28.644131805368968,278.82,270.46,11.91,16:53:00,5,normal,3.21609699068836,0.044036086667159656
85.28869048146753,28.571403741561912,274.43,266.2,11.72,16:54:00,5,normal,3.2176599083747357,0.04402704733283246
61.08332027946141,28.425614654622212,197.27,191.36,8.43,16:56:00,5,normal,3.229523200400255,0.044053093645484945
57.76957676144485,28.35256560097878,186.71,181.11,7.98,16:57:00,5,normal,3.231977979880396,0.04406162000993871
77.22608733102061,28.132871771391628,249.19,241.72,10.64,17:00:00,5,normal,3.226759358296584,0.044017871917921565
75.94366739781573,28.05947796684169,245.17,237.81,10.47,17:01:00,5,normal,3.2283139384845074,0.044026744039359154
74.67838870542165,27.98601268669784,241.19,233.96,10.3,17:02:00,5,normal,3.2297161760064808,0.04402461959309284
73.43010527319134,27.91248176705171,237.27,230.15,10.14,17:03:00,5,normal,3.2312360048682254,0.04405822289810993
72.19867074392815,27.8388910183397,233.4,226.4,9.97,17:04:00,5,normal,3.232746497893505,0.044037102473498235
70.98393842247404,27.76524622462867,229.58,222.69,9.81,17:05:00,5,normal,3.2342527774890732,0.04405226997170955
53.74149137480403,27.617817502406385,174.3,169.07,7.45,17:07:00,5,normal,3.2433041127272886,0.04406458863192761
67.43848347883589,27.54404500387857,218.41,211.85,9.33,17:08:00,5,normal,3.2386552711930903,0.04404059476044371
66.28908759738333,27.470241318953477,214.78,208.34,9.17,17:09:00,5,normal,3.240050629516858,0.04401459153307094
65.15565669026968,27.396412089452618,211.2,204.87,9.02,17:10:00,5,normal,3.241468365578464,0.04402792014448186
62.93609794063652,27.24869941104053,204.19,198.06,8.72,17:12:00,5,normal,3.244401967732397,0.04402706250631122
58.68204690846127,26.953212298864745,190.72,185.0,8.15,17:16:00,5,normal,3.25005704551353,0.044054054054054055
57.65622607603273,26.87935958873155,187.46,181.84,8.01,17:17:00,5,normal,3.2513401025032707,0.04404971403431588
56.645186199281824,26.80552531854628,184.26,178.73,7.87,17:18:00,5,normal,3.252880118564005,0.04403289878587814
53.69927630567548,26.584186418101787,174.9,169.65,7.47,17:21:00,5,normal,3.257027133930198,0.04403183023872679
50.88109016489989,26.36320371253296,165.92,160.95,7.09,17:24:00,5,normal,3.2609364198422623,0.044050947499223364
50.827643641617314,15.307992217835125,173.17,167.97,4.93,06:35:00,1,pump_wear,3.407004291228044,0.029350479252247423
51.75212006878487,15.313453372260708,176.29,171.01,5.02,06:36:00,1,pump_wear,3.4064304953244258,0.029355008479036312
52.69047989570768,15.318999529532691,179.47,174.08,5.11,06:37:00,1,pump_wear,3.406118151803361,0.029354319852941176
54.6094355579668,15.330351218149382,185.95,180.37,5.3,06:39:00,1,pump_wear,3.4050892139805744,0.029384043909741087
55.5903249885348,15.3361589562263,189.26,183.59,5.39,06:40:00,1,pump_wear,3.4045492635460186,0.029358897543439184
57.5956628133476,15.348043808682627,196.04,190.15,5.58,06:42:00,1,pump_wear,3.4037285174634433,0.02934525374704181
58.62040610288502,15.354123187347795,199.49,193.51,5.68,06:43:00,1,pump_wear,3.4030811668188368,0.029352488243501628
59.6600624989482,15.360295393147789,203.0,196.91,5.78,06:44:00,1,pump_wear,3.402611252771967,0.02935351175664009
60.714779790921305,15.3665615821998,206.56,200.36,5.88,06:45:00,1,pump_wear,3.4021370202002603,0.02934717508484727
61.78470584932575,15.37292292020198,210.17,203.86,5.98,06:46:00,1,pump_wear,3.4016508958145915,0.0293338565682331
62.8699885940601,15.379380582425629,213.82,207.41,6.09,06:47:00,1,pump_wear,3.4009867789319355,0.029362132973337833
63.9707759620657,15.385935753705455,217.53,211.01,6.19,06:48:00,1,pump_wear,3.400458986600288,0.029335102601772432
65.08721587441845,15.39258962842792,221.29,214.66,6.3,06:49:00,1,pump_wear,3.3998996120369425,0.02934873753843287
66.21945620284802,15.39934341051752,225.11,218.35,6.41,06:50:00,1,pump_wear,3.3994540714805552,0.029356537668880238
67.36764473568573,15.406198313421132,228.97,222.1,6.52,06:51:00,1,pump_wear,3.398812603562952,0.02935614588023413
68.53192914324245,15.41315556009024,232.89,225.9,6.63,06:52:00,1,pump_wear,3.398270016786241,0.029349269588313413
70.90937546194597,15.427382023932902,240.89,233.66,6.86,06:54:00,1,pump_wear,3.3971530341467377,0.029358897543439188
73.35297280966908,15.442032774943156,249.1,241.63,7.09,06:56:00,1,pump_wear,3.3959087199689426,0.029342382982245584
74.59994501980658,15.449520415866404,253.29,245.69,7.21,06:57:00,1,pump_wear,3.3953108133357266,0.029345923725019332
75.86389463794382,15.457117936600904,257.53,249.81,7.33,06:58:00,1,pump_wear,3.3946319422308524,0.029342300148112566
57.57949074660539,15.464826625954696,195.89,190.02,5.58,06:59:00,1,pump_wear,3.4020794116097446,0.029365329965266813
79.75906409752007,15.48058271213996,270.6,262.48,7.71,07:01:00,1,pump_wear,3.3927178441956385,0.02937366656507162
81.09237726945949,15.488632732859948,275.07,266.82,7.83,07:02:00,1,pump_wear,3.392057419724889,0.029345626264897683
82.44339243430315,15.496799169893915,279.6,271.21,7.96,07:03:00,1,pump_wear,3.3914179383484915,0.02934995022307437
66.8811250722463,15.50508335807524,227.24,220.43,6.47,07:04:00,1,pump_wear,3.3976701162627108,0.02935172163498616
86.60408024234482,15.522010372528994,293.53,284.73,8.36,07:06:00,1,pump_wear,3.3893322252093996,0.029361149158852243
88.02733047107724,15.530655913631977,298.3,289.35,8.49,07:07:00,1,pump_wear,3.3887202804362127,0.029341627786417832
54.45435145049972,15.53942463543638,185.28,179.72,5.28,07:08:00,1,pump_wear,3.4024829065942295,0.02937903405297129
90.92920713173064,15.548317917618183,308.0,298.76,8.77,07:09:00,1,pump_wear,3.3872504744685097,0.029354665952604095
67.75405282861036,15.557337148652302,230.14,223.24,6.55,07:10:00,1,pump_wear,3.3966971773948154,0.02934061996058054
95.42254723572135,15.57575905479338,323.01,313.32,9.2,07:12:00,1,pump_wear,3.3850490199352117,0.029362951614962336
96.95835023901708,15.585164550267931,328.13,318.29,9.34,07:13:00,1,pump_wear,3.3842366252221665,0.029344308649344935
98.51339089528906,15.594701635191306,333.32,323.32,9.49,07:14:00,1,pump_wear,3.3834994102912304,0.029351725844364716
100.08780333734973,15.604371741040149,338.57,328.41,9.64,07:15:00,1,pump_wear,3.382729850297913,0.029353551962485916
101.6817205866174,15.614176307673812,343.88,333.57,9.79,07:16:00,1,pump_wear,3.3819254632602957,0.02934916209491261
103.29527450551888,15.624116783255335,349.26,338.78,9.95,07:17:00,1,pump_wear,3.3811808107576082,0.029370092685518625
62.96623279532313,15.634194624169574,213.94,207.52,6.09,07:18:00,1,pump_wear,3.397694137037377,0.029346569005397068
106.58181371835416,15.644411294938472,360.2,349.39,10.26,07:19:00,1,pump_wear,3.379563430510199,0.029365465525630383
108.25505650777802,15.654768268133438,365.76,354.79,10.42,07:20:00,1,pump_wear,3.378687442408018,0.029369486174920374
109.94845085966428,15.665267024284812,371.39,360.25,10.58,07:21:00,1,pump_wear,3.3778556868803347,0.02936849410131853
111.662122112642,15.67590905178838,377.08,365.77,10.74,07:22:00,1,pump_wear,3.376973255260284,0.029362714273997323
113.39619415197431,15.686695846808911,382.84,371.36,10.9,07:23:00,1,pump_wear,3.37612741647145,0.029351572598018096
115.15078935912534,15.697628913180738,388.67,377.01,11.07,07:24:00,1,pump_wear,3.3753133796403207,0.029362616376223442
116.92602856096345,15.70870976230524,394.56,382.72,11.24,07:25:00,1,pump_wear,3.3744411304817596,0.029368729096989964
118.7220309786134,15.719939913045357,400.51,388.5,11.41,07:26:00,1,pump_wear,3.3735103476468313,0.02936936936936937
120.538914175968,15.731320891616978,406.53,394.34,11.58,07:27:00,1,pump_wear,3.3726038000187195,0.029365522138256328
122.37679400787256,15.742854231477262,412.62,400.24,11.75,07:28:00,1,pump_wear,3.371717680179266,0.029357385568658804
91.29837336347322,15.754541473209818,308.99,299.72,8.8,07:29:00,1,pump_wear,3.3843976471504273,0.029360736687575068
126.11599813638492,15.766384164406752,424.99,412.24,12.1,07:30:00,1,pump_wear,3.369834170764009,0.029351833883174847
128.01754512676396,15.77838385954754,431.28,418.34,12.28,07:31:00,1,pump_wear,3.3689132186759494,0.02935411387866329
92.09593585821908,15.790542119874722,311.61,302.27,8.87,07:32:00,1,pump_wear,3.3835369291400763,0.02934462566579548
131.8850713784106,15.802860513266362,444.06,430.74,12.65,07:33:00,1,pump_wear,3.367022479184797,0.02936806426150346
133.8512616571321,15.815340614105295,450.55,437.03,12.83,07:34:00,1,pump_wear,3.366049706383122,0.02935725236253804
63.88891385400045,15.827984003145117,216.88,210.38,6.18,07:35:00,1,pump_wear,3.3946421517763823,0.02937541591406027
137.8490085454822,15.840792267372862,463.73,449.82,13.21,07:36:00,1,pump_wear,3.3640430561892356,0.029367302476546175
139.88076353110367,15.853766999868451,470.42,456.31,13.4,07:37:00,1,pump_wear,3.3630070935050207,0.02936600118340602
108.40470711010444,15.866909799660766,365.96,354.98,10.42,07:38:00,1,pump_wear,3.375868168051982,0.029353766409375176
93.02343966351884,15.880222271580395,314.61,305.17,8.96,07:39:00,1,pump_wear,3.3820508157728457,0.029360684208801655
146.10869781907,15.893706026109076,490.92,476.19,13.98,07:40:00,1,pump_wear,3.359964241197457,0.02935802935802936
74.75688343175246,15.907362679225688,253.36,245.76,7.22,07:41:00,1,pump_wear,3.389119347535389,0.029378255208333332
150.37211761059103,15.921193852248924,504.92,489.77,14.38,07:42:00,1,pump_wear,3.357803348274703,0.029360720338117895
152.53752552626014,15.935201171676532,512.03,496.67,14.58,07:43:00,1,pump_wear,3.3567477788398454,0.029355507681156502
154.72550797546782,15.949386269021115,519.2,503.63,14.79,07:44:00,1,pump_wear,3.355619941363002,0.02936679705339237
86.75533416001622,15.963750780642536,293.54,284.73,8.36,07:45:00,1,pump_wear,3.383538347723715,0.029361149158852243
159.16950827407263,15.978296347576832,533.76,517.75,15.2,07:46:00,1,pump_wear,3.3534061001239204,0.029357798165137613
122.5722142504562,15.993024615361694,412.86,400.48,11.76,07:47:00,1,pump_wear,3.368300087623353,0.029364762285257688
163.70471495190029,16.007937233858442,548.6,532.14,15.62,07:48:00,1,pump_wear,3.351155769466931,0.02935317773518247
103.16915176047227,16.023035857070532,348.29,337.84,9.92,07:49:00,1,pump_wear,3.3759122184955497,0.029363012076722712
168.33167976865784,16.038322142958545,563.72,546.81,16.05,07:50:00,1,pump_wear,3.3488645795891396,0.029352060130575525
126.41651248643576,16.053797753251676,425.51,412.75,12.12,07:51:00,1,pump_wear,3.3659368671925383,0.029364021804966684
67.3971287192861,16.06946435325567,228.48,221.63,6.51,07:52:00,1,pump_wear,3.3900553976362353,0.02937327979064206
175.44526571560684,16.08532361165726,586.92,569.31,16.71,07:53:00,1,pump_wear,3.3453168291892537,0.029351320018970336
74.86934309404391,16.101377200325047,253.55,245.94,7.22,07:54:00,1,pump_wear,3.3865663771286743,0.02935675367975929
180.30373060245225,16.11762679410681,602.73,584.65,17.16,07:55:00,1,pump_wear,3.342859285196634,0.029350893697083727
182.76793318615623,16.134074070623296,610.74,592.42,17.39,07:56:00,1,pump_wear,3.3416146331202294,0.029354174403294964
68.1241104642594,16.150720710058412,230.85,223.93,6.57,07:57:00,1,pump_wear,3.388668100424049,0.02933952574465235
187.7664925121774,16.167568394945864,626.98,608.17,17.85,07:58:00,1,pump_wear,3.339147425142097,0.0293503461203282
190.30092474255605,16.18461880995222,635.2,616.14,18.09,07:59:00,1,pump_wear,3.3378713259502804,0.029360210341805436
192.8588366259472,16.201873641656377,643.49,624.18,18.32,08:00:00,1,pump_wear,3.336585511236175,0.029350507866320614
155.27053590063986,16.219334578325487,520.44,504.83,14.82,08:01:00,1,pump_wear,3.351827163996124,0.029356417011667295
135.0439975989134,16.237003309687246,453.74,440.13,12.92,08:02:00,1,pump_wear,3.359942004587481,0.02935496330629587
200.6737232146774,16.254881526698643,668.78,648.71,19.04,08:03:00,1,pump_wear,3.332673502472221,0.02935055725979251
203.32580871969628,16.2729709213111,677.34,657.02,19.29,08:04:00,1,pump_wear,3.33130360707812,0.029359836839061217
206.00148318591263,16.291273186232033,685.98,665.4,19.53,08:05:00,1,pump_wear,3.3299760244003456,0.02935076645626691
208.7007573722086,16.309790014682832,694.69,673.85,19.78,08:06:00,1,pump_wear,3.328641490078788,0.029353713734510647
140.41720752058822,16.32852310015326,471.32,457.18,13.42,08:07:00,1,pump_wear,3.3565686736142664,0.029353864998468874
96.75211482613553,16.34747413615227,326.47,316.68,9.3,08:08:00,1,pump_wear,3.374293167510289,0.029367184539598336
98.13362611322088,16.366644815955276,331.05,321.12,9.43,08:09:00,1,pump_wear,3.3734614027005763,0.029365969108121573
219.7339316037225,16.386036832347802,730.19,708.28,20.79,08:10:00,1,pump_wear,3.323064374585786,0.029352798328344722
222.5512301643387,16.405651877365635,739.24,717.06,21.05,08:11:00,1,pump_wear,3.321662160456819,0.029355981368365272
127.86047651541251,16.425491642031385,429.67,416.78,12.24,08:12:00,1,pump_wear,3.360459867738776,0.029368011900762995
167.74069075073302,16.44555781608751,560.88,544.05,15.97,08:13:00,1,pump_wear,3.343732504556584,0.029353919676500324
231.1445465457951,16.465852087725818,766.78,743.77,21.84,08:14:00,1,pump_wear,3.3173181520338533,0.029363916264436588
234.05605469793576,16.48637614331343,776.09,752.81,22.1,08:15:00,1,pump_wear,3.3158296246665935,0.029356676983568235
236.9910515092159,16.50713166711524,785.47,761.91,22.37,08:16:00,1,pump_wear,3.3143445501335957,0.029360423147090867
239.9495029182549,16.52812034101288,794.92,771.07,22.64,08:17:00,1,pump_wear,3.312863708122831,0.029361795945893367
242.9313704986735,16.549343844220196,804.43,780.3,22.91,08:18:00,1,pump_wear,3.3113467328188992,0.029360502370882995
154.34292422824936,16.570803852995247,516.68,501.18,14.71,08:19:00,1,pump_wear,3.347610540512437,0.029350732271838462
159.6984910228935,16.592502040348855,534.21,518.18,15.21,08:20:00,1,pump_wear,3.3451161409121806,0.0293527345709985
105.91094324934257,16.61444007574974,356.6,345.9,10.15,08:21:00,1,pump_wear,3.3669797384437286,0.029343740965596995
255.09207868078445,16.63661962482621,843.12,817.83,24.01,08:22:00,1,pump_wear,3.3051594716708483,0.02935817957277185
258.1902947732824,16.659042349064453,852.96,827.37,24.29,08:23:00,1,pump_wear,3.3036098461756143,0.029358086466756105
261.31160229207006,16.681709905503467,862.85,836.97,24.57,08:24:00,1,pump_wear,3.301996514626954,0.02935589089214667
167.0429001684888,16.70462394642665,558.02,541.28,15.89,08:25:00,1,pump_wear,3.340578973647786,0.029356340526160214
267.6232059867847,16.727786119050002,882.84,856.35,25.14,08:26:00,1,pump_wear,3.298817069113188,0.02935715536871606
270.8133475314188,16.751198065207085,892.92,866.13,25.43,08:27:00,1,pump_wear,3.2971786957303,0.029360488610254813
274.0262711607582,16.774861421030653,903.06,875.97,25.72,08:28:00,1,pump_wear,3.2955234407806744,0.029361736132515952
277.2618875624931,16.798777816631056,913.27,885.87,26.01,08:29:00,1,pump_wear,3.293889427172549,0.029360967184801384
280.5201025576106,16.82294887577139,923.53,895.83,26.3,08:30:00,1,pump_wear,3.2922061256210116,0.02935824877487916
283.8008170640111,16.847376215539494,933.86,905.84,26.59,08:31:00,1,pump_wear,3.290547256561874,0.02935396979599046
287.10392706106865,16.872061446016712,944.24,915.92,26.89,08:32:00,1,pump_wear,3.288843902853181,0.029358459254083327
102.3415910334942,16.897006169943573,344.35,334.02,9.81,08:33:00,1,pump_wear,3.364712200803109,0.02936949883240525
146.23650810954385,16.92221198238236,489.35,474.67,13.94,08:34:00,1,pump_wear,3.346291608887668,0.029367771293740914
214.30676370167907,16.947680470376586,711.05,689.71,20.25,08:35:00,1,pump_wear,3.317907413271385,0.029360165866813587
300.5380667922884,16.97341321260745,986.36,956.77,28.09,08:36:00,1,pump_wear,3.281980251379288,0.02935919813539304
303.9514187276972,16.999411779047307,997.03,967.12,28.39,08:37:00,1,pump_wear,3.2802281501874324,0.029355198941186204
307.386436460942,17.025677730610155,1007.76,977.52,28.7,08:38:00,1,pump_wear,3.278479075403351,0.029360013094361242
105.22339363338226,17.052212618799224,353.71,343.1,10.07,08:39:00,1,pump_wear,3.3615148474719505,0.02935004371903235
314.3209061411983,17.07901798535167,1029.37,998.49,29.31,08:40:00,1,pump_wear,3.2749014777196823,0.0293543250307965
317.82006350901776,17.106095361880442,1040.26,1009.05,29.62,08:41:00,1,pump_wear,3.2731099116732882,0.029354343194093458
135.34419633557644,17.133446269513335,453.13,439.54,12.9,08:42:00,1,pump_wear,3.347982494029489,0.029348864722209583
147.1625100016326,17.161072218529338,491.93,477.17,14.01,08:43:00,1,pump_wear,3.3427671218338326,0.029360605235031537
328.4433482993105,17.1889747079922,1073.23,1041.03,30.56,08:44:00,1,pump_wear,3.2676259256191886,0.029355542107336003
223.22479309922292,17.21715522538143,739.02,716.85,21.05,08:45:00,1,pump_wear,3.31065375731587,0.029364581153658368
113.93360302634188,17.2456152462206,382.29,370.82,10.89,08:46:00,1,pump_wear,3.3553753225166862,0.029367348039480073
339.2518170924156,17.274356233703152,1106.65,1073.45,31.51,08:47:00,1,pump_wear,3.2620311645922224,0.029353952210163493
342.8949567887904,17.303379638315675,1117.89,1084.35,31.83,08:48:00,1,pump_wear,3.26015293566588,0.029353990870106518
346.5579387198881,17.332686897458707,1129.17,1095.3,32.16,08:49:00,1,pump_wear,3.258243063687751,0.02936181867981375
197.1225881142591,17.362279435065155,654.35,634.72,18.63,08:50:00,1,pump_wear,3.319507958269684,0.029351525081925886
353.9426328260147,17.39215866121636,1151.88,1117.32,32.8,08:51:00,1,pump_wear,3.2544256983199378,0.02935595890165754
357.6639332514853,17.42232597175586,1163.3,1128.4,33.13,08:52:00,1,pump_wear,3.252494567804368,0.029360155973059198
361.4042523900225,17.452782747900947,1174.76,1139.52,33.45,08:53:00,1,pump_wear,3.2505428262980565,0.029354465037910702
365.1633707991388,17.483530355851993,1186.27,1150.68,33.78,08:54:00,1,pump_wear,3.2486007493137032,0.029356554385233078
368.94106359389815,17.514570146399727,1197.81,1161.88,34.11,08:55:00,1,pump_wear,3.2466161080905236,0.02935759286673322
372.7371004406096,17.545903454530396,1209.4,1173.12,34.44,08:56:00,1,pump_wear,3.244646155615789,0.029357610474631753
376.55124555197824,17.577531599028966,1221.02,1184.39,34.77,08:57:00,1,pump_wear,3.2426396524333185,0.02935688413444896
380.38325768373227,17.6094558820804,1232.69,1195.71,35.1,08:58:00,1,pump_wear,3.2406526183781565,0.029354943924530197
294.50500946110657,17.641677588869037,964.69,935.75,27.47,08:59:00,1,pump_wear,3.2756318874345007,0.02935613144536468
388.0998907366304,17.674197987176218,1256.13,1218.44,35.77,09:00:00,1,pump_wear,3.236615185888898,0.029357210859787927
391.98400187494775,17.70701832697614,1267.9,1229.86,36.11,09:01:00,1,pump_wear,3.2345707833364346,0.029361065487128617
395.8849604718272,17.74013984003009,1279.71,1241.32,36.44,09:02:00,1,pump_wear,3.2325299715220415,0.029355847001578964
399.8024980002347,17.773563739479062,1291.55,1252.8,36.78,09:03:00,1,pump_wear,3.230470060742946,0.029358237547892723
403.7363404877679,17.80729121943487,1303.42,1264.32,37.12,09:04:00,1,pump_wear,3.2283940514873968,0.029359655783345987
407.6862085240378,17.841323454569793,1315.33,1275.87,37.46,09:05:00,1,pump_wear,3.2263293986861616,0.029360358030206844
411.65181726964335,17.875661599704888,1327.26,1287.44,37.8,09:06:00,1,pump_wear,3.224229662833258,0.029360591561548497
415.6328764667512,17.91030678939698,1339.23,1299.05,38.14,09:07:00,1,pump_wear,3.2221464562299427,0.029359916862322467
419.6290904512933,17.945260137524436,1351.22,1310.68,38.48,09:08:00,1,pump_wear,3.2200341462190343,0.029358806115909294
423.6401581667942,17.980522736871794,1363.23,1322.34,38.82,09:09:00,1,pump_wear,3.217896069860482,0.02935704886791597
427.6657731798379,18.01609565871337,1375.28,1334.02,39.16,09:10:00,1,pump_wear,3.215782244565268,0.02935488223564864
431.70562369718687,18.05197995239581,1387.34,1345.72,39.51,09:11:00,1,pump_wear,3.213625034852749,0.029359747941622327
435.7593925845613,18.088176644919827,1399.43,1357.45,39.85,09:12:00,1,pump_wear,3.211474092846854,0.02935651405208295
439.8267573870889,18.124686740521053,1411.55,1369.2,40.2,09:13:00,1,pump_wear,3.2093318023343977,0.029360210341805436
443.9073903514349,18.161511220250205,1423.68,1380.97,40.54,09:14:00,1,pump_wear,3.207155435895973,0.029356177179808395
448.0009584496193,18.19865104155257,1435.83,1392.76,40.89,09:15:00,1,pump_wear,3.2049708218681605,0.029358970676929264
452.1071234045294,18.23610713784695,1448.0,1404.56,41.23,09:16:00,1,pump_wear,3.202780768186174,0.02935438856296634
456.2255417171363,18.273880418104152,1460.19,1416.39,41.58,09:17:00,1,pump_wear,3.2005880129029034,0.02935632135216995
460.3558646954194,18.31197176642505,1472.4,1428.22,41.93,09:18:00,1,pump_wear,3.1983952262108555,0.02935822212264217
464.4977384850069,18.35038204161836,1484.61,1440.08,42.28,09:19:00,1,pump_wear,3.1961619551521676,0.029359480028887285
468.650804101537,18.389112076778268,1496.85,1451.94,42.63,09:20:00,1,pump_wear,3.1939558982932956,0.02936071738501591
472.81469746474426,18.428162678861888,1509.09,1463.82,42.97,09:21:00,1,pump_wear,3.1917155031174262,0.029354702080856936
176.41687019552688,18.46753462826671,584.55,567.01,16.65,09:22:00,1,pump_wear,3.3134586241787973,0.02936456147157898
481.17348584723857,18.507228678408147,1533.61,1487.6,43.67,09:23:00,1,pump_wear,3.187228816857306,0.029356009680021514
485.3676275574876,18.54724555529725,1545.88,1499.5,44.02,09:24:00,1,pump_wear,3.184967254160155,0.02935645215071691
489.5710904766448,18.58758595711868,1558.16,1511.41,44.37,09:25:00,1,pump_wear,3.182704269737375,0.029356693418728205
493.7834856168624,18.628250553809035,1570.44,1523.33,44.72,09:26:00,1,pump_wear,3.1804222817174965,0.029356738198551856
498.00441913532575,18.6692399866357,1582.73,1535.25,45.07,09:27:00,1,pump_wear,3.178144488653454,0.029356782283015796
502.2334923804944,18.71055486777617,1595.02,1547.17,45.42,09:28:00,1,pump_wear,3.1758535107642833,0.02935682568819199
176.7476160379409,18.752195779898152,584.96,567.41,16.66,09:29:00,1,pump_wear,3.309577877839278,0.02936148464073598
510.71443969079576,18.794163275740285,1619.6,1571.01,46.12,09:30:00,1,pump_wear,3.171243799138638,0.029356910522530092
514.9654928497557,18.836457877693896,1631.89,1582.94,46.47,09:31:00,1,pump_wear,3.168930778195101,0.029356766523052042
519.2230440277258,18.8790800773856,1644.18,1594.85,46.82,09:32:00,1,pump_wear,3.1666160023363736,0.029356992820641442
523.4866712840166,18.922030335261045,1656.46,1606.77,47.17,09:33:00,1,pump_wear,3.164283048385947,0.029357033053890726
527.7559481831386,18.96530908016979,1668.74,1618.68,47.52,09:34:00,1,pump_wear,3.1619539405379173,0.02935725405886278
532.0304438531751,19.008916708951528,1681.01,1630.58,47.87,09:35:00,1,pump_wear,3.159612423352055,0.02935765187847269
536.3097230458696,19.05285358602366,1693.28,1642.48,48.22,09:36:00,1,pump_wear,3.1572800701492723,0.02935804393356388
540.5933461984247,19.097120042970367,1705.53,1654.36,48.57,09:37:00,1,pump_wear,3.1549222941674637,0.029358785270436907
544.8808694970054,19.141716378133346,1717.77,1666.24,48.92,09:38:00,1,pump_wear,3.152560671813861,0.029359516036105242
549.1718449419377,19.18664285620421,1730.0,1678.1,49.27,09:39:00,1,pump_wear,3.1501979133378692,0.029360586377450693
382.3642125699504,19.23189970781872,1230.61,1193.69,35.04,09:40:00,1,pump_wear,3.218423585535924,0.029354354983287118
266.0518500753968,19.27748712915301,868.87,842.8,24.74,09:41:00,1,pump_wear,3.2657919866137735,0.02935453251067869
562.0609427868789,19.323405281521804,1766.6,1713.6,50.31,09:42:00,1,pump_wear,3.143075537753307,0.029359243697478995
566.3611654799149,19.369654290978843,1778.77,1725.41,50.65,09:43:00,1,pump_wear,3.1406990952367497,0.029355341628946163
570.6625399329279,19.416234247919544,1790.91,1737.19,51.0,09:44:00,1,pump_wear,3.138299563539763,0.029357755916163457
574.9645944942309,19.463145206686093,1803.04,1748.95,51.35,09:45:00,1,pump_wear,3.1359148324359847,0.02936047342691329
417.8177319735146,19.51038718517501,1337.06,1296.95,38.08,09:46:00,1,pump_wear,3.200103532429198,0.02936119356952851
399.7325020708709,19.55796016444736,1281.92,1243.46,36.51,09:47:00,1,pump_wear,3.206944627616798,0.029361619995818117
587.8700675418906,19.60586408834165,1839.27,1784.09,52.38,09:48:00,1,pump_wear,3.128701564430199,0.029359505406117408
592.1700535502736,19.654098863089672,1851.3,1795.76,52.72,09:49:00,1,pump_wear,3.126297908684823,0.029358043391099032
596.468307759343,19.70266435693516,1863.3,1807.4,53.06,09:50:00,1,pump_wear,3.1238876831521205,0.02935708752904725
600.7643376287407,19.75156039975567,1875.26,1819.01,53.4,09:51:00,1,pump_wear,3.1214569216970895,0.029356628055920528
605.0576474294314,19.800786782687616,1887.2,1830.58,53.74,09:52:00,1,pump_wear,3.1190416450692102,0.02935681587256498
609.3477383314437,19.850343257754552,1899.11,1842.13,54.08,09:53:00,1,pump_wear,3.116627634001348,0.02935732005884492
219.65540489135796,19.900229537499,719.75,698.15,20.5,09:54:00,1,pump_wear,3.2767233765815593,0.0293633173386808
617.9162531517645,19.950445294617744,1922.81,1865.13,54.76,09:55:00,1,pump_wear,3.1117647257091074,0.029359883761453622
622.19366471594,20.00099016160081,1934.61,1876.57,55.09,09:56:00,1,pump_wear,3.1093373489799805,0.029356751946370243
498.9930251948567,20.051863730374297,1576.56,1529.26,44.9,09:57:00,1,pump_wear,3.1594830396363824,0.029360605783189254
630.7322446138882,20.103065551947,1958.08,1899.34,55.76,09:58:00,1,pump_wear,3.1044552053917376,0.029357566312508555
423.3294638515198,20.154595136061168,1350.14,1309.64,38.45,09:59:00,1,pump_wear,3.1893362387682833,0.02935921321889985
290.2772164348865,20.206451950847345,941.52,913.28,26.81,10:00:00,1,pump_wear,3.2435201479589666,0.02935572880168185
295.8328272710832,20.258635422483486,958.66,929.9,27.3,10:01:00,1,pump_wear,3.240546388455877,0.029357995483385312
647.7299814455481,20.31114493485848,2004.53,1944.4,57.08,10:02:00,1,pump_wear,3.094700040789315,0.029356099567990124
420.53801116964905,20.363979829240108,1340.56,1300.34,38.18,10:03:00,1,pump_wear,3.1877261136787114,0.029361551594198444
656.1807967638111,20.417139403947733,2027.48,1966.66,57.74,10:04:00,1,pump_wear,3.0898191626442566,0.029359421557361213
247.43457041119007,20.470622914029637,806.07,781.89,22.95,10:05:00,1,pump_wear,3.2577096994185664,0.029351954878563482
664.5939589947614,20.52442957094523,2050.23,1988.72,58.38,10:06:00,1,pump_wear,3.0849362565694958,0.029355565388792793
668.7850928998729,20.5785585422523,2061.52,1999.68,58.71,10:07:00,1,pump_wear,3.082484974449992,0.029359697551608256
672.9652174059707,20.63300895129929,2072.76,2010.58,59.03,10:08:00,1,pump_wear,3.0800403146981576,0.0293596872544241
277.9794441532894,20.68777987692284,901.28,874.24,25.67,10:09:00,1,pump_wear,3.2422541269022638,0.029362646412884337
681.2902953950986,20.74287035315063,2095.08,2032.23,59.66,10:10:00,1,pump_wear,3.0751648954356625,0.029356913341501697
685.4341740802705,20.79827936890971,2106.15,2042.96,59.98,10:11:00,1,pump_wear,3.0727239458494684,0.02935936092728198
689.5648939940509,20.8540058677404,2117.16,2053.64,60.29,10:12:00,1,pump_wear,3.070283911550557,0.029357628406147137
693.6819148569751,20.910048747515837,2128.11,2064.26,60.6,10:13:00,1,pump_wear,3.06784702674392,0.029356767073915106
697.7846954419128,20.96640686016739,2138.99,2074.82,60.91,10:14:00,1,pump_wear,3.065401138735724,0.02935676347827763
701.8726936892039,21.023079011415977,2149.82,2085.32,61.22,10:15:00,1,pump_wear,3.0629771172604725,0.029357604588264627
468.131825813713,21.080063960509413,1478.66,1434.3,42.11,10:16:00,1,pump_wear,3.1586401916378435,0.029359269329986754
462.4705687099756,21.137360419965923,1461.51,1417.66,41.62,10:17:00,1,pump_wear,3.160222723095146,0.02935823822355148
714.0425637639028,21.194967055323943,2181.89,2116.43,62.13,10:18:00,1,pump_wear,3.0556861883676714,0.029356038234196268
414.7710479628871,21.252882484898308,1318.3,1278.75,37.54,10:19:00,1,pump_wear,3.1783799917441655,0.029356793743890518
485.0534632931799,21.31110527954292,1527.24,1481.43,43.49,10:20:00,1,pump_wear,3.148601371962359,0.029356770147762636
726.05982326925,21.36963396242008,2213.34,2146.94,63.03,10:21:00,1,pump_wear,3.048426491957552,0.02935806310376629
730.0291221364034,21.428467008776515,2223.67,2156.96,63.32,10:22:00,1,pump_wear,3.0460017724943786,0.02935613085082709
733.979286320632,21.48760284572624,2233.94,2166.92,63.62,10:23:00,1,pump_wear,3.0436008776194865,0.029359644103151013
737.9097715905713,21.54703985204045,2244.12,2176.8,63.91,10:24:00,1,pump_wear,3.04118482556855,0.029359610437339208
741.8200340784026,21.60677635794438,2254.24,2186.61,64.19,10:25:00,1,pump_wear,3.038796333939062,0.029355943675369634
745.7095304031475,21.66681064492144,2264.27,2196.34,64.48,10:26:00,1,pump_wear,3.036396757294874,0.02935793183204786
749.5777177944814,21.727140945524543,2274.22,2205.99,64.76,10:27:00,1,pump_wear,3.0340016065199307,0.029356434072683926
753.4240542170295,21.787765443194942,2284.09,2215.57,65.04,10:28:00,1,pump_wear,3.031612791250292,0.029355876817252446
757.2479984951071,21.848682272088453,2293.88,2225.06,65.32,10:29:00,1,pump_wear,3.029232173024782,0.029356511734515024
333.9601902534009,21.909889516909374,1069.68,1037.59,30.46,10:30:00,1,pump_wear,3.2030165008241034,0.02935648955753236
395.3764383969288,21.9713852127521,1256.07,1218.38,35.77,10:31:00,1,pump_wear,3.176896441003898,0.029358656576765868
768.5800822315326,22.033167344950545,2322.74,2253.06,66.14,10:32:00,1,pump_wear,3.0221183890897145,0.029355631896176754
772.3090677560557,22.095233848935504,2332.19,2262.23,66.41,10:33:00,1,pump_wear,3.0197625502134513,0.029355989444044148
776.012972544944,22.157582610100025,2341.55,2271.31,66.68,10:34:00,1,pump_wear,3.0174108975535017,0.02935750734157821
431.9404221790625,22.220211463672957,1364.29,1323.36,38.85,10:35:00,1,pump_wear,3.15851429953557,0.029357091040986584
290.66596070748324,22.283118194600647,934.77,906.73,26.62,10:36:00,1,pump_wear,3.2159596456522204,0.02935824335800073
272.2840832459421,22.34630053743706,877.49,851.17,24.99,10:37:00,1,pump_wear,3.2227003118922757,0.029359587391472913
790.5671436699417,22.409756176242247,2378.09,2306.75,67.72,10:38:00,1,pump_wear,3.0080809948166047,0.02935732090603663
794.1376808489655,22.473482744489377,2386.99,2315.38,67.97,10:39:00,1,pump_wear,3.0057634306537504,0.02935587247017768
797.6799656895809,22.537477824980364,2395.8,2323.93,68.23,10:40:00,1,pump_wear,3.003460163286001,0.029359748357308528
412.2786304179778,22.601738949770212,1303.46,1264.35,37.12,10:41:00,1,pump_wear,3.161599713956849,0.029358959148969827
804.6776967659682,22.666263600100194,2413.13,2340.73,68.72,10:42:00,1,pump_wear,2.9988776993552397,0.029358362562106693
808.1321085917178,22.731049206339836,2421.65,2349.0,68.96,10:43:00,1,pump_wear,2.9966016375961857,0.02935717326521924
811.5561995121592,22.796093147937967,2430.06,2357.16,69.2,10:44:00,1,pump_wear,2.9943212823224714,0.029357362249486672
628.8245353302884,22.861392753382823,1929.76,1871.87,54.95,10:45:00,1,pump_wear,3.0688369991581177,0.029355671066901016
818.3113806417518,22.92694530017125,2446.6,2373.2,69.67,10:46:00,1,pump_wear,2.989815439302922,0.029356986347547617
821.6414595005386,22.992748014787217,2454.71,2381.07,69.9,10:47:00,1,pump_wear,2.987568326325907,0.02935654978644055
824.9391950043121,23.05879807268957,2462.72,2388.84,70.13,10:48:00,1,pump_wear,2.9853351797487653,0.029357344987525322
378.06670402117305,23.12509259830926,1198.02,1162.08,34.12,10:49:00,1,pump_wear,3.1688058939274026,0.02936114553214925
831.4356496010635,23.19162866505601,2478.43,2404.08,70.58,10:50:00,1,pump_wear,2.98090417603478,0.029358424012512062
834.6333844179846,23.25840329533456,2486.12,2411.54,70.8,10:51:00,1,pump_wear,2.978697050003155,0.029358832944923162
837.7968075752962,23.325413460570484,2493.71,2418.9,71.01,10:52:00,1,pump_wear,2.9765093128215105,0.02935631898796974
840.9254363877413,23.3926560812458,2501.19,2426.16,71.23,10:53:00,1,pump_wear,2.974330293472927,0.02935915191083853
553.2199086724289,23.46012802694426,1710.62,1659.31,48.71,10:54:00,1,pump_wear,3.0921157629793248,0.029355575510302476
847.0764003680652,23.527826116406597,2515.83,2440.35,71.64,10:55:00,1,pump_wear,2.970015454222123,0.029356444772266274
850.0977906607726,23.59574711759553,2522.98,2447.29,71.85,10:56:00,1,pump_wear,2.967870317647706,0.02935900526705049
853.0824970994549,23.66388774777092,2530.02,2454.12,72.05,10:57:00,1,pump_wear,2.9657389626469417,0.029358792561080958
317.12348518491746,23.73224467357481,1010.33,980.02,28.77,10:58:00,1,pump_wear,3.185919829970549,0.029356543744005224
858.9400171517142,23.80081451112666,2543.77,2467.45,72.44,10:59:00,1,pump_wear,2.9615222823536174,0.02935824434132404
861.8119217584436,23.869593826128717,2550.47,2473.95,72.63,11:00:00,1,pump_wear,2.959427614781672,0.029357909416115928
864.645324732023,23.938579133981563,2557.05,2480.34,72.82,11:01:00,1,pump_wear,2.957339763321451,0.029358878218308775
313.562236451348,24.007766899910017,998.3,968.36,28.43,11:02:00,1,pump_wear,3.1837379759054474,0.029358916105580567
870.1948614373827,24.077153539099253,2569.88,2492.79,73.18,11:03:00,1,pump_wear,2.9532235983962116,0.029356664620766294
691.4073251859612,24.146735416841377,2092.24,2029.47,59.58,11:04:00,1,pump_wear,3.0260599270296566,0.02935741843929696
875.5851499460196,24.216508848692374,2582.24,2504.78,73.53,11:05:00,1,pump_wear,2.9491591996040554,0.029355871573551368
878.2195125277011,24.28647010063956,2588.25,2510.6,73.71,11:06:00,1,pump_wear,2.947156107418372,0.029359515653628612
880.8127976424023,24.35661538927947,2594.13,2516.31,73.87,11:07:00,1,pump_wear,2.94515475586128,0.029356478335340244
883.3645950315189,24.42694088200637,2599.9,2521.9,74.04,11:08:00,1,pump_wear,2.943178857997172,0.029358816765137397
885.8745001705912,24.497442697211333,2605.54,2527.38,74.2,11:09:00,1,pump_wear,2.9412066827730743,0.029358466079497346
888.3421143760627,24.56811690449192,2611.07,2532.74,74.36,11:10:00,1,pump_wear,2.939261752589446,0.02935950788474143
365.0633623239767,24.63895952487248,1151.47,1116.93,32.79,11:11:00,1,pump_wear,3.1541647802447073,0.029357256050065804
893.1489050877553,24.709966531035256,2621.75,2543.1,74.66,11:12:00,1,pump_wear,2.935400788228479,0.02935787031575636
895.4873143734764,24.781133847562064,2626.91,2548.11,74.81,11:13:00,1,pump_wear,2.9334977255796253,0.029359015113162305
897.7818984885187,24.85245735118679,2631.95,2552.99,74.95,11:14:00,1,pump_wear,2.931614019430643,0.02935773348113389
900.0322895076298,24.923932871058614,2636.86,2557.76,75.09,11:15:00,1,pump_wear,2.929739333510486,0.029357719254347554
902.238125957924,24.995556189016067,2641.65,2562.4,75.23,11:16:00,1,pump_wear,2.927885581420435,0.029359194505151422
904.399052915592,25.0673230398718,2646.31,2566.92,75.36,11:17:00,1,pump_wear,2.92604242725471,0.029358141274367724
293.5581606037368,25.139229111708232,932.65,904.68,26.56,11:18:00,1,pump_wear,3.177053562680376,0.029358447185745234
908.5847919723266,25.21127004618401,2655.27,2575.61,75.61,11:19:00,1,pump_wear,2.9224239976942883,0.029356152523091615
595.6509169578474,25.28344143885129,1817.06,1762.55,51.74,11:20:00,1,pump_wear,3.0505451234428107,0.02935519559728802
440.139119192489,25.35573883948388,1370.48,1329.37,39.03,11:21:00,1,pump_wear,3.1137427695915365,0.02935977192203826
276.8023094060268,25.42815775241617,880.28,853.87,25.07,11:22:00,1,pump_wear,3.1801757792011895,0.029360441284973122
504.7797457864405,25.500693636892997,1557.33,1510.61,44.35,11:23:00,1,pump_wear,3.0851673685395187,0.029359000668604078
918.2396807198936,25.57334190743028,2675.44,2595.17,76.19,11:24:00,1,pump_wear,2.9136619296418047,0.029358384999826598
400.9101178811116,25.646097934186525,1253.28,1215.69,35.69,11:25:00,1,pump_wear,3.1260872302845084,0.029357813258314207
565.5040417208977,25.718957043345167,1728.88,1677.01,49.23,11:26:00,1,pump_wear,3.0572372122024234,0.029355817794765683
663.4377024500241,25.7919145175077,2000.85,1940.82,56.98,11:27:00,1,pump_wear,3.0158822638674523,0.029358724662771406
925.1105476847868,25.86496559609764,2689.27,2608.59,76.58,11:28:00,1,pump_wear,2.9069715038167696,0.029356855619319246
358.29730041749,25.93810547577529,1124.99,1091.24,32.04,11:29:00,1,pump_wear,3.1398227078159824,0.02936109380154686
928.2553364423524,26.01132931086326,2695.42,2614.55,76.76,11:30:00,1,pump_wear,2.9037484560342137,0.029358780669713716
929.7541469377484,26.084632213782708,2698.29,2617.35,76.84,11:31:00,1,pump_wear,2.9021543048634166,0.029357938372781632
534.7635310856147,26.158009255500367,1638.58,1589.42,46.66,11:32:00,1,pump_wear,3.0641206902676132,0.02935662065407507
478.76315768361616,26.231455465986244,1477.59,1433.26,42.08,11:33:00,1,pump_wear,3.086265048357051,0.02935964165608473
933.9533117722268,26.30496583468193,2706.15,2624.96,77.06,11:34:00,1,pump_wear,2.8975217132266864,0.02935663781543338
484.73802614725713,26.37853531097965,1493.89,1449.07,42.54,11:35:00,1,pump_wear,3.081850235422165,0.029356759852871152
469.7589074778908,26.45215880471181,1450.17,1406.67,41.3,11:36:00,1,pump_wear,3.087051627793247,0.029360119999715637
937.7018214895556,26.52583118665116,2712.82,2631.44,77.25,11:37:00,1,pump_wear,2.8930518612949245,0.029356550025841362
938.8501975487538,26.59954728902141,2714.79,2633.35,77.31,11:38:00,1,pump_wear,2.891611470166435,0.029358042037708625
939.9476866176334,26.673301906018388,2716.62,2635.12,77.36,11:39:00,1,pump_wear,2.8901821225558364,0.02935729682139713
940.9941070300092,26.74708979434157,2718.32,2636.77,77.41,11:40:00,1,pump_wear,2.8887747326916156,0.02935788862889065
445.36740632568456,26.82090567373595,1377.19,1335.87,39.22,11:41:00,1,pump_wear,3.0922559227266397,0.02935914422810603
942.933056871174,26.89474422754427,2721.33,2639.69,77.5,11:42:00,1,pump_wear,2.886026722861828,0.029359508124060022
943.8252647595522,26.968600103269488,2722.64,2640.96,77.53,11:43:00,1,pump_wear,2.884686500412358,0.029356749060947533
944.6657609994726,27.042467913147416,2723.82,2642.1,77.57,11:44:00,1,pump_wear,2.883369031093232,0.029359221831119185
945.4544059832748,27.116342234729508,2724.86,2643.11,77.6,11:45:00,1,pump_wear,2.882063886693869,0.029359353186208668
946.1910686402064,27.190217611475692,2725.77,2644.0,77.62,11:46:00,1,pump_wear,2.880781789577943,0.029357034795763997
946.875626472726,27.264088553357205,2726.55,2644.76,77.64,11:47:00,1,pump_wear,2.879522847321423,0.02935616086147703
564.0284155289204,27.337949537469317,1712.66,1661.28,48.77,11:48:00,1,pump_wear,3.0364782213923474,0.02935688144081672
948.0879807417544,27.411795008653925,2727.72,2645.89,77.68,11:49:00,1,pump_wear,2.8770747603676154,0.029358741293099868
948.6155753429234,27.485619380131915,2728.11,2646.27,77.69,11:50:00,1,pump_wear,2.8758857338113932,0.029358304330245968
350.0832471085893,27.559417034145135,1092.89,1060.11,31.12,11:51:00,1,pump_wear,3.121800340423048,0.029355444246351798
949.5131600581818,27.633182322608057,2728.49,2646.64,77.7,11:52:00,1,pump_wear,2.87356733405655,0.02935797841791857
949.8830005737744,27.706909567768854,2728.48,2646.63,77.7,11:53:00,1,pump_wear,2.8724379722048594,0.02935808934380703
950.2001213837972,27.780593062879944,2728.35,2646.5,77.7,11:54:00,1,pump_wear,2.8713425083830173,0.029359531456640848
950.464469598102,27.854227072877848,2728.08,2646.24,77.69,11:55:00,1,pump_wear,2.8702598437514992,0.029358637160650587
950.6760011190772,27.927805835072235,2727.68,2645.85,77.68,11:56:00,1,pump_wear,2.8692004392549544,0.029359185138991255
675.1672593248161,28.00132355984413,2013.27,1952.87,57.33,11:57:00,1,pump_wear,2.9818833366021327,0.029356792822870955
950.9404817243968,28.074774431353102,2726.49,2644.69,77.64,11:58:00,1,pump_wear,2.8671510493021537,0.029356937864173115
950.993386674311,28.14815260825341,2725.7,2643.93,77.62,11:59:00,1,pump_wear,2.8661608358097626,0.029357812044948244
590.2076376339621,28.221452224418883,1778.9,1725.53,50.66,12:00:00,1,pump_wear,3.0140240257332067,0.02935909546632049
950.9404817243968,28.294667389676547,2723.73,2642.02,77.56,12:01:00,1,pump_wear,2.8642486594543737,0.029356325841590904
950.8346806539096,28.367792190548823,2722.55,2640.87,77.53,12:02:00,1,pump_wear,2.8633263546168126,0.02935774952951111
296.4308790913617,28.44082069100414,928.51,900.66,26.44,12:03:00,1,pump_wear,3.132298506977837,0.02935624986121289
950.464469598102,28.51374693321595,2719.8,2638.21,77.45,12:04:00,1,pump_wear,2.861548313478831,0.029357026165468255
950.2001213837972,28.586564938329857,2718.24,2636.69,77.41,12:05:00,1,pump_wear,2.860702644450695,0.029358779378690705
949.8830005737744,28.65926870723897,2716.54,2635.05,77.36,12:06:00,1,pump_wear,2.859868003068884,0.02935807669683687
949.513160058182,28.73185222136709,2714.72,2633.28,77.31,12:07:00,1,pump_wear,2.8590651653881802,0.02935882245716369
294.5342435079573,28.80430944345977,921.39,893.75,26.24,12:08:00,1,pump_wear,3.1282949956041604,0.029359440559440557
948.6155753429234,28.876634318383086,2710.69,2629.37,77.19,12:09:00,1,pump_wear,2.8575221306271392,0.02935684213328668
948.0879807417544,28.94882077392993,2708.49,2627.23,77.13,12:10:00,1,pump_wear,2.856791832632412,0.029357916893458128
745.3724274677758,29.020862721633748,2190.99,2125.26,62.39,12:11:00,1,pump_wear,2.9394567323121454,0.029356408157119596
537.8081342066336,29.092754057589502,1626.4,1577.61,46.32,12:12:00,1,pump_wear,3.024126815038305,0.029360868655751424
436.0288679735071,29.1644886632818,1336.5,1296.41,38.06,12:13:00,1,pump_wear,3.0651640250599304,0.02935799631289484
945.4544059832748,29.236060406419995,2698.41,2617.45,76.84,12:14:00,1,pump_wear,2.8540879210284573,0.02935681674912606
703.4765729724301,29.307463141780104,2077.34,2015.02,59.16,12:15:00,1,pump_wear,2.952962585836406,0.029359510079304423
943.8252647595522,29.3786907120534,2692.61,2611.84,76.68,12:16:00,1,pump_wear,2.852869170318265,0.02935861308502818
942.933056871174,29.44973694870151,2689.53,2608.85,76.59,12:17:00,1,pump_wear,2.8523021654626866,0.02935776299902256
941.9892854402578,29.52059567281793,2686.33,2605.74,76.5,12:18:00,1,pump_wear,2.851762797646354,0.029358262911879162
940.9941070300092,29.59126069599565,2683.0,2602.51,76.4,12:19:00,1,pump_wear,2.8512399599059726,0.02935627528808727
939.9476866176336,29.661725821200918,2679.54,2599.16,76.31,12:20:00,1,pump_wear,2.850733118608147,0.029359485372197174
938.850197548754,29.731984843652764,2675.97,2595.69,76.2,12:21:00,1,pump_wear,2.8502630206466333,0.029356356113403374
431.6805722331554,29.80203155170834,1320.31,1280.71,37.6,12:22:00,1,pump_wear,3.058534678013923,0.02935871508772478
936.5027483766688,29.871859727753705,2668.46,2588.4,75.99,12:23:00,1,pump_wear,2.8493883276108916,0.029357904496986553
935.253176364814,29.94146314910004,2664.52,2584.58,75.88,12:24:00,1,pump_wear,2.8489825721379334,0.029358735268399508
933.9533117722268,30.01083558888498,2660.46,2580.65,75.76,12:25:00,1,pump_wear,2.8486006382392217,0.029356944955728208
932.6033690238874,30.07997081697905,2656.28,2576.59,75.64,12:26:00,1,pump_wear,2.8482419088622906,0.029356630274898217
931.2035705925712,30.148862600896805,2651.99,2572.43,75.52,12:27:00,1,pump_wear,2.8479164854494776,0.029357455790828126
929.7541469377486,30.217504706712788,2647.57,2568.15,75.4,12:28:00,1,pump_wear,2.8476022491753055,0.02935965578334599
928.2553364423526,30.285890899981773,2643.04,2563.75,75.27,12:29:00,1,pump_wear,2.8473200166343893,0.029359336908824963
926.7073853474426,30.35401494666345,2638.39,2559.24,75.13,12:30:00,1,pump_wear,2.847058350582596,0.029356371422766134
925.1105476847868,30.421870614051127,2633.63,2554.62,75.0,12:31:00,1,pump_wear,2.8468273403551745,0.02935857387791531
923.465085207391,30.48945167170432,2628.74,2549.88,74.86,12:32:00,1,pump_wear,2.846604643866573,0.029358244309536135
921.7712673179974,30.556751892385133,2623.75,2545.04,74.72,12:33:00,1,pump_wear,2.8464219845278005,0.029359067048062112
920.0293709955846,30.623765052998117,2618.64,2540.08,74.57,12:34:00,1,pump_wear,2.8462569593471896,0.029357343075808635
567.1363049653605,30.690484935533448,1696.27,1645.38,48.3,12:35:00,1,pump_wear,2.990938836306035,0.02935492105167195
654.156597684019,30.7569053280133,1932.49,1874.51,55.03,12:36:00,1,pump_wear,2.9541703115764673,0.029357005297384383
332.5487780188885,30.823020025441075,1026.23,995.45,29.22,12:37:00,1,pump_wear,3.0859533031924444,0.02935355869204882
912.5868018428778,30.888822830753444,2597.06,2519.15,73.96,12:38:00,1,pump_wear,2.845822440950819,0.029359109223349143
910.6089278171514,30.954307555774875,2591.39,2513.65,73.8,12:39:00,1,pump_wear,2.8457770628406864,0.029359696059515047
908.5847919723268,31.019468022174536,2585.61,2508.04,73.63,12:40:00,1,pump_wear,2.8457553140276985,0.02935758600341302
906.5147221010265,31.08429806242529,2579.71,2502.32,73.46,12:41:00,1,pump_wear,2.845745289189583,0.029356756929569357
904.3990529155924,31.148791520764668,2573.71,2496.5,73.29,12:42:00,1,pump_wear,2.845768128242616,0.029357099939915886
902.2381259579244,31.212942254157497,2567.6,2490.58,73.12,12:43:00,1,pump_wear,2.845811905004488,0.02935862329256639
409.4939460292085,31.276744133260117,1248.23,1210.79,35.55,12:44:00,1,pump_wear,3.0482257725758073,0.029360995713542396
897.7818984885189,31.34019104338581,2555.06,2478.41,72.76,12:45:00,1,pump_wear,2.8459696105497665,0.029357531643271293
895.4873143734766,31.403276885471445,2548.64,2472.18,72.58,12:46:00,1,pump_wear,2.8460928023119387,0.02935870365426466
893.1489050877556,31.465995577044875,2542.1,2465.84,72.39,12:47:00,1,pump_wear,2.8462219295339426,0.029357135905006
678.587808655071,31.528341053193092,1990.91,1931.19,56.7,12:48:00,1,pump_wear,2.933901809915934,0.029360135460519163
888.342114376063,31.590307267530825,2528.73,2452.86,72.01,12:49:00,1,pump_wear,2.8465722372918023,0.029357566269579187
693.9221764514687,31.65188819316933,2030.38,1969.47,57.82,12:50:00,1,pump_wear,2.925947705523431,0.02935815219322965
883.3645950315191,31.7130778236853,2514.94,2439.49,71.62,12:51:00,1,pump_wear,2.847001129709376,0.02935859544412972
880.8127976424026,31.77387017408948,2507.89,2432.66,71.42,12:52:00,1,pump_wear,2.847245188435792,0.029358808875880726
556.1702860018673,31.834259281794974,1657.59,1607.86,47.2,12:53:00,1,pump_wear,2.9803641829122,0.029355789683181376
479.4512461091785,31.89423920758488,1443.73,1400.42,41.11,12:54:00,1,pump_wear,3.0112133646874293,0.029355479070564544
872.9101257820686,31.95380403657906,2486.17,2411.58,70.8,12:55:00,1,pump_wear,2.8481397185907995,0.029358345980643394
494.6164213659829,32.012947879199935,1485.53,1440.96,42.3,12:56:00,1,pump_wear,3.0033980592423712,0.029355429713524315
867.4397837198417,32.07166487213691,2471.19,2397.06,70.37,12:57:00,1,pump_wear,2.8488317533728935,0.02935679540770778
864.6453247320234,32.12994917930938,2463.56,2389.66,70.16,12:58:00,1,pump_wear,2.849214503951112,0.029359825247106282
861.8119217584439,32.187794992827946,2455.84,2382.16,69.94,12:59:00,1,pump_wear,2.8496240745766155,0.029359908654330524
858.9400171517145,32.24519653395377,2448.02,2374.58,69.71,13:00:00,1,pump_wear,2.8500476763415326,0.029356770460460375
856.0300582176624,32.302148054055706,2440.11,2366.91,69.49,13:01:00,1,pump_wear,2.850495699976407,0.02935895323438576
853.0824970994553,32.35864383556509,2432.11,2359.15,69.26,13:02:00,1,pump_wear,2.8509669443100254,0.029358031494394168
599.1624733244726,32.41467819292794,1770.51,1717.39,50.42,13:03:00,1,pump_wear,2.9549747836780687,0.029358503310255676
847.0764003680655,32.47024547355426,2415.84,2343.36,68.8,13:04:00,1,pump_wear,2.8519741536304006,0.02935955209613546
844.0187921719436,32.52534005876446,2407.57,2335.34,68.56,13:05:00,1,pump_wear,2.852507577235946,0.029357609598602345
840.9254363877417,32.579956364732325,2399.21,2327.24,68.32,13:06:00,1,pump_wear,2.8530591372119587,0.02935666282807102
666.6501536988233,32.63408884342465,1949.44,1890.96,55.51,13:07:00,1,pump_wear,2.9242324316341652,0.029355459660701442
283.26251535662703,32.68773198353706,872.92,846.74,24.86,13:08:00,1,pump_wear,3.0816643667129595,0.029359661761579704
461.5918965130018,32.74088031142607,1388.2,1346.55,39.53,13:09:00,1,pump_wear,3.007418480451808,0.029356503657495082
828.2040896893537,32.793528392036755,2364.93,2293.98,67.35,13:10:00,1,pump_wear,2.8554918158965474,0.0293594538749248
345.47768893455475,32.84567082982633,1055.06,1023.41,30.05,13:11:00,1,pump_wear,3.0539164576843754,0.02936262104142035
821.641459500539,32.89730226968295,2347.29,2276.87,66.84,13:12:00,1,pump_wear,2.8568300356056464,0.029356089719659008
818.3113806417521,32.948417397839805,2338.35,2268.2,66.59,13:13:00,1,pump_wear,2.8575308315597097,0.02935808129794551
814.9494592762883,32.999010942784146,2329.33,2259.45,66.33,13:14:00,1,pump_wear,2.8582508687944275,0.029356701852220675
811.5561995121594,33.04907767616117,2320.23,2250.62,66.07,13:15:00,1,pump_wear,2.858988695292736,0.02935635513769539
455.8425436664697,33.09861241367233,1369.84,1328.74,39.01,13:16:00,1,pump_wear,3.0050727362610603,0.029358640516579614
804.6776967659687,33.14761001596807,2301.8,2232.74,65.55,13:17:00,1,pump_wear,2.8605241691810583,0.02935854600177361
801.1934771685712,33.19606538953465,2292.47,2223.7,65.28,13:18:00,1,pump_wear,2.8613188515982686,0.02935647794216846
797.6799656895813,33.24397348757489,2283.07,2214.58,65.02,13:19:00,1,pump_wear,2.8621378224365,0.02935996893316114
273.6815012549406,33.29132931088256,842.3,817.03,23.99,13:20:00,1,pump_wear,3.0776650819938984,0.029362446911374122
790.5671436699421,33.338127908710334,2264.05,2196.13,64.47,13:21:00,1,pump_wear,2.8638301226255236,0.029356185653854734
259.2444460383937,33.384364379630924,799.09,775.12,22.76,13:22:00,1,pump_wear,3.0823804027865505,0.029363195376199816
584.0304564689731,33.43003387239136,1721.61,1669.96,49.03,13:23:00,1,pump_wear,2.9478085961625897,0.029359984670291505
779.6912632199915,33.475131586760064,2234.99,2167.94,63.65,13:24:00,1,pump_wear,2.866506405073559,0.029359668625515464
776.0129725449444,33.5196527743666,2225.17,2158.41,63.37,13:25:00,1,pump_wear,2.8674391778561725,0.029359574872243922
290.76093151822533,33.56359273953384,891.77,865.02,25.39,13:26:00,1,pump_wear,3.0670214025782983,0.02935192249890176
768.5800822315331,33.60694684010241,2205.32,2139.16,62.8,13:27:00,1,pump_wear,2.8693431575756763,0.029357317825688588
528.6288556939112,33.64971048824713,1568.85,1521.78,44.68,13:28:00,1,pump_wear,2.9677721582955012,0.0293603543219125
761.0490104378626,33.691879151285306,2185.23,2119.67,62.23,13:29:00,1,pump_wear,2.87133938817258,0.02935834351573594
757.2479984951074,33.73344835247667,2175.08,2109.83,61.94,13:30:00,1,pump_wear,2.8723482984736517,0.02935781555859951
753.42405421703,33.77441367181473,2164.88,2099.93,61.65,13:31:00,1,pump_wear,2.8733884827313845,0.029358121461191565
387.9284710297789,33.81477074680936,1172.95,1137.76,33.4,13:32:00,1,pump_wear,3.023624424591305,0.029355927436366194
745.7095304031479,33.8545152732605,2144.3,2079.97,61.06,13:33:00,1,pump_wear,2.875516421039626,0.02935619263739381
741.820034078403,33.89364300602264,2133.92,2069.9,60.77,13:34:00,1,pump_wear,2.8766006604972145,0.02935890622735398
737.9097715905717,33.93214975975998,2123.49,2059.78,60.47,13:35:00,1,pump_wear,2.8777095544117763,0.02935750419947761
733.9792863206326,33.97003140969214,2113.0,2049.61,60.17,13:36:00,1,pump_wear,2.8788278353089027,0.02935680446523973
730.0291221364038,34.00728389233004,2102.46,2039.39,59.87,13:37:00,1,pump_wear,2.8799673002732096,0.029356817479736584
463.1902422120014,34.043903206202025,1384.73,1343.19,39.43,13:38:00,1,pump_wear,2.9895491610253124,0.02935548954354931
517.9343783799214,34.079885412569816,1536.45,1490.36,43.75,13:39:00,1,pump_wear,2.966495494672425,0.029355323545988892
718.0659994935587,34.11522663613424,2070.53,2008.41,58.96,13:40:00,1,pump_wear,2.8834814647404476,0.029356555683351507
714.0425637639031,34.149923065730555,2059.78,1997.99,58.66,13:41:00,1,pump_wear,2.8846739739748384,0.029359506303835353
306.8268043826956,34.18397095501315,936.5,908.4,26.67,13:42:00,1,pump_wear,3.0522105194953317,0.029359313077939236
705.9453668227117,34.21736662312946,2038.15,1977.01,58.04,13:43:00,1,pump_wear,2.887121434301945,0.029357464049246083
701.8726936892043,34.25010645538296,2027.27,1966.45,57.73,13:44:00,1,pump_wear,2.8883728035410563,0.029357471585852675
697.7846954419133,34.282186903885034,2016.35,1955.86,57.42,13:45:00,1,pump_wear,2.889644919373056,0.029357929504156742
693.6819148569756,34.31360448819556,2005.38,1945.22,57.11,13:46:00,1,pump_wear,2.890921555037906,0.029359147037353102
689.5648939940513,34.34435579595208,1994.37,1934.53,56.79,13:47:00,1,pump_wear,2.892215101682953,0.02935596759936522
230.1834240218996,34.37443748348735,709.27,687.99,20.2,13:48:00,1,pump_wear,3.0813252649005696,0.029360891873428392
681.2902953950992,34.40384627643513,1972.22,1913.06,56.16,13:49:00,1,pump_wear,2.8948306079367456,0.029356110106321807
677.1337971561478,34.43257897032413,1961.1,1902.26,55.85,13:50:00,1,pump_wear,2.8961779905777885,0.029359814115841158
672.9652174059712,34.46063243115976,1949.93,1891.43,55.53,13:51:00,1,pump_wear,2.89751973737402,0.02935873915503085
668.7850928998735,34.488003595993845,1938.73,1880.57,55.21,13:52:00,1,pump_wear,2.8988833940565346,0.029358120144424297
664.5939589947617,34.51468947348188,1927.5,1869.67,54.89,13:53:00,1,pump_wear,2.9002671088305703,0.02935812202153321
381.94758295296725,34.54068714442777,1152.15,1117.58,32.81,13:54:00,1,pump_wear,3.0165133945666964,0.029358077274110134
656.1807967638116,34.56599376231607,1904.93,1847.78,54.25,13:55:00,1,pump_wear,2.9030566109140015,0.029359555791273854
651.9598311747058,34.59060655383128,1893.6,1836.79,53.92,13:56:00,1,pump_wear,2.904473419149303,0.029355560515900023
647.7299814455486,34.6145228193644,1882.24,1825.77,53.6,13:57:00,1,pump_wear,2.9059022338280176,0.029357476571528728
643.491774312714,34.63773993350637,1870.85,1814.72,53.28,13:58:00,1,pump_wear,2.907340971060857,0.02935990125198378
639.2457344708972,34.66025534552833,1859.44,1803.65,52.95,13:59:00,1,pump_wear,2.9088031405310133,0.029357136916807584
634.9923844701004,34.682066579848694,1847.99,1792.55,52.63,14:00:00,1,pump_wear,2.9102553750186204,0.029360408356810135
462.29588983021017,34.70317123648674,1378.21,1336.86,39.25,14:01:00,1,pump_wear,2.981229187450017,0.029359843214697128
626.465832858944,34.72356699150273,1825.04,1770.29,51.97,14:02:00,1,pump_wear,2.913231503258899,0.02935677205429619
622.1936647159405,34.74325159742436,1813.53,1759.12,51.64,14:03:00,1,pump_wear,2.9147355603949427,0.02935558688435127
617.9162531517649,34.76222288365954,1802.0,1747.94,51.32,14:04:00,1,pump_wear,2.9162527944663323,0.029360275524331497
613.6341084931076,34.78047875689527,1790.45,1736.73,50.99,14:05:00,1,pump_wear,2.917781093356727,0.02935977382782586
609.3477383314442,34.79801720148257,1778.88,1725.51,50.66,14:06:00,1,pump_wear,2.919318294133733,0.029359435761021378
605.0576474294319,34.81483627980742,1767.29,1714.27,50.33,14:07:00,1,pump_wear,2.9208621814934084,0.02935943579482812
600.7643376287413,34.8309341326475,1755.68,1703.01,50.0,14:08:00,1,pump_wear,2.9224104861646607,0.02935978062371918
596.4683077593435,34.8463089795147,1744.06,1691.74,49.67,14:09:00,1,pump_wear,2.9239776486224884,0.02936030359275066
419.6029015549872,34.86095911898339,1257.44,1219.72,35.81,14:10:00,1,pump_wear,2.9967380953280127,0.029359197192798347
587.870067541891,34.87488292900412,1720.79,1669.16,49.0,14:11:00,1,pump_wear,2.927160430527241,0.02935608329938412
583.5688389996473,34.88807886720304,1709.13,1657.86,48.67,14:12:00,1,pump_wear,2.9287547342825704,0.0293571230381335
579.2668538293937,34.90054547116658,1697.46,1646.54,48.34,14:13:00,1,pump_wear,2.930359278765047,0.029358533652386217
399.17532245446336,34.91228135871158,1199.32,1163.34,34.15,14:14:00,1,pump_wear,3.004494347560312,0.029355132635343065
570.6625399329283,34.9232852281407,1674.1,1623.88,47.67,14:15:00,1,pump_wear,2.933607662764691,0.02935561741015346
268.86061005357857,34.93355585848302,822.17,797.5,23.41,14:16:00,1,pump_wear,3.0579786300274994,0.02935423197492163
562.0609427868794,34.94309210971986,1650.72,1601.2,47.01,14:17:00,1,pump_wear,2.9369057238085214,0.029359230577067196
557.7623397459645,34.95189292299568,1639.02,1589.85,46.67,14:18:00,1,pump_wear,2.9385634045254823,0.029354970594710195
553.4658204145954,34.95995732081401,1627.31,1578.49,46.34,14:19:00,1,pump_wear,2.9402176972391882,0.02935717046037669
549.1718449419382,34.96728440721837,1615.61,1567.14,46.01,14:20:00,1,pump_wear,2.9419024570912082,0.029359214875505694
544.8808694970058,34.97387336795825,1603.9,1555.78,45.67,14:21:00,1,pump_wear,2.943579211141333,0.02935505019989973
273.0421385336214,34.979723470639826,834.32,809.29,23.76,14:22:00,1,pump_wear,3.0556455662145527,0.029359067824883543
195.6699612743428,34.9848340648617,604.13,586.0,17.2,14:23:00,1,pump_wear,3.0874948615795352,0.029351535836177473
292.901346457157,34.989204582335404,892.56,865.79,25.42,14:24:00,1,pump_wear,3.047305895982133,0.02936046847387935
527.755948183139,34.9928345369907,1557.09,1510.38,44.34,14:25:00,1,pump_wear,2.950397821872899,0.02935685059389028
386.8335634524382,34.99572352506571,1163.78,1128.87,33.14,14:26:00,1,pump_wear,3.0084773141539682,0.029356790418737323
519.2230440277262,34.99787122518174,1533.71,1487.7,43.68,14:27:00,1,pump_wear,2.9538557998171218,0.029360758217382536
354.58388108553714,34.99927739840285,1071.46,1039.32,30.51,14:28:00,1,pump_wear,3.0217391628739296,0.02935573259438864
510.71443969079615,34.99994188828021,1510.35,1465.04,43.01,14:29:00,1,pump_wear,2.95732777971662,0.029357560203134386
506.47030194008624,34.999864620881056,1498.69,1453.73,42.68,14:30:00,1,pump_wear,2.959087619272275,0.029358959366594897
502.2334923804949,34.99904560480244,1487.03,1442.42,42.35,14:31:00,1,pump_wear,2.9608339996437705,0.02936038047170727
162.69477315343875,34.9974849311696,504.5,489.37,14.37,14:32:00,1,pump_wear,3.100898635042209,0.029364284692563906
493.78348561686295,34.99518277361909,1463.76,1419.85,41.68,14:33:00,1,pump_wear,2.964376174248489,0.02935521357889918
489.5710904766453,34.99213938826658,1452.14,1408.58,41.35,14:34:00,1,pump_wear,2.9661473650051517,0.02935580513708842
288.6668815517328,34.98835511365934,880.17,853.76,25.06,14:35:00,1,pump_wear,3.049085490059109,0.02935251124437781
481.17348584723896,34.98383037071352,1428.96,1386.09,40.69,14:36:00,1,pump_wear,2.969739692709628,0.029355958126817162
476.9890494342759,34.97856566263607,1417.38,1374.86,40.36,14:37:00,1,pump_wear,2.971514758422772,0.0293557162183786
472.8146974647447,34.972561574831545,1405.83,1363.66,40.03,14:38:00,1,pump_wear,2.9733212768937354,0.02935482451637505
468.6508041015375,34.965818774793505,1394.3,1352.47,39.71,14:39:00,1,pump_wear,2.9751362588037127,0.029361094885653655
464.49773848500735,34.95833801198094,1382.78,1341.3,39.38,14:40:00,1,pump_wear,2.9769359147151846,0.029359576530231867
460.35586469541977,34.95012011767941,1371.29,1330.15,39.05,14:41:00,1,pump_wear,2.9787607917350454,0.02935759124910724
456.2255417171368,34.94116600484704,1359.82,1319.02,38.72,14:42:00,1,pump_wear,2.9805871781792925,0.02935512729147397
452.1071234045298,34.931476667945546,1348.37,1307.92,38.4,14:43:00,1,pump_wear,2.9824126411596596,0.029359593858951614
448.0009584496197,34.921053182756104,1336.94,1296.83,38.07,14:44:00,1,pump_wear,2.984234686967409,0.029356199347640017
443.9073903514353,34.90989670618035,1325.54,1285.78,37.75,14:45:00,1,pump_wear,2.9860732864811923,0.029359610508796218
439.8267573870893,34.898008476026284,1314.17,1274.74,37.42,14:46:00,1,pump_wear,2.9879264458742463,0.029355005726657987
435.7593925845617,34.88538981077949,1302.82,1263.73,37.1,14:47:00,1,pump_wear,2.989769175766372,0.02935753681561726
431.7056236971874,34.87204210935934,1291.5,1252.75,36.78,14:48:00,1,pump_wear,2.991621904156386,0.02935940929954101
427.6657731798383,34.85796685086056,1280.2,1241.8,36.46,14:49:00,1,pump_wear,2.993459098868923,0.02936060557255597
423.6401581667946,34.84316559428005,1268.94,1230.87,36.14,14:50:00,1,pump_wear,2.9953251020655034,0.029361346039792995
154.49081671389115,34.82763997822912,479.93,465.54,13.67,14:51:00,1,pump_wear,3.1065276901785372,0.02936374962409245
415.6328764667516,34.81139172063112,1246.5,1209.11,35.5,14:52:00,1,pump_wear,2.999040909844179,0.029360438669765367
411.6518172696438,34.79442261840466,1235.33,1198.27,35.18,14:53:00,1,pump_wear,3.000909866482681,0.029358992547589443
407.6862085240383,34.77673454713238,1224.19,1187.46,34.86,14:54:00,1,pump_wear,3.0027751108676966,0.02935677833358597
217.5285411471217,34.75832946071547,670.31,650.2,19.09,14:55:00,1,pump_wear,3.0814806942811575,0.029360196862503844
230.4293223157281,34.739209391013986,708.89,687.62,20.19,14:56:00,1,pump_wear,3.076387991232721,0.029362147697856375
395.8849604718277,34.71937644747293,1190.98,1155.25,33.92,14:57:00,1,pump_wear,3.00839920410352,0.029361610041116645
191.17735205719129,34.69883281673448,591.33,573.59,16.84,14:58:00,1,pump_wear,3.0930965077029726,0.02935894977248557
388.0998907366308,34.67758076223613,1169.02,1133.95,33.29,14:59:00,1,pump_wear,3.0121626619918604,0.029357555447771064
384.2328901327396,34.655622623795125,1158.1,1123.35,32.98,15:00:00,1,pump_wear,3.0140574368839563,0.02935861485734633
224.62410430129327,34.6329608171791,691.88,671.13,19.7,15:01:00,1,pump_wear,3.0801680975073187,0.029353478461698924
376.5512455519786,34.609597833663194,1136.37,1102.28,32.36,15:02:00,1,pump_wear,3.0178362531618212,0.029357332075334763
372.73710044060994,34.585536239573585,1125.56,1091.79,32.05,15:03:00,1,pump_wear,3.0197155010045504,0.029355462130995887
368.94106359389855,34.5607786758177,1114.8,1081.35,31.75,15:04:00,1,pump_wear,3.0216208224170042,0.029361446340222874
365.1633707991392,34.53532785740121,1104.07,1070.95,31.44,15:05:00,1,pump_wear,3.023496024762302,0.02935711284373687
361.40425239002286,34.50918657293177,1093.39,1060.59,31.14,15:06:00,1,pump_wear,3.0253932895621483,0.029361016038242867
357.66393325148573,34.48235768410991,1082.75,1050.27,30.83,15:07:00,1,pump_wear,3.0272831542080074,0.02935435649880507
353.9426328260151,34.454844125206925,1072.16,1040.0,30.53,15:08:00,1,pump_wear,3.0291914580604753,0.02935576923076923
350.2405651213973,34.42664890253011,1061.61,1029.76,30.23,15:09:00,1,pump_wear,3.0310880740842627,0.029356354878806713
346.5579387198885,34.39777509387535,1051.11,1019.57,29.93,15:10:00,1,pump_wear,3.032999341704816,0.029355512618064475
342.8949567887907,34.36822584796725,1040.65,1009.43,29.63,15:11:00,1,pump_wear,3.034894446234151,0.02935319933031513
169.07074865747018,34.33800438388694,525.3,509.54,14.96,15:12:00,1,pump_wear,3.1069833437848815,0.029359814734858894
162.52104711392067,34.307113990487736,505.46,490.29,14.39,15:13:00,1,pump_wear,3.1101202519676914,0.029349976544494075
332.02582852747804,34.275558025798745,1009.56,979.27,28.75,15:14:00,1,pump_wear,3.0406068241057036,0.02935860385797584
328.4433482993109,34.24333991641657,999.29,969.31,28.46,15:15:00,1,pump_wear,3.042503388101334,0.02936109191074063
324.8814476199965,34.2104631568854,989.07,959.4,28.17,15:16:00,1,pump_wear,3.044402834466817,0.02936210131332083
173.94157807012786,34.17693130906533,540.46,524.24,15.39,15:17:00,1,pump_wear,3.107135200199824,0.029356783152754463
194.0035151978329,34.14274800148955,601.27,583.23,17.12,15:18:00,1,pump_wear,3.0992737393797305,0.029353771239476707
314.3209061411987,34.10791692871004,958.72,929.95,27.3,15:19:00,1,pump_wear,3.0501311916214875,0.029356417011667295
310.84298049342675,34.07244185063233,948.7,920.24,27.02,15:20:00,1,pump_wear,3.0520232385304316,0.029361905589846127
307.3864364609423,34.03632659183932,938.73,910.57,26.73,15:21:00,1,pump_wear,3.0539083337832267,0.029355239026104527
181.2081410407099,33.999575040904354,562.92,546.03,16.03,15:22:00,1,pump_wear,3.106482946997041,0.02935736131714375
300.53806679228865,33.96219114969371,918.96,891.39,26.17,15:23:00,1,pump_wear,3.057715815531356,0.02935864212073279
297.14651499503265,33.92417893265871,909.16,881.88,25.89,15:24:00,1,pump_wear,3.0596354125681007,0.02935773574636005
192.41963177683687,33.88554246611767,597.14,579.23,17.0,15:25:00,1,pump_wear,3.103321602301718,0.02934930856481881
290.429323555158,33.8462858875277,889.71,863.02,25.34,15:26:00,1,pump_wear,3.0634303351638916,0.02936200783295868
287.10392706106904,33.806413394746755,880.07,853.66,25.06,15:27:00,1,pump_wear,3.0653359882911073,0.02935594967551484
222.2225549289981,33.765929245285975,687.25,666.63,19.57,15:28:00,1,pump_wear,3.0926203697891146,0.02935661461380376
176.42960597517995,33.72483775555253,549.06,532.59,15.64,15:29:00,1,pump_wear,3.1120627230627127,0.029365928763213728
277.2618875624935,33.68314330008322,851.47,825.93,24.25,15:30:00,1,pump_wear,3.0709954674462168,0.029360841717821124
274.0262711607585,33.64085031076892,842.06,816.79,23.98,15:31:00,1,pump_wear,3.0729170470885343,0.02935883152340259
270.81334753141914,33.597963276070104,832.7,807.72,23.71,15:32:00,1,pump_wear,3.0748115171959616,0.029354231664438173
267.623205986785,33.55448674022373,823.39,798.69,23.45,15:33:00,1,pump_wear,3.0766763927066108,0.029360577946387207
125.61639603094862,33.51042530244154,393.91,382.1,11.22,15:34:00,1,pump_wear,3.135816759963013,0.029364040827008636
261.31160229207035,33.46578361610004,804.96,780.81,22.92,15:35:00,1,pump_wear,3.0804602357467807,0.029354132247281672
258.19029477328274,33.42056638792236,795.83,771.96,22.66,15:36:00,1,pump_wear,3.0823389418987244,0.02935385253121923
255.0920786807848,33.374778377152225,786.76,763.16,22.4,15:37:00,1,pump_wear,3.0842196436233906,0.029351643167880914
95.6184872323828,33.32842439472019,301.26,292.22,8.58,15:38:00,1,pump_wear,3.1506459547706926,0.029361440010950653
248.96517836849029,33.28150930240228,768.8,745.74,21.89,15:39:00,1,pump_wear,3.0879820424610087,0.029353393944270122
245.9366114132086,33.23403801197147,759.91,737.11,21.64,15:40:00,1,pump_wear,3.0898612273844934,0.029357897735751787
242.93137049867383,33.18601548434195,751.08,728.55,21.39,15:41:00,1,pump_wear,3.0917373843412297,0.02935968704961911
166.01875375986137,33.13744672870651,518.66,503.1,14.77,15:42:00,1,pump_wear,3.1241048872720625,0.029357980520771217
177.92982954132077,33.088336801667275,555.11,538.46,15.81,15:43:00,1,pump_wear,3.119825390891449,0.029361512461464175
234.05605469793608,33.03869080635995,724.95,703.2,20.64,15:44:00,1,pump_wear,3.097334956515409,0.029351535836177473
231.14454654579535,32.9885138915718,716.36,694.87,20.4,15:45:00,1,pump_wear,3.0991862481950085,0.029358009411832427
148.15210094044957,32.93781125085355,464.32,450.39,13.22,15:46:00,1,pump_wear,3.134076378617375,0.02935233908390506
225.3921109192239,32.88658812162553,699.37,678.39,19.92,15:47:00,1,pump_wear,3.102903633795064,0.02936364038385
222.55123016433896,32.83484978427811,690.97,670.24,19.68,15:48:00,1,pump_wear,3.104768279599109,0.029362616376223442
140.33537981027015,32.7826015612668,440.57,427.35,12.55,15:49:00,1,pump_wear,3.1394078998157084,0.029367029367029368
216.9402281836068,32.729848816202086,674.35,654.12,19.2,15:50:00,1,pump_wear,3.1084598999742257,0.02935241240139424
114.2396502377732,32.6765969529344,360.03,349.23,10.25,15:51:00,1,pump_wear,3.1515327581155046,0.029350284912521833
211.42363821431243,32.622851414634226,657.99,638.25,18.74,15:52:00,1,pump_wear,3.1121874808199994,0.029361535448491967
208.70075737220893,32.56861768286774,649.9,630.4,18.51,15:53:00,1,pump_wear,3.1140279900418903,0.029362309644670053
206.001483185913,32.513901276668136,641.87,622.61,18.28,15:54:00,1,pump_wear,3.115851352491102,0.029360273686577475
203.3258087196965,32.4587077516028,633.9,614.89,18.05,15:55:00,1,pump_wear,3.1176563565223043,0.0293548439558295
200.6737232146777,32.403042698836664,626.0,607.22,17.83,15:56:00,1,pump_wear,3.1194916303531914,0.029363327953624712
198.04521214085568,32.346911744191885,618.16,599.62,17.6,15:57:00,1,pump_wear,3.121307469732447,0.029351922884493516
195.4402572495109,32.290320547204075,610.39,592.08,17.38,15:58:00,1,pump_wear,3.1231538915789447,0.029354141332252396
192.85883662594748,32.23327480017535,602.68,584.6,17.16,15:59:00,1,pump_wear,3.1249799622555363,0.02935340403694834
190.3009247425564,32.17578022722432,595.03,577.18,16.94,16:00:00,1,pump_wear,3.126784595529269,0.029349596313108565
187.7664925121779,32.11784258333339,587.44,569.82,16.73,16:01:00,1,pump_wear,3.1285667221051203,0.029360148818925274
185.25550734174024,32.05946765339344,579.92,562.53,16.51,16:02:00,1,pump_wear,3.1303792708857148,0.029349545802001675
182.76793318615623,32.000661251246214,572.47,555.29,16.3,16:03:00,1,pump_wear,3.1322234158927493,0.029354031226926473
180.3037306024525,31.941429218724565,565.07,548.12,16.09,16:04:00,1,pump_wear,3.1339895082143903,0.02935488579143253
177.86285680411123,31.88177742469085,557.74,541.01,15.88,16:05:00,1,pump_wear,3.1357868080026705,0.02935250734736881
175.44526571560712,31.82171176407356,550.47,533.96,15.68,16:06:00,1,pump_wear,3.137559726988015,0.02936549554273728
173.05090802711578,31.7612381569027,543.27,526.97,15.47,16:07:00,1,pump_wear,3.1393652087331065,0.0293565098582462
170.67973124937186,31.700362547343687,536.13,520.05,15.27,16:08:00,1,pump_wear,3.1411462630948637,0.029362561292183446
168.33167976865832,31.63909090273038,529.05,513.18,15.07,16:09:00,1,pump_wear,3.1429021603484517,0.02936591449393975
56.77597788867651,31.57742921259732,181.1,175.67,5.16,16:10:00,1,pump_wear,3.1897292963424038,0.02937325667444641
163.70471495190029,31.515383487711347,515.09,499.64,14.67,16:11:00,1,pump_wear,3.1464579389258507,0.029361140020814986
161.42567526251872,31.45295975910289,508.21,492.96,14.47,16:12:00,1,pump_wear,3.1482600222890365,0.029353294384939957
122.10247446978524,31.39016407709705,386.49,374.89,11.01,16:13:00,1,pump_wear,3.1652921177747184,0.029368614793672813
156.93614357864766,31.32700251034484,494.62,479.78,14.09,16:14:00,1,pump_wear,3.1517277583167065,0.029367626828963277
154.72550797546782,31.26348114485468,487.93,473.29,13.89,16:15:00,1,pump_wear,3.1535201039854575,0.029347757189038433
152.5375255262604,31.1996060830244,481.29,466.85,13.71,16:16:00,1,pump_wear,3.1552235972068563,0.02936703437935097
101.36757743304484,31.13538344267389,322.06,312.4,9.17,16:17:00,1,pump_wear,3.177150013402723,0.029353393085787455
148.22920298116617,31.0708193560788,468.21,454.17,13.33,16:18:00,1,pump_wear,3.158689317512489,0.029350243300966597
146.10869781907,31.005919969005276,461.77,447.92,13.15,16:19:00,1,pump_wear,3.160455242519656,0.029357921057331666
60.18089030657274,30.80927164470293,192.49,186.71,5.48,16:22:00,1,pump_wear,3.1985236346524593,0.029350329387820687
137.8490085454822,30.74309274948573,436.61,423.51,12.43,16:23:00,1,pump_wear,3.167306059048977,0.029349956317442326
135.83920728549185,30.676609451301527,430.48,417.56,12.26,16:24:00,1,pump_wear,3.1690408726787154,0.029361049908995115
133.85126165713257,30.60982795667975,424.41,411.67,12.09,16:25:00,1,pump_wear,3.1707583084808704,0.02936818325357689
131.88507137841086,30.54275447893308,418.4,405.84,11.91,16:26:00,1,pump_wear,3.1724591390598484,0.02934654050857481
95.11072515375436,30.475395237208787,303.26,294.16,8.64,16:27:00,1,pump_wear,3.188494247202459,0.029371770465053033
63.15028602700136,30.40775645554301,202.24,196.18,5.76,16:28:00,1,pump_wear,3.202519144783092,0.029360791110204912
126.11599813638531,30.33984436191824,400.73,388.71,11.41,16:29:00,1,pump_wear,3.177471581096631,0.029353502611201156
124.23578456799386,30.27166518732416,394.97,383.12,11.25,16:30:00,1,pump_wear,3.179196729617256,0.029364167884735854
56.42138345374445,30.203225164822104,181.0,175.57,5.15,16:31:00,1,pump_wear,3.2080035780829084,0.02933302956085892
120.53891417596816,30.134530528613208,383.62,372.11,10.92,16:32:00,1,pump_wear,3.18254069752092,0.02934616108140066
118.72203097861376,30.0655875131105,378.03,366.69,10.77,16:33:00,1,pump_wear,3.1841604871811633,0.02937085821811339
116.92602856096366,29.99640235201517,372.5,361.33,10.61,16:34:00,1,pump_wear,3.1857748405932003,0.029363739517892232
115.15078935912534,29.926981277397232,367.04,356.03,10.45,16:35:00,1,pump_wear,3.187472722008859,0.02935145914670112
113.39619415197448,29.857330518780515,361.63,350.78,10.3,16:36:00,1,pump_wear,3.1890841020232177,0.02936313358800388
111.66212211264236,29.78745630223245,356.29,345.6,10.15,16:37:00,1,pump_wear,3.1907865734504157,0.02936921296296296
109.94845085966448,29.717364849458757,351.0,340.47,10.0,16:38:00,1,pump_wear,3.19240514309754,0.029371163391781946
106.58181371835433,29.57655509485214,340.6,330.38,9.7,16:40:00,1,pump_wear,3.1956671416762137,0.02936013075852049
104.9285957494575,29.505849206545573,335.48,325.42,9.55,16:41:00,1,pump_wear,3.1972218593398503,0.029346690430827854
101.6817205866174,29.363866383591848,325.43,315.66,9.27,16:43:00,1,pump_wear,3.200476920753746,0.0293670404865995
100.0878033373499,29.29260181226213,320.49,310.87,9.13,16:44:00,1,pump_wear,3.2020884594676917,0.02936918969344099
98.51339089528938,29.22116335957281,315.6,306.13,8.99,16:45:00,1,pump_wear,3.203625386679194,0.02936660895697906
96.9583502390172,29.149557180385223,310.77,301.45,8.85,16:46:00,1,pump_wear,3.205190674489658,0.029358102504561286
93.90584668835034,29.005866199803293,301.29,292.25,8.58,16:48:00,1,pump_wear,3.20842642524597,0.029358426005132592
65.50712881998277,28.933793643439145,211.0,204.67,6.01,16:49:00,1,pump_wear,3.221023479442058,0.029364342600283384
90.9292071317308,28.861577848963,292.02,283.26,8.32,16:50:00,1,pump_wear,3.2115093621892608,0.029372308126809295
89.46899282519404,28.789224901521514,287.47,278.85,8.19,16:51:00,1,pump_wear,3.213068471237444,0.029370629370629366
88.02733047107739,28.71674086983175,282.98,274.49,8.06,16:52:00,1,pump_wear,3.2146834225874548,0.029363546941600788
86.60408024234515,28.644131805368968,278.53,270.18,7.93,16:53:00,1,pump_wear,3.2161302241255427,0.029350803168258197
61.36172143196181,28.571403741561912,198.05,192.11,5.64,16:54:00,1,pump_wear,3.2275822023604546,0.02935818020925511
83.8122529412999,28.49856269299567,269.81,261.72,7.68,16:55:00,1,pump_wear,3.219219034583982,0.029344337459880784
82.44339243430329,28.425614654622212,265.53,257.57,7.56,16:56:00,1,pump_wear,3.2207553832963995,0.0293512443219319
55.64618602494687,28.35256560097878,179.89,174.5,5.12,16:57:00,1,pump_wear,3.2327462643954266,0.029340974212034385
79.7590640975202,28.27942148541428,257.13,249.41,7.32,16:58:00,1,pump_wear,3.2238342175832337,0.029349264263662245
53.355900330935945,28.206188239323865,172.64,167.46,4.92,16:59:00,1,pump_wear,3.2356309035966673,0.029380150483697597
77.14496749138718,28.132871771391628,248.93,241.47,7.09,17:00:00,1,pump_wear,3.226782097325943,0.029361825485567566
75.86389463794407,28.05947796684169,244.91,237.57,6.97,17:01:00,1,pump_wear,3.2282814001155415,0.029338721219009135
73.35297280966908,27.91248176705171,237.03,229.91,6.75,17:03:00,1,pump_wear,3.231361878338974,0.02935931451437519
51.569004862007446,27.8388910183397,167.15,162.13,4.76,17:04:00,1,pump_wear,3.2412880653267138,0.029359156232652808
70.90937546194623,27.76524622462867,229.34,222.46,6.53,17:05:00,1,pump_wear,3.2342690724032135,0.029353591656927087
67.36764473568586,27.54404500387857,218.18,211.63,6.21,17:08:00,1,pump_wear,3.2386466953983644,0.02934366583187639
66.21945620284826,27.470241318953477,214.56,208.12,6.11,17:09:00,1,pump_wear,3.2401353363993834,0.02935806265615991
65.08721587441856,27.396412089452618,210.98,204.65,6.01,17:10:00,1,pump_wear,3.241496769612512,0.029367212313706325
63.9707759620657,27.32256292673362,207.45,201.23,5.91,17:11:00,1,pump_wear,3.2428870352145895,0.029369378323311636
62.869988594060224,27.24869941104053,203.97,197.86,5.81,17:12:00,1,pump_wear,3.2443142517011765,0.029364196906903867
60.71477979092143,27.10095148230999,197.15,191.24,5.61,17:14:00,1,pump_wear,3.2471500461487217,0.029334867182597785
56.585684953274175,26.80552531854628,184.06,178.54,5.24,17:18:00,1,pump_wear,3.252766139563181,0.02934916545311975
54.60943555796692,26.65793344237097,177.79,172.45,5.06,17:20:00,1,pump_wear,3.2556644869782465,0.029341838213975065
51.75212006878487,26.43681637432624,168.7,163.63,4.8,17:23:00,1,pump_wear,3.2597698369801495,0.02933447411843794
50.827003306251385,15.313453372260708,173.16,167.97,4.93,06:36:00,2,pump_wear,3.406850467981504,0.029350479252247423
51.74858908789797,15.318999529532691,176.28,170.99,5.02,06:37:00,2,pump_wear,3.406469685590427,0.029358442014152872
53.63324165209357,15.330351218149382,182.65,177.17,5.2,06:39:00,2,pump_wear,3.405537207405965,0.029350341479934528
54.59659678158939,15.3361589562263,185.9,180.33,5.29,06:40:00,2,pump_wear,3.4049741368254596,0.029335107857816223
55.57416377114404,15.34205611062194,189.21,183.53,5.39,06:41:00,2,pump_wear,3.404639623174036,0.02936849561379611
56.56608734770416,15.348043808682627,192.56,186.78,5.48,06:42:00,2,pump_wear,3.4041597895282996,0.029339329692686586
57.57251240809107,15.354123187347795,195.95,190.07,5.58,06:43:00,2,pump_wear,3.403533940138797,0.029357605092860527
58.59358398950328,15.360295393147789,199.4,193.42,5.68,06:44:00,2,pump_wear,3.4031029751605812,0.02936614621031951
60.680247385142216,15.37292292020198,206.44,200.24,5.88,06:46:00,2,pump_wear,3.40209555656076,0.029364762285257688
62.82723948324854,15.385935753705455,213.67,207.26,6.08,06:48:00,2,pump_wear,3.40091338975621,0.029335134613528904
65.0357224957519,15.39934341051752,221.12,214.48,6.3,06:50:00,2,pump_wear,3.3999776048377637,0.0293733681462141
66.16338610213509,15.406198313421132,224.91,218.16,6.4,06:51:00,2,pump_wear,3.3993121158099577,0.029336266960029337
67.30685785466714,15.41315556009024,228.76,221.9,6.51,06:52:00,2,pump_wear,3.398762136452006,0.029337539432176655
68.46628263344417,15.420216382961124,232.66,225.68,6.63,06:53:00,2,pump_wear,3.3981690118275982,0.029377880184331795
69.64180513297322,15.427382023932902,236.62,229.52,6.74,06:54:00,2,pump_wear,3.397671837313818,0.02936563262460788
70.8335698265008,15.434653734343454,240.62,233.41,6.85,06:55:00,2,pump_wear,3.3969768937154057,0.029347500107107665
72.04172092979067,15.442032774943156,244.69,237.35,6.97,06:56:00,2,pump_wear,3.396504092933403,0.029365915314935747
73.26640236435263,15.449520415866404,248.8,241.34,7.09,06:57:00,2,pump_wear,3.3958266268175916,0.029377641501615977
75.76593021761883,15.464826625954696,257.2,249.48,7.32,06:59:00,2,pump_wear,3.3946656401004622,0.029341029341029345
60.91913495049853,15.48058271213996,207.16,200.94,5.9,07:01:00,2,pump_wear,3.400573566389828,0.02936199860654922
79.64277641395917,15.488632732859948,270.2,262.1,7.69,07:02:00,2,pump_wear,3.3926491788229702,0.029339946585272794
82.31403180565101,15.50508335807524,279.16,270.78,7.95,07:04:00,2,pump_wear,3.391402339021804,0.029359627742078443
85.05595262497378,15.522010372528994,288.34,279.69,8.21,07:06:00,2,pump_wear,3.3900037692992546,0.02935392756265866
86.45376094635766,15.530655913631977,293.02,284.23,8.34,07:07:00,2,pump_wear,3.38932623396004,0.02934243394434085
87.86965225944398,15.53942463543638,297.76,288.83,8.48,07:08:00,2,pump_wear,3.38865572292051,0.02935983104248174
89.30376389173125,15.548317917618183,302.55,293.48,8.62,07:09:00,2,pump_wear,3.3878751221146852,0.0293716777974649
55.23845657083962,15.557337148652302,187.91,182.28,5.35,07:10:00,2,pump_wear,3.4017967131108744,0.029350449857362296
92.2271932775174,15.566483725749949,312.33,302.96,8.89,07:11:00,2,pump_wear,3.386528299307336,0.029343807763401113
93.71678140711226,15.57575905479338,317.3,307.78,9.04,07:12:00,2,pump_wear,3.3857330057209984,0.029371629085710574
59.64426080344959,15.585164550267931,202.77,196.69,5.77,07:13:00,2,pump_wear,3.3996565179708385,0.02933550256749199
96.752373392429,15.594701635191306,327.43,317.61,9.32,07:14:00,2,pump_wear,3.3842063870819916,0.029344164226567174
98.29864176349594,15.604371741040149,332.59,322.61,9.47,07:15:00,2,pump_wear,3.3834648580415094,0.0293543287560832
99.86406627539502,15.614176307673812,337.81,327.68,9.62,07:16:00,2,pump_wear,3.3826982276930497,0.029357910156249997
101.44877643339078,15.624116783255335,343.09,332.8,9.77,07:17:00,2,pump_wear,3.3819037751063066,0.02935697115384615
55.818070693481424,15.634194624169574,189.82,184.12,5.41,07:18:00,2,pump_wear,3.400690809296776,0.02938301107973061
104.6765657339041,15.644411294938472,353.84,343.22,10.08,07:19:00,2,pump_wear,3.3803172421560768,0.02936891789522755
106.31989776894288,15.654768268133438,359.31,348.53,10.23,07:20:00,2,pump_wear,3.379517922231845,0.029351849195191234
107.9830211387239,15.665267024284812,364.84,353.89,10.39,07:21:00,2,pump_wear,3.3786793159944692,0.029359405464974994
109.66605894133296,15.67590905178838,370.43,359.32,10.55,07:22:00,2,pump_wear,3.3777998733242116,0.029361015251029726
83.72244398801428,15.686695846808911,283.69,275.17,8.08,07:23:00,2,pump_wear,3.3884581778407368,0.029363666097321654
113.09236305091804,15.697628913180738,381.82,370.36,10.87,07:24:00,2,pump_wear,3.3761784589123107,0.029349821795010257
114.8358682186539,15.70870976230524,387.6,375.97,11.04,07:25:00,2,pump_wear,3.375252053321772,0.029364045003590706
116.59976544061504,15.719939913045357,393.45,381.65,11.2,07:26:00,2,pump_wear,3.374363563367427,0.029346259661993973
118.38417017913154,15.731320891616978,399.37,387.39,11.37,07:27:00,2,pump_wear,3.3735084631306553,0.029350267172616743
120.18919621803676,15.742854231477262,405.35,393.19,11.54,07:28:00,2,pump_wear,3.372599308049697,0.029349678272590857
122.014955611468,15.754541473209818,411.4,399.06,11.72,07:29:00,2,pump_wear,3.3717178188387025,0.029369017190397435
123.86155863236964,15.766384164406752,417.51,404.99,11.89,07:30:00,2,pump_wear,3.370779478394914,0.029358749598755524
125.72911372071243,15.77838385954754,423.69,410.98,12.07,07:31:00,2,pump_wear,3.369863888018499,0.029368825733612342
127.6177274314406,15.790542119874722,429.93,417.04,12.24,07:32:00,2,pump_wear,3.3688893279420684,0.029349702666410894
129.52750438216142,15.802860513266362,436.25,423.16,12.42,07:33:00,2,pump_wear,3.3680105401620053,0.02935060024576992
131.45854720059032,15.815340614105295,442.62,429.34,12.6,07:34:00,2,pump_wear,3.3669929375121863,0.029347370382447478
133.41095647176567,15.827984003145117,449.07,435.59,12.79,07:35:00,2,pump_wear,3.366065365816027,0.02936247388599371
73.22101679585498,15.840792267372862,248.27,240.82,7.07,07:36:00,2,pump_wear,3.390693148829019,0.029358026741964954
137.3802661809157,15.853766999868451,462.16,448.29,13.16,07:37:00,2,pump_wear,3.3640930597075913,0.029355997233933392
139.3973570975791,15.866909799660766,468.8,454.74,13.35,07:38:00,2,pump_wear,3.3630479785340324,0.029357435017812374
141.43619531741678,15.880222271580395,475.51,461.25,13.54,07:39:00,2,pump_wear,3.362010685686513,0.0293550135501355
143.49687041326115,15.893706026109076,482.29,467.83,13.73,07:40:00,2,pump_wear,3.3609792228293056,0.029348267533078256
145.57946959454154,15.907362679225688,489.14,474.47,13.93,07:41:00,2,pump_wear,3.3599517937681798,0.029359074335574428
147.68407765330392,15.921193852248924,496.06,481.18,14.13,07:42:00,2,pump_wear,3.3589267569150327,0.029365310278897713
98.59634648713964,15.935201171676532,333.16,323.16,9.49,07:43:00,2,pump_wear,3.3790298714917957,0.02936625820027231
151.95964715992318,15.949386269021115,510.1,494.79,14.53,07:44:00,2,pump_wear,3.3568122164903946,0.029365993653873358
154.13076561772522,15.963750780642536,517.22,501.7,14.73,07:45:00,2,pump_wear,3.355721993121139,0.029360175403627668
156.32420686433636,15.978296347576832,524.41,508.67,14.93,07:46:00,2,pump_wear,3.35463080554825,0.029351052745394852
93.65651323302131,15.993024615361694,316.58,307.09,9.02,07:47:00,2,pump_wear,3.3802240663426764,0.02937249666221629
160.77834255002617,16.007937233858442,538.99,522.82,15.35,07:48:00,2,pump_wear,3.3523793780390125,0.029360009180980067
76.82495008330524,16.023035857070532,260.19,252.39,7.41,07:49:00,2,pump_wear,3.3867903554491425,0.029359324854392015
165.3225961134873,16.038322142958545,553.85,537.23,15.77,07:50:00,2,pump_wear,3.350116759718704,0.029354280289633862
167.6286740135784,16.053797753251676,561.38,544.54,15.99,07:51:00,2,pump_wear,3.348949714620582,0.029364234032394316
169.9574638247383,16.06946435325567,568.98,551.91,16.2,07:52:00,2,pump_wear,3.3477788335717777,0.029352611838886777
172.30902016653712,16.08532361165726,576.65,559.35,16.42,07:53:00,2,pump_wear,3.346603674274662,0.029355501921873604
174.68339458994683,16.101377200325047,584.39,566.86,16.64,07:54:00,2,pump_wear,3.3454238817135518,0.029354690752566772
177.0806355233337,16.11762679410681,592.19,574.43,16.86,07:55:00,2,pump_wear,3.3441827122987022,0.02935083474052539
62.29560715340568,16.134074070623296,211.27,204.93,6.02,07:56:00,2,pump_wear,3.391410881986242,0.029375884448348214
139.38302361950642,16.150720710058412,468.23,454.18,13.33,07:57:00,2,pump_wear,3.359304367497392,0.029349597076049144
108.28942569885656,16.167568394945864,365.14,354.19,10.4,07:58:00,2,pump_wear,3.37188970800734,0.02936277139388464
186.8991206199236,16.18461880995222,624.11,605.38,17.77,07:59:00,2,pump_wear,3.339288049777316,0.029353463940004626
72.57813460001687,16.201873641656377,245.76,238.39,7.0,08:00:00,2,pump_wear,3.3861437932291922,0.029363647804018626
191.94658282969812,16.219334578325487,640.47,621.26,18.24,08:01:00,2,pump_wear,3.3367095707468155,0.02935968837523742
194.5049717555825,16.237003309687246,648.76,629.3,18.47,08:02:00,2,pump_wear,3.335441732642394,0.02935007150802479
63.70122896144742,16.254881526698643,215.89,209.42,6.15,08:03:00,2,pump_wear,3.3891025890671376,0.029366822653041736
67.98793327197549,16.2729709213111,230.29,223.38,6.56,08:04:00,2,pump_wear,3.3872187153970326,0.029366997940728803
202.3190171352707,16.291273186232033,674.03,653.8,19.19,08:05:00,2,pump_wear,3.3315207316835806,0.029351483634138885
150.66731865837494,16.309790014682832,505.12,489.97,14.38,08:06:00,2,pump_wear,3.3525518639202425,0.029348735636875727
207.6442461536988,16.32852310015326,691.21,670.47,19.68,08:07:00,2,pump_wear,3.3288184614003926,0.029352543737974853
210.3416406667945,16.34747413615227,699.9,678.9,19.93,08:08:00,2,pump_wear,3.3274438564864224,0.029356311680659893
213.0622220015652,16.366644815955276,708.66,687.4,20.18,08:09:00,2,pump_wear,3.3260706348720706,0.0293569973814373
215.80598540260448,16.386036832347802,717.49,695.96,20.43,08:10:00,2,pump_wear,3.324699260131554,0.02935513535260647
218.57292215929797,16.405651877365635,726.38,704.59,20.69,08:11:00,2,pump_wear,3.3232844801818935,0.029364595012702423
221.36301955684,16.425491642031385,735.34,713.28,20.94,08:12:00,2,pump_wear,3.3218737324424,0.02935733512786003
224.17626082774336,16.44555781608751,744.37,722.03,21.2,08:13:00,2,pump_wear,3.3204675519678357,0.02936166087281692
171.27271026159193,16.465852087725818,572.39,555.22,16.3,08:14:00,2,pump_wear,3.341980162080491,0.029357732070170384
229.8720873689506,16.48637614331343,762.61,739.74,21.72,08:15:00,2,pump_wear,3.31754067546266,0.029361667612945088
98.63900710211732,16.50713166711524,332.55,322.58,9.47,08:16:00,2,pump_wear,3.37138430089552,0.02935705871411743
235.66018477986336,16.52812034101288,781.12,757.69,22.24,08:17:00,2,pump_wear,3.3146031890353713,0.029352373662051758
75.60204196741202,16.549343844220196,255.56,247.9,7.28,08:18:00,2,pump_wear,3.380331977146308,0.02936668011294877
241.540268201826,16.570803852995247,799.89,775.9,22.78,08:19:00,2,pump_wear,3.311621726492531,0.02935945353782704
244.51469673624567,16.592502040348855,809.37,785.09,23.05,08:20:00,2,pump_wear,3.310107780036859,0.029359691245589677
157.83997933019,16.61444007574974,528.07,512.22,15.04,08:21:00,2,pump_wear,3.3456035805435276,0.029362383350903905
250.5320730681942,16.63661962482621,828.52,803.67,23.59,08:22:00,2,pump_wear,3.30704164881308,0.029352843828934765
130.70595265310814,16.659042349064453,438.67,425.51,12.49,08:23:00,2,pump_wear,3.3561593110011168,0.029353011680101525
256.6404169724432,16.681709905503467,847.92,822.49,24.15,08:24:00,2,pump_wear,3.303922312793957,0.029362059113180704
259.7285379212626,16.70462394642665,857.72,831.99,24.43,08:25:00,2,pump_wear,3.3023710327127014,0.02936333369391459
155.2083548864348,16.727786119050002,519.2,503.62,14.79,08:26:00,2,pump_wear,3.3451807435230934,0.029367380167586672
85.70467684032242,16.751198065207085,289.13,280.45,8.23,08:27:00,2,pump_wear,3.3735615214871193,0.029345694419682655
269.12779943653857,16.774861421030653,887.46,860.84,25.27,08:28:00,2,pump_wear,3.2975411750775554,0.029355048557223175
272.30557621805315,16.798777816631056,897.5,870.58,25.56,08:29:00,2,pump_wear,3.295929567308281,0.029359737186703115
275.50554762230104,16.82294887577139,907.6,880.37,25.85,08:30:00,2,pump_wear,3.294307529677248,0.02936265433851676
278.72761633836626,16.847376215539494,917.75,890.22,26.13,08:31:00,2,pump_wear,3.292641081125888,0.02935229493832985
281.9716802050874,16.872061446016712,927.96,900.12,26.43,08:32:00,2,pump_wear,3.290968792770479,0.029362751633115584
285.23763217720006,16.897006169943573,938.23,910.08,26.72,08:33:00,2,pump_wear,3.289292485141432,0.029360056258790432
288.5253602924509,16.92221198238236,948.56,920.1,27.01,08:34:00,2,pump_wear,3.2876139519886025,0.029355504836430825
110.07170129906812,16.947680470376586,369.94,358.84,10.53,08:35:00,2,pump_wear,3.36090017355925,0.0293445546761788
295.1656723280729,16.97341321260745,969.38,940.3,27.61,08:36:00,2,pump_wear,3.284189493832963,0.02936296926512815
298.51800745706544,16.999411779047307,979.88,950.48,27.9,08:37:00,2,pump_wear,3.282482046383523,0.02935358976517128
220.4829327309004,17.025677730610155,730.75,708.83,20.81,08:38:00,2,pump_wear,3.3143154934893806,0.02935823822355148
305.28637621541554,17.052212618799224,1001.03,971.0,28.51,08:39:00,2,pump_wear,3.2789868071074855,0.029361483007209064
308.70213074224944,17.07901798535167,1011.68,981.33,28.81,08:40:00,2,pump_wear,3.2772044610365882,0.029358116026209326
312.1387374526,17.106095361880442,1022.39,991.72,29.11,08:41:00,2,pump_wear,3.2754345338353126,0.029353043197676763
315.59604398828856,17.133446269513335,1033.15,1002.16,29.42,08:42:00,2,pump_wear,3.2736468649725508,0.029356589766105216
117.99840175921815,17.161072218529338,395.86,383.99,11.27,08:43:00,2,pump_wear,3.354791201390785,0.029349722649027316
152.5664824957944,17.1889747079922,509.6,494.31,14.51,08:44:00,2,pump_wear,3.340183188755417,0.029354049078513484
110.29011408927356,17.21715522538143,370.27,359.16,10.54,08:45:00,2,pump_wear,3.357236530740076,0.02934625236663325
129.72888084642028,17.2456152462206,434.44,421.41,12.37,08:46:00,2,pump_wear,3.3488302463220383,0.02935383593175292
177.5073396371487,17.274356233703152,590.88,573.15,16.83,08:47:00,2,pump_wear,3.3287637638412373,0.029364040827008636
139.73940534572873,17.303379638315675,467.28,453.26,13.31,08:48:00,2,pump_wear,3.343938660994759,0.02936504434540882
340.3628967028134,17.332686897458707,1109.86,1076.56,31.61,08:49:00,2,pump_wear,3.2608137101649777,0.02936204205989448
343.9796927690691,17.362279435065155,1121.0,1087.37,31.92,08:50:00,2,pump_wear,3.2589133125151775,0.029355233269264376
347.61558260725315,17.39215866121636,1132.2,1098.23,32.24,08:51:00,2,pump_wear,3.2570461643521735,0.029356327909454305
351.270361363709,17.42232597175586,1143.43,1109.13,32.56,08:52:00,2,pump_wear,3.255128031755804,0.02935634235842507
274.41217718068214,17.452782747900947,901.84,874.78,25.68,08:53:00,2,pump_wear,3.2864430772188307,0.029355952353734654
358.63573956508475,17.483530355851993,1166.03,1131.04,33.2,08:54:00,2,pump_wear,3.2512933636063073,0.02935351534870562
362.34590262534266,17.514570146399727,1177.39,1142.06,33.53,08:55:00,2,pump_wear,3.2493537017235004,0.02935922806157295
366.07408182074585,17.545903454530396,1188.78,1153.12,33.85,08:56:00,2,pump_wear,3.247375487735582,0.02935514083529902
158.216103630256,17.577531599028966,527.29,511.47,15.02,08:57:00,2,pump_wear,3.332720171343957,0.02936633624650517
373.5835569680399,17.6094558820804,1211.7,1175.35,34.51,08:58:00,2,pump_wear,3.243451103239164,0.02936146679712426
377.3643736950351,17.641677588869037,1223.21,1186.52,34.83,08:59:00,2,pump_wear,3.241455964755513,0.029354751710885613
381.1622481051659,17.674197987176218,1234.76,1197.72,35.16,09:00:00,2,pump_wear,3.239460377144484,0.029355775974351263
384.9769271831769,17.70701832697614,1246.35,1208.96,35.49,09:01:00,2,pump_wear,3.237466746694071,0.029355809952355743
388.8081525559271,17.74013984003009,1257.97,1220.23,35.82,09:02:00,2,pump_wear,3.2354517047300098,0.029355121575440696
392.6556604965502,17.773563739479062,1269.62,1231.53,36.16,09:03:00,2,pump_wear,3.233418304461587,0.02936185070603233
173.5667356141822,17.80729121943487,576.82,559.52,16.43,09:04:00,2,pump_wear,3.323332653338604,0.029364455247354877
252.0711669664308,17.841323454569793,829.44,804.56,23.62,09:05:00,2,pump_wear,3.2904993061362684,0.029357661330416628
404.29316228164765,17.875661599704888,1304.76,1265.62,37.16,09:06:00,2,pump_wear,3.2272621001961177,0.029361103648804537
408.2030563826978,17.91030678939698,1316.54,1277.04,37.49,09:07:00,2,pump_wear,3.225208580422092,0.029356950447910795
169.08153722489467,17.945260137524436,561.92,545.06,16.0,09:08:00,2,pump_wear,3.3233669933612706,0.029354566469746452
416.06720055497976,17.980522736871794,1340.16,1299.96,38.16,09:09:00,2,pump_wear,3.221018138926597,0.0293547493769039
420.0208539957609,18.01609565871337,1352.02,1311.46,38.5,09:10:00,2,pump_wear,3.218935410320473,0.029356594939990543
289.43117064085294,18.05197995239581,947.11,918.7,26.97,09:11:00,2,pump_wear,3.2723151342093777,0.02935669968433656
206.3372951988349,18.088176644919827,682.18,661.71,19.43,09:12:00,2,pump_wear,3.306140071975955,0.029363316256366078
282.48541041187264,18.124686740521053,924.92,897.17,26.34,09:13:00,2,pump_wear,3.274222193108796,0.029358984361938095
435.9721373167615,18.161511220250205,1399.66,1357.67,39.86,09:14:00,2,pump_wear,3.2104345213764383,0.029359122614479215
216.06985747619328,18.19865104155257,713.17,691.78,20.31,09:15:00,2,pump_wear,3.30064548720581,0.029359044783023504
444.0252925970877,18.23610713784695,1423.6,1380.89,40.54,09:16:00,2,pump_wear,3.206123668481621,0.02935787789034608
448.0700903930655,18.273880418104152,1435.6,1392.53,40.88,09:17:00,2,pump_wear,3.203963020028033,0.02935663863615147
452.12658004786726,18.31197176642505,1447.61,1404.18,41.22,09:18:00,2,pump_wear,3.201780350641494,0.02935521087040123
456.1944140325935,18.35038204161836,1459.64,1415.85,41.57,09:19:00,2,pump_wear,3.1996007734888967,0.0293604548504432
319.12712165815606,18.389112076778268,1038.96,1007.79,29.59,09:20:00,2,pump_wear,3.2556305293064924,0.029361275662588438
341.8554357882417,18.428162678861888,1109.57,1076.28,31.6,09:21:00,2,pump_wear,3.2457287023726304,0.029360389489723866
468.46243130558696,18.46753462826671,1495.79,1450.92,42.6,09:22:00,2,pump_wear,3.192977494121119,0.029360681498635348
472.5720670676349,18.507228678408147,1507.87,1462.63,42.94,09:23:00,2,pump_wear,3.1907725933877344,0.029358074154092282
476.6912346358501,18.54724555529725,1519.95,1474.35,43.28,09:24:00,2,pump_wear,3.188541952446655,0.029355309119272904
480.8195567877879,18.58758595711868,1532.04,1486.08,43.63,09:25:00,2,pump_wear,3.1863096630991934,0.02935911929371232
484.9566514891162,18.628250553809035,1544.13,1497.81,43.97,09:26:00,2,pump_wear,3.184057781780223,0.0293561933756618
489.1021319373231,18.6692399866357,1556.23,1509.54,44.32,09:27:00,2,pump_wear,3.1818098887359296,0.029359937464393127
493.2556066071312,18.71055486777617,1568.33,1521.28,44.66,09:28:00,2,pump_wear,3.1795482483976008,0.029356857383256205
497.4166792976238,18.752195779898152,1580.44,1533.02,45.01,09:29:00,2,pump_wear,3.1772959488042445,0.02936034754928181
501.584949181076,18.794163275740285,1592.54,1544.76,45.35,09:30:00,2,pump_wear,3.1750155234922746,0.02935731116807789
505.760010853493,18.836457877693896,1604.64,1556.5,45.7,09:31:00,2,pump_wear,3.1727300806010685,0.029360745261805335
509.94145438685166,18.8790800773856,1616.74,1568.24,46.04,09:32:00,2,pump_wear,3.1704423833201627,0.029357751364587053
287.8645752646029,18.922030335261045,938.87,910.7,26.74,09:33:00,2,pump_wear,3.2614989153736547,0.029362029208301305
518.3218250294968,18.96530908016979,1640.93,1591.7,46.73,09:34:00,2,pump_wear,3.1658516403522414,0.029358547464974554
522.5199101565358,19.008916708951528,1653.01,1603.42,47.07,09:35:00,2,pump_wear,3.163534954112645,0.02935600154669394
526.7226932963641,19.05285358602366,1665.09,1615.14,47.42,09:36:00,2,pump_wear,3.1612270008331036,0.02935968399024233
530.9297427437735,19.097120042970367,1677.16,1626.84,47.76,09:37:00,2,pump_wear,3.1589113680704015,0.029357527476580363
535.1406226185101,19.141716378133346,1689.22,1638.54,48.1,09:38:00,2,pump_wear,3.1565908634153677,0.029355401760103508
539.3548929293058,19.18664285620421,1701.26,1650.22,48.45,09:39:00,2,pump_wear,3.1542496829133,0.029359721734071823
543.5721096395706,19.23189970781872,1713.29,1661.89,48.79,09:40:00,2,pump_wear,3.1519093228238675,0.029358140430473734
270.04740094868777,19.27748712915301,881.47,855.03,25.1,09:41:00,2,pump_wear,3.26413065596395,0.029355695121808596
552.0135862912144,19.323405281521804,1737.31,1685.19,49.47,09:42:00,2,pump_wear,3.147223262514925,0.029355740302280452
556.2369385470457,19.369654290978843,1749.29,1696.82,49.81,09:43:00,2,pump_wear,3.1448648566370743,0.029354910951073187
560.4614219740848,19.416234247919544,1761.26,1708.42,50.16,09:44:00,2,pump_wear,3.1425178093371766,0.029360461713161867
410.417082719663,19.463145206686093,1314.89,1275.44,37.44,09:45:00,2,pump_wear,3.203789645613121,0.029354575675845197
403.0425659357578,19.51038718517501,1292.24,1253.47,36.8,09:46:00,2,pump_wear,3.2062122197931178,0.02935850080177427
573.1370090701053,19.55796016444736,1797.02,1743.11,51.17,09:47:00,2,pump_wear,3.135410855627003,0.029355577100699328
577.3613491946644,19.60586408834165,1808.9,1754.63,51.51,09:48:00,2,pump_wear,3.1330465791018987,0.02935661649464559
581.5844689967986,19.654098863089672,1820.74,1766.12,51.85,09:49:00,2,pump_wear,3.13065443982828,0.02935814100967092
585.8058879571255,19.70266435693516,1832.56,1777.59,52.19,09:50:00,2,pump_wear,3.128271732451626,0.02935997614748058
590.0251223398989,19.75156039975567,1844.36,1789.03,52.52,09:51:00,2,pump_wear,3.1259007967079575,0.029356690497085013
353.6620997602338,19.800786782687616,1139.76,1105.57,32.46,09:52:00,2,pump_wear,3.2227371855019338,0.029360420416617676
598.4550868575903,19.850343257754552,1867.85,1811.81,53.19,09:53:00,2,pump_wear,3.121119764906397,0.02935738294854317
299.2306889518522,19.900229537499,970.67,941.55,27.64,09:54:00,2,pump_wear,3.2438851890495295,0.02935584939727046
305.33912050462527,19.950445294617744,989.51,959.83,28.18,09:55:00,2,pump_wear,3.240691852274497,0.029359365721013095
611.0713804886309,20.00099016160081,1902.83,1845.74,54.19,09:56:00,2,pump_wear,3.1139242660627313,0.029359498087487945
615.2671796953241,20.051863730374297,1914.41,1856.98,54.52,09:57:00,2,pump_wear,3.11151002877807,0.02935949767902724
619.4573254146915,20.103065551947,1925.96,1868.18,54.85,09:58:00,2,pump_wear,3.1091084421524586,0.029360125897932746
623.6413113512864,20.154595136061168,1937.47,1879.35,55.17,09:59:00,2,pump_wear,3.1067056731728546,0.029355894325165617
627.8186288073792,20.206451950847345,1948.94,1890.47,55.5,10:00:00,2,pump_wear,3.1043041900528783,0.029357778753431686
631.9887667803097,20.258635422483486,1960.36,1901.55,55.83,10:01:00,2,pump_wear,3.1018905762947764,0.029360258736294075
636.1512120611377,20.31114493485848,1971.74,1912.59,56.15,10:02:00,2,pump_wear,3.0994832087351343,0.029358095566744572
640.3054493345686,20.363979829240108,1983.07,1923.58,56.47,10:03:00,2,pump_wear,3.0970687537657016,0.029356720281974235
335.5643739960656,20.417139403947733,1081.21,1048.78,30.79,10:04:00,2,pump_wear,3.222064330382929,0.02935792063159099
648.5872286745476,20.470622914029637,2005.59,1945.42,57.11,10:05:00,2,pump_wear,3.092244051888937,0.02935612875368815
652.7137304953807,20.52442957094523,2016.78,1956.27,57.43,10:06:00,2,pump_wear,3.0898384786073883,0.029356888364080624
306.25861875596456,20.5785585422523,989.84,960.14,28.19,10:07:00,2,pump_wear,3.232039653351706,0.029360301622680027
660.9353449602279,20.63300895129929,2038.99,1977.82,58.06,10:08:00,2,pump_wear,3.0850067492194673,0.029355553083698215
665.029407511926,20.68777987692284,2050.02,1988.52,58.38,10:09:00,2,pump_wear,3.0826005238922263,0.029358517892704123
669.111604520528,20.74287035315063,2060.99,1999.16,58.69,10:10:00,2,pump_wear,3.080188695093495,0.029357330078633025
345.00187995924733,20.79827936890971,1108.54,1075.29,31.57,10:11:00,2,pump_wear,3.21314191137435,0.02935952161742414
677.2382870561972,20.8540058677404,2082.76,2020.27,59.31,10:12:00,2,pump_wear,3.0753724941531146,0.029357462121399617
681.2817123831911,20.910048747515837,2093.55,2030.74,59.62,10:13:00,2,pump_wear,3.072957870359611,0.02935875592148675
685.3111519902698,20.96640686016739,2104.28,2041.16,59.92,10:14:00,2,pump_wear,3.0705468514393552,0.029355856473769818
689.3260735075883,21.023079011415977,2114.95,2051.51,60.23,10:15:00,2,pump_wear,3.068141596963281,0.029358862496405083
693.3259438616323,21.080063960509413,2125.56,2061.79,60.53,10:16:00,2,pump_wear,3.06574421283188,0.029357985051823902
464.8374093962582,21.137360419965923,1468.53,1424.48,41.82,10:17:00,2,pump_wear,3.159233681100154,0.029358081545546446
701.2783959573977,21.194967055323943,2146.58,2082.18,61.13,10:18:00,2,pump_wear,3.0609527006310393,0.029358652950273276
360.260946665768,21.252882484898308,1153.14,1118.55,32.84,10:19:00,2,pump_wear,3.2008465271419646,0.029359438558848514
709.1642340007583,21.31110527954292,2167.32,2102.3,61.72,10:20:00,2,pump_wear,3.056160894879088,0.029358321837986964
713.0808358921972,21.36963396242008,2177.59,2112.26,62.01,10:21:00,2,pump_wear,3.0537772022374274,0.029357181407591866
716.9791798900113,21.428467008776515,2187.78,2122.15,62.3,10:22:00,2,pump_wear,3.0513856766881546,0.02935702000329854
720.8587312549636,21.48760284572624,2197.91,2131.97,62.59,10:23:00,2,pump_wear,3.0490162700444725,0.02935782398439003
724.7189554843255,21.54703985204045,2207.95,2141.71,62.88,10:24:00,2,pump_wear,3.046629294419986,0.029359717235293296
728.5593184324164,21.60677635794438,2217.92,2151.39,63.16,10:25:00,2,pump_wear,3.0442545224349384,0.029357764050218695
309.6202171339562,21.66681064492144,995.83,965.95,28.36,10:26:00,2,pump_wear,3.2162951412476963,0.029359697706920648
736.1783264143487,21.727140945524543,2237.63,2170.51,63.72,10:27:00,2,pump_wear,3.039521702436779,0.0293571556915195
410.8950677765432,21.787765443194942,1303.73,1264.62,37.13,10:28:00,2,pump_wear,3.172902529725683,0.0293605984406383
297.6362685682099,21.848682272088453,958.04,929.3,27.28,10:29:00,2,pump_wear,3.218828150912811,0.029355428817389437
747.4445591471749,21.909889516909374,2266.6,2198.6,64.55,10:30:00,2,pump_wear,3.032465715699587,0.02935959246793414
751.1545726615227,21.9713852127521,2276.09,2207.81,64.82,10:31:00,2,pump_wear,3.030122005295477,0.02935941045651573
754.8410061033138,22.033167344950545,2285.5,2216.94,65.08,10:32:00,2,pump_wear,3.0277899339336996,0.02935577868593647
518.3869333069013,22.095233848935504,1619.7,1571.11,46.12,10:33:00,2,pump_wear,3.1245000518581496,0.02935504197669164
762.1410266634887,22.157582610100025,2304.06,2234.93,65.61,10:34:00,2,pump_wear,3.0231412814590826,0.029356624144827804
765.7535645083824,22.220211463672957,2313.2,2243.81,65.87,10:35:00,2,pump_wear,3.0208151907005303,0.0293563180483196
769.3404239824896,22.283118194600647,2322.26,2252.59,66.13,10:36:00,2,pump_wear,3.0185077081727028,0.0293573175766562
772.9010847883659,22.34630053743706,2331.23,2261.29,66.39,10:37:00,2,pump_wear,3.0162074369947773,0.029359347982788588
776.4350285885653,22.409756176242247,2340.11,2269.9,66.64,10:38:00,2,pump_wear,3.0139160571541264,0.02935812150314992
779.9417391303193,22.473482744489377,2348.89,2278.42,66.89,10:39:00,2,pump_wear,3.0116223842811,0.02935806392148945
532.8297320600353,22.537477824980364,1658.55,1608.79,47.23,10:40:00,2,pump_wear,3.1127204437103875,0.029357467413397644
583.5169613762157,22.601738949770212,1803.63,1749.52,51.36,10:41:00,2,pump_wear,3.090964135380344,0.029356623531025652
504.8304101997116,22.666263600100194,1576.36,1529.07,44.89,10:42:00,2,pump_wear,3.122553570765259,0.029357714166127126
272.3623119451647,22.731049206339836,876.35,850.06,24.96,10:43:00,2,pump_wear,3.217589077362647,0.02936263322588994
797.0488857459061,22.796093147937967,2391.39,2319.65,68.1,10:44:00,2,pump_wear,3.000305304689127,0.029357877265966843
800.3814878696664,22.861392753382823,2399.6,2327.61,68.33,10:45:00,2,pump_wear,2.9980703406657865,0.029356292506046974
340.7181700489492,22.92694530017125,1085.81,1053.23,30.92,10:46:00,2,pump_wear,3.1868274000297876,0.029357310369055194
806.9538624327057,22.992748014787217,2415.72,2343.25,68.79,10:47:00,2,pump_wear,2.993628399915434,0.02935666275472101
498.3848489777921,23.05879807268957,1554.98,1508.33,44.28,10:48:00,2,pump_wear,3.120038667285589,0.029356970954631946
621.8698638739279,23.12509259830926,1908.04,1850.8,54.34,10:49:00,2,pump_wear,3.0682303659384567,0.02936027663712989
816.5729723737048,23.19162866505601,2439.13,2365.96,69.46,10:50:00,2,pump_wear,2.987032491302849,0.029358061843818152
819.7135447385884,23.25840329533456,2446.73,2373.33,69.68,10:51:00,2,pump_wear,2.9848597912094728,0.029359591797179493
822.8204187963477,23.325413460570484,2454.22,2380.59,69.89,10:52:00,2,pump_wear,2.9826921451343225,0.029358268328439588
534.7899438152995,23.3926560812458,1658.18,1608.43,47.22,10:53:00,2,pump_wear,3.100619260284158,0.029357820980707893
273.3307877327157,23.46012802694426,876.73,850.43,24.97,10:54:00,2,pump_wear,3.207578653222686,0.029361617064308645
831.9341303299399,23.527826116406597,2476.05,2401.77,70.51,10:55:00,2,pump_wear,2.976257265726091,0.029357515498986166
545.0588632427095,23.59574711759553,1686.25,1635.66,48.02,10:56:00,2,pump_wear,3.0937025589640377,0.02935817957277185
837.8328625561419,23.66388774777092,2490.06,2415.36,70.91,10:57:00,2,pump_wear,2.972024745368764,0.02935794250132485
840.7277333073569,23.73224467357481,2496.91,2422.0,71.1,10:58:00,2,pump_wear,2.9699389006442694,0.02935590421139554
843.5856740480558,23.80081451112666,2503.64,2428.53,71.3,10:59:00,2,pump_wear,2.967855046643878,0.029359324364945046
846.4062407175461,23.869593826128717,2510.25,2434.95,71.48,11:00:00,2,pump_wear,2.9657744464075786,0.02935583892893078
849.1889940060038,23.938579133981563,2516.76,2441.26,71.67,11:01:00,2,pump_wear,2.9637218778911856,0.02935779064909104
851.9334994682774,24.007766899910017,2523.15,2447.46,71.85,11:02:00,2,pump_wear,2.9616748274070566,0.029356965997401386
294.1684673408584,24.077153539099253,938.64,910.48,26.73,11:03:00,2,pump_wear,3.190824660728781,0.029358140760917317
857.3060541329672,24.146735416841377,2535.59,2459.52,72.21,11:04:00,2,pump_wear,2.957625211878806,0.02935938719750195
859.9332597787405,24.216508848692374,2541.64,2465.39,72.38,11:05:00,2,pump_wear,2.9556247198229775,0.029358438218699677
299.1910252175457,24.28647010063956,953.22,924.63,27.15,11:06:00,2,pump_wear,3.1859912886989217,0.029363096589987345
570.5549340385506,24.35661538927947,1753.39,1700.79,49.93,11:07:00,2,pump_wear,3.073130903608186,0.029356945889851188
867.5736401255928,24.42694088200637,2559.07,2482.3,72.87,11:08:00,2,pump_wear,2.949686207189906,0.02935583934254522
318.5113798470564,24.497442697211333,1011.35,981.01,28.8,11:09:00,2,pump_wear,3.17523976846803,0.02935749890419058
872.4621817321163,24.56811690449192,2570.11,2493.0,73.19,11:10:00,2,pump_wear,2.945812499170463,0.02935820296831127
874.8437644023235,24.63895952487248,2575.45,2498.18,73.34,11:11:00,2,pump_wear,2.943897076021909,0.029357372166937533
877.1830466371855,24.709966531035256,2580.66,2503.24,73.49,11:12:00,2,pump_wear,2.9419857233827673,0.029357952094086065
515.3557372274689,24.781133847562064,1592.61,1544.83,45.35,11:13:00,2,pump_wear,3.0903119630878386,0.029355980916994106
289.50533043821684,24.85245735118679,921.36,893.72,26.24,11:14:00,2,pump_wear,3.182532074989296,0.029360426084232196
883.9433842272621,24.923932871058614,2595.59,2517.72,73.91,11:15:00,2,pump_wear,2.9363758429721707,0.02935592520216704
886.1097893214522,24.995556189016067,2600.32,2522.31,74.05,11:16:00,2,pump_wear,2.9345347848952468,0.029358009126554625
888.2320877215174,25.0673230398718,2604.93,2526.78,74.18,11:17:00,2,pump_wear,2.9327132356613417,0.029357522221958383
890.3099373736683,25.139229111708232,2609.42,2531.14,74.31,11:18:00,2,pump_wear,2.9309119110784576,0.029358312855077163
892.3430028413807,25.21127004618401,2613.78,2535.37,74.43,11:19:00,2,pump_wear,2.929120295309376,0.029356661946777003
894.3309553956037,25.28344143885129,2618.02,2539.48,74.55,11:20:00,2,pump_wear,2.927350310536807,0.029356403673192935
896.2734731033099,25.35573883948388,2622.13,2543.47,74.67,11:21:00,2,pump_wear,2.9255914390961313,0.029357531246682684
898.170240914351,25.42815775241617,2626.12,2547.33,74.78,11:22:00,2,pump_wear,2.923855501298473,0.02935622789351988
628.028862804487,25.500693636892997,1905.65,1848.48,54.27,11:23:00,2,pump_wear,3.0343350646182836,0.029359257335756946
901.8253015692752,25.57334190743028,2633.72,2554.71,75.0,11:24:00,2,pump_wear,2.92043258868102,0.029357539603320923
903.5829994846224,25.646097934186525,2637.33,2558.21,75.1,11:25:00,2,pump_wear,2.918746812970426,0.029356464090125513
378.5819053140664,25.718957043345167,1186.61,1151.01,33.79,11:26:00,2,pump_wear,3.1343547680008754,0.029356825744346268
906.9572971437468,25.7919145175077,2644.17,2564.84,75.3,11:27:00,2,pump_wear,2.9154294345800014,0.02935855647915659
908.5733454653952,25.86496559609764,2647.4,2567.98,75.39,11:28:00,2,pump_wear,2.913798883945833,0.02935770527807849
649.5470452254522,25.93810547577529,1961.42,1902.58,55.86,11:29:00,2,pump_wear,3.0196735008150304,0.029360132031241788
911.6619182304491,26.01132931086326,2653.47,2573.87,75.56,11:30:00,2,pump_wear,2.9105855437621315,0.02935657201024139
913.1339361092082,26.084632213782708,2656.32,2576.63,75.64,11:31:00,2,pump_wear,2.9090146526788505,0.0293561745380594
914.5574499826092,26.158009255500367,2659.04,2579.27,75.72,11:32:00,2,pump_wear,2.907460870884123,0.029357143687942712
915.9322257290332,26.231455465986244,2661.63,2581.78,75.8,11:33:00,2,pump_wear,2.905924614543925,0.029359589120684176
917.2580370086852,26.30496583468193,2664.09,2584.17,75.87,11:34:00,2,pump_wear,2.9044062766547065,0.029359523560756454
607.9367232567538,26.37853531097965,1842.67,1787.39,52.47,11:35:00,2,pump_wear,3.031022686257059,0.029355652655548032
919.7619000881268,26.45215880471181,2668.62,2588.57,75.99,11:36:00,2,pump_wear,2.9014248141223358,0.02935597646577067
920.9395386658726,26.52583118665116,2670.7,2590.58,76.05,11:37:00,2,pump_wear,2.899973220683883,0.029356360351735906
922.0673864464102,26.59954728902141,2672.64,2592.46,76.11,11:38:00,2,pump_wear,2.898530019915558,0.029358215748748293
336.06699283067064,26.673301906018388,1055.01,1023.36,30.04,11:39:00,2,pump_wear,3.1392847929328576,0.029354283927454657
630.8761738052671,26.74708979434157,1903.17,1846.07,54.2,11:40:00,2,pump_wear,3.0167092672411697,0.029359666751531635
527.0343203670923,26.82090567373595,1611.97,1563.61,45.9,11:41:00,2,pump_wear,3.0585674171602784,0.029355146104207572
717.933914376506,26.89474422754427,2138.61,2074.45,60.9,11:42:00,2,pump_wear,2.9788396357585207,0.029357179011304205
926.9535197533352,26.968600103269488,2680.42,2600.01,76.33,11:43:00,2,pump_wear,2.8916444491340485,0.029357579393925404
927.7789913496396,27.042467913147416,2681.59,2601.14,76.36,11:44:00,2,pump_wear,2.890332746270847,0.02935635913484088
928.5535385787368,27.116342234729508,2682.62,2602.15,76.39,11:45:00,2,pump_wear,2.889031045109228,0.02935649366869704
929.277032712884,27.190217611475692,2683.53,2603.03,76.42,11:46:00,2,pump_wear,2.8877610287707633,0.029358094220965567
929.9493534442968,27.264088553357205,2684.31,2603.78,76.44,11:47:00,2,pump_wear,2.886512034293046,0.029357318974721363
930.5703889184912,27.337949537469317,2684.95,2604.41,76.46,11:48:00,2,pump_wear,2.8852734107738462,0.029357896798123184
931.1400357652984,27.411795008653925,2685.47,2604.91,76.47,11:49:00,2,pump_wear,2.8840667320171964,0.029356100594646266
931.65819912754,27.485619380131915,2685.86,2605.28,76.49,11:50:00,2,pump_wear,2.882881299724726,0.029359608180310748
932.124792687354,27.559417034145135,2686.12,2605.53,76.49,11:51:00,2,pump_wear,2.8817171488978484,0.0293567911327062
932.5397386901597,27.633182322608057,2686.25,2605.66,76.5,11:52:00,2,pump_wear,2.8805742946387385,0.0293591642808348
932.9029679662516,27.706909567768854,2686.24,2605.66,76.5,11:53:00,2,pump_wear,2.8794420129845446,0.0293591642808348
317.3042704164915,27.780593062879944,993.93,964.11,28.3,11:54:00,2,pump_wear,3.1324192349991824,0.029353497007602865
933.4740426967688,27.854227072877848,2685.85,2605.28,76.49,11:55:00,2,pump_wear,2.87726265236116,0.029359608180310748
933.68179289718,27.927805835072235,2685.46,2604.9,76.47,11:56:00,2,pump_wear,2.876204741732317,0.02935621329033744
933.8376358893288,28.00132355984413,2684.95,2604.4,76.46,11:57:00,2,pump_wear,2.8751786143669618,0.029358009522346795
933.9415456683348,28.074774431353102,2684.3,2603.77,76.44,11:58:00,2,pump_wear,2.8741627486751296,0.0293574317240002
933.9935048935926,28.14815260825341,2683.52,2603.02,76.42,11:59:00,2,pump_wear,2.87316773183099,0.029358207005708754
933.9935048935926,28.221452224418883,2682.62,2602.14,76.39,12:00:00,2,pump_wear,2.8722041276996073,0.029356606485431223
933.9415456683348,28.294667389676547,2681.59,2601.14,76.36,12:01:00,2,pump_wear,2.8712610681442987,0.02935635913484088
337.03994781485284,28.367792190548823,1050.39,1018.88,29.91,12:02:00,2,pump_wear,3.1165148428548117,0.029355763190954773
933.68179289718,28.44082069100414,2679.14,2598.77,76.29,12:03:00,2,pump_wear,2.8694358403270646,0.0293561954309154
329.6571802785649,28.51374693321595,1027.75,996.92,29.27,12:04:00,2,pump_wear,3.117632684753103,0.029360430124784336
933.2144199500176,28.586564938329857,2676.18,2595.9,76.21,12:05:00,2,pump_wear,2.867701080040463,0.02935783350668361
932.9029679662516,28.65926870723897,2674.52,2594.28,76.16,12:06:00,2,pump_wear,2.866879077285509,0.029356892856592192
932.5397386901598,28.73185222136709,2672.72,2592.54,76.11,12:07:00,2,pump_wear,2.866065529554899,0.029357309819713486
932.124792687354,28.80430944345977,2670.8,2590.68,76.06,12:08:00,2,pump_wear,2.865281581342745,0.029359087189463774
931.65819912754,28.876634318383086,2668.75,2588.69,76.0,12:09:00,2,pump_wear,2.8645161954235747,0.029358478612734627
931.1400357652984,28.94882077392993,2666.58,2586.58,75.94,12:10:00,2,pump_wear,2.863779772725972,0.029359231108258783
930.5703889184912,29.020862721633748,2664.28,2584.35,75.87,12:11:00,2,pump_wear,2.863061227529952,0.029357478669684838
679.5722447004767,29.092754057589502,2015.37,1954.91,57.39,12:12:00,2,pump_wear,2.9656449563920604,0.02935685018747666
494.904617262435,29.1644886632818,1504.95,1459.8,42.86,12:13:00,2,pump_wear,3.0408889864972997,0.029360186326894095
928.5535385787368,29.236060406419995,2656.64,2576.94,75.65,12:14:00,2,pump_wear,2.861052044523257,0.029356523628800053
544.0669444378195,29.307463141780104,1642.38,1593.11,46.77,12:15:00,2,pump_wear,3.0187094010959616,0.02935767147277966
446.8980145160643,29.3786907120534,1366.55,1325.55,38.92,12:16:00,2,pump_wear,3.057856503300436,0.029361397155897553
926.077260901868,29.44973694870151,2647.89,2568.46,75.4,12:17:00,2,pump_wear,2.859253878473736,0.029356112222888427
455.31581447610085,29.52059567281793,1389.86,1348.16,39.58,12:18:00,2,pump_wear,3.0525186163349316,0.029358533111796817
924.1729715731112,29.59126069599565,2641.45,2562.2,75.22,12:19:00,2,pump_wear,2.8581770742589123,0.02935758332682851
923.1452568884014,29.661725821200918,2638.04,2558.9,75.12,12:20:00,2,pump_wear,2.8576651185880615,0.029356364062683184
606.849365018939,29.731984843652764,1812.79,1758.4,51.62,12:21:00,2,pump_wear,2.987215781206964,0.029356232939035484
920.9395386658728,29.80203155170834,2630.87,2551.95,74.92,12:22:00,2,pump_wear,2.8567239102484763,0.029357941965947612
919.761900088127,29.871859727753705,2627.11,2548.29,74.81,12:23:00,2,pump_wear,2.8562935687467412,0.02935694132143516
363.0745432500379,29.94146314910004,1120.09,1086.48,31.9,12:24:00,2,pump_wear,3.085013865124192,0.029360871806199836
718.3378212892783,30.01083558888498,2110.15,2046.84,60.09,12:25:00,2,pump_wear,2.9375454521003594,0.02935744855484552
915.9322257290336,30.07997081697905,2615.1,2536.65,74.47,12:26:00,2,pump_wear,2.855123912600104,0.029357617329943034
914.5574499826092,30.148862600896805,2610.86,2532.53,74.35,12:27:00,2,pump_wear,2.854779653317183,0.02935799378487125
913.1339361092084,30.217504706712788,2606.51,2528.31,74.23,12:28:00,2,pump_wear,2.854466247422731,0.02935953265224597
911.6619182304494,30.285890899981773,2602.03,2523.97,74.1,12:29:00,2,pump_wear,2.854161118247193,0.029358510600363714
910.141638185606,30.35401494666345,2597.45,2519.52,73.97,12:30:00,2,pump_wear,2.85389646075098,0.029358766749222075
297.9913028358108,30.421870614051127,925.41,897.65,26.35,12:31:00,2,pump_wear,3.1054933187425555,0.029354425444215453
906.9572971437468,30.48945167170432,2587.93,2510.29,73.7,12:32:00,2,pump_wear,2.8534198998674905,0.02935915770687849
415.6628370690987,30.556751892385133,1269.93,1231.83,36.16,12:33:00,2,pump_wear,3.055192542480987,0.029354699918008164
903.5829994846224,30.623765052998117,2577.96,2500.62,73.41,12:34:00,2,pump_wear,2.8530417255198404,0.02935671953355568
901.8253015692754,30.690484935533448,2572.8,2495.62,73.27,12:35:00,2,pump_wear,2.852880702640572,0.029359437734911564
900.0209507465904,30.7569053280133,2567.53,2490.51,73.12,12:36:00,2,pump_wear,2.852744703187374,0.029359448466378373
898.1702409143512,30.823020025441075,2562.16,2485.29,72.96,12:37:00,2,pump_wear,2.8526440570906484,0.029356735028910105
896.27347310331,30.888822830753444,2556.67,2479.97,72.81,12:38:00,2,pump_wear,2.852555695024238,0.029359226119670807
894.3309553956041,30.954307555774875,2551.07,2474.54,72.65,12:39:00,2,pump_wear,2.8524898804062344,0.029358991974265926
268.3840576634152,31.019468022174536,834.63,809.59,23.77,12:40:00,2,pump_wear,3.109834493398721,0.02936054052051038
890.3099373736685,31.08429806242529,2539.55,2463.36,72.32,12:41:00,2,pump_wear,2.8524336227128235,0.029358274876591317
888.2320877215176,31.148791520764668,2533.63,2457.62,72.15,12:42:00,2,pump_wear,2.8524414227133335,0.029357671242909812
636.0396654762316,31.212942254157497,1879.89,1823.5,53.53,12:43:00,2,pump_wear,2.9556175534939975,0.029355634768302715
883.9433842272623,31.276744133260117,2521.47,2445.82,71.8,12:44:00,2,pump_wear,2.8525243188558425,0.029356207734011493
881.7332210181668,31.34019104338581,2515.23,2439.77,71.63,12:45:00,2,pump_wear,2.8525975204785636,0.02935932485439201
879.4796547053913,31.403276885471445,2508.88,2433.62,71.45,12:46:00,2,pump_wear,2.852686797900318,0.0293595549017513
395.26986296994113,31.465995577044875,1206.21,1170.02,34.35,12:47:00,2,pump_wear,3.0516113496154094,0.02935847250474351
874.8437644023237,31.528341053193092,2495.89,2421.01,71.08,12:48:00,2,pump_wear,2.852955123598719,0.02935964741987848
872.4621817321165,31.590307267530825,2489.24,2414.56,70.89,12:49:00,2,pump_wear,2.8531208023917576,0.029359386389238618
870.0386784009805,31.65188819316933,2482.48,2408.01,70.69,12:50:00,2,pump_wear,2.853298435608035,0.029356190381269177
867.5736401255929,31.7130778236853,2475.63,2401.36,70.5,12:51:00,2,pump_wear,2.853509933337324,0.02935836359396342
353.5507158038296,31.77387017408948,1083.54,1051.04,30.86,12:52:00,2,pump_wear,3.064737112853735,0.029361394428375705
862.5205307054396,31.834259281794974,2461.63,2387.78,70.1,12:53:00,2,pump_wear,2.853995832408393,0.029357813533910156
859.9332597787409,31.89423920758488,2454.48,2380.85,69.9,12:54:00,2,pump_wear,2.854268016836019,0.02935926244828528
857.3060541329675,31.95380403657906,2447.24,2373.82,69.69,12:55:00,2,pump_wear,2.8545698332610105,0.029357744058100443
314.0270709973196,32.012947879199935,966.54,937.55,27.52,12:56:00,2,pump_wear,3.077887511195651,0.029353101167937712
447.9990568683434,32.07166487213691,1353.79,1313.17,38.55,12:57:00,2,pump_wear,3.021859040202952,0.029356442806338857
849.188994006004,32.12994917930938,2424.94,2352.19,69.06,12:58:00,2,pump_wear,2.8555951821283907,0.029359873139499785
846.4062407175463,32.187794992827946,2417.32,2344.8,68.84,12:59:00,2,pump_wear,2.8559808325027256,0.029358580689184576
843.5856740480561,32.24519653395377,2409.6,2337.32,68.62,13:00:00,2,pump_wear,2.8563785210306136,0.029358410487224686
548.0641074939318,32.302148054055706,1631.88,1582.92,46.47,13:01:00,2,pump_wear,2.9775348863144964,0.029357137442195435
637.0810984317569,32.35864383556509,1873.06,1816.87,53.34,13:02:00,2,pump_wear,2.9400652516779058,0.029358181928261243
834.9015104912323,32.41467819292794,2385.92,2314.34,67.94,13:03:00,2,pump_wear,2.857726294681384,0.029356101523544505
831.9341303299402,32.47024547355426,2377.85,2306.52,67.71,13:04:00,2,pump_wear,2.858219074456001,0.029355912803704278
461.643706059044,32.52534005876446,1389.66,1347.97,39.57,13:05:00,2,pump_wear,3.010243574775962,0.029355252713339317
825.8931204901689,32.579956364732325,2361.45,2290.6,67.25,13:06:00,2,pump_wear,2.8592682774721205,0.02935911988125382
822.820418796348,32.63408884342465,2353.12,2282.52,67.01,13:07:00,2,pump_wear,2.8598220781178845,0.0293579026689799
278.5548348809865,32.68773198353706,858.96,833.19,24.46,13:08:00,2,pump_wear,3.0836298367141737,0.029357049412498948
816.572972373705,32.74088031142607,2336.2,2266.12,66.53,13:09:00,2,pump_wear,2.860981295044427,0.02935855117999047
813.3991795687238,32.793528392036755,2327.62,2257.79,66.28,13:10:00,2,pump_wear,2.8615961983563083,0.029356140296484617
810.1926478801555,32.84567082982633,2318.96,2249.39,66.04,13:11:00,2,pump_wear,2.862232835693447,0.029359070681384734
362.90266378057385,32.89730226968295,1105.42,1072.26,31.48,13:12:00,2,pump_wear,3.0460509396216042,0.029358551097681533
531.300994858238,32.948417397839805,1581.11,1533.68,45.03,13:13:00,2,pump_wear,2.9759213991719937,0.0293607532210109
457.7667168877079,32.999010942784146,1375.86,1334.58,39.18,13:14:00,2,pump_wear,3.0055920390068556,0.029357550690104754
797.0488857459063,33.04907767616117,2283.52,2215.02,65.03,13:15:00,2,pump_wear,2.8649685619508793,0.029358651389152245
793.6860036011196,33.09861241367233,2274.47,2206.23,64.77,13:16:00,2,pump_wear,2.8657050643204656,0.029357773214941322
790.2933425651049,33.14761001596807,2265.34,2197.38,64.51,13:17:00,2,pump_wear,2.866454616265959,0.029357689612174498
786.871406598786,33.19606538953465,2256.14,2188.46,64.25,13:18:00,2,pump_wear,2.86722834389428,0.02935854436453031
436.3312611452681,33.24397348757489,1313.88,1274.46,37.42,13:19:00,2,pump_wear,3.011198410472288,0.029361455047628014
420.0898126058863,33.29132931088256,1267.52,1229.5,36.1,13:20:00,2,pump_wear,3.017259552516555,0.029361529076860515
776.4350285885656,33.338127908710334,2228.1,2161.26,63.45,13:21:00,2,pump_wear,2.8696541474311488,0.029357874573165653
609.8244869995414,33.384364379630924,1791.53,1737.78,51.02,13:22:00,2,pump_wear,2.9377797025086454,0.029359297494504485
307.99090825789074,33.43003387239136,942.97,914.68,26.85,13:23:00,2,pump_wear,3.061681285768412,0.029354528359644905
765.7535645083829,33.475131586760064,2199.44,2133.46,62.63,13:24:00,2,pump_wear,2.8722556471703142,0.029356069483374426
762.1410266634891,33.5196527743666,2189.75,2124.06,62.36,13:25:00,2,pump_wear,2.873155916545152,0.029358869335141192
758.5033325806061,33.56359273953384,2180.0,2114.6,62.08,13:26:00,2,pump_wear,2.8740809781060936,0.029357798165137616
754.8410061033143,33.60694684010241,2170.18,2105.07,61.8,13:27:00,2,pump_wear,2.875016039739327,0.029357693568384895
751.154572661523,33.64971048824713,2160.3,2095.49,61.52,13:28:00,2,pump_wear,2.8759726408181643,0.029358288514858104
747.4445591471753,33.691879151285306,2150.36,2085.85,61.24,13:29:00,2,pump_wear,2.8769491645688525,0.029359733442002062
743.7114937901475,33.73344835247667,2140.36,2076.14,60.95,13:30:00,2,pump_wear,2.877943957934774,0.029357365110252685
739.9559060343911,33.77441367181473,2130.29,2066.38,60.66,13:31:00,2,pump_wear,2.8789418161640974,0.02935568482079772
736.1783264143492,33.81477074680936,2120.17,2056.57,60.38,13:32:00,2,pump_wear,2.8799679696175784,0.029359564712117748
732.3792864316931,33.8545152732605,2109.99,2046.7,60.09,13:33:00,2,pump_wear,2.881007203631219,0.029359456686373187
728.5593184324168,33.89364300602264,2099.76,2036.77,59.8,13:34:00,2,pump_wear,2.8820714345098035,0.029360212493310486
724.7189554843259,33.93214975975998,2089.47,2026.79,59.5,13:35:00,2,pump_wear,2.8831452305585383,0.02935676611785138
720.858731254964,33.97003140969214,2079.13,2016.76,59.21,13:36:00,2,pump_wear,2.8842405728794906,0.02935897181618041
716.9791798900118,34.00728389233004,2068.74,2006.67,58.91,13:37:00,2,pump_wear,2.885355750940153,0.029357094091205824
455.5778539949686,34.043903206202025,1363.41,1322.5,38.83,13:38:00,2,pump_wear,2.992704733217909,0.029361058601134214
709.1642340007586,34.079885412569816,2047.79,1986.36,58.32,13:39:00,2,pump_wear,2.8876103754519145,0.02936023681507884
705.2299090714866,34.11522663613424,2037.25,1976.13,58.01,13:40:00,2,pump_wear,2.888774247652465,0.029355356175960082
701.2783959573981,34.149923065730555,2026.66,1965.86,57.71,13:41:00,2,pump_wear,2.88995071241738,0.029356108776820326
697.3102293900636,34.18397095501315,2016.02,1955.53,57.41,13:42:00,2,pump_wear,2.8911378537547203,0.029357770016312713
399.8744920781666,34.21736662312946,1204.97,1168.83,34.31,13:43:00,2,pump_wear,3.0133705046743895,0.02935414046525158
689.3260735075887,34.25010645538296,1994.6,1934.76,56.8,13:44:00,2,pump_wear,2.893550783376891,0.02935764642643015
685.3111519902702,34.282186903885034,1983.83,1924.31,56.49,13:45:00,2,pump_wear,2.89478727179412,0.029355976947581214
681.2817123831916,34.31360448819556,1973.01,1913.82,56.19,13:46:00,2,pump_wear,2.8960266570171296,0.029360127911715835
677.2382870561976,34.34435579595208,1962.16,1903.29,55.88,13:47:00,2,pump_wear,2.89729632464973,0.02935968769866915
673.1814075614858,34.37443748348735,1951.26,1892.73,55.57,13:48:00,2,pump_wear,2.898564901054222,0.029359707935099035
669.1116045205285,34.40384627643513,1940.33,1882.12,55.25,13:49:00,2,pump_wear,2.8998600336492446,0.02935519520540667
665.0294075119265,34.43257897032413,1929.36,1871.48,54.94,13:50:00,2,pump_wear,2.90116493828192,0.029356445166392374
660.9353449602282,34.46063243115976,1918.35,1860.8,54.63,13:51:00,2,pump_wear,2.902477548867411,0.029358340498710233
656.8299440257432,34.488003595993845,1907.31,1850.09,54.31,13:52:00,2,pump_wear,2.9038109747402845,0.02935532865968683
652.7137304953811,34.51468947348188,1896.24,1839.35,54.0,13:53:00,2,pump_wear,2.905163337931986,0.029358197189224455
648.587228674548,34.54068714442777,1885.13,1828.58,53.68,13:54:00,2,pump_wear,2.9065172989182186,0.02935611239322316
644.4509612801262,34.56599376231607,1873.99,1817.77,53.37,13:55:00,2,pump_wear,2.9078861117338373,0.02936015007399176
640.3054493345691,34.59060655383128,1862.83,1806.94,53.05,13:56:00,2,pump_wear,2.909283377075624,0.029359026863094512
636.1512120611382,34.6145228193644,1851.63,1796.08,52.73,13:57:00,2,pump_wear,2.910675897324309,0.029358380473030153
310.31436198822115,34.63773993350637,944.84,916.49,26.91,13:58:00,2,pump_wear,3.044783341467979,0.029362022498881604
627.8186288073797,34.66025534552833,1829.16,1774.28,52.09,13:59:00,2,pump_wear,2.9135166050658916,0.02935838762765742
409.1174075704033,34.682066579848694,1228.76,1191.9,34.99,14:00:00,2,pump_wear,3.0034410104843747,0.02935648963839248
298.97712992792185,34.70317123648674,911.46,884.11,25.96,14:01:00,2,pump_wear,3.048594386532967,0.02936286208729683
615.2671796953247,34.72356699150273,1795.26,1741.4,51.12,14:02:00,2,pump_wear,2.917854322879693,0.02935569082347536
193.2878235384689,34.74325159742436,597.58,579.65,17.02,14:03:00,2,pump_wear,3.0916587970222933,0.029362546364185286
606.8704315917439,34.76222288365954,1772.55,1719.37,50.48,14:04:00,2,pump_wear,2.920804685360641,0.029359591012987313
602.6648342087934,34.78047875689527,1761.17,1708.33,50.15,14:05:00,2,pump_wear,2.9223042394901744,0.02935615484127774
598.4550868575908,34.79801720148257,1749.77,1697.27,49.83,14:06:00,2,pump_wear,2.923811725267159,0.02935891166402517
594.2416852776964,34.81483627980742,1738.35,1686.2,49.5,14:07:00,2,pump_wear,2.9253249024218952,0.02935594828608706
590.0251223398993,34.8309341326475,1726.91,1675.11,49.18,14:08:00,2,pump_wear,2.9268414760908583,0.029359265958653465
387.46181351614814,34.8463089795147,1166.34,1131.35,33.21,14:09:00,2,pump_wear,3.010206320503351,0.02935431122110753
454.9437832222516,34.86095911898339,1356.72,1316.02,38.64,14:10:00,2,pump_wear,2.9821706549998237,0.029361255907964925
577.3613491946647,34.87488292900412,1692.53,1641.75,48.2,14:11:00,2,pump_wear,2.931491694691433,0.029358915791076596
401.10882735695566,34.88807886720304,1204.94,1168.79,34.31,14:12:00,2,pump_wear,3.004022643779159,0.029355145064553945
194.92292048041637,34.90054547116658,602.1,584.04,17.15,14:13:00,2,pump_wear,3.0889132920645532,0.029364427094034654
564.686573351853,34.91228135871158,1658.05,1608.31,47.22,14:14:00,2,pump_wear,2.9362306069333055,0.029360011440580487
322.158288015415,34.9232852281407,978.11,948.77,27.85,14:15:00,2,pump_wear,3.036116208666959,0.02935379491341421
556.2369385470462,34.93355585848302,1635.02,1585.97,46.56,14:16:00,2,pump_wear,2.9394308193031145,0.029357427946304155
552.0135862912149,34.94309210971986,1623.5,1574.79,46.23,14:17:00,2,pump_wear,2.941050800774172,0.029356295125064293
547.7918247347327,34.95189292299568,1611.97,1563.61,45.9,14:18:00,2,pump_wear,2.9426689614811137,0.029355146104207572
543.5721096395712,34.95995732081401,1600.44,1552.43,45.58,14:19:00,2,pump_wear,2.944301172959759,0.029360422048015044
539.3548929293063,34.96728440721837,1588.91,1541.24,45.25,14:20:00,2,pump_wear,2.9459452780161577,0.02935947678492642
535.1406226185105,34.97387336795825,1577.38,1530.06,44.92,14:21:00,2,pump_wear,2.94759906710442,0.029358325817288214
380.8721216128975,34.979723470639826,1146.87,1112.46,32.66,14:22:00,2,pump_wear,3.0111681452118217,0.029358358952231985
526.7226932963646,34.9848340648617,1554.32,1507.69,44.26,14:23:00,2,pump_wear,2.9509265877129196,0.029356167381888846
522.5199101565364,34.989204582335404,1542.79,1496.51,43.93,14:24:00,2,pump_wear,2.952595623653482,0.02935496588729778
518.3218250294972,34.9928345369907,1531.27,1485.33,43.61,14:25:00,2,pump_wear,2.954284242059182,0.029360478816155333
514.1288653830408,34.99572352506571,1519.75,1474.16,43.28,14:26:00,2,pump_wear,2.955970968227475,0.029359092635806154
509.94145438685206,34.99787122518174,1508.24,1462.99,42.95,14:27:00,2,pump_wear,2.957672860335489,0.029357685288347837
505.76001085349344,34.99927739840285,1496.74,1451.84,42.62,14:28:00,2,pump_wear,2.959387788437805,0.02935585188450518
501.5849491810764,34.99994188828021,1485.24,1440.68,42.3,14:29:00,2,pump_wear,2.9610936341389618,0.029361135019574085
322.8380497091389,34.999864620881056,979.76,950.37,27.9,14:30:00,2,pump_wear,3.034834341499446,0.029356987278638846
353.0868344144018,34.99904560480244,1067.16,1035.14,30.39,14:31:00,2,pump_wear,3.0223726743306534,0.02935834766311803
489.1021319373235,34.9974849311696,1450.81,1407.29,41.31,14:32:00,2,pump_wear,2.9662720836103724,0.029354290871106883
484.9566514891167,34.99518277361909,1439.36,1396.18,40.99,14:33:00,2,pump_wear,2.9680178539262734,0.029358678680399375
366.5589345507477,34.99213938826658,1105.87,1072.69,31.49,14:34:00,2,pump_wear,3.016895499642771,0.029356104746012357
476.6912346358505,34.98835511365934,1416.5,1374.0,40.34,14:35:00,2,pump_wear,2.971525165723006,0.02935953420669578
472.5720670676354,34.98383037071352,1405.09,1362.94,40.01,14:36:00,2,pump_wear,2.9732819561654305,0.02935565762249255
294.63129162447126,34.97856566263607,897.67,870.74,25.56,14:37:00,2,pump_wear,3.046757169106616,0.029354342283574888
185.5086414667936,34.972561574831545,573.56,556.36,16.33,14:38:00,2,pump_wear,3.0918236232281844,0.02935149902940542
460.2732397800589,34.965818774793505,1370.96,1329.84,39.04,14:39:00,2,pump_wear,2.9785785518513133,0.029356915117608136
456.194414032594,34.95833801198094,1359.63,1318.84,38.72,14:40:00,2,pump_wear,2.980374064604083,0.02935913378423463
452.1265800478676,34.95012011767941,1348.31,1307.86,38.4,14:41:00,2,pump_wear,2.9821515909488254,0.029360940773477284
448.0700903930659,34.94116600484704,1337.02,1296.91,38.07,14:42:00,2,pump_wear,2.9839527981595686,0.02935438850806918
194.4257929637521,34.931476667945546,600.52,582.51,17.1,14:43:00,2,pump_wear,3.088684843949477,0.029355719215120774
439.9925291187642,34.921053182756104,1314.5,1275.06,37.43,14:44:00,2,pump_wear,2.987550726446962,0.02935548131068342
325.2456728305174,34.90989670618035,987.13,957.52,28.11,14:45:00,2,pump_wear,3.0350288488369364,0.029357089146962986
431.9644494211792,34.898008476026284,1292.08,1253.31,36.79,14:46:00,2,pump_wear,2.9911720784693103,0.029354269893322484
427.96979250681454,34.88538981077949,1280.9,1242.48,36.48,14:47:00,2,pump_wear,2.992968247822314,0.02936063357156654
320.32039797615045,34.87204210935934,972.99,943.8,27.71,14:48:00,2,pump_wear,3.0375524198507153,0.029360033905488452
420.0208539957613,34.85796685086056,1258.64,1220.88,35.84,14:49:00,2,pump_wear,2.996613115816154,0.029355874451215517
416.0672005549802,34.84316559428005,1247.55,1210.13,35.53,14:50:00,2,pump_wear,2.998433902830909,0.029360481931693286
313.2240758765269,34.82763997822912,952.54,923.96,27.13,14:51:00,2,pump_wear,3.041081683566022,0.0293627429758864
408.2030563826982,34.81139172063112,1225.47,1188.7,34.9,14:52:00,2,pump_wear,3.002108830001259,0.029359804828804573
404.2931622816481,34.79442261840466,1214.47,1178.04,34.58,14:53:00,2,pump_wear,3.0039340590033223,0.02935384197480561
205.0267256211001,34.77673454713238,632.79,613.81,18.02,14:54:00,2,pump_wear,3.086378120135559,0.02935761880712273
396.519181930153,34.75832946071547,1192.58,1156.8,33.96,14:55:00,2,pump_wear,3.007622466572306,0.02935684647302905
392.6556604965506,34.739209391013986,1181.69,1146.24,33.65,14:56:00,2,pump_wear,3.0094816371821564,0.02935685371300949
388.8081525559275,34.71937644747293,1170.83,1135.7,33.34,14:57:00,2,pump_wear,3.0113308898058246,0.029356344104957296
271.70814920541176,34.69883281673448,831.4,806.46,23.68,14:58:00,2,pump_wear,3.0599008621248984,0.029362894625895888
381.1622481051663,34.67758076223613,1149.21,1114.74,32.73,14:59:00,2,pump_wear,3.015015274238077,0.029361106625760264
377.36437369503545,34.655622623795125,1138.46,1104.31,32.42,15:00:00,2,pump_wear,3.016871966085593,0.02935769847234925
219.9798898155512,34.6329608171791,678.0,657.66,19.31,15:01:00,2,pump_wear,3.0820999163536706,0.029361676246084604
369.8200455789149,34.609597833663194,1117.08,1083.57,31.81,15:02:00,2,pump_wear,3.0206042461849982,0.029356663621178142
366.07408182074624,34.585536239573585,1106.45,1073.25,31.51,15:03:00,2,pump_wear,3.022475654372576,0.02935942231539716
237.95322775485823,34.5607786758177,731.86,709.9,20.84,15:04:00,2,pump_wear,3.075646449116334,0.02935624735878293
358.63573956508515,34.53532785740121,1085.3,1052.74,30.91,15:05:00,2,pump_wear,3.026190310302412,0.029361475767995898
354.943818856237,34.50918657293177,1074.79,1042.55,30.61,15:06:00,2,pump_wear,3.028056675175748,0.02936070212459834
351.2703613637094,34.48235768410991,1064.33,1032.4,30.31,15:07:00,2,pump_wear,3.0299453556742875,0.029358775668345598
347.6155826072535,34.454844125206925,1053.9,1022.29,30.01,15:08:00,2,pump_wear,3.0317973437650174,0.029355662287609195
343.9796927690695,34.42664890253011,1043.52,1012.22,29.72,15:09:00,2,pump_wear,3.033667457516355,0.029361206061923294
340.3628967028137,34.39777509387535,1033.19,1002.19,29.42,15:10:00,2,pump_wear,3.035554139445831,0.029355710992925492
225.7853372931488,34.36822584796725,696.14,675.26,19.82,15:11:00,2,pump_wear,3.0831940122673482,0.029351657139472204
333.1873787216788,34.33800438388694,1012.66,982.28,28.84,15:12:00,2,pump_wear,3.03931080428441,0.029360263875880605
329.62903997167314,34.307113990487736,1002.46,972.39,28.55,15:13:00,2,pump_wear,3.0411762267248874,0.02936064747683543
326.09056135085643,34.275558025798745,992.31,962.54,28.26,15:14:00,2,pump_wear,3.0430503596586047,0.029359818812724668
322.572121252951,34.24333991641657,982.21,952.74,27.97,15:15:00,2,pump_wear,3.0449314596216506,0.029357432248042485
116.47243979064122,34.2104631568854,364.6,353.66,10.38,15:16:00,2,pump_wear,3.130354276559907,0.029350223378386022
315.5960439882889,34.17693130906533,962.15,933.29,27.4,15:17:00,2,pump_wear,3.0486757306618943,0.029358505930632495
114.84308852588435,34.14274800148955,359.68,348.89,10.24,15:18:00,2,pump_wear,3.131925522178308,0.029350224999283442
308.7021307422498,34.10791692871004,942.29,914.02,26.83,15:19:00,2,pump_wear,3.0524246714278855,0.029353843460755782
305.28637621541594,34.07244185063233,932.44,904.47,26.55,15:20:00,2,pump_wear,3.054312516527277,0.029354207436399216
301.8916210878235,34.03632659183932,922.64,894.96,26.27,15:21:00,2,pump_wear,3.0561961165911065,0.02935326718512559
298.51800745706583,33.999575040904354,912.89,885.5,26.0,15:22:00,2,pump_wear,3.0580734736121267,0.029361942405420668
295.1656723280732,33.96219114969371,903.19,876.09,25.72,15:23:00,2,pump_wear,3.059942549810179,0.029357714390074077
291.8347476397061,33.92417893265871,893.55,866.74,25.45,15:24:00,2,pump_wear,3.0618355327007207,0.02936290006230242
288.52536029245124,33.88554246611767,883.95,857.43,25.17,15:25:00,2,pump_wear,3.063682163342669,0.02935516601938351
161.06670447894572,33.8462858875277,502.01,486.95,14.3,15:26:00,2,pump_wear,3.1167832086961313,0.02936646472943834
117.29158134644692,33.806413394746755,367.75,356.72,10.47,15:27:00,2,pump_wear,3.1353486395052355,0.0293507512895268
278.7276163383666,33.765929245285975,855.5,829.84,24.36,15:28:00,2,pump_wear,3.069304761539846,0.029355056396413764
216.90347340422352,33.72483775555253,671.39,651.25,19.12,15:29:00,2,pump_wear,3.0953400121389056,0.029358925143953937
171.18689283939295,33.68314330008322,533.21,517.21,15.18,15:30:00,2,pump_wear,3.1147828619113738,0.029349780553353567
269.12779943653885,33.64085031076892,827.55,802.72,23.57,15:31:00,2,pump_wear,3.0749331794508237,0.029362666932429737
265.972309773234,33.597963276070104,818.34,793.79,23.3,15:32:00,2,pump_wear,3.0767864545663066,0.029352851509845176
262.83919494390875,33.55448674022373,809.19,784.92,23.04,15:33:00,2,pump_wear,3.078650427964845,0.029353309891453908
198.9012201952893,33.51042530244154,617.71,599.18,17.59,15:34:00,2,pump_wear,3.1056119182854043,0.029356787609733304
101.4368450973286,33.46578361610004,319.16,309.59,9.09,15:35:00,2,pump_wear,3.1463912318424945,0.029361413482347623
174.5619052069879,33.42056638792236,544.08,527.76,15.49,15:36:00,2,pump_wear,3.1168312430759375,0.02935046233136274
136.54714895428913,33.374778377152225,427.82,414.99,12.18,15:37:00,2,pump_wear,3.133130228469421,0.029350104821802933
247.5119834688272,33.32842439472019,764.31,741.38,21.77,15:38:00,2,pump_wear,3.087971698534995,0.029364158731015135
244.514696736246,33.28150930240228,755.51,732.84,21.51,15:39:00,2,pump_wear,3.0898347219388462,0.02935156377926969
241.54026820182636,33.23403801197147,746.76,724.36,21.27,15:40:00,2,pump_wear,3.0916584036249466,0.029363852228173837
238.58874873371332,33.18601548434195,738.08,715.94,21.02,15:41:00,2,pump_wear,3.093523914758295,0.029360002234824146
235.6601847798637,33.13744672870651,729.46,707.57,20.77,15:42:00,2,pump_wear,3.095389238879735,0.029353986178045986
232.75461841178537,33.088336801667275,720.89,699.27,20.53,15:43:00,2,pump_wear,3.0972102934800376,0.029359188868391325
229.8720873689509,33.03869080635995,712.39,691.02,20.29,15:44:00,2,pump_wear,3.0990713494352833,0.029362391826575206
227.01262510386212,32.9885138915718,703.95,682.83,20.05,15:45:00,2,pump_wear,3.100928856612847,0.029363091838378513
224.1762608277436,32.93781125085355,695.56,674.7,19.81,15:46:00,2,pump_wear,3.1027370937124616,0.02936119756929005
221.3630195568403,32.88658812162553,687.24,666.62,19.57,15:47:00,2,pump_wear,3.1045835992652537,0.02935705499384957
218.5729221592982,32.83484978427811,678.98,658.61,19.34,15:48:00,2,pump_wear,3.1064232169854615,0.02936487450843443
215.8059854026048,32.7826015612668,670.78,650.66,19.1,15:49:00,2,pump_wear,3.108254846354709,0.029354808963206594
213.06222200156543,32.729848816202086,662.64,642.76,18.87,15:50:00,2,pump_wear,3.1100773932374146,0.029357769618520133
210.3416406667948,32.6765969529344,654.56,634.93,18.64,15:51:00,2,pump_wear,3.1118897709697806,0.02935756697588711
118.12890815071012,32.622851414634226,372.18,361.02,10.6,15:52:00,2,pump_wear,3.1506259206693827,0.029361254224142708
204.9700393119276,32.56861768286774,638.59,619.44,18.19,15:53:00,2,pump_wear,3.115528504281451,0.029365233113780188
202.31901713527105,32.513901276668136,630.7,611.78,17.96,15:54:00,2,pump_wear,3.1173540131341797,0.029356958383732718
199.69117281198376,32.4587077516028,622.87,604.19,17.74,15:55:00,2,pump_wear,3.1191664169675337,0.029361624654496096
126.82803393328685,32.403042698836664,399.5,387.52,11.38,15:56:00,2,pump_wear,3.1499345027310133,0.029366226259289845
194.50497175558277,32.346911744191885,607.4,589.18,17.3,15:57:00,2,pump_wear,3.122799353238466,0.02936284327370244
114.72536916922031,32.290320547204075,362.12,351.26,10.31,15:58:00,2,pump_wear,3.1564073632735212,0.029351477538006036
189.4113074749053,32.23327480017535,592.17,574.41,16.86,15:59:00,2,pump_wear,3.1263709009476917,0.02935185668773176
186.8991206199239,32.17578022722432,584.65,567.12,16.65,16:00:00,2,pump_wear,3.1281581104329437,0.02935886584849767
118.1033532223464,32.11784258333339,372.89,361.7,10.62,16:01:00,2,pump_wear,3.157319329434969,0.029361349184406967
181.94389469735583,32.05946765339344,569.81,552.71,16.23,16:02:00,2,pump_wear,3.131789615407639,0.029364404479745254
122.45764324243484,32.000661251246214,386.61,375.01,11.01,16:03:00,2,pump_wear,3.1570916258335218,0.029359217087544333
177.080635523334,31.941429218724565,555.21,538.55,15.81,16:04:00,2,pump_wear,3.1353512955223146,0.029356605700492065
174.6833945899473,31.88177742469085,548.0,531.56,15.61,16:05:00,2,pump_wear,3.1371041379541427,0.02936639325758146
172.30902016653738,31.82171176407356,540.86,524.63,15.4,16:06:00,2,pump_wear,3.138895453512861,0.0293540209290357
169.9574638247383,31.7612381569027,533.78,517.76,15.2,16:07:00,2,pump_wear,3.140668188308804,0.029357231149567366
167.6286740135787,31.700362547343687,526.76,510.96,15.0,16:08:00,2,pump_wear,3.1424218028314774,0.029356505401596997
165.32259611348778,31.63909090273038,519.8,504.21,14.8,16:09:00,2,pump_wear,3.1441558033795736,0.02935284901132465
163.03917249041282,31.57742921259732,512.91,497.52,14.61,16:10:00,2,pump_wear,3.1459310800302336,0.02936565364206464
121.3740749382128,31.515383487711347,384.02,372.5,10.94,16:11:00,2,pump_wear,3.1639376052545884,0.02936912751677852
158.54004279200052,31.45295975910289,499.31,484.33,14.22,16:12:00,2,pump_wear,3.149425162292146,0.029360147007205833
93.3319389019396,31.39016407709705,296.53,287.63,8.44,16:13:00,2,pump_wear,3.177154610615698,0.029343253485380524
154.13076561772544,31.32700251034484,485.96,471.38,13.84,16:14:00,2,pump_wear,3.1529071957332397,0.029360600789172218
151.95964715992318,31.26348114485468,479.38,465.0,13.65,16:15:00,2,pump_wear,3.154653284338689,0.02935483870967742
149.81077691012325,31.1996060830244,472.86,458.67,13.47,16:16:00,2,pump_wear,3.156381735365309,0.029367519131401662
147.68407765330437,31.13538344267389,466.4,452.41,13.28,16:17:00,2,pump_wear,3.1580926489238528,0.029353904644017593
89.00623411058747,31.0708193560788,283.32,274.82,8.07,16:18:00,2,pump_wear,3.183147819151451,0.0293646750600393
69.8160266673862,31.005919969005276,222.85,216.16,6.35,16:19:00,2,pump_wear,3.1919605087480862,0.029376387860843817
106.99661136751293,30.940691439746114,339.98,329.78,9.68,16:20:00,2,pump_wear,3.177483806774344,0.029352901934623084
139.39735709757952,30.8751399381584,441.19,427.95,12.56,16:21:00,2,pump_wear,3.164981095668569,0.029349223040074778
137.38026618091595,30.80927164470293,435.03,421.98,12.39,16:22:00,2,pump_wear,3.166612003991238,0.029361581117588513
135.38483068504772,30.74309274948573,428.95,416.08,12.22,16:23:00,2,pump_wear,3.1683756431906844,0.02936935204768314
133.4109564717659,30.676609451301527,422.92,410.23,12.04,16:24:00,2,pump_wear,3.170054478168018,0.029349389366940492
70.15723300349065,30.60982795667975,224.29,217.56,6.39,16:25:00,2,pump_wear,3.196961886864046,0.029371207942636514
129.52750438216165,30.54275447893308,411.04,398.71,11.71,16:26:00,2,pump_wear,3.173380062872638,0.029369717338416396
127.6177274314406,30.475395237208787,405.2,393.04,11.54,16:27:00,2,pump_wear,3.1751074725702466,0.02936087929981681
62.81967778908506,30.40775645554301,201.19,195.16,5.73,16:28:00,2,pump_wear,3.2026588973520145,0.029360524697683955
123.86155863237003,30.33984436191824,393.68,381.87,11.21,16:29:00,2,pump_wear,3.178387260315934,0.029355539843402206
122.0149556114682,30.27166518732416,388.02,376.38,11.05,16:30:00,2,pump_wear,3.1801019641851997,0.029358626919602532
120.18919621803676,30.203225164822104,382.41,370.94,10.89,16:31:00,2,pump_wear,3.1817335670193283,0.029357847630344533
118.38417017913171,30.134530528613208,376.86,365.56,10.73,16:32:00,2,pump_wear,3.1833647980955426,0.029352226720647773
116.5997654406154,30.0655875131105,371.37,360.23,10.58,16:33:00,2,pump_wear,3.1849978307987232,0.029370124642589455
114.8358682186541,29.99640235201517,365.94,354.97,10.42,16:34:00,2,pump_wear,3.1866350268126085,0.029354593345916554
113.09236305091804,29.926981277397232,360.57,349.76,10.27,16:35:00,2,pump_wear,3.188278945393148,0.02936299176578225
62.340691398040825,29.857330518780515,200.12,194.12,5.7,16:36:00,2,pump_wear,3.2101023506821287,0.029363280445085516
59.23759510477039,29.78745630223245,190.29,184.58,5.42,16:37:00,2,pump_wear,3.212318117631956,0.029363961425939968
107.9830211387241,29.717364849458757,344.81,334.47,9.82,16:38:00,2,pump_wear,3.193187191503264,0.02935988279965318
106.31989776894288,29.647062376903115,339.67,329.48,9.67,16:39:00,2,pump_wear,3.1947923871990502,0.029349277649629718
104.67656573390424,29.57655509485214,334.59,324.55,9.53,16:40:00,2,pump_wear,3.196417437409564,0.029363734401478967
103.05290055730106,29.505849206545573,329.56,319.68,9.39,16:41:00,2,pump_wear,3.197969181049426,0.029373123123123124
54.51397523075992,29.43495090729228,175.48,170.21,5.0,16:42:00,2,pump_wear,3.2189910799420858,0.02937547735150696
99.86406627539502,29.363866383591848,319.69,310.09,9.1,16:43:00,2,pump_wear,3.2012515805073596,0.029346318810667873
62.39271396363644,29.22116335957281,200.81,194.79,5.72,16:45:00,2,pump_wear,3.2184847755947206,0.029364957133323065
95.2251305186562,29.149557180385223,305.29,296.13,8.69,16:46:00,2,pump_wear,3.2059814288223905,0.02934522000472765
50.83230464073958,29.07778941729872,163.94,159.03,4.67,16:47:00,2,pump_wear,3.2251144456002137,0.029365528516632083
71.58692771148411,29.005866199803293,230.34,223.43,6.56,16:48:00,2,pump_wear,3.217626560652755,0.029360426084232196
90.75623235024396,28.933793643439145,291.39,282.64,8.3,16:49:00,2,pump_wear,3.2106885935444707,0.029365977922445517
89.3037638917314,28.861577848963,286.86,278.25,8.17,16:50:00,2,pump_wear,3.2121826393317363,0.02936208445642408
87.86965225944398,28.789224901521514,282.39,273.92,8.04,16:51:00,2,pump_wear,3.213737538942514,0.029351635514018686
86.45376094635782,28.71674086983175,277.97,269.63,7.92,16:52:00,2,pump_wear,3.21524473842697,0.02937358602529392
65.90977594177633,28.644131805368968,212.54,206.16,6.05,16:53:00,2,pump_wear,3.22471131122877,0.02934613892122623
83.67608919085156,28.571403741561912,269.3,261.22,7.67,16:54:00,2,pump_wear,3.218362648208504,0.02936222341321491
82.31403180565101,28.49856269299567,265.04,257.09,7.55,16:55:00,2,pump_wear,3.2198641493564226,0.029367147691469916
79.64277641395945,28.35256560097878,256.68,248.98,7.31,16:57:00,2,pump_wear,3.222891159216421,0.029359787934773878
78.33329744172856,28.27942148541428,252.58,245.0,7.19,16:58:00,2,pump_wear,3.2244270093173597,0.029346938775510204
77.04106266951315,28.206188239323865,248.53,241.07,7.08,16:59:00,2,pump_wear,3.2259420027230337,0.029369062927780312
75.76593021761896,28.132871771391628,244.53,237.19,6.96,17:00:00,2,pump_wear,3.227440081546519,0.02934356423120705
74.50775772012594,28.05947796684169,240.58,233.36,6.85,17:01:00,2,pump_wear,3.2289255154301184,0.029353788138498454
72.04172092979067,27.91248176705171,232.83,225.84,6.63,17:03:00,2,pump_wear,3.2318772649380203,0.029357066950053134
70.83356982650093,27.8388910183397,229.03,222.16,6.52,17:04:00,2,pump_wear,3.233353910596118,0.02934821750090025
69.64180513297347,27.76524622462867,225.28,218.52,6.42,17:05:00,2,pump_wear,3.2348386083596234,0.029379461834157055
68.46628263344432,27.691553142910607,221.57,214.93,6.31,17:06:00,2,pump_wear,3.236191472322871,0.029358395756758013
50.22399605979547,27.617817502406385,162.96,158.07,4.64,17:07:00,2,pump_wear,3.244664160254867,0.02935408363383311
65.03572249575213,27.470241318953477,210.75,204.43,6.0,17:09:00,2,pump_wear,3.240526773785981,0.02934989972117595
62.82723948324854,27.32256292673362,203.78,197.66,5.8,17:11:00,2,pump_wear,3.24349759238321,0.02934331680663766
61.74612970226315,27.24869941104053,200.36,194.35,5.71,17:12:00,2,pump_wear,3.244899736487554,0.029379984563931053
60.68024738514242,27.1748270908638,196.98,191.07,5.61,17:13:00,2,pump_wear,3.2461963899018413,0.029360967184801384
59.62944723945386,27.10095148230999,193.66,187.85,5.51,17:14:00,2,pump_wear,3.2477242195843252,0.029331913760979506
58.59358398950328,27.027078068481284,190.37,184.66,5.42,17:15:00,2,pump_wear,3.2489905385221656,0.02935124011697173
56.56608734770438,26.87935958873155,183.94,178.43,5.24,17:17:00,2,pump_wear,3.2517716643427135,0.029367258869024266
54.59659678158939,26.73171483338625,177.69,172.36,5.06,17:19:00,2,pump_wear,3.2545984635423126,0.029357159433743323
52.68395385451775,26.584186418101787,171.61,166.46,4.89,17:21:00,2,pump_wear,3.257348536783826,0.029376426769193796
51.74858908789806,26.510478996111807,168.63,163.57,4.8,17:22:00,2,pump_wear,3.258639568193287,0.029345234456196124
50.827003306251385,26.43681637432624,165.7,160.73,4.72,17:23:00,2,pump_wear,3.2600780927727837,0.029366017544951162
51.534445536424045,15.313453372260708,175.56,170.29,5.0,06:36:00,3,pump_wear,3.4066535144133043,0.02936167713899818
52.468858529164216,15.318999529532691,178.72,173.36,5.09,06:37:00,3,pump_wear,3.4062109413083674,0.0293608675588371
55.35650658690059,15.3361589562263,188.47,182.82,5.37,06:40:00,3,pump_wear,3.4046584876907495,0.029373153921890386
56.34767996924348,15.34205611062194,191.82,186.07,5.46,06:41:00,3,pump_wear,3.4042217905812984,0.02934379534583759
58.37384288058056,15.354123187347795,198.66,192.7,5.66,06:43:00,3,pump_wear,3.4032366244314702,0.029372080954852105
59.409126379078806,15.360295393147789,202.15,196.09,5.76,06:44:00,3,pump_wear,3.4026758567382007,0.02937426691825182
60.45940742587011,15.3665615821998,205.7,199.53,5.86,06:45:00,3,pump_wear,3.402282767197327,0.029369017190397435
61.524833269517856,15.37292292020198,209.29,203.01,5.96,06:46:00,3,pump_wear,3.4017158418483935,0.029358159696566674
62.605551207754914,15.379380582425629,212.93,206.54,6.06,06:47:00,3,pump_wear,3.401136095637866,0.02934056357122107
63.7017085552852,15.385935753705455,216.63,210.13,6.17,06:48:00,3,pump_wear,3.400693716275945,0.02936277542473707
64.81345261101394,15.39258962842792,220.37,213.76,6.28,06:49:00,3,pump_wear,3.40006574441541,0.029378742514970062
68.24367707534238,15.41315556009024,231.92,224.96,6.6,06:52:00,3,pump_wear,3.398410078987328,0.029338549075391178
69.41923945810666,15.420216382961124,235.87,228.8,6.72,06:53:00,3,pump_wear,3.3977612235631534,0.02937062937062937
70.61112361983473,15.427382023932902,239.88,232.69,6.83,06:54:00,3,pump_wear,3.3971984540494904,0.029352357213459968
71.81947604464268,15.434653734343454,243.94,236.63,6.95,06:55:00,3,pump_wear,3.396571702199107,0.029370747580611083
73.04444295558005,15.442032774943156,248.06,240.62,7.06,06:56:00,3,pump_wear,3.396014672202385,0.029340869420663284
74.28617027734683,15.449520415866404,252.23,244.67,7.18,06:57:00,3,pump_wear,3.3953830041083193,0.02934564924183594
75.5448035984572,15.457117936600904,256.46,248.77,7.3,06:58:00,3,pump_wear,3.394806628436817,0.029344374321662578
58.15906845645304,15.472647782020871,197.84,191.91,5.63,07:00:00,3,pump_wear,3.401705103790201,0.029336668229899433
79.42358959027497,15.48058271213996,269.48,261.39,7.67,07:01:00,3,pump_wear,3.3929466219063524,0.029343127128046216
80.75129471522412,15.488632732859948,273.93,265.71,7.8,07:02:00,3,pump_wear,3.3922675910774682,0.029355312182454556
82.09662737674562,15.496799169893915,278.44,270.08,7.93,07:03:00,3,pump_wear,3.391613138043109,0.029361670616113746
83.45973032114722,15.50508335807524,283.0,274.51,8.06,07:04:00,3,pump_wear,3.3908568708649756,0.029361407598994575
84.84074567851849,15.513486641310353,287.63,279.0,8.19,07:05:00,3,pump_wear,3.3902342288444474,0.02935483870967742
86.23981492061047,15.522010372528994,292.31,283.54,8.32,07:06:00,3,pump_wear,3.38950170833612,0.029343302532270576
69.74849717248955,15.530655913631977,236.88,229.78,6.75,07:07:00,3,pump_wear,3.396202206539169,0.029375924797632517
62.626662563039645,15.548317917618183,212.86,206.48,6.06,07:09:00,3,pump_wear,3.3988718428949705,0.02934908950019372
56.872881834799976,15.557337148652302,193.44,187.63,5.51,07:10:00,3,pump_wear,3.4012695288044275,0.02936630602782071
93.51086941521304,15.566483725749949,316.62,307.12,9.02,07:11:00,3,pump_wear,3.3859165461730796,0.02936962750716332
95.02119057016628,15.57575905479338,321.67,312.02,9.16,07:12:00,3,pump_wear,3.385244891900928,0.029357092494070897
96.55053383422626,15.585164550267931,326.77,316.97,9.31,07:13:00,3,pump_wear,3.384445295362656,0.029371864845253493
98.09903383579258,15.594701635191306,331.94,321.98,9.45,07:14:00,3,pump_wear,3.3837234376398904,0.029349649046524626
99.66682414350176,15.604371741040149,337.16,327.05,9.6,07:15:00,3,pump_wear,3.38287090912571,0.029353309891453905
57.81138703273301,15.614176307673812,196.56,190.66,5.6,07:16:00,3,pump_wear,3.400022211691739,0.029371656351620683
66.09961614979987,15.624116783255335,224.51,217.77,6.39,07:17:00,3,pump_wear,3.396540147694636,0.02934288469486155
104.48725570424384,15.634194624169574,353.22,342.63,10.06,07:18:00,3,pump_wear,3.38050796357219,0.02936111840761171
106.13352007495416,15.644411294938472,358.7,347.94,10.21,07:19:00,3,pump_wear,3.37970510868458,0.029344139794217395
69.57264085306306,15.654768268133438,236.18,229.09,6.73,07:20:00,3,pump_wear,3.394725241187991,0.02937710070278057
81.46926884233932,15.665267024284812,276.15,267.86,7.86,07:21:00,3,pump_wear,3.3896216809605844,0.029343687000671994
111.19246018998103,15.67590905178838,375.52,364.25,10.69,07:22:00,3,pump_wear,3.3772074055956187,0.029347975291695264
112.9192385509145,15.686695846808911,381.26,369.82,10.86,07:23:00,3,pump_wear,3.3763954211229694,0.029365637337082903
114.66645375719422,15.697628913180738,387.06,375.44,11.02,07:24:00,3,pump_wear,3.375529523391367,0.029352226720647773
116.43422612747884,15.70870976230524,392.92,381.13,11.19,07:25:00,3,pump_wear,3.3746091082342815,0.029360060871618607
120.03191558847706,15.731320891616978,404.85,392.7,11.53,07:27:00,3,pump_wear,3.3728529451117515,0.029360835243188183
51.78734471067584,15.742854231477262,176.12,170.84,5.02,07:28:00,3,pump_wear,3.4008308590437015,0.029384219152423317
123.7132365782229,15.754541473209818,417.04,404.53,11.88,07:29:00,3,pump_wear,3.3710216589177096,0.02936741403604183
125.58554178249898,15.766384164406752,423.23,410.54,12.05,07:30:00,3,pump_wear,3.370053542731775,0.029351585716373557
127.47909067828124,15.77838385954754,429.49,416.61,12.23,07:31:00,3,pump_wear,3.36910153433635,0.029355992414968436
129.3939913036127,15.790542119874722,435.82,422.75,12.41,07:32:00,3,pump_wear,3.368162583202052,0.029355410999408634
103.72528749789944,15.815340614105295,350.43,339.92,9.98,07:34:00,3,pump_wear,3.378443275050904,0.02935984937632384
50.18899821588332,15.827984003145117,170.66,165.54,4.86,07:35:00,3,pump_wear,3.4003468103890384,0.029358463211308448
137.26920199008586,15.840792267372862,461.81,447.96,13.15,07:36:00,3,pump_wear,3.364265205194052,0.029355299580319672
83.12935045591482,15.853766999868451,281.51,273.07,8.02,07:37:00,3,pump_wear,3.3864092339960057,0.02936975866993811
95.30135660435832,15.866909799660766,322.24,312.57,9.18,07:38:00,3,pump_wear,3.381274007858807,0.02936942124964008
69.45996635627849,15.880222271580395,235.59,228.52,6.71,07:39:00,3,pump_wear,3.3917378939056313,0.029362856642744618
145.49415019417378,15.893706026109076,488.89,474.22,13.92,07:40:00,3,pump_wear,3.3602038250165833,0.029353464636666524
107.69571741154832,15.907362679225688,363.54,352.63,10.35,07:41:00,3,pump_wear,3.375621693579222,0.029350877690497122
149.73963762064113,15.921193852248924,502.84,487.75,14.32,07:42:00,3,pump_wear,3.3580954781921086,0.02935930292157868
103.94389519921025,15.935201171676532,351.0,340.47,10.0,07:43:00,3,pump_wear,3.3768216914259614,0.029371163391781946
110.83007091568516,15.949386269021115,373.91,362.7,10.65,07:44:00,3,pump_wear,3.3737233668690423,0.0293631100082713
156.27605464666573,15.963750780642536,524.28,508.55,14.93,07:45:00,3,pump_wear,3.3548325825436103,0.029357978566512632
109.05726399619724,15.978296347576832,367.97,356.93,10.48,07:46:00,3,pump_wear,3.3740989505552874,0.02936149945367439
160.74670291651424,15.993024615361694,538.92,522.75,15.35,07:47:00,3,pump_wear,3.3526037562331505,0.02936394069823051
163.01615673969462,16.007937233858442,546.34,529.95,15.56,07:48:00,3,pump_wear,3.351446941988699,0.02936126049627323
165.30845433449755,16.023035857070532,553.83,537.22,15.77,07:49:00,3,pump_wear,3.3502823689787746,0.02935482670042068
167.6236600850883,16.038322142958545,561.4,544.55,15.99,07:50:00,3,pump_wear,3.3491692026950424,0.0293636947938665
94.49413168874676,16.053797753251676,319.31,309.73,9.09,07:51:00,3,pump_wear,3.3791516392972625,0.02934814193006812
85.19730418369289,16.06946435325567,288.2,279.55,8.21,07:52:00,3,pump_wear,3.382736141258829,0.029368628152387766
82.10095693441879,16.08532361165726,277.81,269.48,7.91,07:53:00,3,pump_wear,3.3837608034448508,0.029352827668101527
177.11474804783688,16.101377200325047,592.34,574.57,16.87,07:54:00,3,pump_wear,3.3443855270596385,0.029361087421898115
179.54535528971846,16.11762679410681,600.25,582.25,17.09,07:55:00,3,pump_wear,3.3431664051204386,0.02935165306998712
181.99919319378543,16.134074070623296,608.23,589.99,17.32,07:56:00,3,pump_wear,3.341937891737691,0.0293564297699961
102.99481719975824,16.150720710058412,347.54,337.11,9.9,07:57:00,3,pump_wear,3.374344549065482,0.02936726884399751
186.9767280852072,16.167568394945864,624.4,605.67,17.78,07:58:00,3,pump_wear,3.3394530238835634,0.029355919890369345
189.50050024311312,16.18461880995222,632.59,613.61,18.01,07:59:00,3,pump_wear,3.3381969925590727,0.029350890630856736
192.04765329629015,16.201873641656377,640.85,621.62,18.25,08:00:00,3,pump_wear,3.336932209274642,0.02935877224027541
97.24007690228257,16.219334578325487,328.26,318.41,9.35,08:01:00,3,pump_wear,3.37576861780839,0.02936465563267485
197.21221440314412,16.237003309687246,657.57,637.84,18.73,08:02:00,3,pump_wear,3.3343269431364213,0.02936473096701367
199.8296696995789,16.254881526698643,666.03,646.05,18.97,08:03:00,3,pump_wear,3.3329885447005947,0.02936305239532544
202.47060027082267,16.2729709213111,674.57,654.33,19.21,08:04:00,3,pump_wear,3.3316935846374824,0.02935827487659132
205.1350205857616,16.291273186232033,683.17,662.67,19.45,08:05:00,3,pump_wear,3.330343098166334,0.029350958999200205
207.8229413580248,16.309790014682832,691.84,671.08,19.7,08:06:00,3,pump_wear,3.3289876251348973,0.02935566549442689
210.53436949416783,16.32852310015326,700.58,679.56,19.95,08:07:00,3,pump_wear,3.327627701278519,0.02935723114956737
68.34576925731254,16.34747413615227,231.42,224.48,6.59,08:08:00,3,pump_wear,3.3860179278798532,0.029356735566642908
216.02775614077325,16.366644815955276,718.26,696.71,20.45,08:09:00,3,pump_wear,3.324850532317477,0.029352241248152028
218.80970896816532,16.386036832347802,727.2,705.39,20.71,08:10:00,3,pump_wear,3.3234357078085623,0.029359645019067467
221.6151576925644,16.405651877365635,736.21,714.13,20.97,08:11:00,3,pump_wear,3.322020062460291,0.029364401439513813
102.68440221988124,16.425491642031385,346.13,335.75,9.86,08:12:00,3,pump_wear,3.3708137995371614,0.029367088607594936
227.2964871561809,16.44555781608751,754.43,731.8,21.48,08:13:00,3,pump_wear,3.3191450050066673,0.029352282044274394
135.3439948509921,16.465852087725818,454.33,440.7,12.94,08:14:00,3,pump_wear,3.35685377471086,0.029362378034944406
233.0715917969981,16.48637614331343,772.92,749.73,22.01,08:15:00,3,pump_wear,3.3162342696539433,0.02935723527136436
235.99424372158512,16.50713166711524,782.26,758.8,22.28,08:16:00,3,pump_wear,3.314741866851945,0.02936215076436479
238.9402515915745,16.52812034101288,791.67,767.92,22.54,08:17:00,3,pump_wear,3.31325506994618,0.02935201583498281
241.90957714221216,16.549343844220196,801.15,777.11,22.81,08:18:00,3,pump_wear,3.311774628620947,0.02935234394101221
244.90217771641247,16.570803852995247,810.69,786.37,23.09,08:19:00,3,pump_wear,3.3102604785276704,0.02936276816256978
247.9180062197266,16.592502040348855,820.29,795.68,23.36,08:20:00,3,pump_wear,3.308714895331109,0.02935853609491253
183.5064209100706,16.61444007574974,611.99,593.63,17.43,08:21:00,3,pump_wear,3.3349786724896817,0.02936172363256574
185.6997947142744,16.63661962482621,619.09,600.51,17.63,08:22:00,3,pump_wear,3.333821671437808,0.02935837871142862
157.18368429501862,16.659042349064453,525.82,510.05,14.97,08:23:00,3,pump_wear,3.34525814405194,0.029350063719243213
101.17173861874184,16.681709905503467,340.75,330.53,9.7,08:24:00,3,pump_wear,3.3680354281949327,0.029346806643874988
263.3436032242352,16.70462394642665,869.26,843.19,24.75,08:25:00,3,pump_wear,3.3008586096539103,0.029352814905300107
266.4975563296373,16.727786119050002,879.25,852.87,25.04,08:26:00,3,pump_wear,3.29927978368565,0.029359691394937094
269.6742798236105,16.751198065207085,889.29,862.61,25.32,08:27:00,3,pump_wear,3.297644849859875,0.029352778196403938
187.44863021726167,16.774861421030653,624.44,605.7,17.78,08:28:00,3,pump_wear,3.331259339031953,0.029354465907214793
174.72806677362618,16.798777816631056,582.92,565.44,16.6,08:29:00,3,pump_wear,3.336155494441647,0.029357668364459535
279.3402072787142,16.82294887577139,919.79,892.19,26.19,08:30:00,3,pump_wear,3.2927232673034825,0.029354733857138052
187.26881728786068,16.847376215539494,623.67,604.96,17.76,08:31:00,3,pump_wear,3.3303462318626393,0.029357312880190427
102.47857302251144,16.872061446016712,344.84,334.5,9.82,08:32:00,3,pump_wear,3.3649961141071807,0.029357249626307924
193.50480805990733,16.897006169943573,643.82,624.5,18.33,08:33:00,3,pump_wear,3.3271524695173427,0.029351481184947955
181.98367285939088,16.92221198238236,606.29,588.1,17.27,08:34:00,3,pump_wear,3.331562609292143,0.02936575412344839
295.8966873820142,16.947680470376586,971.79,942.64,27.67,08:35:00,3,pump_wear,3.2842206129377214,0.029353729949927864
111.59481447825593,16.97341321260745,374.95,363.7,10.68,08:36:00,3,pump_wear,3.359923144753813,0.029364861149298874
302.67296901696034,16.999411779047307,993.0,963.21,28.28,08:37:00,3,pump_wear,3.28076868980116,0.029360160297339104
185.71615890616323,17.025677730610155,618.18,599.64,17.6,08:38:00,3,pump_wear,3.3286279645291805,0.02935094389967314
309.5355441927179,17.052212618799224,1014.42,983.99,28.89,08:39:00,3,pump_wear,3.277232676607952,0.029360054472098294
241.45414801698757,17.07901798535167,798.0,774.06,22.72,08:40:00,3,pump_wear,3.304975319553659,0.029351729840064077
130.63398522387925,17.106095361880442,437.66,424.53,12.46,08:41:00,3,pump_wear,3.3502767235489492,0.02935010482180294
319.98870841210845,17.133446269513335,1046.95,1015.54,29.81,08:42:00,3,pump_wear,3.2718342006357597,0.029353841306103155
323.51496413894466,17.161072218529338,1057.9,1026.16,30.13,08:43:00,3,pump_wear,3.270018754204051,0.029361892882201604
116.77403039220304,17.1889747079922,391.77,380.02,11.16,08:44:00,3,pump_wear,3.354941151591513,0.029366875427609074
242.06650818739752,17.21715522538143,799.52,775.53,22.77,08:45:00,3,pump_wear,3.302893927734298,0.02936056632238598
234.5257880264585,17.2456152462206,775.25,751.99,22.08,08:46:00,3,pump_wear,3.3056066308261953,0.02936209258101836
337.82489041694805,17.274356233703152,1102.2,1069.13,31.39,08:47:00,3,pump_wear,3.262637038495446,0.029360321008670597
341.45270670765984,17.303379638315675,1113.39,1079.99,31.71,08:48:00,3,pump_wear,3.2607443963044833,0.029361382975768294
161.87533215595784,17.332686897458707,539.76,523.57,15.37,08:49:00,3,pump_wear,3.334417868436998,0.029356151039975548
278.1803752616385,17.362279435065155,914.12,886.7,26.03,08:50:00,3,pump_wear,3.2860693323180605,0.02935603924664486
253.9213121195267,17.39215866121636,836.84,811.74,23.83,08:51:00,3,pump_wear,3.29566664969847,0.029356690565944758
130.9541973508232,17.42232597175586,438.17,425.03,12.48,08:52:00,3,pump_wear,3.3459790435441557,0.02936263322588994
359.8841503820729,17.452782747900947,1170.04,1134.94,33.32,08:53:00,3,pump_wear,3.2511573481572356,0.02935838017868786
145.71798678564645,17.483530355851993,486.57,471.97,13.86,08:54:00,3,pump_wear,3.339121070316134,0.02936627328008136
367.3892610130615,17.514570146399727,1193.01,1157.22,33.97,08:55:00,3,pump_wear,3.2472642142841126,0.02935483313458115
371.1693313535828,17.545903454530396,1204.55,1168.41,34.3,08:56:00,3,pump_wear,3.245284290076551,0.029356133549011044
374.9674337936103,17.577531599028966,1216.13,1179.65,34.63,08:57:00,3,pump_wear,3.243294991504203,0.029356164964184292
378.7833281035693,17.6094558820804,1227.75,1190.92,34.96,08:58:00,3,pump_wear,3.2412989403385275,0.029355456285896617
382.6167686179852,17.641677588869037,1239.41,1202.23,35.29,08:59:00,3,pump_wear,3.2392986969095965,0.029353784217662177
386.4675042351093,17.674197987176218,1251.1,1213.57,35.63,09:00:00,3,pump_wear,3.237270886400031,0.029359657868932163
194.1303681316215,17.70701832697614,643.77,624.46,18.33,09:01:00,3,pump_wear,3.316173590952654,0.029353361304166797
394.21982919749775,17.74013984003009,1274.6,1236.36,36.3,09:02:00,3,pump_wear,3.2332214302732245,0.02936038047170727
271.4332156372958,17.773563739479062,891.23,864.49,25.38,09:03:00,3,pump_wear,3.2834227672080902,0.029358350009832387
402.0381855330348,17.80729121943487,1298.22,1259.28,36.97,09:04:00,3,pump_wear,3.2290962568114754,0.02935804586747983
182.28063743006905,17.841323454569793,605.04,586.89,17.23,09:05:00,3,pump_wear,3.3192773984681736,0.029358142070916186
296.198728227121,17.875661599704888,969.12,940.05,27.6,09:06:00,3,pump_wear,3.271857397229918,0.029360140418062872
413.8846835057975,17.91030678939698,1333.89,1293.87,37.99,09:07:00,3,pump_wear,3.222854222826817,0.029361527819641853
417.8640890193215,17.945260137524436,1345.84,1305.46,38.33,09:08:00,3,pump_wear,3.220760135570707,0.02936129793329554
421.8582857875437,17.980522736871794,1357.81,1317.08,38.67,09:09:00,3,pump_wear,3.218640111489526,0.029360403316427253
248.12626056319945,18.01609565871337,816.29,791.81,23.25,09:10:00,3,pump_wear,3.289817039708642,0.029363104785238885
208.5824472935692,18.05197995239581,689.51,668.82,19.64,09:11:00,3,pump_wear,3.3056952248218168,0.029365150563679315
433.9265455074443,18.088176644919827,1393.88,1352.06,39.69,09:12:00,3,pump_wear,3.212248742168937,0.029355206129905477
437.9768025715807,18.124686740521053,1405.94,1363.77,40.04,09:13:00,3,pump_wear,3.210078688517345,0.02935978940730475
315.1069287381993,18.161511220250205,1027.34,996.52,29.26,09:14:00,3,pump_wear,3.2602900993444868,0.02936218038774937
446.1166221364768,18.19865104155257,1430.14,1387.24,40.73,09:15:00,3,pump_wear,3.2057536729991853,0.02936045673423488
450.2055161557196,18.23610713784695,1442.27,1399.0,41.07,09:16:00,3,pump_wear,3.2035813606094057,0.029356683345246604
454.3066119938255,18.273880418104152,1454.41,1410.78,41.42,09:17:00,3,pump_wear,3.2013841788852657,0.029359645019067467
458.4195624254072,18.31197176642505,1466.57,1422.57,41.76,09:18:00,3,pump_wear,3.19918720798185,0.02935532170648896
462.544015084439,18.35038204161836,1478.74,1434.38,42.11,09:19:00,3,pump_wear,3.196971427097702,0.02935763186882137
254.47997236135103,18.389112076778268,835.28,810.22,23.79,09:20:00,3,pump_wear,3.2823015196415417,0.029362395398780577
356.4479019624011,18.428162678861888,1154.79,1120.15,32.89,09:21:00,3,pump_wear,3.2397160809262098,0.029362138999241172
474.9827863451722,18.46753462826671,1515.34,1469.88,43.15,09:22:00,3,pump_wear,3.1903050880222747,0.02935613791602035
230.2671757898727,18.507228678408147,757.74,735.01,21.58,09:23:00,3,pump_wear,3.290699151543274,0.029360144759935237
483.3261233406317,18.54724555529725,1539.78,1493.59,43.85,09:24:00,3,pump_wear,3.185799247426185,0.029358793243125625
487.51190607926674,18.58758595711868,1552.02,1505.46,44.2,09:25:00,3,pump_wear,3.183553018185468,0.029359797005566405
371.22493849315487,18.628250553809035,1199.42,1163.44,34.16,09:26:00,3,pump_wear,3.2309790524003725,0.029361204703293675
495.909763324031,18.6692399866357,1576.5,1529.2,44.89,09:27:00,3,pump_wear,3.179005772003532,0.029355218414857442
500.1210486691148,18.71055486777617,1588.74,1541.08,45.24,09:28:00,3,pump_wear,3.176710926740311,0.02935603602668259
504.3400377889183,18.752195779898152,1600.99,1552.96,45.59,09:29:00,3,pump_wear,3.1744257446204642,0.029356841129198435
508.566324276744,18.794163275740285,1613.24,1564.84,45.94,09:30:00,3,pump_wear,3.1721329608173803,0.029357634007310653
160.42380030678922,18.836457877693896,531.83,515.88,15.15,09:31:00,3,pump_wear,3.3151564729357226,0.029367294719702258
264.9123887009967,18.8790800773856,866.67,840.67,24.68,09:32:00,3,pump_wear,3.2715344278526723,0.02935753625084754
521.2848346014339,18.922030335261045,1649.97,1600.47,46.99,09:33:00,3,pump_wear,3.165198544978852,0.029360125463145204
416.4349820367187,18.96530908016979,1335.87,1295.8,38.04,09:34:00,3,pump_wear,3.2078717149708886,0.029356382157740394
529.7926712186718,19.008916708951528,1674.43,1624.2,47.68,09:35:00,3,pump_wear,3.1605382463074494,0.029355990641546606
534.0539513401037,19.05285358602366,1686.65,1636.05,48.03,09:36:00,3,pump_wear,3.1582015183441348,0.029357293481250574
228.84890000947644,19.097120042970367,751.43,728.89,21.4,09:37:00,3,pump_wear,3.283520261486439,0.02935971134190344
235.9546031750294,19.141716378133346,773.93,750.71,22.04,09:38:00,3,pump_wear,3.279995344807511,0.029358873599658986
423.8918371224125,19.18664285620421,1357.25,1316.53,38.65,09:39:00,3,pump_wear,3.2018781234705638,0.02935747761160019
551.1378884675304,19.23189970781872,1735.42,1683.36,49.42,09:40:00,3,pump_wear,3.148794587186579,0.029357950765136396
367.9057761914498,19.27748712915301,1186.05,1150.46,33.78,09:41:00,3,pump_wear,3.2237873845797043,0.02936216817620778
559.696858905546,19.323405281521804,1759.72,1706.93,50.11,09:42:00,3,pump_wear,3.144059095562959,0.029356798462737192
298.41358950254823,19.369654290978843,970.21,941.1,27.63,09:43:00,3,pump_wear,3.251225929815489,0.02935926043991074
430.8109110061205,19.416234247919544,1376.87,1335.56,39.21,09:44:00,3,pump_wear,3.1959961199321594,0.029358471352840757
572.5462365783773,19.463145206686093,1796.03,1742.15,51.15,09:45:00,3,pump_wear,3.136916960162635,0.02936027322561203
576.8304001855262,19.51038718517501,1808.09,1753.84,51.49,09:46:00,3,pump_wear,3.1345261959467865,0.029358436345390686
438.1885590394423,19.55796016444736,1398.3,1356.35,39.82,09:47:00,3,pump_wear,3.191091988036447,0.029358204003391456
264.34342562832614,19.60586408834165,862.33,836.46,24.56,09:48:00,3,pump_wear,3.2621579218408816,0.029361834397341174
589.6793277729853,19.654098863089672,1844.12,1788.79,52.52,09:49:00,3,pump_wear,3.1273268590991696,0.029360629252176054
593.9595030999977,19.70266435693516,1856.07,1800.39,52.86,09:50:00,3,pump_wear,3.1249100154350353,0.029360305267192105
598.2374634431309,19.75156039975567,1868.0,1811.96,53.2,09:51:00,3,pump_wear,3.122505884617796,0.02936047153358794
602.5127151584348,19.800786782687616,1879.9,1823.5,53.53,09:52:00,3,pump_wear,3.1201001285187275,0.029355634768302715
351.71103834223163,19.850343257754552,1133.53,1099.52,32.28,09:53:00,3,pump_wear,3.2229014060599974,0.02935826542491269
611.0531027791509,19.900229537499,1903.59,1846.48,54.21,09:54:00,3,pump_wear,3.1152611636242726,0.02935856332048005
615.3172363141125,19.950445294617744,1915.38,1857.92,54.54,09:55:00,3,pump_wear,3.1128333272013533,0.02935540819841543
619.5766566624555,20.00099016160081,1927.14,1869.32,54.88,09:56:00,3,pump_wear,3.1104141501733547,0.02935826931718486
321.38479495614257,20.051863730374297,1038.95,1007.79,29.59,09:57:00,3,pump_wear,3.2327291654907917,0.029361275662588438
196.5208902750641,20.103065551947,645.29,625.93,18.38,09:58:00,3,pump_wear,3.2835694927740655,0.02936430591280175
263.1227707760099,20.154595136061168,856.58,830.88,24.39,09:59:00,3,pump_wear,3.2554385067994973,0.029354419410745236
481.10249580374193,20.206451950847345,1522.6,1476.92,43.36,10:00:00,3,pump_wear,3.164814178434693,0.0293583944966552
640.7851843050892,20.258635422483486,1985.32,1925.76,56.54,10:01:00,3,pump_wear,3.098261396528722,0.029359837155201064
645.0055651198045,20.31114493485848,1996.83,1936.92,56.86,10:02:00,3,pump_wear,3.0958337539756036,0.029355884600293248
251.61068981479613,20.363979829240108,819.6,795.01,23.34,10:03:00,3,pump_wear,3.2574132704905563,0.029358121281493316
653.4208354735322,20.417139403947733,2019.7,1959.11,57.52,10:04:00,3,pump_wear,3.090963572559374,0.029360270735180775
657.6146740415381,20.470622914029637,2031.06,1970.13,57.84,10:05:00,3,pump_wear,3.088525971474457,0.029358468730489865
661.7986111125541,20.52442957094523,2042.37,1981.1,58.16,10:06:00,3,pump_wear,3.086089885511482,0.029357427691686436
665.9721166941952,20.5785585422523,2053.62,1992.02,58.48,10:07:00,3,pump_wear,3.0836426158409163,0.02935713496852441
233.30903593133152,20.63300895129929,760.92,738.09,21.67,10:08:00,3,pump_wear,3.2614253321245434,0.02935956319690011
455.4765837340913,20.68777987692284,1443.42,1400.12,41.1,10:09:00,3,pump_wear,3.169032287382469,0.029354626746278895
462.50013157436825,20.74287035315063,1464.0,1420.08,41.69,10:10:00,3,pump_wear,3.1654045048949233,0.02935750098585995
682.5511701934976,20.79827936890971,2098.1,2035.16,59.75,10:11:00,3,pump_wear,3.0739087289312037,0.029358871046993848
686.6645158910264,20.8540058677404,2109.07,2045.8,60.06,10:12:00,3,pump_wear,3.071470785501765,0.02935770847590185
690.7642201572612,20.910048747515837,2119.99,2056.39,60.37,10:13:00,3,pump_wear,3.069050101519962,0.029357271723748902
694.8497440415263,20.96640686016739,2130.84,2066.91,60.68,10:14:00,3,pump_wear,3.066619824317953,0.029357833674422205
698.9205477641178,21.023079011415977,2141.63,2077.38,60.99,10:15:00,3,pump_wear,3.06419664846195,0.029359096554313607
702.9760908318691,21.080063960509413,2152.35,2087.78,61.29,10:16:00,3,pump_wear,3.061768427220632,0.02935654139804002
415.2701903316742,21.137360419965923,1320.43,1280.82,37.6,10:17:00,3,pump_wear,3.1796888646049437,0.02935619368841836
711.0392301623722,21.194967055323943,2173.59,2108.38,61.9,10:18:00,3,pump_wear,3.056919938867004,0.029359033950236674
715.045742923659,21.252882484898308,2184.11,2118.59,62.2,10:19:00,3,pump_wear,3.0545038854013344,0.029359149245488745
719.0348282641521,21.31110527954292,2194.56,2128.72,62.49,10:20:00,3,pump_wear,3.0520913782409766,0.029355669134503368
723.0059438864141,21.36963396242008,2204.94,2138.79,62.79,10:21:00,3,pump_wear,3.0496844716762124,0.029357720954371398
726.9585474901935,21.428467008776515,2215.24,2148.78,63.08,10:22:00,3,pump_wear,3.0472714127209337,0.02935619281638883
730.8920968934159,21.48760284572624,2225.47,2158.71,63.37,10:23:00,3,pump_wear,3.04486805844411,0.029355494716752133
734.8060501538075,21.54703985204045,2235.63,2168.56,63.66,10:24:00,3,pump_wear,3.0424763099487877,0.029355885933522705
738.6998656911117,21.60677635794438,2245.7,2178.33,63.95,10:25:00,3,pump_wear,3.04007094667463,0.029357351732749403
462.66773658049294,21.66681064492144,1458.86,1415.09,41.54,10:26:00,3,pump_wear,3.1531483279603907,0.029355023355404956
746.4249198226855,21.727140945524543,2265.62,2197.66,64.52,10:27:00,3,pump_wear,3.0352952317537865,0.029358499494917322
750.2550781740556,21.787765443194942,2275.46,2207.2,64.8,10:28:00,3,pump_wear,3.0329151593854378,0.029358463211308448
754.0629385645283,21.848682272088453,2285.22,2216.67,65.08,10:29:00,3,pump_wear,3.030542787781426,0.029359354346835568
757.8479630753476,21.909889516909374,2294.9,2226.05,65.35,10:30:00,3,pump_wear,3.028179940851585,0.029356932683452748
761.6096148934282,21.9713852127521,2304.49,2235.35,65.63,10:31:00,3,pump_wear,3.0258152666868137,0.029360055472297402
262.07108737667784,22.033167344950545,846.77,821.36,24.11,10:32:00,3,pump_wear,3.2310698920515697,0.02935375474822246
286.06548734904266,22.095233848935504,921.23,893.59,26.23,10:33:00,3,pump_wear,3.220346531617642,0.02935350664174845
772.7489852787193,22.157582610100025,2332.74,2262.76,66.43,10:34:00,3,pump_wear,3.0187551772178836,0.029357952235323233
776.4118046996126,22.220211463672957,2341.99,2271.73,66.69,10:35:00,3,pump_wear,3.016427604299624,0.02935648162413667
780.0485883419889,22.283118194600647,2351.14,2280.6,66.95,10:36:00,3,pump_wear,3.0140942950712875,0.029356309743050077
575.6987023913157,22.34630053743706,1783.26,1729.76,50.78,10:37:00,3,pump_wear,3.0975577895047555,0.02935667375820923
322.91456559144143,22.409756176242247,1033.65,1002.64,29.44,10:38:00,3,pump_wear,3.201001472655144,0.02936248304476183
790.7974592681076,22.473482744489377,2378.04,2306.7,67.72,10:39:00,3,pump_wear,3.007141679743008,0.029357957254952965
462.9305795042965,22.537477824980364,1454.32,1410.69,41.41,10:40:00,3,pump_wear,3.141550946056054,0.02935442939270853
797.8235782109745,22.601738949770212,2395.51,2323.64,68.22,10:41:00,3,pump_wear,3.002556035472967,0.029359108984179996
801.2931428363532,22.666263600100194,2404.1,2331.97,68.46,10:42:00,3,pump_wear,3.0002752694103427,0.029357152965089603
804.7330250645182,22.731049206339836,2412.59,2340.21,68.7,10:43:00,3,pump_wear,2.998000485697197,0.02935633981565757
563.9678526246996,22.796093147937967,1746.3,1693.91,49.73,10:44:00,3,pump_wear,3.096453090141115,0.029358112296402995
811.5217012982592,22.861392753382823,2429.27,2356.39,69.18,10:45:00,3,pump_wear,2.993475092673053,0.02935846782578436
814.8694820901567,22.92694530017125,2437.46,2364.34,69.41,10:46:00,3,pump_wear,2.9912274954117386,0.029357029868800594
818.1855543081074,22.992748014787217,2445.55,2372.19,69.64,10:47:00,3,pump_wear,2.9889919066929282,0.029356839039031444
603.2880178556102,23.05879807268957,1856.18,1800.49,52.86,10:48:00,3,pump_wear,3.0767725283154137,0.029358674583030174
824.7205814256757,23.12509259830926,2461.42,2387.58,70.09,10:49:00,3,pump_wear,2.984550228812041,0.029356084403454545
827.938549076979,23.19162866505601,2469.2,2395.12,70.32,10:50:00,3,pump_wear,2.982346941995597,0.02935969805270717
831.1228339051855,23.25840329533456,2476.87,2402.57,70.53,10:51:00,3,pump_wear,2.980149141567877,0.029356064547547002
623.9099918409805,23.325413460570484,1912.12,1854.76,54.45,10:52:00,3,pump_wear,3.0647369412339094,0.029356897927494664
588.8011465405993,23.3926560812458,1812.53,1758.15,51.62,10:53:00,3,pump_wear,3.078339793747364,0.029360407246253162
840.4687657064461,23.46012802694426,2499.25,2424.27,71.17,10:54:00,3,pump_wear,2.9736381671474548,0.029357291060814184
386.0644892501251,23.527826116406597,1220.03,1183.43,34.74,10:55:00,3,pump_wear,3.1601715101270598,0.02935534843632492
414.0273064431882,23.59574711759553,1303.25,1264.16,37.11,10:56:00,3,pump_wear,3.1477392426019337,0.02935546133400835
435.8028545647084,23.66388774777092,1367.49,1326.47,38.94,10:57:00,3,pump_wear,3.137863797073761,0.029356110579206462
852.4295111799432,23.73224467357481,2527.54,2451.72,71.98,10:58:00,3,pump_wear,2.9651014739052717,0.029358980634003887
622.5529158895424,23.80081451112666,1904.41,1847.27,54.23,10:59:00,3,pump_wear,3.059033138217432,0.02935683468036616
858.1870556311736,23.869593826128717,2541.02,2464.79,72.36,11:00:00,3,pump_wear,2.960916251680291,0.02935747061615797
637.4454780585639,23.938579133981563,1944.89,1886.54,55.38,11:01:00,3,pump_wear,3.0510687846174,0.029355327742851996
863.7912462488852,24.007766899910017,2554.04,2477.42,72.73,11:02:00,3,pump_wear,2.9567792115180818,0.029357153813241194
570.1100683969222,24.077153539099253,1754.24,1701.61,49.96,11:03:00,3,pump_wear,3.0770198550127383,0.029360429240542784
869.2385795116916,24.146735416841377,2566.6,2489.6,73.09,11:04:00,3,pump_wear,2.9526991328914876,0.029358129820051416
534.0306499125406,24.216508848692374,1650.18,1600.68,46.99,11:05:00,3,pump_wear,3.090047360147313,0.029356273583726916
874.5256344518748,24.28647010063956,2578.69,2501.33,73.43,11:06:00,3,pump_wear,2.948672855789118,0.029356382404560778
877.1080119530546,24.35661538927947,2584.56,2507.02,73.6,11:07:00,3,pump_wear,2.946683834576959,0.029357563960399197
879.6490762301245,24.42694088200637,2590.31,2512.6,73.76,11:08:00,3,pump_wear,2.944708372912962,0.02935604553052615
668.2166138287106,24.497442697211333,2025.36,1964.6,57.68,11:09:00,3,pump_wear,3.0309931810812127,0.029359666089789273
884.6056596363105,24.56811690449192,2601.45,2523.41,74.08,11:10:00,3,pump_wear,2.940801894789525,0.029357100114527565
887.0203906734479,24.63895952487248,2606.84,2528.63,74.24,11:11:00,3,pump_wear,2.9388726881699108,0.0293597718922895
889.3922325111506,24.709966531035256,2612.1,2533.74,74.39,11:12:00,3,pump_wear,2.936949418396513,0.029359760669997712
379.4315113841675,24.781133847562064,1193.83,1158.02,34.0,11:13:00,3,pump_wear,3.146364928007439,0.02936046009568056
894.00573908373,24.85245735118679,2622.27,2543.6,74.67,11:14:00,3,pump_wear,2.9331690898176728,0.02935603082245636
896.2466647357786,24.923932871058614,2627.17,2548.35,74.81,11:15:00,3,pump_wear,2.9313024007453494,0.02935625012262837
615.5456287986963,24.995556189016067,1875.04,1818.79,53.4,11:16:00,3,pump_wear,3.0461429864417084,0.02936017902011777
900.5950611052216,25.0673230398718,2636.6,2557.5,75.08,11:17:00,3,pump_wear,2.927619874757398,0.029356793743890518
902.701831576942,25.139229111708232,2641.12,2561.89,75.21,11:18:00,3,pump_wear,2.9257944402153164,0.029357232355799817
904.7631945297512,25.21127004618401,2645.52,2566.16,75.34,11:19:00,3,pump_wear,2.923991621227479,0.029359042304454908
906.77881665914,25.28344143885129,2649.8,2570.31,75.46,11:20:00,3,pump_wear,2.922212066844152,0.02935832642755154
908.7483715512146,25.35573883948388,2653.95,2574.33,75.58,11:21:00,3,pump_wear,2.9204453983997376,0.02935909537627266
910.6715397707604,25.42815775241617,2657.97,2578.23,75.69,11:22:00,3,pump_wear,2.918692287967053,0.029357349809753203
707.9933167889579,25.500693636892997,2124.93,2061.18,60.51,11:23:00,3,pump_wear,3.001341890679752,0.029356970279160483
914.3774738609246,25.57334190743028,2665.64,2585.67,75.91,11:24:00,3,pump_wear,2.9152511694589704,0.029357961379449037
916.1596365224168,25.646097934186525,2669.28,2589.2,76.01,11:25:00,3,pump_wear,2.9135533738772037,0.029356558010196203
917.8942062567228,25.718957043345167,2672.8,2592.61,76.11,11:26:00,3,pump_wear,2.9118824171469426,0.029356517177670377
499.01762228781706,25.7919145175077,1538.82,1492.66,43.82,11:27:00,3,pump_wear,3.083698713774999,0.029356986855680462
921.219441280224,25.86496559609764,2679.44,2599.06,76.3,11:28:00,3,pump_wear,2.9085795196379776,0.029356767446692265
687.993787304384,25.93810547577529,2066.61,2004.61,58.85,11:29:00,3,pump_wear,3.0038207293951698,0.029357331351235406
924.351002745434,26.01132931086326,2685.57,2605.0,76.48,11:30:00,3,pump_wear,2.905357371846337,0.029358925143953937
925.843509095739,26.084632213782708,2688.44,2607.79,76.56,11:31:00,3,pump_wear,2.90377366540677,0.02935819218572048
927.2868363314036,26.158009255500367,2691.18,2610.44,76.64,11:32:00,3,pump_wear,2.902208782179021,0.029359035258423868
928.6807470721568,26.231455465986244,2693.79,2612.98,76.71,11:33:00,3,pump_wear,2.9006631272293375,0.02935728555136281
930.025011827864,26.30496583468193,2696.27,2615.38,76.78,11:34:00,3,pump_wear,2.8991370830992724,0.029357110630195228
931.3194090614918,26.37853531097965,2698.62,2617.66,76.85,11:35:00,3,pump_wear,2.897631010095076,0.02935828182422469
735.418237561314,26.45215880471181,2189.69,2124.0,62.36,11:36:00,3,pump_wear,2.9774757929054476,0.02935969868173258
933.7577549428066,26.52583118665116,2702.93,2621.85,76.97,11:37:00,3,pump_wear,2.8946801091526746,0.02935713332189103
363.2150912982008,26.59954728902141,1136.52,1102.43,32.36,11:38:00,3,pump_wear,3.1290550068772154,0.029353337626878803
935.9941737401672,26.673301906018388,2706.72,2625.52,77.08,11:39:00,3,pump_wear,2.89181287227904,0.029357993845028792
514.1311684833258,26.74708979434157,1575.74,1528.47,44.87,11:40:00,3,pump_wear,3.0648598968399328,0.029356153539160074
938.027185396345,26.82090567373595,2709.99,2628.69,77.17,11:41:00,3,pump_wear,2.889031407821029,0.02935682792569683
938.9669872313372,26.89474422754427,2711.42,2630.08,77.21,11:42:00,3,pump_wear,2.8876627579793457,0.02935652147463195
939.8554424051482,26.968600103269488,2712.73,2631.35,77.25,11:43:00,3,pump_wear,2.8863268515612956,0.029357554107207327
940.692403434806,27.042467913147416,2713.9,2632.48,77.28,11:44:00,3,pump_wear,2.8850025684172382,0.029356348386312528
941.477731299854,27.116342234729508,2714.94,2633.5,77.31,11:45:00,3,pump_wear,2.883700707664758,0.029356369850009494
942.2112954808364,27.190217611475692,2715.86,2634.38,77.34,11:46:00,3,pump_wear,2.8824320118281133,0.02935795139653353
533.1593197373933,27.264088553357205,1626.23,1577.45,46.31,11:47:00,3,pump_wear,3.0501764478223823,0.029357507369488733
943.5226534323458,27.337949537469317,2717.28,2635.77,77.38,11:48:00,3,pump_wear,2.8799308528683243,0.029357645014549825
944.1002289825884,27.411795008653925,2717.8,2636.27,77.4,11:49:00,3,pump_wear,2.8787197763195578,0.02935966346390924
944.6256044687156,27.485619380131915,2718.19,2636.64,77.41,11:50:00,3,pump_wear,2.877531571387786,0.02935933612476485
655.8681096608193,27.559417034145135,1964.76,1905.82,55.95,11:51:00,3,pump_wear,2.995663260737088,0.029357441941001775
945.5194138539412,27.633182322608057,2718.57,2637.01,77.42,11:52:00,3,pump_wear,2.8752133062176877,0.029359008877478658
945.887698783769,27.706909567768854,2718.57,2637.01,77.42,11:53:00,3,pump_wear,2.8740938311128925,0.029359008877478658
946.2034857523196,27.780593062879944,2718.43,2636.88,77.41,11:54:00,3,pump_wear,2.8729866682308782,0.029356663936166982
594.7839828151428,27.854227072877848,1794.45,1740.62,51.1,11:55:00,3,pump_wear,3.0169776790336162,0.029357355425078422
946.6773638903956,27.927805835072235,2717.77,2636.23,77.39,11:56:00,3,pump_wear,2.87085136252889,0.029356315647724212
946.83537600342,28.00132355984413,2717.24,2635.72,77.38,11:57:00,3,pump_wear,2.869812502643738,0.029358201933437543
946.9407320641468,28.074774431353102,2716.58,2635.09,77.36,11:58:00,3,pump_wear,2.8687962276988377,0.029357631048654884
946.9934144906124,28.14815260825341,2715.8,2634.32,77.34,11:59:00,3,pump_wear,2.8678129736106226,0.029358620061344102
946.9934144906124,28.221452224418883,2714.88,2633.43,77.31,12:00:00,3,pump_wear,2.8668414779424136,0.029357150180562994
946.9407320641468,28.294667389676547,2713.83,2632.42,77.28,12:01:00,3,pump_wear,2.865892138871646,0.029357017497207892
713.0972563402091,28.367792190548823,2111.76,2048.41,60.14,12:02:00,3,pump_wear,2.9613912846027106,0.029359356769396754
946.6773638903956,28.44082069100414,2711.36,2630.02,77.21,12:03:00,3,pump_wear,2.864080312280411,0.02935719120006692
946.466722091906,28.51374693321595,2709.92,2628.63,77.17,12:04:00,3,pump_wear,2.8631962822849837,0.029357498012272554
946.2034857523196,28.586564938329857,2708.36,2627.11,77.13,12:05:00,3,pump_wear,2.862344137156293,0.02935925789175177
945.887698783769,28.65926870723897,2706.68,2625.48,77.08,12:06:00,3,pump_wear,2.861523628524056,0.029358441123147005
945.5194138539414,28.73185222136709,2704.86,2623.71,77.03,12:07:00,3,pump_wear,2.8607133395336417,0.02935918984948794
945.0986923714394,28.80430944345977,2702.92,2621.83,76.97,12:08:00,3,pump_wear,2.8599341230891344,0.02935735726572661
944.6256044687156,28.876634318383086,2700.85,2619.82,76.91,12:09:00,3,pump_wear,2.859175092463257,0.029356978723729107
687.5531414577058,28.94882077392993,2038.09,1976.94,58.04,12:10:00,3,pump_wear,2.9642654176213536,0.02935850354588404
943.522653432346,29.020862721633748,2696.32,2615.44,76.78,12:11:00,3,pump_wear,2.8577162299085552,0.029356437157801365
942.8929739954486,29.092754057589502,2693.88,2613.06,76.71,12:12:00,3,pump_wear,2.8570368793659116,0.02935638676494225
942.2112954808364,29.1644886632818,2691.3,2610.56,76.64,12:13:00,3,pump_wear,2.856365671806721,0.029357685707281197
941.4777312998542,29.236060406419995,2688.6,2607.94,76.56,12:14:00,3,pump_wear,2.8557234129032194,0.029356503600542958
516.5491292129747,29.307463141780104,1565.18,1518.22,44.57,12:15:00,3,pump_wear,3.0300699613698736,0.029356746716549642
708.5439952982484,29.3786907120534,2090.15,2027.45,59.52,12:16:00,3,pump_wear,2.9499226778715277,0.029357074157192534
458.5944881038134,29.44973694870151,1399.67,1357.68,39.86,12:17:00,3,pump_wear,3.0520863994404412,0.029358906369689467
938.0271853963452,29.52059567281793,2676.56,2596.26,76.22,12:18:00,3,pump_wear,2.8533927818617233,0.02935761441458097
937.0361928048568,29.59126069599565,2673.24,2593.04,76.13,12:19:00,3,pump_wear,2.8528673924516355,0.029359361984388977
311.0619326516025,29.661725821200918,967.45,938.43,27.55,12:20:00,3,pump_wear,3.1101523473255384,0.029357543983035497
679.0755320713195,29.731984843652764,2008.31,1948.06,57.19,12:21:00,3,pump_wear,2.9574177026732844,0.02935741198936378
438.47245302002375,29.80203155170834,1339.86,1299.66,38.16,12:22:00,3,pump_wear,3.0557449864217867,0.02936152532200729
556.5314717694228,29.871859727753705,1673.0,1622.81,47.64,12:23:00,3,pump_wear,3.006119302976531,0.029356486588078705
452.4761148351086,29.94146314910004,1379.2,1337.83,39.28,12:24:00,3,pump_wear,3.0481166956240515,0.02936098009463086
686.116510861017,30.01083558888498,2024.62,1963.88,57.66,12:25:00,3,pump_wear,2.950839934545922,0.029360246043546444
928.680747072157,30.07997081697905,2646.61,2567.22,75.37,12:26:00,3,pump_wear,2.849859877405602,0.02935860580705978
927.2868363314036,30.148862600896805,2642.33,2563.06,75.25,12:27:00,3,pump_wear,2.849528211199211,0.029359437547306737
520.3089136091222,30.217504706712788,1569.51,1522.43,44.7,12:28:00,3,pump_wear,3.0164964676716677,0.029360955840334203
924.351002745434,30.285890899981773,2633.41,2554.41,74.99,12:29:00,3,pump_wear,2.8489285911720272,0.029357072670401385
922.809562485834,30.35401494666345,2628.78,2549.91,74.86,12:30:00,3,pump_wear,2.8486700906291857,0.029357898906235906
921.219441280224,30.421870614051127,2624.03,2545.31,74.72,12:31:00,3,pump_wear,2.848430984427956,0.02935595271302906
734.3533036860949,30.48945167170432,2147.7,2083.27,61.16,12:32:00,3,pump_wear,2.9246140641290705,0.029357692473851203
314.3878942483544,30.556751892385133,973.65,944.44,27.73,12:33:00,3,pump_wear,3.096970391712518,0.029361314641480663
916.159636522417,30.623765052998117,2609.09,2530.81,74.3,12:34:00,3,pump_wear,2.8478552164813253,0.02935818967050075
914.3774738609249,30.690484935533448,2603.88,2525.76,74.15,12:35:00,3,pump_wear,2.8477079482341288,0.029357500316736347
912.54800894756,30.7569053280133,2598.56,2520.6,74.0,12:36:00,3,pump_wear,2.8475871674926063,0.029358089343807032
910.6715397707608,30.823020025441075,2593.12,2515.33,73.84,12:37:00,3,pump_wear,2.8474811024101556,0.02935598907499215
908.7483715512147,30.888822830753444,2587.58,2509.95,73.69,12:38:00,3,pump_wear,2.8474108796289275,0.02935915058068886
906.7788166591404,30.954307555774875,2581.92,2504.47,73.53,12:39:00,3,pump_wear,2.8473536793819347,0.02935950520469401
904.7631945297512,31.019468022174536,2576.16,2498.87,73.36,12:40:00,3,pump_wear,2.8473306778785954,0.029357269485807587
902.7018315769424,31.08429806242529,2570.28,2493.17,73.19,12:41:00,3,pump_wear,2.847318915383103,0.02935620114151863
900.5950611052217,31.148791520764668,2564.3,2487.37,73.02,12:42:00,3,pump_wear,2.8473396210424013,0.029356308068361363
500.6314850859358,31.212942254157497,1507.64,1462.41,42.93,12:43:00,3,pump_wear,3.011476594887368,0.029355652655548032
290.7940032140768,31.276744133260117,900.65,873.63,25.65,12:44:00,3,pump_wear,3.0972096743582407,0.029360255485731946
894.0057390837301,31.34019104338581,2545.71,2469.34,72.49,12:45:00,3,pump_wear,2.847532055676855,0.029356022256959345
891.72080621628,31.403276885471445,2539.3,2463.12,72.31,12:46:00,3,pump_wear,2.847640183225816,0.029357075578940534
889.392232511151,31.465995577044875,2532.79,2456.8,72.13,12:47:00,3,pump_wear,2.8477761637841206,0.029359329208726796
887.0203906734481,31.528341053193092,2526.17,2450.39,71.94,12:48:00,3,pump_wear,2.847927766442966,0.029358591897616297
354.2880070169393,31.590307267530825,1086.55,1053.96,30.94,12:49:00,3,pump_wear,3.066855153095966,0.02935595278758207
296.0916800859573,31.65188819316933,914.94,887.49,26.05,12:50:00,3,pump_wear,3.0900564302731746,0.029352443407813046
879.6490762301247,31.7130778236853,2505.71,2430.54,71.36,12:51:00,3,pump_wear,2.8485336570108353,0.02935973075941972
877.108011953055,31.77387017408948,2498.69,2423.73,71.16,12:52:00,3,pump_wear,2.8487825512346774,0.029359705907836268
525.7193385498659,31.834259281794974,1573.44,1526.24,44.81,12:53:00,3,pump_wear,2.99292775559702,0.02935973372470909
871.9023522596012,31.89423920758488,2484.34,2409.81,70.75,12:54:00,3,pump_wear,2.84933283361565,0.029359161095688042
295.0134836232195,31.95380403657906,910.56,883.25,25.93,12:55:00,3,pump_wear,3.0865029923952023,0.029357486555335408
514.3635676633673,32.012947879199935,1540.65,1494.43,43.87,12:56:00,3,pump_wear,2.995254906949982,0.029355674069712196
412.094750607872,32.07166487213691,1251.39,1213.85,35.64,12:57:00,3,pump_wear,3.036656007275273,0.02936112369732669
861.0085410317836,32.12994917930938,2454.49,2380.86,69.9,12:58:00,3,pump_wear,2.850715042917784,0.029359139134598422
858.1870556311738,32.187794992827946,2446.79,2373.39,69.68,12:59:00,3,pump_wear,2.8511150150131903,0.02935884957802974
332.2474024409309,32.24519653395377,1019.11,988.53,29.02,13:00:00,3,pump_wear,3.067322701435368,0.029356721596714312
561.0436640475132,32.302148054055706,1667.52,1617.5,47.49,13:01:00,3,pump_wear,2.9721750852154396,0.02936012364760433
849.4943477951464,32.35864383556509,2423.14,2350.45,69.0,13:02:00,3,pump_wear,2.8524498206365165,0.02935608075049459
846.5221953267634,32.41467819292794,2415.07,2342.62,68.77,13:03:00,3,pump_wear,2.8529316931468838,0.02935602018253067
843.5135133002713,32.47024547355426,2406.92,2334.71,68.54,13:04:00,3,pump_wear,2.8534456912051773,0.02935696510487384
611.3022392238596,32.52534005876446,1802.43,1748.35,51.33,13:05:00,3,pump_wear,2.948508747961494,0.029359110018016988
529.9859277714379,32.579956364732325,1580.06,1532.66,45.0,13:06:00,3,pump_wear,2.981324441281048,0.02936071927237613
834.2729513920144,32.63408884342465,2381.93,2310.47,67.83,13:07:00,3,pump_wear,2.855096759430668,0.029357663159443752
257.20418931555474,32.68773198353706,795.38,771.52,22.65,13:08:00,3,pump_wear,3.0924068620988763,0.029357631688096224
827.9385490769794,32.74088031142607,2364.84,2293.89,67.34,13:09:00,3,pump_wear,2.856298939862654,0.02935624637624298
518.7812890778252,32.793528392036755,1547.59,1501.16,44.07,13:10:00,3,pump_wear,2.9831260929841235,0.029357297023635053
821.4694192103932,32.84567082982633,2347.42,2276.99,66.85,13:11:00,3,pump_wear,2.857586594345009,0.029358934382671863
818.1855543081077,32.89730226968295,2338.58,2268.42,66.6,13:12:00,3,pump_wear,2.8582513925922366,0.029359642394265608
814.8694820901569,32.948417397839805,2329.67,2259.78,66.34,13:13:00,3,pump_wear,2.85894864294629,0.029356840046376193
811.5217012982597,32.999010942784146,2320.68,2251.06,66.09,13:14:00,3,pump_wear,2.859664746226025,0.02935950174584418
808.1427139200999,33.04907767616117,2311.61,2242.26,65.83,13:15:00,3,pump_wear,2.8603982442494016,0.029358771953297117
412.28076182224265,33.09861241367233,1246.34,1208.95,35.49,13:16:00,3,pump_wear,3.0230370063625887,0.029356052773067538
801.2931428363537,33.14761001596807,2293.24,2224.44,65.3,13:17:00,3,pump_wear,2.8619239045058733,0.029355703008397616
797.8235782109747,33.19606538953465,2283.94,2215.42,65.04,13:18:00,3,pump_wear,2.8627130889280887,0.0293578644229988
571.9975294803227,33.24397348757489,1690.38,1639.67,48.14,13:19:00,3,pump_wear,2.955222554082991,0.02935956625418529
361.2496818091043,33.29132931088256,1098.75,1065.79,31.29,13:20:00,3,pump_wear,3.0415251703408117,0.02935850402049184
787.2419401213829,33.338127908710334,2255.61,2187.94,64.23,13:21:00,3,pump_wear,2.86520558044991,0.029356380887958538
783.6588086665769,33.384364379630924,2246.02,2178.64,63.96,13:22:00,3,pump_wear,2.866068721694946,0.029357764476921386
780.0485883419893,33.43003387239136,2236.36,2169.27,63.69,13:23:00,3,pump_wear,2.8669496149636435,0.029360107317208093
776.411804699613,33.475131586760064,2226.64,2159.84,63.41,13:24:00,3,pump_wear,2.8678595386136196,0.02935865619675531
772.7489852787196,33.5196527743666,2216.85,2150.34,63.13,13:25:00,3,pump_wear,2.868784097077026,0.029358148013802467
769.0606594794796,33.56359273953384,2206.99,2140.78,62.85,13:26:00,3,pump_wear,2.869721617919903,0.029358458132082696
765.347358436658,33.60694684010241,2197.07,2131.16,62.57,13:27:00,3,pump_wear,2.87068345605564,0.02935959759004486
761.6096148934287,33.64971048824713,2187.08,2121.47,62.28,13:28:00,3,pump_wear,2.87165492298313,0.0293570024558443
757.8479630753479,33.691879151285306,2177.04,2111.72,62.0,13:29:00,3,pump_wear,2.872660620694379,0.029359953024075163
754.0629385645286,33.73344835247667,2166.93,2101.92,61.71,13:30:00,3,pump_wear,2.8736725930664018,0.02935887188855903
750.255078174056,33.77441367181473,2156.76,2092.05,61.42,13:31:00,3,pump_wear,2.8747023015812774,0.029358762935876293
746.4249198226859,33.81477074680936,2146.53,2082.13,61.13,13:32:00,3,pump_wear,2.8757480397491433,0.029359357965160676
742.5730024098644,33.8545152732605,2136.24,2072.15,60.83,13:33:00,3,pump_wear,2.876808062058925,0.029355982916294668
738.6998656911121,33.89364300602264,2125.9,2062.12,60.54,13:34:00,3,pump_wear,2.877894120112033,0.029358136286928016
255.38525887988055,33.93214975975998,785.76,762.18,22.38,13:35:00,3,pump_wear,3.076763331784859,0.029363142564748486
730.8920968934165,33.97003140969214,2105.04,2041.89,59.95,13:36:00,3,pump_wear,2.8800968144918535,0.029360053675761184
726.958547490194,34.00728389233004,2094.54,2031.7,59.65,13:37:00,3,pump_wear,2.881237186399894,0.02935964955456022
723.0059438864145,34.043903206202025,2083.98,2021.46,59.35,13:38:00,3,pump_wear,2.8823829425216965,0.02935996754820773
387.2295513011485,34.079885412569816,1169.59,1134.51,33.31,13:39:00,3,pump_wear,3.0204048117453968,0.02936069316268698
715.0457429236594,34.11522663613424,2062.71,2000.83,58.74,13:40:00,3,pump_wear,2.8847245374345536,0.02935781650614995
560.6353641848481,34.149923065730555,1652.73,1603.15,47.06,13:41:00,3,pump_wear,2.94795887948138,0.029354707918784893
707.0158321545933,34.18397095501315,2041.24,1980.01,58.13,13:42:00,3,pump_wear,2.887120637425373,0.029358437583648568
702.9760908318694,34.21736662312946,2030.44,1969.53,57.82,13:43:00,3,pump_wear,2.8883485889218097,0.029357257822932376
465.60363118942814,34.25010645538296,1390.22,1348.51,39.59,13:44:00,3,pump_wear,2.985844411154081,0.02935832882218152
238.66957557434543,34.282186903885034,734.87,712.82,20.93,13:45:00,3,pump_wear,3.079026718137723,0.029362251339749162
690.7642201572617,34.31360448819556,1997.77,1937.84,56.89,13:46:00,3,pump_wear,2.8921156332405014,0.02935742888989803
247.7548221129805,34.34435579595208,761.71,738.86,21.69,13:47:00,3,pump_wear,3.0744507554030456,0.02935603497279593
682.5511701934979,34.37443748348735,1975.78,1916.51,56.26,13:48:00,3,pump_wear,2.8946987219139655,0.02935544296664249
678.4247210716708,34.40384627643513,1964.73,1905.79,55.95,13:49:00,3,pump_wear,2.896017699497186,0.02935790407127753
674.2857054751546,34.43257897032413,1953.64,1895.03,55.63,13:50:00,3,pump_wear,2.897347495485333,0.029355735793100902
269.3652419871641,34.46063243115976,825.34,800.58,23.5,13:51:00,3,pump_wear,3.0640181855360886,0.029353718554048315
390.77665617993625,34.488003595993845,1177.63,1142.3,33.54,13:52:00,3,pump_wear,3.0135628149132607,0.029361813884268582
322.25138571852216,34.51468947348188,980.12,950.72,27.91,13:53:00,3,pump_wear,3.0414764480054344,0.029356698081454056
657.6146740415385,34.54068714442777,1908.92,1851.65,54.36,13:54:00,3,pump_wear,2.902794106263241,0.029357599978397642
653.4208354735326,34.56599376231607,1897.66,1840.73,54.04,13:55:00,3,pump_wear,2.904192668764182,0.029357917782618852
649.2176236829089,34.59060655383128,1886.37,1829.78,53.72,13:56:00,3,pump_wear,2.905605040878159,0.029358720720523777
645.0055651198049,34.6145228193644,1875.05,1818.79,53.4,13:57:00,3,pump_wear,2.907029181448572,0.02936017902011777
312.6815984953344,34.63773993350637,951.74,923.19,27.1,13:58:00,3,pump_wear,3.0437992020633766,0.02935473737800453
636.5570037265402,34.66025534552833,1852.32,1796.75,52.75,13:59:00,3,pump_wear,2.9099043591636327,0.029358564074022542
632.3215437362619,34.682066579848694,1840.92,1785.69,52.42,14:00:00,3,pump_wear,2.9113668800882078,0.029355599236149613
628.0793224493717,34.70317123648674,1829.49,1774.61,52.1,14:01:00,3,pump_wear,2.9128327181117664,0.029358563289962305
494.2231805739696,34.72356699150273,1466.75,1422.74,41.77,14:02:00,3,pump_wear,2.9677887595166608,0.029358842796294474
619.5766566624559,34.74325159742436,1806.57,1752.37,51.45,14:03:00,3,pump_wear,2.9158135326331633,0.02936023784931265
433.5609631256543,34.76222288365954,1297.34,1258.42,36.94,14:04:00,3,pump_wear,2.9922896901214,0.029354269639706932
611.0531027791513,34.78047875689527,1783.57,1730.06,50.79,14:05:00,3,pump_wear,2.9188461557401224,0.029357363328439478
606.784761514067,34.79801720148257,1772.03,1718.87,50.46,14:06:00,3,pump_wear,2.9203600887708174,0.02935649583738154
337.812336363207,34.81483627980742,1023.94,993.22,29.16,14:07:00,3,pump_wear,3.031091199994208,0.029359054388755763
239.9874673246057,34.8309341326475,737.06,714.95,20.99,14:08:00,3,pump_wear,3.071243712085418,0.029358696412336523
593.9595030999982,34.8463089795147,1737.34,1685.22,49.47,14:09:00,3,pump_wear,2.9250142323381665,0.029355217716381242
589.6793277729859,34.86095911898339,1725.75,1673.98,49.14,14:10:00,3,pump_wear,2.926590637860002,0.029355189428786486
585.3974279307789,34.87488292900412,1714.15,1662.72,48.81,14:11:00,3,pump_wear,2.9281816390260804,0.029355513856812933
581.1142907809316,34.88807886720304,1702.53,1651.45,48.48,14:12:00,3,pump_wear,2.9297679079825274,0.02935602046686245
349.37076322345234,34.90054547116658,1056.92,1025.21,30.1,14:13:00,3,pump_wear,3.025210210059878,0.029359838472117906
368.454970408514,34.91228135871158,1111.69,1078.34,31.66,14:14:00,3,pump_wear,3.017166517708922,0.02935994213327893
568.2622768837888,34.9232852281407,1667.63,1617.6,47.49,14:15:00,3,pump_wear,2.934613237297529,0.02935830860534125
563.9789944368873,34.93355585848302,1655.98,1606.3,47.16,14:16:00,3,pump_wear,2.936244108973307,0.029359397372844424
191.30236955950005,34.94309210971986,591.09,573.36,16.83,14:17:00,3,pump_wear,3.089820588009787,0.02935328589367936
555.41633621391,34.95189292299568,1632.66,1583.68,46.49,14:18:00,3,pump_wear,2.9395246296306388,0.02935567791473025
551.137888467531,34.95995732081401,1621.0,1572.37,46.16,14:19:00,3,pump_wear,2.941187738892855,0.029356957967908315
546.8619738801425,34.96728440721837,1609.33,1561.05,45.83,14:20:00,3,pump_wear,2.9428449533276964,0.029358444636622787
542.5890467020657,34.97387336795825,1597.67,1549.74,45.5,14:21:00,3,pump_wear,2.9445305055656177,0.029359763573244543
240.8675787525738,34.979723470639826,739.2,717.02,21.05,14:22:00,3,pump_wear,3.068906175867396,0.029357619034336563
534.053951340104,34.9848340648617,1574.34,1527.11,44.83,14:23:00,3,pump_wear,2.9479044131206242,0.02935610401346334
293.71887429680737,34.989204582335404,894.96,868.11,25.49,14:24:00,3,pump_wear,3.0469951995513553,0.029362638375321097
197.01197861914255,34.9928345369907,608.14,589.9,17.32,14:25:00,3,pump_wear,3.0868173816762554,0.029360908628581116
521.2848346014342,34.99572352506571,1539.37,1493.19,43.84,14:26:00,3,pump_wear,2.9530304697564755,0.029359960889103195
517.0391405828146,34.99787122518174,1527.72,1481.89,43.51,14:27:00,3,pump_wear,2.954747291042473,0.029361153661877734
512.7994970859296,34.99927739840285,1516.08,1470.6,43.17,14:28:00,3,pump_wear,2.9564771584515634,0.029355365157078747
508.56632427674447,34.99994188828021,1504.45,1459.32,42.84,14:29:00,3,pump_wear,2.9582178925031015,0.029356138475454326
504.3400377889187,34.999864620881056,1492.83,1448.04,42.51,14:30:00,3,pump_wear,2.9599672604711853,0.02935692384188282
500.12104866911534,34.99904560480244,1481.21,1436.78,42.18,14:31:00,3,pump_wear,2.961702979592011,0.029357312880190427
495.9097633240314,34.9974849311696,1469.61,1425.53,41.85,14:32:00,3,pump_wear,2.96346252622525,0.02935750212201778
491.706583469158,34.99518277361909,1458.03,1414.28,41.52,14:33:00,3,pump_wear,2.9652440073368553,0.02935769437452273
487.51190607926713,34.99213938826658,1446.45,1403.06,41.19,14:34:00,3,pump_wear,2.9670044607378556,0.02935726198451955
483.32612334063214,34.98835511365934,1434.89,1391.84,40.86,14:35:00,3,pump_wear,2.9687822170305855,0.029356822623290035
479.1496226049793,34.98383037071352,1423.34,1380.64,40.53,14:36:00,3,pump_wear,2.970554358911455,0.029355950863367713
182.70730766968225,34.97856566263607,565.1,548.15,16.09,14:37:00,3,pump_wear,3.092925002330219,0.029353279211894557
470.82599211263215,34.972561574831545,1400.31,1358.3,39.88,14:38:00,3,pump_wear,2.9741561074755074,0.02936022969888832
466.6796124964837,34.965818774793505,1388.81,1347.15,39.55,14:39:00,3,pump_wear,2.975938872861013,0.029358274876591317
269.60178622635755,34.95833801198094,824.26,799.54,23.47,14:40:00,3,pump_wear,3.057323957445711,0.02935437876779148
458.4195624254075,34.95012011767941,1365.89,1324.91,38.9,14:41:00,3,pump_wear,2.979563072686832,0.029360484863122774
289.2179259704184,34.94116600484704,881.96,855.5,25.12,14:42:00,3,pump_wear,3.049465198399245,0.02936294564582116
296.1328455514915,34.931476667945546,902.24,875.18,25.69,14:43:00,3,pump_wear,3.04674072313643,0.029353961470783157
139.09086539429083,34.921053182756104,432.8,419.82,12.33,14:44:00,3,pump_wear,3.111634964475279,0.0293697298842361
442.04027199033567,34.90989670618035,1320.31,1280.7,37.6,14:45:00,3,pump_wear,2.986854555253884,0.029358944327320998
437.97680257158106,34.898008476026284,1308.97,1269.7,37.28,14:46:00,3,pump_wear,2.98867426839591,0.02936126644089155
433.9265455074447,34.88538981077949,1297.67,1258.74,36.95,14:47:00,3,pump_wear,2.9905291884885075,0.0293547515769738
429.8898271726987,34.87204210935934,1286.38,1247.79,36.63,14:48:00,3,pump_wear,2.9923480824384,0.02935590123338062
324.80732076660416,34.85796685086056,986.08,956.5,28.08,14:49:00,3,pump_wear,3.035892164230389,0.029357030841610034
421.85828578754416,34.84316559428005,1263.91,1225.99,35.99,14:50:00,3,pump_wear,2.9960535150814347,0.02935586750299758
417.864089019322,34.82763997822912,1252.72,1215.14,35.67,14:51:00,3,pump_wear,2.9979125579802437,0.029354642263442893
413.88468350579785,34.81139172063112,1241.56,1204.31,35.36,14:52:00,3,pump_wear,2.9997727615417005,0.029361210983882887
409.9203690371742,34.79442261840466,1230.43,1193.51,35.04,14:53:00,3,pump_wear,3.0016317629935014,0.02935878207974797
219.6060521536394,34.77673454713238,676.47,656.17,19.26,14:54:00,3,pump_wear,3.080379585926586,0.02935214959537925
402.0381855330353,34.75832946071547,1208.27,1172.02,34.41,14:55:00,3,pump_wear,3.0053612902417126,0.029359567242879813
158.8636592038767,34.739209391013986,493.42,478.61,14.05,14:56:00,3,pump_wear,3.1059337451542177,0.029355842961910534
394.2198291974982,34.71937644747293,1186.24,1150.66,33.78,14:57:00,3,pump_wear,3.0090825274182533,0.029357064641162462
390.3352784180609,34.69883281673448,1175.28,1140.03,33.47,14:58:00,3,pump_wear,3.010949983212226,0.029358876520793314
386.46750423510974,34.67758076223613,1164.36,1129.43,33.16,14:59:00,3,pump_wear,3.012827695059336,0.02935994262592635
382.61676861798566,34.655622623795125,1153.48,1118.88,32.85,15:00:00,3,pump_wear,3.0147136628809488,0.029359716859716858
378.7833281035697,34.6329608171791,1142.64,1108.36,32.54,15:01:00,3,pump_wear,3.016605840919089,0.029358692121693314
374.9674337936107,34.609597833663194,1131.83,1097.88,32.23,15:02:00,3,pump_wear,3.0184754674534773,0.02935657813240062
193.6708879249721,34.585536239573585,599.14,581.16,17.06,15:03:00,3,pump_wear,3.093598663275124,0.029355082937573128
152.0449923170607,34.5607786758177,473.02,458.83,13.47,15:04:00,3,pump_wear,3.1110528060904987,0.02935727829479328
363.627457567597,34.53532785740121,1099.66,1066.67,31.32,15:05:00,3,pump_wear,3.0241390662738317,0.02936240824247424
359.88415038207324,34.50918657293177,1089.02,1056.35,31.01,15:06:00,3,pump_wear,3.02602934539861,0.029355800634259483
356.1595633955384,34.48235768410991,1078.42,1046.07,30.71,15:07:00,3,pump_wear,3.027912516846682,0.02935749997610103
352.45391512748296,34.454844125206925,1067.87,1035.83,30.41,15:08:00,3,pump_wear,3.0298145492688033,0.02935809930200902
348.76741868555547,34.42664890253011,1057.36,1025.64,30.11,15:09:00,3,pump_wear,3.0317052091190404,0.029357279357279355
345.10028177469445,34.39777509387535,1046.89,1015.49,29.81,15:10:00,3,pump_wear,3.033581991345585,0.02935528661040483
341.4527067076601,34.36822584796725,1036.48,1005.38,29.52,15:11:00,3,pump_wear,3.0355009043387025,0.029362032266406733
337.8248904169484,34.33800438388694,1026.1,995.32,29.22,15:12:00,3,pump_wear,3.0373724053712334,0.029357392597355623
173.94516289714602,34.307113990487736,540.17,523.96,15.38,15:13:00,3,pump_wear,3.105403973316597,0.029353385754637758
263.1797638198883,34.275558025798745,807.7,783.47,23.0,15:14:00,3,pump_wear,3.069004957967679,0.029356580341302153
327.0618831119321,34.24333991641657,995.27,965.42,28.34,15:15:00,3,pump_wear,3.043063259252939,0.029355099335004454
323.514964138945,34.2104631568854,985.09,955.54,28.05,15:16:00,3,pump_wear,3.0449596129869225,0.029355129036984326
194.87045757385485,34.17693130906533,603.8,585.69,17.19,15:17:00,3,pump_wear,3.0984686315069743,0.0293499974389182
316.483280907508,34.14274800148955,964.88,935.94,27.48,15:18:00,3,pump_wear,3.0487550471330755,0.02936085646515802
312.998841341446,34.10791692871004,954.85,926.21,27.19,15:19:00,3,pump_wear,3.050650270485723,0.029356193519828117
309.5355441927183,34.07244185063233,944.88,916.53,26.91,15:20:00,3,pump_wear,3.0525735015805266,0.02936074105593925
306.09353872609086,34.03632659183932,934.95,906.9,26.62,15:21:00,3,pump_wear,3.054458463550399,0.0293527401036498
302.67296901696074,33.999575040904354,925.08,897.32,26.34,15:22:00,3,pump_wear,3.0563680760939103,0.029354076583604508
299.27397397717914,33.96219114969371,915.25,887.8,26.06,15:23:00,3,pump_wear,3.0582345261662867,0.02935345798603289
115.45092083091694,33.92417893265871,361.89,351.03,10.31,15:24:00,3,pump_wear,3.1345787231095725,0.029370709056206024
132.12467045451132,33.88554246611767,413.31,400.91,11.77,15:25:00,3,pump_wear,3.1281818798730465,0.029358210072086003
289.2077491132856,33.8462858875277,886.11,859.53,25.23,15:26:00,3,pump_wear,3.0639220515937895,0.029353251195420756
197.73395588131464,33.806413394746755,613.41,595.01,17.47,15:27:00,3,pump_wear,3.102198594399161,0.02936085107813314
282.6071227756244,33.765929245285975,866.96,840.95,24.69,15:28:00,3,pump_wear,3.0677216889834793,0.02935965277364885
140.3081118892797,33.72483775555253,438.74,425.58,12.49,15:29:00,3,pump_wear,3.126975298094095,0.029348183655246957
276.09569665791935,33.68314330008322,848.03,822.59,24.15,15:30:00,3,pump_wear,3.0715074891250596,0.02935848964854909
272.8736895785892,33.64085031076892,838.64,813.49,23.88,15:31:00,3,pump_wear,3.073363361983152,0.02935500129073498
269.6742798236109,33.597963276070104,829.32,804.44,23.62,15:32:00,3,pump_wear,3.0752654667046606,0.029362040674257867
266.4975563296377,33.55448674022373,820.05,795.45,23.35,15:33:00,3,pump_wear,3.077138909993077,0.029354453454019738
263.3436032242356,33.51042530244154,810.84,786.52,23.09,15:34:00,3,pump_wear,3.0790191600347105,0.02935716828561257
260.2124998639228,33.46578361610004,801.69,777.64,22.83,15:35:00,3,pump_wear,3.0809050311543102,0.0293580577130806
257.10432087307964,33.42056638792236,792.6,768.82,22.57,15:36:00,3,pump_wear,3.08279533112658,0.029356676465232434
162.2681603470673,33.374778377152225,506.69,491.48,14.43,15:37:00,3,pump_wear,3.12254726322321,0.029360299503540327
250.957011075995,33.32842439472019,774.59,751.35,22.06,15:38:00,3,pump_wear,3.086544570637391,0.029360484461302985
83.51863671470849,33.28150930240228,263.6,255.7,7.51,15:39:00,3,pump_wear,3.156181786113582,0.029370355885803678
244.9021777164128,33.23403801197147,756.82,734.11,21.55,15:40:00,3,pump_wear,3.0902951009131825,0.029355273732819334
241.90957714221256,33.18601548434195,748.02,725.58,21.3,15:41:00,3,pump_wear,3.0921471106547296,0.029355825684280162
238.94025159157485,33.13744672870651,739.29,717.11,21.05,15:42:00,3,pump_wear,3.0940370869939593,0.0293539345428177
235.99424372158535,33.088336801667275,730.61,708.69,20.81,15:43:00,3,pump_wear,3.095880596401065,0.029364037872694686
233.0715917969984,33.03869080635995,722.0,700.34,20.56,15:44:00,3,pump_wear,3.097760625537111,0.029357169374875057
230.17232973592877,32.9885138915718,713.44,692.04,20.32,15:45:00,3,pump_wear,3.099590645055002,0.029362464597422117
227.2964871561812,32.93781125085355,704.95,683.8,20.07,15:46:00,3,pump_wear,3.1014557629991484,0.02935068733547821
224.4440894221925,32.88658812162553,696.52,675.62,19.83,15:47:00,3,pump_wear,3.1033118394568415,0.02935081850744501
119.48995923278332,32.83484978427811,376.07,364.79,10.71,15:48:00,3,pump_wear,3.147293734257307,0.029359357438526277
218.80970896816564,32.7826015612668,679.84,659.45,19.36,15:49:00,3,pump_wear,3.1069919301382973,0.029357798165137613
216.02775614077356,32.729848816202086,671.6,651.45,19.13,15:50:00,3,pump_wear,3.108859768752839,0.029365262107606104
168.9147847460705,32.6765969529344,528.53,512.68,15.05,15:51:00,3,pump_wear,3.1289741794629693,0.029355543418896783
210.5343694941681,32.622851414634226,655.3,635.64,18.66,15:52:00,3,pump_wear,3.112555928870094,0.029356239380781576
207.8229413580251,32.56861768286774,647.24,627.82,18.43,15:53:00,3,pump_wear,3.114381866460898,0.029355547768468666
205.135020585762,32.513901276668136,639.24,620.06,18.2,15:54:00,3,pump_wear,3.116191463430542,0.02935199819372319
126.27370670301944,32.4587077516028,397.69,385.76,11.33,15:55:00,3,pump_wear,3.1494284153336767,0.029370593114890087
122.37546660299569,32.403042698836664,385.7,374.13,10.98,15:56:00,3,pump_wear,3.1517755209160385,0.0293480875631465
197.2122144031444,32.346911744191885,615.63,597.16,17.53,15:57:00,3,pump_wear,3.121662630599133,0.029355616585169806
194.61821620955504,32.290320547204075,607.89,589.65,17.31,15:58:00,3,pump_wear,3.1235000085781013,0.02935639786313915
192.0476532962905,32.23327480017535,600.21,582.2,17.09,15:59:00,3,pump_wear,3.1253180640223603,0.02935417382342837
189.50050024311344,32.17578022722432,592.59,574.81,16.88,16:00:00,3,pump_wear,3.1271157555771945,0.029366225361423776
186.97672808520764,32.11784258333339,585.03,567.48,16.66,16:01:00,3,pump_wear,3.1288920604782136,0.029357862832170296
184.47630436659097,32.05946765339344,577.54,560.22,16.45,16:02:00,3,pump_wear,3.130700183869217,0.029363464353289775
181.99919319378543,32.000661251246214,570.12,553.01,16.24,16:03:00,3,pump_wear,3.1325413590870106,0.02936655756677094
179.54535528971874,31.941429218724565,562.75,545.87,16.03,16:04:00,3,pump_wear,3.134305530164971,0.029365966255701908
116.52587680854656,31.88177742469085,368.35,357.3,10.49,16:05:00,3,pump_wear,3.161100436130625,0.029359082003918277
174.70732558641424,31.82171176407356,548.21,531.77,15.61,16:06:00,3,pump_wear,3.1378764351174433,0.029354796246497547
172.32303880302698,31.7612381569027,541.04,524.81,15.41,16:07:00,3,pump_wear,3.139684651327633,0.029363007564642444
169.96183542918524,31.700362547343687,533.93,517.91,15.2,16:08:00,3,pump_wear,3.141469957956899,0.029348728543569347
58.72705063599031,31.63909090273038,187.23,181.61,5.33,16:09:00,3,pump_wear,3.188138991697599,0.029348604151753756
165.3084543344978,31.57742921259732,519.89,504.3,14.81,16:10:00,3,pump_wear,3.1449692158394673,0.029367440015863572
163.01615673969462,31.515383487711347,512.97,497.58,14.61,16:11:00,3,pump_wear,3.146743306058394,0.02936211262510551
160.7467029165145,31.45295975910289,506.11,490.93,14.41,16:12:00,3,pump_wear,3.1484938155332096,0.029352453506609904
158.50002558942924,31.39016407709705,499.32,484.34,14.22,16:13:00,3,pump_wear,3.1502834030665348,0.029359540818433335
156.27605464666595,31.32700251034484,492.59,477.81,14.03,16:14:00,3,pump_wear,3.152050396420147,0.029363135974550553
154.07471719533964,31.26348114485468,485.92,471.34,13.84,16:15:00,3,pump_wear,3.1537945280401773,0.029363092459795476
151.89593761658105,31.1996060830244,479.31,464.93,13.65,16:16:00,3,pump_wear,3.155515595222069,0.029359258382982385
149.7396376206416,31.13538344267389,472.76,458.58,13.46,16:17:00,3,pump_wear,3.157213464064308,0.029351476296393217
147.60573630196043,31.0708193560788,466.28,452.29,13.28,16:18:00,3,pump_wear,3.158955821649914,0.029361692719273032
80.91970498353952,31.005919969005276,257.92,250.18,7.34,16:19:00,3,pump_wear,3.1873571468465616,0.02933887600927332
103.24498633900404,30.940691439746114,328.22,318.37,9.35,16:20:00,3,pump_wear,3.179040567861498,0.029368345007381346
56.87700152808591,30.8751399381584,181.95,176.49,5.18,16:21:00,3,pump_wear,3.19900830057212,0.029350104821802933
74.85812586291127,30.80927164470293,238.98,231.81,6.81,16:22:00,3,pump_wear,3.1924389936991933,0.029377507441439108
137.26920199008586,30.74309274948573,434.81,421.77,12.38,16:23:00,3,pump_wear,3.167571412205075,0.029352490693980136
135.26785415285045,30.676609451301527,428.7,415.84,12.21,16:24:00,3,pump_wear,3.169267396787237,0.029362254713351292
133.2882700202992,30.60982795667975,422.65,409.97,12.04,16:25:00,3,pump_wear,3.170946700228252,0.02936800253677098
131.33034973223457,30.54275447893308,416.67,404.17,11.87,16:26:00,3,pump_wear,3.1726862895708092,0.02936882994779424
129.3939913036127,30.475395237208787,410.74,398.42,11.7,16:27:00,3,pump_wear,3.1743359630682644,0.029365995682947642
127.47909067828148,30.40775645554301,404.88,392.73,11.53,16:28:00,3,pump_wear,3.176050267112386,0.029358592417182285
125.58554178249938,30.33984436191824,399.07,387.1,11.36,16:29:00,3,pump_wear,3.177674709491211,0.029346422113149053
79.72120584141626,30.27166518732416,254.91,247.26,7.26,16:30:00,3,pump_wear,3.1975181171628835,0.02936180538704198
121.86206511614648,30.203225164822104,387.65,376.02,11.04,16:31:00,3,pump_wear,3.1810555617166965,0.02936014041806287
120.03191558847725,30.134530528613208,382.03,370.57,10.88,16:32:00,3,pump_wear,3.1827368423392377,0.029360174865747365
50.45039877585214,30.0655875131105,162.06,157.2,4.62,16:33:00,3,pump_wear,3.212264004493247,0.02938931297709924
116.43422612747904,29.99640235201517,370.96,359.83,10.56,16:34:00,3,pump_wear,3.1860047714307917,0.029347191729427787
57.40910365128727,29.926981277397232,184.36,178.83,5.25,16:35:00,3,pump_wear,3.21133737115692,0.029357490353967453
112.91923855091464,29.857330518780515,360.13,349.33,10.26,16:36:00,3,pump_wear,3.1892705319441155,0.02937050926058455
67.58812952498072,29.78745630223245,216.89,210.38,6.18,16:37:00,3,pump_wear,3.2089954482293668,0.02937541591406027
109.4859968076785,29.717364849458757,349.54,339.06,9.95,16:38:00,3,pump_wear,3.192554392266226,0.02934583849466171
107.7997250398168,29.647062376903115,344.33,334.0,9.81,16:39:00,3,pump_wear,3.1941639913535824,0.02937125748502994
106.13352007495428,29.57655509485214,339.18,329.01,9.66,16:40:00,3,pump_wear,3.1957858343006262,0.02936080970183277
104.48725570424422,29.505849206545573,334.09,324.07,9.51,16:41:00,3,pump_wear,3.197423434544558,0.029345511772147993
102.86080437090068,29.43495090729228,329.05,319.18,9.37,16:42:00,3,pump_wear,3.198983344651816,0.029356475969672283
101.25403721927096,29.363866383591848,324.08,314.35,9.23,16:43:00,3,pump_wear,3.2006625009745306,0.029362175918562113
59.47881695384333,29.29260181226213,191.45,185.71,5.45,16:44:00,3,pump_wear,3.2187930057278837,0.029346831080717246
98.09903383579288,29.22116335957281,314.29,304.86,8.95,16:45:00,3,pump_wear,3.203803215086576,0.0293577379780883
65.9434925039818,29.149557180385223,212.21,205.84,6.04,16:46:00,3,pump_wear,3.218058248692035,0.02934317916828605
51.963566976382914,29.005866199803293,167.62,162.59,4.77,16:48:00,3,pump_wear,3.225721592133622,0.02933759763823113
92.01943472770988,28.933793643439145,295.39,286.53,8.41,16:49:00,3,pump_wear,3.2100827490852755,0.029351202317383873
90.54674989878976,28.861577848963,290.81,282.08,8.28,16:50:00,3,pump_wear,3.2117110810168015,0.029353374929098126
60.52442919993522,28.789224901521514,195.19,189.34,5.56,16:51:00,3,pump_wear,3.224978782620372,0.029365163198478924
87.6570788182022,28.71674086983175,281.8,273.34,8.02,16:52:00,3,pump_wear,3.2148002625600114,0.02934074778663935
86.23981492061078,28.644131805368968,277.38,269.05,7.9,16:53:00,3,pump_wear,3.216379815463958,0.029362572012637058
50.10317891715894,28.571403741561912,161.94,157.08,4.61,16:54:00,3,pump_wear,3.232130246021976,0.02934810287751464
83.45973032114722,28.49856269299567,268.69,260.63,7.65,16:55:00,3,pump_wear,3.2193969350979166,0.029351954878563482
82.09662737674576,28.425614654622212,264.43,256.49,7.53,16:56:00,3,pump_wear,3.2209605735265687,0.029357869702522514
80.7512947152244,28.35256560097878,260.22,252.41,7.41,16:57:00,3,pump_wear,3.222487031541546,0.029356998534130978
79.4235895902751,28.27942148541428,256.06,248.38,7.29,16:58:00,3,pump_wear,3.223979189570058,0.029350189226185684
78.11336868097318,28.206188239323865,251.95,244.39,7.17,16:59:00,3,pump_wear,3.2254402063877428,0.02933835263308646
76.82048813285348,28.132871771391628,247.9,240.46,7.06,17:00:00,3,pump_wear,3.2270037072828974,0.029360392580886633
75.54480359845745,28.05947796684169,243.89,236.58,6.95,17:01:00,3,pump_wear,3.2284153030080813,0.02937695494124609
73.04444295558005,27.91248176705171,236.04,228.96,6.72,17:03:00,3,pump_wear,3.2314573217231755,0.029350104821802933
71.81947604464281,27.8388910183397,232.19,225.22,6.61,17:04:00,3,pump_wear,3.2329670555612418,0.02934908089867685
70.611123619835,27.76524622462867,228.38,221.53,6.5,17:05:00,3,pump_wear,3.234334596197347,0.029341398456191034
50.31661695120262,27.691553142910607,163.21,158.32,4.65,17:06:00,3,pump_wear,3.243660044916814,0.029370894391106624
68.24367707534238,27.617817502406385,220.92,214.3,6.29,17:07:00,3,pump_wear,3.2372229848649554,0.029351376574895005
67.0842897630857,27.54404500387857,217.27,210.75,6.19,17:08:00,3,pump_wear,3.238761277302165,0.029371293001186242
65.94093062470799,27.470241318953477,213.66,207.25,6.08,17:09:00,3,pump_wear,3.240172651126368,0.029336550060313632
63.7017085552852,27.32256292673362,206.59,200.39,5.88,17:11:00,3,pump_wear,3.243084128908496,0.029342781575926943
62.60555120775503,27.24869941104053,203.12,197.03,5.78,17:12:00,3,pump_wear,3.2444407258064247,0.029335634167385678
61.52483326951807,27.1748270908638,199.7,193.71,5.69,17:13:00,3,pump_wear,3.2458438225291313,0.029373806205152033
60.45940742587024,27.10095148230999,196.33,190.44,5.59,17:14:00,3,pump_wear,3.247302750043023,0.029353077084646084
59.409126379078806,27.027078068481284,193.0,187.21,5.5,17:15:00,3,pump_wear,3.2486591162526475,0.029378772501468937
58.37384288058069,26.953212298864745,189.72,184.03,5.4,17:16:00,3,pump_wear,3.2500858370438794,0.029343041895343154
57.35340976260819,26.87935958873155,186.49,180.89,5.31,17:17:00,3,pump_wear,3.251593946583155,0.02935485654265023
56.34767996924358,26.80552531854628,183.29,177.8,5.22,17:18:00,3,pump_wear,3.2528402251884323,0.029358830146231717
55.35650658690059,26.73171483338625,180.15,174.74,5.13,17:19:00,3,pump_wear,3.2543599859791406,0.02935790317042463
52.46885852916431,26.510478996111807,170.97,165.84,4.87,17:22:00,3,pump_wear,3.2585042783991187,0.02936565364206464
51.534445536424045,26.43681637432624,167.99,162.95,4.78,17:23:00,3,pump_wear,3.259761471213779,0.029334151580239342
50.6138575484876,26.36320371253296,165.06,160.11,4.7,17:24:00,3,pump_wear,3.261162219099267,0.02935481856223846
52.43636976207324,15.302614986846384,133.96,129.94,5.72,06:34:00,1,panel_soiling,2.5547153742304274,0.04402031706941665
53.39307675917528,15.307992217835125,136.39,132.3,5.83,06:35:00,1,panel_soiling,2.554451031454414,0.04406651549508692
55.3499362942292,15.318999529532691,141.35,137.11,6.04,06:37:00,1,panel_soiling,2.553751810094444,0.04405222084457734
56.3503960392538,15.324631778638391,143.88,139.57,6.15,06:38:00,1,panel_soiling,2.5533094727457266,0.04406391058250341
57.36574776278531,15.330351218149382,146.45,142.06,6.26,06:39:00,1,panel_soiling,2.552917127579151,0.04406588765310432
58.3961458081454,15.3361589562263,149.06,144.59,6.37,06:40:00,1,panel_soiling,2.5525657205138415,0.04405560550522166
60.50269942222318,15.348043808682627,154.39,149.76,6.59,06:42:00,1,panel_soiling,2.5517869694139823,0.04400373931623932
61.57916477053852,15.354123187347795,157.12,152.4,6.71,06:43:00,1,panel_soiling,2.5515123595046116,0.04402887139107611
62.67129593738092,15.360295393147789,159.88,155.08,6.83,06:44:00,1,panel_soiling,2.551088143442044,0.04404178488522053
63.77924817153563,15.3665615821998,162.68,157.8,6.95,06:45:00,1,panel_soiling,2.550672901669658,0.04404309252217997
64.90317680702043,15.37292292020198,165.52,160.55,7.07,06:46:00,1,panel_soiling,2.550260374652356,0.04403612581750233
66.04323722972245,15.379380582425629,168.4,163.35,7.19,06:47:00,1,panel_soiling,2.5498447239078157,0.04401591674318948
67.1995848434318,15.385935753705455,171.32,166.18,7.32,06:48:00,1,panel_soiling,2.54942051203379,0.04404862197617042
68.37237503527237,15.39258962842792,174.28,169.05,7.44,06:49:00,1,panel_soiling,2.5489826835778535,0.04401064773735581
70.76790440688754,15.406198313421132,180.32,174.91,7.7,06:51:00,1,panel_soiling,2.54804775570619,0.0440226402149677
71.99095395804333,15.41315556009024,183.41,177.9,7.83,06:52:00,1,panel_soiling,2.5476812004309903,0.044013490725126475
73.23106675675666,15.420216382961124,186.53,180.94,7.97,06:53:00,1,panel_soiling,2.547143012672143,0.0440477506355698
74.48839756728077,15.427382023932902,189.7,184.01,8.1,06:54:00,1,panel_soiling,2.5467053419783356,0.04401934677463181
75.76310091721018,15.434653734343454,192.91,187.13,8.24,06:55:00,1,panel_soiling,2.5462262983507182,0.04403355955752686
77.05533105873755,15.442032774943156,196.17,190.28,8.38,06:56:00,1,panel_soiling,2.5458329398450577,0.0440403615724196
78.36524192932363,15.449520415866404,199.46,193.48,8.52,06:57:00,1,panel_soiling,2.5452610760761742,0.044035559230928265
79.69298711178324,15.457117936600904,202.8,196.72,8.66,06:58:00,1,panel_soiling,2.544765949299125,0.044021960146400974
81.03871979379144,15.464826625954696,206.19,200.0,8.81,06:59:00,1,panel_soiling,2.5443393050219023,0.044050000000000006
82.40259272681331,15.472647782020871,209.62,203.33,8.95,07:00:00,1,panel_soiling,2.543851996198063,0.04401711503467269
83.78475818446114,15.48058271213996,213.09,206.7,9.1,07:01:00,1,panel_soiling,2.543302679597875,0.04402515723270441
86.60457312499352,15.496799169893915,220.17,213.57,9.4,07:03:00,1,panel_soiling,2.542244503442513,0.04401367233225641
88.04252438313208,15.50508335807524,223.78,217.07,9.56,07:04:00,1,panel_soiling,2.541726302919066,0.044041092735062425
89.49937162918688,15.513486641310353,227.44,220.62,9.72,07:05:00,1,panel_soiling,2.5412468921271056,0.04405765569757955
92.47035030557956,15.530655913631977,234.89,227.84,10.03,07:07:00,1,panel_soiling,2.540165569004306,0.04402212078651685
57.53932132179661,15.53942463543638,146.77,142.37,6.27,07:08:00,1,panel_soiling,2.550777392370836,0.04404017700358221
66.31795178825404,15.548317917618183,168.98,163.91,7.22,07:09:00,1,panel_soiling,2.548028029266263,0.04404856323592215
97.07224423757324,15.557337148652302,246.41,239.02,10.53,07:10:00,1,panel_soiling,2.5384186997566434,0.04405489080411681
100.23882722238238,15.57575905479338,254.33,246.7,10.86,07:12:00,1,panel_soiling,2.5372403792770086,0.04402107823267126
101.85214709650688,15.585164550267931,258.37,250.62,11.04,07:13:00,1,panel_soiling,2.5367162830174745,0.044050754129758195
51.45493114720888,15.594701635191306,131.32,127.38,5.61,07:14:00,1,panel_soiling,2.5521363467439664,0.044041450777202076
105.1395536635251,15.604371741040149,266.58,258.58,11.39,07:15:00,1,panel_soiling,2.5354872710714353,0.044048263593472047
108.5089161209394,15.624116783255335,274.99,266.74,11.75,07:17:00,1,panel_soiling,2.534261790003578,0.044050386143810454
110.22467629201648,15.634194624169574,279.27,270.89,11.93,07:18:00,1,panel_soiling,2.5336431858519086,0.044040016242755366
111.96133743915438,15.644411294938472,283.6,275.09,12.11,07:19:00,1,panel_soiling,2.5330172583381567,0.04402195645061616
113.71903412331255,15.654768268133438,287.97,279.34,12.3,07:20:00,1,panel_soiling,2.5322937555707377,0.04403236199613375
115.49789948349591,15.665267024284812,292.4,283.63,12.49,07:21:00,1,panel_soiling,2.531647772882506,0.0440362444029193
117.29806518457346,15.67590905178838,296.88,287.98,12.68,07:22:00,1,panel_soiling,2.530988039170525,0.04403083547468574
119.11966136469228,15.686695846808911,301.41,292.37,12.88,07:23:00,1,panel_soiling,2.530312767404656,0.044053767486404216
86.55454908399292,15.697628913180738,219.88,213.28,9.39,07:24:00,1,panel_soiling,2.540363300681371,0.04402663165791448
122.82765776277864,15.70870976230524,310.63,301.31,13.27,07:25:00,1,panel_soiling,2.528990665929091,0.04404102087551027
67.83909373354462,15.719939913045357,172.71,167.53,7.38,07:26:00,1,panel_soiling,2.545877170446331,0.04405181161583
126.62289722585912,15.731320891616978,320.05,310.45,13.67,07:27:00,1,panel_soiling,2.52758392843533,0.04403285553229184
128.55354070858536,15.742854231477262,324.84,315.09,13.88,07:28:00,1,panel_soiling,2.526884893325274,0.0440509060903234
130.50636044524254,15.754541473209818,329.68,319.79,14.08,07:29:00,1,panel_soiling,2.5261604022612074,0.04402889396166234
132.48147438301635,15.766384164406752,334.57,324.54,14.29,07:30:00,1,panel_soiling,2.525409696398206,0.0440315523510199
134.47899850855646,15.77838385954754,339.52,329.33,14.5,07:31:00,1,panel_soiling,2.52470648774498,0.04402878571645462
55.80241428127416,15.790542119874722,142.24,137.97,6.08,07:32:00,1,panel_soiling,2.5489936561352695,0.04406755091686598
138.54173113252597,15.802860513266362,349.57,339.08,14.93,07:33:00,1,panel_soiling,2.5232108559810693,0.04403090716055209
140.60716129913249,15.815340614105295,354.67,344.03,15.15,07:34:00,1,panel_soiling,2.5224177539966326,0.044036857250821154
142.69544487718835,15.827984003145117,359.83,349.03,15.37,07:35:00,1,panel_soiling,2.5216642360916968,0.04403632925536487
144.8066872102384,15.840792267372862,365.04,354.09,15.59,07:36:00,1,panel_soiling,2.5208780549617478,0.04402835437318196
85.76345446873212,15.853766999868451,217.75,211.22,9.3,07:37:00,1,panel_soiling,2.538960229026081,0.044029921408957486
96.53414186323812,15.866909799660766,244.77,237.42,10.46,07:38:00,1,panel_soiling,2.535579591589167,0.04405694549743072
90.19613701406293,15.880222271580395,228.86,222.0,9.78,07:39:00,1,panel_soiling,2.5373592215409104,0.04405405405405405
153.4832693178243,15.893706026109076,386.42,374.83,16.51,07:40:00,1,panel_soiling,2.5176685492659385,0.04404663447429502
115.45321753525631,15.907362679225688,292.02,283.26,12.47,07:41:00,1,panel_soiling,2.5293361781868478,0.04402315893525383
112.72419436260203,15.921193852248924,285.19,276.64,12.18,07:42:00,1,panel_soiling,2.5299803792132147,0.04402834008097166
160.23658044241208,15.935201171676532,403.02,390.93,17.22,07:43:00,1,panel_soiling,2.5151560204746293,0.04404880669173509
162.53499733700562,15.949386269021115,408.66,396.4,17.46,07:44:00,1,panel_soiling,2.514289271206437,0.04404641775983855
164.85721076242774,15.963750780642536,414.36,401.93,17.7,07:45:00,1,panel_soiling,2.5134478381848004,0.04403751897096509
167.20330048979872,15.978296347576832,420.11,407.51,17.95,07:46:00,1,panel_soiling,2.5125700196667555,0.04404799882211479
65.67370148042774,15.993024615361694,167.06,162.05,7.14,07:47:00,1,panel_soiling,2.5437883998328874,0.04406047516198704
171.96741349836844,16.007937233858442,431.78,418.83,18.44,07:48:00,1,panel_soiling,2.5108245289977367,0.044027409688895264
174.38558171083744,16.023035857070532,437.69,424.56,18.7,07:49:00,1,panel_soiling,2.5098978694567107,0.044045600150744296
176.8279159714923,16.038322142958545,443.66,430.35,18.95,07:50:00,1,panel_soiling,2.508992980901984,0.044033925874288365
179.29448109161115,16.053797753251676,449.69,436.2,19.21,07:51:00,1,panel_soiling,2.5081084329094843,0.044039431453461717
181.7853387161816,16.06946435325567,455.77,442.09,19.47,07:52:00,1,panel_soiling,2.5071878910520176,0.04404080617068923
184.30054726592135,16.08532361165726,461.9,448.04,19.73,07:53:00,1,panel_soiling,2.5062323842887957,0.04403624676368181
186.84016187939707,16.101377200325047,468.09,454.05,19.99,07:54:00,1,panel_soiling,2.5052964806471643,0.04402598832727673
189.40423435525736,16.11762679410681,474.33,460.1,20.26,07:55:00,1,panel_soiling,2.504326271345759,0.044033905672679854
134.08260079474698,16.134074070623296,338.06,327.92,14.44,07:56:00,1,panel_soiling,2.5212816427800404,0.044035130519638935
68.51350861018705,16.150720710058412,174.12,168.9,7.44,07:57:00,1,panel_soiling,2.541396631585011,0.04404973357015986
105.71794998542516,16.167568394945864,267.44,259.42,11.42,07:58:00,1,panel_soiling,2.5297501515766307,0.04402127823606507
98.47124527479306,16.18461880995222,249.31,241.83,10.65,07:59:00,1,panel_soiling,2.5318050899455726,0.04403920109167597
202.59303658183092,16.201873641656377,506.37,491.17,21.63,08:00:00,1,panel_soiling,2.4994442481514816,0.0440377058859458
205.3047497289812,16.219334578325487,512.94,497.55,21.91,08:01:00,1,panel_soiling,2.498432212002509,0.04403577529896493
208.0411849933907,16.237003309687246,519.56,503.97,22.19,08:02:00,1,panel_soiling,2.4973901202134856,0.044030398634839374
210.80236539585985,16.254881526698643,526.24,510.45,22.48,08:03:00,1,panel_soiling,2.49636667506927,0.04403957292584974
213.58831010617936,16.2729709213111,532.97,516.98,22.77,08:04:00,1,panel_soiling,2.49531446611029,0.04404425703121977
216.3990343877253,16.291273186232033,539.76,523.56,23.06,08:05:00,1,panel_soiling,2.494281000500696,0.04404461761784705
219.23454954241475,16.309790014682832,546.6,530.2,23.35,08:06:00,1,panel_soiling,2.493220165985976,0.044039984911354205
222.094862856044,16.32852310015326,553.49,536.89,23.64,08:07:00,1,panel_soiling,2.492133284319852,0.04403136582912701
224.979977544034,16.34747413615227,560.44,543.62,23.94,08:08:00,1,panel_soiling,2.4910661211631977,0.04403811485964461
227.8898926976056,16.366644815955276,567.44,550.42,24.24,08:09:00,1,panel_soiling,2.489974405108674,0.0440390974165183
230.82460323040883,16.386036832347802,574.49,557.26,24.54,08:10:00,1,panel_soiling,2.488859471477331,0.044036894806732944
233.78409982563025,16.405651877365635,581.6,564.15,24.84,08:11:00,1,panel_soiling,2.487765423028303,0.04403084286094124
236.7683688836008,16.425491642031385,588.76,571.09,25.15,08:12:00,1,panel_soiling,2.4866497276477166,0.04403859286627326
112.59707309474427,16.44555781608751,284.29,275.76,12.14,08:13:00,1,panel_soiling,2.5248436054886216,0.04402378880185669
242.81114826419488,16.465852087725818,603.23,585.14,25.77,08:14:00,1,panel_soiling,2.4843587467559156,0.04404074238643743
245.86960950918805,16.48637614331343,610.55,592.23,26.08,08:15:00,1,panel_soiling,2.483226785200486,0.044036945105786596
98.22429973834184,16.50713166711524,248.38,240.93,10.61,08:16:00,1,panel_soiling,2.528702171068214,0.04403768729506495
252.0605188384192,16.52812034101288,625.33,606.57,26.71,08:17:00,1,panel_soiling,2.4808724622234926,0.04403448901198542
255.19289077620903,16.549343844220196,632.8,613.82,27.03,08:18:00,1,panel_soiling,2.4796929023972414,0.04403571079469551
258.3498157747582,16.570803852995247,640.33,621.12,27.35,08:19:00,1,panel_soiling,2.478538635995276,0.0440333590932509
261.53124415365033,16.592502040348855,647.9,628.46,27.68,08:20:00,1,panel_soiling,2.4773330700761584,0.04404417146676001
264.73712150466605,16.61444007574974,655.52,635.85,28.0,08:21:00,1,panel_soiling,2.4761166710368054,0.044035542973971845
267.9673886457452,16.63661962482621,663.19,643.3,28.33,08:22:00,1,panel_soiling,2.4748907072298336,0.04403855122027048
271.2219815757194,16.659042349064453,670.91,650.79,28.66,08:23:00,1,panel_soiling,2.473656434859046,0.044038783632200866
274.50083142984016,16.681709905503467,678.68,658.32,28.99,08:24:00,1,panel_soiling,2.4724150978517683,0.04403633491311216
277.80386443612565,16.70462394642665,686.5,665.91,29.32,08:25:00,1,panel_soiling,2.4711679277515746,0.044029974020513285
192.957115268966,16.727786119050002,481.85,467.4,20.58,08:26:00,1,panel_soiling,2.4971870009993755,0.04403080872913992
284.48216002511816,16.751198065207085,702.29,681.22,30.0,08:27:00,1,panel_soiling,2.4686609520188956,0.04403863656381198
171.26187490824248,16.774861421030653,428.74,415.88,18.31,08:28:00,1,panel_soiling,2.5034176475628764,0.04402712320861787
291.2561784173824,16.798777816631056,718.26,696.71,30.68,08:29:00,1,panel_soiling,2.4660764413749297,0.04403553845933028
294.67884590436694,16.82294887577139,726.32,704.53,31.03,08:30:00,1,panel_soiling,2.464785002706692,0.0440435467616709
298.1251485246552,16.847376215539494,734.42,712.39,31.37,08:31:00,1,panel_soiling,2.4634620850822415,0.0440348685411081
301.59497700736864,16.872061446016712,742.58,720.3,31.72,08:32:00,1,panel_soiling,2.462176284792227,0.04403720671942246
111.65204443171548,16.897006169943573,281.44,273.0,12.02,08:33:00,1,panel_soiling,2.5206882814593152,0.04402930402930403
220.18753124772684,16.92221198238236,547.57,531.15,23.39,08:34:00,1,panel_soiling,2.48683473081836,0.04403652452226302
312.14444635124835,16.947680470376586,767.3,744.28,32.78,08:35:00,1,panel_soiling,2.4581568212063476,0.044042564626215946
315.7071805736026,16.97341321260745,775.63,752.36,33.13,08:36:00,1,panel_soiling,2.4568018965890226,0.04403477058854804
319.29281525654,16.999411779047307,784.0,760.48,33.49,08:37:00,1,panel_soiling,2.455426375222646,0.04403797601514833
322.90120927915984,17.025677730610155,792.42,768.64,33.85,08:38:00,1,panel_soiling,2.454063277647635,0.04403882181515404
326.53221610192736,17.052212618799224,800.87,776.85,34.21,08:39:00,1,panel_soiling,2.4526523280324892,0.04403681534401751
330.1856837382304,17.07901798535167,809.37,785.09,34.57,08:40:00,1,panel_soiling,2.45125709520969,0.04403316817180196
204.81645746771127,17.106095361880442,509.95,494.65,21.78,08:41:00,1,panel_soiling,2.4897901580022794,0.044031133124431424
243.04244499872465,17.133446269513335,602.18,584.12,25.72,08:42:00,1,panel_soiling,2.4776742186047374,0.04403204820927206
168.8802352899665,17.161072218529338,422.26,409.59,18.04,08:43:00,1,panel_soiling,2.500351798272792,0.044044044044044044
345.0209305478561,17.1889747079922,843.78,818.47,36.04,08:44:00,1,panel_soiling,2.445590760711729,0.04403337935416081
348.78422996735026,17.21715522538143,852.48,826.9,36.41,08:45:00,1,panel_soiling,2.444147202641016,0.044031926472366666
113.71454508219324,17.2456152462206,286.17,277.59,12.22,08:46:00,1,panel_soiling,2.5165646117931124,0.044021758708887214
169.52812634077188,17.274356233703152,423.66,410.95,18.1,08:47:00,1,panel_soiling,2.499054340684404,0.04404428762623191
280.2351216088252,17.303379638315675,690.64,669.92,29.5,08:48:00,1,panel_soiling,2.4645019369272747,0.04403510866969191
364.0498220622169,17.332686897458707,887.65,861.03,37.92,08:49:00,1,panel_soiling,2.4382651664867416,0.04404027734225289
367.918322351499,17.362279435065155,896.54,869.64,38.3,08:50:00,1,panel_soiling,2.4367908460494405,0.044041212455728805
371.8072452084003,17.39215866121636,905.46,878.29,38.68,08:51:00,1,panel_soiling,2.435294125300017,0.04404012342164889
116.61714655144613,17.42232597175586,293.17,284.37,12.52,08:52:00,1,panel_soiling,2.5139527819836243,0.04402714773006998
379.645476485418,17.452782747900947,923.4,895.7,39.44,08:53:00,1,panel_soiling,2.4322692016467826,0.044032600200960136
383.5943295776442,17.483530355851993,932.42,904.45,39.83,08:54:00,1,panel_soiling,2.4307450035214004,0.044037813035546464
199.13552454118337,17.514570146399727,495.35,480.49,21.16,08:55:00,1,panel_soiling,2.4875019218258885,0.04403837748964599
118.93151153740274,17.545903454530396,298.76,289.79,12.76,08:56:00,1,panel_soiling,2.512033994506519,0.044031885158218015
395.5569866523936,17.577531599028966,959.66,930.87,40.99,08:57:00,1,panel_soiling,2.4260979640926608,0.044034075649661074
399.5824126456872,17.6094558820804,968.81,939.74,41.38,08:58:00,1,panel_soiling,2.4245561599805727,0.04403345606231511
403.6263483097859,17.641677588869037,977.98,948.64,41.77,08:59:00,1,panel_soiling,2.422983544298733,0.044031455557429586
248.10885849439663,17.674197987176218,613.02,594.63,26.19,09:00:00,1,panel_soiling,2.470770305099141,0.04404419555017406
411.76868335759497,17.70701832697614,996.4,966.51,42.56,09:01:00,1,panel_soiling,2.419805197120078,0.04403472286887875
304.62705599664935,17.74013984003009,747.14,724.72,31.91,09:02:00,1,panel_soiling,2.452638350049307,0.044030798101335686
419.981803892991,17.773563739479062,1014.93,984.48,43.35,09:03:00,1,panel_soiling,2.4166046971373034,0.044033398342272066
424.11419994456367,17.80729121943487,1024.23,993.51,43.75,09:04:00,1,panel_soiling,2.414986341258741,0.04403579229197492
428.2634304053773,17.841323454569793,1033.56,1002.55,44.15,09:05:00,1,panel_soiling,2.4133744014091345,0.04403770385516932
432.4291960592784,17.875661599704888,1042.91,1011.62,44.55,09:06:00,1,panel_soiling,2.4117474247900588,0.044038275241691544
246.47215976641195,17.91030678939698,608.52,590.27,25.99,09:07:00,1,panel_soiling,2.46891981867936,0.04403069781625358
440.8091076349549,17.945260137524436,1061.67,1029.82,45.35,09:08:00,1,panel_soiling,2.408457496933561,0.04403682196888777
352.35041129116644,17.980522736871794,858.14,832.4,36.66,09:09:00,1,panel_soiling,2.435473246236321,0.04404132628543969
449.2514273466436,18.01609565871337,1080.52,1048.1,46.15,09:10:00,1,panel_soiling,2.4051565208857264,0.0440320580097319
453.4951819910512,18.05197995239581,1089.97,1057.27,46.56,09:11:00,1,panel_soiling,2.4034874972971783,0.04403794678748097
457.753557509965,18.088176644919827,1099.44,1066.45,46.96,09:12:00,1,panel_soiling,2.401816396535741,0.04403394439495523
462.026215173188,18.124686740521053,1108.92,1075.65,47.37,09:13:00,1,panel_soiling,2.4001235505312777,0.044038488355877835
237.1014055640207,18.161511220250205,585.49,567.92,25.01,09:14:00,1,panel_soiling,2.469365369670529,0.04403789266093817
470.6129942073287,18.19865104155257,1127.94,1094.1,48.18,09:15:00,1,panel_soiling,2.3967464007232357,0.04403619413216343
474.9264103902469,18.23610713784695,1137.46,1103.34,48.59,09:16:00,1,panel_soiling,2.395023681806513,0.04403900882774123
479.2526983968656,18.273880418104152,1147.0,1112.59,49.0,09:17:00,1,panel_soiling,2.3933094249376095,0.04404138092199283
483.5914919355668,18.31197176642505,1156.56,1121.86,49.4,09:18:00,1,panel_soiling,2.391605351390464,0.044034014939475515
487.9424192918211,18.35038204161836,1166.12,1131.14,49.81,09:19:00,1,panel_soiling,2.3898721527274813,0.04403522110437258
492.3051033621824,18.389112076778268,1175.69,1140.42,50.22,09:20:00,1,panel_soiling,2.3881328712025565,0.04403640763929079
496.6791616900941,18.428162678861888,1185.28,1149.72,50.63,09:21:00,1,panel_soiling,2.386409761921042,0.044036808962182095
501.0642065035132,18.46753462826671,1194.87,1159.02,51.04,09:22:00,1,panel_soiling,2.384664449168995,0.04403720384462736
222.39771873700136,18.507228678408147,549.43,532.94,23.47,09:23:00,1,panel_soiling,2.470483974027332,0.0440387285623147
509.8656781597583,18.54724555529725,1214.06,1177.64,51.86,09:24:00,1,panel_soiling,2.381136938618554,0.04403722699636561
514.2813032451821,18.58758595711868,1223.67,1186.96,52.27,09:25:00,1,panel_soiling,2.379378741320135,0.04403686729123138
518.7063113893224,18.628250553809035,1233.28,1196.28,52.68,09:26:00,1,panel_soiling,2.3776074686593587,0.04403651319089177
259.01874453702857,18.6692399866357,636.55,617.45,27.19,09:27:00,1,panel_soiling,2.457544148543275,0.04403595432828569
527.5828169170493,18.71055486777617,1252.51,1214.93,53.5,09:28:00,1,panel_soiling,2.3740538164587903,0.04403545883301918
342.92614718853895,18.752195779898152,833.57,808.56,35.61,09:29:00,1,panel_soiling,2.4307566128566678,0.04404125853368952
536.4918246594164,18.794163275740285,1271.73,1233.58,54.32,09:30:00,1,panel_soiling,2.370455506581742,0.044034436355972054
540.957442015674,18.836457877693896,1281.34,1242.9,54.73,09:31:00,1,panel_soiling,2.3686521350470184,0.044034113766191964
545.4298853666646,18.8790800773856,1290.95,1252.22,55.14,09:32:00,1,panel_soiling,2.366848672276475,0.04403379597834246
377.5485360493142,18.922030335261045,913.05,885.66,39.0,09:33:00,1,panel_soiling,2.4183645619559235,0.04403495698123434
554.3934723816567,18.96530908016979,1310.16,1270.85,55.96,09:34:00,1,panel_soiling,2.3632312883692417,0.04403352087185742
558.8837154672156,19.008916708951528,1319.75,1280.16,56.37,09:35:00,1,panel_soiling,2.361403568355388,0.04403355830521184
259.0310734496202,19.05285358602366,635.59,616.53,27.15,09:36:00,1,panel_soiling,2.4537210595454604,0.044036786531069044
567.8788147762631,19.097120042970367,1338.92,1298.75,57.19,09:37:00,1,panel_soiling,2.3577565585494105,0.04403464870067372
572.3827430362865,19.141716378133346,1348.49,1308.03,57.6,09:38:00,1,panel_soiling,2.3559235780707524,0.044035687254879476
576.8902976834866,19.18664285620421,1358.04,1317.3,58.01,09:39:00,1,panel_soiling,2.354069752001783,0.044037045471798375
581.4010037793695,19.23189970781872,1367.59,1326.56,58.42,09:40:00,1,panel_soiling,2.3522319210150076,0.04403871668073815
585.9143821306184,19.27748712915301,1377.12,1335.81,58.82,09:41:00,1,panel_soiling,2.350377532963506,0.04403320831555386
233.1935190762194,19.323405281521804,573.44,556.23,24.49,09:42:00,1,panel_soiling,2.459073486568771,0.0440285493410999
594.9472179962513,19.369654290978843,1396.15,1354.27,59.64,09:43:00,1,panel_soiling,2.3466787603481105,0.04403848567863129
312.624342571896,19.416234247919544,760.79,737.97,32.5,09:44:00,1,panel_soiling,2.4335596957714087,0.04403973061235551
603.9848894844761,19.463145206686093,1415.11,1372.66,60.45,09:45:00,1,panel_soiling,2.3429559656829326,0.04403858202322498
234.36859868827173,19.51038718517501,575.81,558.53,24.6,09:46:00,1,panel_soiling,2.4568564356433753,0.04404418742055038
613.0234176242346,19.55796016444736,1434.0,1390.98,61.25,09:47:00,1,panel_soiling,2.339225482702522,0.04403370285697853
617.5417428752353,19.60586408834165,1443.41,1400.11,61.66,09:48:00,1,panel_soiling,2.3373480686173123,0.04403939690452893
622.0587628777321,19.654098863089672,1452.8,1409.22,62.06,09:49:00,1,panel_soiling,2.3354706768845133,0.044038546146095
354.4328299834221,19.70266435693516,856.94,831.24,36.6,09:50:00,1,panel_soiling,2.417778285493705,0.044030604879457196
631.0868278560588,19.75156039975567,1471.52,1427.37,62.86,09:51:00,1,panel_soiling,2.3317235205163103,0.04403903682997401
210.8651407246261,19.800786782687616,518.99,503.42,22.17,09:52:00,1,panel_soiling,2.461241332808829,0.044038774780501375
640.1034601399708,19.850343257754552,1490.13,1445.42,63.65,09:53:00,1,panel_soiling,2.3279517965332586,0.04403564361915568
277.53163950412943,19.900229537499,677.07,656.76,28.92,09:54:00,1,panel_soiling,2.439613736328343,0.04403435044765212
649.1044552035886,19.950445294617744,1508.63,1463.37,64.44,09:55:00,1,panel_soiling,2.324171383982914,0.04403534307796388
394.24436540471856,20.00099016160081,947.18,918.76,40.46,09:56:00,1,panel_soiling,2.402520069063398,0.044037615917105664
215.05324627222808,20.051863730374297,528.48,512.63,22.57,09:57:00,1,panel_soiling,2.4574379097305807,0.044027856348633515
662.5673105880908,20.103065551947,1536.16,1490.08,65.62,09:58:00,1,panel_soiling,2.3184965141677663,0.04403790400515409
427.83387873712087,20.154595136061168,1022.78,992.1,43.69,09:59:00,1,panel_soiling,2.3906007701377923,0.04403789940530188
395.5226863367797,20.206451950847345,949.29,920.81,40.55,10:00:00,1,panel_soiling,2.4000898881226207,0.04403731497268709
453.2034924404456,20.258635422483486,1079.41,1047.03,46.11,10:01:00,1,panel_soiling,2.381733631811857,0.04403885275493539
501.07520094342254,20.31114493485848,1185.74,1150.17,50.65,10:02:00,1,panel_soiling,2.366391307666979,0.04403696844814244
245.9626389447229,20.363979829240108,601.33,583.29,25.69,10:03:00,1,panel_soiling,2.444802196707369,0.0440432717859041
689.300332247158,20.417139403947733,1590.3,1542.59,67.93,10:04:00,1,panel_soiling,2.307122056383655,0.044036328512436884
693.7244555095001,20.470622914029637,1599.19,1551.21,68.31,10:05:00,1,panel_soiling,2.3052236191176054,0.04403659079041523
698.1381335812476,20.52442957094523,1608.04,1559.8,68.69,10:06:00,1,panel_soiling,2.303326408702555,0.04403769714065906
328.9151681423682,20.5785585422523,794.99,771.14,33.96,10:07:00,1,panel_soiling,2.417006197950394,0.044038695956635635
706.9319160763037,20.63300895129929,1625.61,1576.84,69.44,10:08:00,1,panel_soiling,2.2995283747021227,0.0440374419725527
711.3108973280665,20.68777987692284,1634.33,1585.3,69.81,10:09:00,1,panel_soiling,2.297631044511081,0.04403582918059674
715.6771872762392,20.74287035315063,1643.0,1593.71,70.18,10:10:00,1,panel_soiling,2.295727779521677,0.04403561501151402
720.030220721546,20.79827936890971,1651.63,1602.08,70.55,10:11:00,1,panel_soiling,2.2938342759348256,0.0440365025466893
724.3694312303437,20.8540058677404,1660.21,1610.41,70.92,10:12:00,1,panel_soiling,2.291938240933398,0.044038474674151305
728.6942512535417,20.910048747515837,1668.75,1618.68,71.28,10:13:00,1,panel_soiling,2.2900551186307845,0.04403588108829416
733.0041122465519,20.96640686016739,1677.23,1626.91,71.64,10:14:00,1,panel_soiling,2.2881590593803516,0.044034396493967086
737.2984447902363,21.023079011415977,1685.66,1635.09,72.0,10:15:00,1,panel_soiling,2.2862655033533614,0.04403427334275178
741.5766787128165,21.080063960509413,1694.04,1643.22,72.36,10:16:00,1,panel_soiling,2.2843760444845853,0.04403549129148866
745.8382432127121,21.137360419965923,1702.37,1651.3,72.72,10:17:00,1,panel_soiling,2.28249223674427,0.044038030642524074
750.0825669822701,21.194967055323943,1710.65,1659.33,73.07,10:18:00,1,panel_soiling,2.2806155952701075,0.04403584579318158
754.3090783323498,21.252882484898308,1718.87,1667.3,73.42,10:19:00,1,panel_soiling,2.278734340305345,0.0440352665986925
436.9303626721842,21.31110527954292,1038.3,1007.15,44.35,10:20:00,1,panel_soiling,2.3763512191049205,0.04403514868688875
232.46581137494692,21.36963396242008,566.99,549.98,24.22,10:21:00,1,panel_soiling,2.4390253200953276,0.0440379650169097
766.8760178909222,21.428467008776515,1743.19,1690.89,74.46,10:22:00,1,panel_soiling,2.273105377312693,0.04403598105139896
514.6383893372575,21.48760284572624,1209.69,1173.4,51.67,10:23:00,1,panel_soiling,2.3505630848056596,0.04403442986193966
775.1544288317358,21.54703985204045,1759.11,1706.34,75.14,10:24:00,1,panel_soiling,2.2693671539117957,0.044035772472074734
510.725836996903,21.60677635794438,1200.51,1164.49,51.28,10:25:00,1,panel_soiling,2.3505957855178568,0.04403644513907376
783.3478663225492,21.66681064492144,1774.79,1721.55,75.81,10:26:00,1,panel_soiling,2.265647327708706,0.04403589788272197
556.2888069155414,21.727140945524543,1299.1,1260.13,55.49,10:27:00,1,panel_soiling,2.335297751545873,0.04403513923166657
541.1941878404187,21.787765443194942,1266.05,1228.07,54.08,10:28:00,1,panel_soiling,2.3393636303672176,0.044036577719511104
475.8728648529501,21.848682272088453,1122.57,1088.89,47.95,10:29:00,1,panel_soiling,2.3589703950589542,0.0440356693513578
799.4615787880382,21.909889516909374,1805.39,1751.23,77.12,10:30:00,1,panel_soiling,2.258257367085635,0.04403761927331076
803.4297838210505,21.9713852127521,1812.88,1758.49,77.44,10:31:00,1,panel_soiling,2.256426182482409,0.044037782415595195
807.3727677700327,22.033167344950545,1820.3,1765.69,77.75,10:32:00,1,panel_soiling,2.2545967273923258,0.04403377716360176
571.3160307203625,22.095233848935504,1329.46,1289.57,56.79,10:33:00,1,panel_soiling,2.327013296517703,0.044037935125662044
334.85802391488966,22.157582610100025,803.51,779.4,34.32,10:34:00,1,panel_soiling,2.3995542666292113,0.04403387220939184
819.0447654645333,22.220211463672957,1842.14,1786.87,78.69,10:35:00,1,panel_soiling,2.24913225463959,0.0440378986719795
301.22696738678206,22.283118194600647,725.57,703.8,30.99,10:36:00,1,panel_soiling,2.4087152830123344,0.04403239556692242
826.6897041794192,22.34630053743706,1856.34,1800.65,79.29,10:37:00,1,panel_soiling,2.2455100028645236,0.0440340987976564
340.36584261801335,22.409756176242247,815.29,790.83,34.83,10:38:00,1,panel_soiling,2.3953343664833775,0.044042335268009554
834.2203398192602,22.473482744489377,1870.26,1814.15,79.89,10:39:00,1,panel_soiling,2.2419256768603906,0.044037152385414655
837.9414150619257,22.537477824980364,1877.11,1820.79,80.18,10:40:00,1,panel_soiling,2.240144676297301,0.044035830601002864
665.3312516809657,22.601738949770212,1525.54,1479.78,65.16,10:41:00,1,panel_soiling,2.292902965471273,0.044033572558082955
845.2923439213483,22.666263600100194,1890.57,1833.86,80.76,10:42:00,1,panel_soiling,2.2365871566156184,0.044038258100400254
378.4289212403423,22.731049206339836,900.81,873.78,38.48,10:43:00,1,panel_soiling,2.380394175602373,0.04403854517155348
852.5180266168738,22.796093147937967,1903.73,1846.62,81.32,10:44:00,1,panel_soiling,2.2330671499754065,0.044037213936814285
675.9618240085086,22.861392753382823,1545.96,1499.58,66.04,10:45:00,1,panel_soiling,2.287052234447696,0.04403899758599075
859.6141632608939,22.92694530017125,1916.58,1859.08,81.87,10:46:00,1,panel_soiling,2.2295816913131943,0.044037911224906946
863.1123218097141,22.992748014787217,1922.88,1865.2,82.14,10:47:00,1,panel_soiling,2.227844454784562,0.0440381728500965
339.16662622390066,23.05879807268957,810.37,786.06,34.62,10:48:00,1,panel_soiling,2.3892975822008933,0.04404243950843447
413.2860820531547,23.12509259830926,977.71,948.38,41.76,10:49:00,1,panel_soiling,2.3656978602881,0.04403298255973344
369.3126643222729,23.19162866505601,878.46,852.11,37.52,10:50:00,1,panel_soiling,2.3786349206628628,0.044031873819107864
876.7599905715738,23.25840329533456,1947.28,1888.86,83.18,10:51:00,1,panel_soiling,2.220995507254542,0.04403714409749797
880.0830817746802,23.325413460570484,1953.17,1894.58,83.43,10:52:00,1,panel_soiling,2.2193018368918636,0.04403614521424274
883.369622451476,23.3926560812458,1958.98,1900.21,83.68,10:53:00,1,panel_soiling,2.217622103150381,0.044037237989485375
886.6191097579087,23.46012802694426,1964.7,1905.76,83.92,10:54:00,1,panel_soiling,2.2159459212834487,0.04403492569893376
345.1042260546094,23.527826116406597,822.32,797.65,35.13,10:55:00,1,panel_soiling,2.3828163723207374,0.04404187300194321
893.0049346688874,23.59574711759553,1975.89,1916.61,84.4,10:56:00,1,panel_soiling,2.2126305502809234,0.044036084545108295
896.1402887511625,23.66388774777092,1981.35,1921.91,84.63,10:57:00,1,panel_soiling,2.210981946544505,0.044034320025391406
899.2366226702885,23.73224467357481,1986.73,1927.13,84.86,10:58:00,1,panel_soiling,2.209351743371387,0.04403439311307488
902.2934565032202,23.80081451112666,1992.02,1932.26,85.09,10:59:00,1,panel_soiling,2.207729631244301,0.044036516824857944
573.6282585529375,23.869593826128717,1324.35,1284.62,56.57,11:00:00,1,panel_soiling,2.308725172188814,0.04403636873160935
908.2867291349012,23.938579133981563,2002.32,1942.25,85.53,11:01:00,1,panel_soiling,2.204502098040243,0.0440365555412537
489.5776263681096,24.007766899910017,1142.36,1108.09,48.8,11:02:00,1,panel_soiling,2.3333582632737966,0.04403974406411032
381.584712998623,24.077153539099253,902.86,875.78,38.57,11:03:00,1,panel_soiling,2.3660801107702083,0.04404074082532143
916.9686810265893,24.146735416841377,2017.11,1956.6,86.16,11:04:00,1,panel_soiling,2.1997588813412374,0.044035571910456914
651.6203879796743,24.216508848692374,1486.45,1441.86,63.49,11:05:00,1,panel_soiling,2.281159441018543,0.044033401301097196
922.5460494376166,24.28647010063956,2026.51,1965.72,86.56,11:06:00,1,panel_soiling,2.196649155058828,0.04403475571291944
925.270225914574,24.35661538927947,2031.07,1970.14,86.76,11:07:00,1,panel_soiling,2.1951100804010086,0.0440374795699798
480.5761370797625,24.42694088200637,1120.7,1087.08,47.87,11:08:00,1,panel_soiling,2.331992609558128,0.044035397578835046
930.5874086965516,24.497442697211333,2039.92,1978.72,87.14,11:09:00,1,panel_soiling,2.1920778004693404,0.044038570388938304
933.179571253088,24.56811690449192,2044.2,1982.87,87.32,11:10:00,1,panel_soiling,2.1905751722093707,0.04403717843328105
935.7268957579456,24.63895952487248,2048.38,1986.93,87.5,11:11:00,1,panel_soiling,2.189078896081957,0.044037786937637456
938.228976007011,24.709966531035256,2052.48,1990.9,87.67,11:12:00,1,panel_soiling,2.1876109696964448,0.04403536089205887
940.6854122598348,24.781133847562064,2056.47,1994.78,87.84,11:13:00,1,panel_soiling,2.1861399923909572,0.044034931170354626
943.0958113459832,24.85245735118679,2060.37,1998.56,88.01,11:14:00,1,panel_soiling,2.1846878919538906,0.044036706428628614
945.4597867698444,24.923932871058614,2064.18,2002.25,88.17,11:15:00,1,panel_soiling,2.1832552043828897,0.0440354601073792
947.7769588138444,24.995556189016067,2067.88,2005.85,88.33,11:16:00,1,panel_soiling,2.1818213460137073,0.04403619413216342
415.0313581597889,25.0673230398718,973.64,944.43,41.59,11:17:00,1,panel_soiling,2.3459432181631543,0.04403714409749797
952.269408390037,25.139229111708232,2075.01,2012.76,88.64,11:18:00,1,panel_soiling,2.1790157089138615,0.044039030982332715
954.4439612832326,25.21127004618401,2078.42,2016.07,88.78,11:19:00,1,panel_soiling,2.1776239195914675,0.04403616937903942
956.5702617132848,25.28344143885129,2081.74,2019.29,88.92,11:20:00,1,panel_soiling,2.1762541480972413,0.04403527972703277
958.6479653428336,25.35573883948388,2084.96,2022.41,89.06,11:21:00,1,panel_soiling,2.174896390933634,0.0440365702305665
960.676735196399,25.42815775241617,2088.08,2025.44,89.19,11:22:00,1,panel_soiling,2.1735511265119962,0.04403487637254127
467.6109135613335,25.500693636892997,1087.37,1054.75,46.45,11:23:00,1,panel_soiling,2.3253734428877406,0.04403887177056175
964.5861630275224,25.57334190743028,2094.02,2031.2,89.45,11:24:00,1,panel_soiling,2.170899894963817,0.04403800708940528
966.4661846735949,25.646097934186525,2096.85,2033.94,89.57,11:25:00,1,panel_soiling,2.169605138029915,0.04403768056088183
968.2960000532904,25.718957043345167,2099.57,2036.58,89.68,11:26:00,1,panel_soiling,2.1683142343709463,0.04403460703728801
970.0753103282686,25.7919145175077,2102.19,2039.13,89.8,11:27:00,1,panel_soiling,2.167037937795396,0.044038388920765226
494.8886424776298,25.86496559609764,1144.84,1110.5,48.9,11:28:00,1,panel_soiling,2.3133284980403435,0.04403421882035119
356.6228988445617,25.93810547577529,839.98,814.78,35.88,11:29:00,1,panel_soiling,2.355373148279284,0.04403642701097229
975.1073408053732,26.01132931086326,2109.46,2046.18,90.11,11:30:00,1,panel_soiling,2.163310552310813,0.04403815891075076
976.681801041862,26.084632213782708,2111.68,2048.33,90.2,11:31:00,1,panel_soiling,2.1620961891041626,0.04403587312591233
390.85145813337385,26.158009255500367,915.61,888.15,39.11,11:32:00,1,panel_soiling,2.3426035158542455,0.04403535438833531
979.6748324446512,26.231455465986244,2115.82,2052.35,90.38,11:33:00,1,panel_soiling,2.1597166018037295,0.04403732306867737
457.2199923182309,26.30496583468193,1061.04,1029.21,45.32,11:34:00,1,panel_soiling,2.320633432103955,0.044033773476744295
982.4583840046782,26.37853531097965,2119.56,2055.97,90.54,11:35:00,1,panel_soiling,2.1574043588088583,0.04403760755263939
749.634609086396,26.45215880471181,1670.71,1620.59,71.37,11:36:00,1,panel_soiling,2.228699128547638,0.04403951647239586
666.5534806433875,26.52583118665116,1502.2,1457.13,64.17,11:37:00,1,panel_soiling,2.2536826280616054,0.04403862387021062
986.2369583083124,26.59954728902141,2124.4,2060.67,90.75,11:38:00,1,panel_soiling,2.1540462280423696,0.04403907466988892
387.1332251452369,26.673301906018388,905.37,878.21,38.67,11:39:00,1,panel_soiling,2.3386522809049555,0.04403274843146856
988.4890777318394,26.74708979434157,2127.12,2063.31,90.86,11:40:00,1,panel_soiling,2.151890241297185,0.044036039179764556
989.5344859672108,26.82090567373595,2128.33,2064.48,90.91,11:41:00,1,panel_soiling,2.1508396424604492,0.044035301867782685
468.3580374507229,26.89474422754427,1082.54,1050.06,46.24,11:42:00,1,panel_soiling,2.3113513881223757,0.04403557891929985
991.4631330124002,26.968600103269488,2130.43,2066.52,91.0,11:43:00,1,panel_soiling,2.1487737960836055,0.04403538315622399
992.3460517754712,27.042467913147416,2131.33,2067.39,91.04,11:44:00,1,panel_soiling,2.1477689120510917,0.04403620023314421
993.1745021843234,27.116342234729508,2132.13,2068.17,91.08,11:45:00,1,panel_soiling,2.146782861733494,0.04403893296972686
993.9483465526456,27.190217611475692,2132.83,2068.84,91.11,11:46:00,1,panel_soiling,2.1458157331790804,0.044039171709750385
627.1575933631153,27.264088553357205,1416.47,1373.98,60.51,11:47:00,1,panel_soiling,2.258555130304998,0.04403994235723955
995.331711487765,27.337949537469317,2133.92,2069.9,91.15,11:48:00,1,panel_soiling,2.1439284766787328,0.044035943765399294
995.9410018517484,27.411795008653925,2134.31,2070.28,91.17,11:49:00,1,panel_soiling,2.1430084674008674,0.044037521494677045
996.495225833418,27.485619380131915,2134.59,2070.56,91.18,11:50:00,1,panel_soiling,2.1420975682193935,0.04403639595085388
996.9942911077802,27.559417034145135,2134.78,2070.74,91.19,11:51:00,1,panel_soiling,2.1412158715853864,0.04403739725895091
685.8330929648318,27.633182322608057,1534.04,1488.02,65.53,11:52:00,1,panel_soiling,2.236754125363651,0.044038386580825525
997.8266220538388,27.706909567768854,2134.85,2070.8,91.19,11:53:00,1,panel_soiling,2.1394999419897336,0.04403612130577554
998.1597489615284,27.780593062879944,2134.73,2070.69,91.19,11:54:00,1,panel_soiling,2.138665681741769,0.04403846060974844
998.437439672454,27.854227072877848,2134.51,2070.48,91.18,11:55:00,1,panel_soiling,2.1378505204094154,0.044038097446002865
568.1410625222254,27.927805835072235,1289.82,1251.13,55.1,11:56:00,1,panel_soiling,2.2702460446599786,0.044040187670346
998.8263364597852,28.00132355984413,2133.77,2069.75,91.15,11:57:00,1,panel_soiling,2.136277270744462,0.04403913516125136
615.9746520761043,28.074774431353102,1388.4,1346.75,59.31,11:58:00,1,panel_soiling,2.253988853795337,0.04403935400037127
339.15100093984165,28.14815260825341,793.24,769.45,33.88,11:59:00,1,panel_soiling,2.338899185913664,0.04403145103645461
390.5468568873622,28.221452224418883,906.96,879.75,38.74,12:00:00,1,panel_soiling,2.322282164113221,0.04403523728331913
998.9374776473946,28.294667389676547,2131.07,2067.14,91.03,12:01:00,1,panel_soiling,2.1333367179484544,0.04403668837137301
998.8263364597852,28.367792190548823,2130.14,2066.24,90.99,12:02:00,1,panel_soiling,2.132643005339661,0.04403651076351247
998.659647863258,28.44082069100414,2129.12,2065.24,90.95,12:03:00,1,panel_soiling,2.131977600732628,0.044038465263117124
546.4441982838222,28.51374693321595,1241.06,1203.83,53.01,12:04:00,1,panel_soiling,2.2711559641363337,0.044034456692390124
998.1597489615284,28.586564938329857,2126.77,2062.96,90.85,12:05:00,1,panel_soiling,2.1306910063370736,0.04403866289215496
997.8266220538388,28.65926870723897,2125.44,2061.68,90.79,12:06:00,1,panel_soiling,2.130069445957636,0.04403690194404564
997.438114509068,28.73185222136709,2124.02,2060.3,90.73,12:07:00,1,panel_soiling,2.1294754723158213,0.04403727612483619
784.0744699492018,28.80430944345977,1720.86,1669.23,73.51,12:08:00,1,panel_soiling,2.194766015161149,0.044038269142059515
996.495225833418,28.876634318383086,2120.87,2057.25,90.59,12:09:00,1,panel_soiling,2.1283293135962715,0.044034512091384134
735.9636252922948,28.94882077392993,1625.17,1576.41,69.42,12:10:00,1,panel_soiling,2.2082205480665555,0.04403676708470512
395.1401669613049,29.020862721633748,913.94,886.52,39.04,12:11:00,1,panel_soiling,2.312951394003688,0.044037359563236025
994.6674562000562,29.092754057589502,2115.42,2051.95,90.36,12:12:00,1,panel_soiling,2.1267610464321134,0.04403616072516387
993.9483465526456,29.1644886632818,2113.4,2050.0,90.28,12:13:00,1,panel_soiling,2.126267433644814,0.0440390243902439
993.1745021843236,29.236060406419995,2111.29,2047.95,90.19,12:14:00,1,panel_soiling,2.125799640804879,0.04403916111233184
383.4798679867184,29.307463141780104,887.26,860.65,37.9,12:15:00,1,panel_soiling,2.3137068567853207,0.044036484052750825
991.4631330124002,29.3786907120534,2106.78,2043.57,89.99,12:16:00,1,panel_soiling,2.124920160771778,0.044035682653395775
460.8666620227553,29.44973694870151,1054.63,1022.99,45.05,12:17:00,1,panel_soiling,2.2883625284831903,0.0440375761248888
989.5344859672108,29.52059567281793,2101.88,2038.82,89.78,12:18:00,1,panel_soiling,2.1241099019864254,0.044035275306304626
988.4890777318396,29.59126069599565,2099.29,2036.31,89.67,12:19:00,1,panel_soiling,2.1237361618774524,0.04403553486453438
987.3898411472302,29.661725821200918,2096.6,2033.7,89.56,12:20:00,1,panel_soiling,2.123376110051931,0.044037960367802526
459.7324697231595,29.731984843652764,1050.91,1019.39,44.89,12:21:00,1,panel_soiling,2.2859164170693322,0.04403613925975338
985.0306200505428,29.80203155170834,2090.94,2028.21,89.32,12:22:00,1,panel_soiling,2.122715738412997,0.04403883227082008
983.771025897258,29.871859727753705,2087.97,2025.33,89.19,12:23:00,1,panel_soiling,2.1224146117696914,0.04403726800077024
624.8106976823284,29.94146314910004,1395.06,1353.21,59.59,12:24:00,1,panel_soiling,2.2327722703449746,0.04403603284043127
981.0929111045788,30.01083558888498,2081.75,2019.3,88.92,12:25:00,1,panel_soiling,2.1218683535856244,0.04403506165502897
979.6748324446512,30.07997081697905,2078.5,2016.14,88.78,12:26:00,1,panel_soiling,2.12162232933286,0.044034640451555945
725.7631555928087,30.148862600896805,1596.31,1548.42,68.19,12:27:00,1,panel_soiling,2.1994916491677263,0.044038439183167355
976.6818010418622,30.217504706712788,2071.72,2009.57,88.49,12:28:00,1,panel_soiling,2.121182147338079,0.04403429589414651
975.1073408053736,30.285890899981773,2068.2,2006.15,88.34,12:29:00,1,panel_soiling,2.120997261995592,0.044034593624604344
973.4812596867456,30.35401494666345,2064.58,2002.65,88.19,12:30:00,1,panel_soiling,2.12082151500724,0.04403665143684617
436.7151752750808,30.421870614051127,998.42,968.47,42.65,12:31:00,1,panel_soiling,2.2862040444807286,0.04403853500882836
454.04167406647457,30.48945167170432,1035.3,1004.24,44.22,12:32:00,1,panel_soiling,2.2801871703266285,0.04403329881303274
968.2960000532906,30.556751892385133,2053.2,1991.6,87.7,12:33:00,1,panel_soiling,2.120425985325769,0.04403494677646114
550.2557984353431,30.623765052998117,1237.57,1200.45,52.86,12:34:00,1,panel_soiling,2.249081251881471,0.04403348744220917
964.5861630275226,30.690484935533448,2045.16,1983.8,87.36,12:35:00,1,panel_soiling,2.1202460478812046,0.044036697247706424
962.6562417514388,30.7569053280133,2041.01,1979.78,87.18,12:36:00,1,panel_soiling,2.1201857023090867,0.04403519582983968
960.6767351963992,30.823020025441075,2036.77,1975.67,87.0,12:37:00,1,panel_soiling,2.1201408604774903,0.04403569422018859
958.6479653428338,30.888822830753444,2032.45,1971.47,86.82,12:38:00,1,panel_soiling,2.1201213307464233,0.04403820499424287
956.5702617132852,30.954307555774875,2028.04,1967.2,86.63,12:39:00,1,panel_soiling,2.120116086786596,0.044037210248068316
954.4439612832329,31.019468022174536,2023.54,1962.84,86.44,12:40:00,1,panel_soiling,2.1201244725561326,0.04403823031933321
952.2694083900373,31.08429806242529,2018.96,1958.39,86.24,12:41:00,1,panel_soiling,2.120156315231603,0.04403617257032562
325.07573523256474,31.148791520764668,752.08,729.52,32.13,12:42:00,1,panel_soiling,2.313553176960283,0.04404265818620463
947.7769588138448,31.212942254157497,2009.55,1949.26,85.84,12:43:00,1,panel_soiling,2.120277330348881,0.04403722438258621
477.1299638376283,31.276744133260117,1080.82,1048.39,46.17,12:44:00,1,panel_soiling,2.265252828195491,0.04403895496904778
943.0958113459836,31.34019104338581,1999.8,1939.8,85.42,12:45:00,1,panel_soiling,2.1204632402575205,0.0440354675739767
940.6854122598352,31.403276885471445,1994.8,1934.96,85.21,12:46:00,1,panel_soiling,2.1205814122362496,0.04403708603795427
938.2289760070114,31.465995577044875,1989.72,1930.03,84.99,12:47:00,1,panel_soiling,2.1207189831932145,0.04403558493909421
935.7268957579458,31.528341053193092,1984.56,1925.03,84.77,12:48:00,1,panel_soiling,2.1208752350679108,0.04403567736606702
933.1795712530884,31.590307267530825,1979.32,1919.94,84.55,12:49:00,1,panel_soiling,2.1210494324711133,0.04403783451566194
930.587408696552,31.65188819316933,1974.0,1914.78,84.32,12:50:00,1,panel_soiling,2.121240822251106,0.04403639060362026
927.950820648252,31.7130778236853,1968.61,1909.55,84.09,12:51:00,1,panel_soiling,2.1214594094811616,0.044036553114608155
925.2702259145744,31.77387017408948,1963.13,1904.24,83.86,12:52:00,1,panel_soiling,2.1216828824893432,0.04403856656723942
543.8468145612154,31.834259281794974,1217.72,1181.19,52.02,12:53:00,1,panel_soiling,2.2390863886597856,0.044040332207350215
919.7787221830428,31.89423920758488,1951.95,1893.39,83.38,12:54:00,1,panel_soiling,2.1221952116560785,0.04403741437316136
650.1872662355378,31.95380403657906,1433.67,1390.66,61.24,12:55:00,1,panel_soiling,2.205010886018547,0.044036644470970616
535.142417861524,32.012947879199935,1198.73,1162.76,51.2,12:56:00,1,panel_soiling,2.2400205253588945,0.04403316247548936
372.2566382651236,32.07166487213691,852.4,826.83,36.41,12:57:00,1,panel_soiling,2.2898181318472957,0.0440356542457337
908.2867291349016,32.12994917930938,1928.67,1870.81,82.38,12:58:00,1,panel_soiling,2.1234153688857296,0.04403440221080708
905.310315285684,32.187794992827946,1922.66,1864.98,82.13,12:59:00,1,panel_soiling,2.1237579728595892,0.044038005769498866
902.2934565032206,32.24519653395377,1916.58,1859.09,81.87,13:00:00,1,panel_soiling,2.124120468996396,0.04403767434605103
899.2366226702889,32.302148054055706,1910.43,1853.12,81.61,13:01:00,1,panel_soiling,2.124501996289882,0.044039241927128304
602.8624499941046,32.35864383556509,1335.73,1295.65,57.06,13:02:00,1,panel_soiling,2.215646371760361,0.044039671207502025
893.0049346688877,32.41467819292794,1897.92,1840.98,81.07,13:03:00,1,panel_soiling,2.1253186027507445,0.044036328477224086
889.8310451815955,32.47024547355426,1891.56,1834.81,80.8,13:04:00,1,panel_soiling,2.1257518606961763,0.04403725726369488
886.6191097579091,32.52534005876446,1885.13,1828.58,80.52,13:05:00,1,panel_soiling,2.126200506229483,0.044034168589834735
883.3696224514763,32.579956364732325,1878.63,1822.27,80.25,13:06:00,1,panel_soiling,2.1266635757595274,0.04403847947889171
676.2124816120761,32.63408884342465,1481.05,1436.62,63.26,13:07:00,1,panel_soiling,2.1902139346336944,0.04403391293452688
404.7705000367045,32.68773198353706,920.31,892.7,39.31,13:08:00,1,panel_soiling,2.2736587768045013,0.04403495015122662
873.4008558900764,32.74088031142607,1858.73,1802.97,79.4,13:09:00,1,panel_soiling,2.128152253876351,0.04403844767245157
870.0061888534851,32.793528392036755,1851.97,1796.41,79.11,13:10:00,1,panel_soiling,2.128686006751941,0.04403783100739809
866.5765045313441,32.84567082982633,1845.14,1789.79,78.82,13:11:00,1,panel_soiling,2.129229202905606,0.04403868610283888
445.2193263252417,32.89730226968295,1005.78,975.61,42.96,13:12:00,1,panel_soiling,2.2590663534342115,0.04403398899150275
859.6141632608942,32.948417397839805,1831.29,1776.36,78.22,13:13:00,1,panel_soiling,2.1303627583951297,0.04403386700893963
856.0825550126309,32.999010942784146,1824.28,1769.55,77.93,13:14:00,1,panel_soiling,2.130962708348944,0.044039445056652825
852.5180266168742,33.04907767616117,1817.2,1762.68,77.62,13:15:00,1,panel_soiling,2.1315678299629184,0.04403521909819139
848.9211109181141,33.09861241367233,1810.06,1755.76,77.32,13:16:00,1,panel_soiling,2.13218870012834,0.04403790950927233
845.2923439213488,33.14761001596807,1802.86,1748.78,77.01,13:17:00,1,panel_soiling,2.1328242388147656,0.04403641395715871
841.6322646597295,33.19606538953465,1795.6,1741.74,76.7,13:18:00,1,panel_soiling,2.1334733415026075,0.044036423346768175
837.9414150619261,33.24397348757489,1788.29,1734.64,76.39,13:19:00,1,panel_soiling,2.1341468124807275,0.04403795600239819
303.1829994085732,33.29132931088256,697.05,676.14,29.78,13:20:00,1,panel_soiling,2.29910648472953,0.04404413287189044
830.4695862526521,33.338127908710334,1773.49,1720.28,75.76,13:21:00,1,panel_soiling,2.135526730126941,0.04403934243262725
826.6897041794196,33.384364379630924,1766.01,1713.03,75.44,13:22:00,1,panel_soiling,2.136242886625713,0.04403892517936055
631.3053648225249,33.43003387239136,1386.49,1344.9,59.22,13:23:00,1,panel_soiling,2.196227178252755,0.044033013606959624
819.0447654645336,33.475131586760064,1750.88,1698.35,74.79,13:24:00,1,panel_soiling,2.1377097734175274,0.044036859304619196
815.180819739642,33.5196527743666,1743.23,1690.93,74.46,13:25:00,1,panel_soiling,2.1384580669559483,0.04403493935290047
436.2260751546524,33.56359273953384,983.8,954.29,42.02,13:26:00,1,panel_soiling,2.2552526225105174,0.04403273637992644
807.3727677700332,33.60694684010241,1727.79,1675.95,73.8,13:27:00,1,panel_soiling,2.1400152060765723,0.04403472657298845
803.4297838210509,33.64971048824713,1719.99,1668.39,73.47,13:28:00,1,panel_soiling,2.140809358373371,0.044036466293852154
799.4615787880387,33.691879151285306,1712.14,1660.78,73.14,13:29:00,1,panel_soiling,2.1416163645982293,0.04403954768241429
795.4687176620529,33.73344835247667,1704.24,1653.12,72.8,13:30:00,1,panel_soiling,2.1424349721870897,0.0440379403794038
791.4517667327159,33.77441367181473,1696.3,1645.41,72.46,13:31:00,1,panel_soiling,2.1432765347188414,0.04403765626804261
787.4112934560329,33.81477074680936,1688.31,1637.66,72.12,13:32:00,1,panel_soiling,2.144127235704006,0.044038445098494194
783.3478663225496,33.8545152732605,1680.27,1629.87,71.77,13:33:00,1,panel_soiling,2.1449857365260705,0.044034186775632415
779.2620547258933,33.89364300602264,1672.19,1622.03,71.43,13:34:00,1,panel_soiling,2.1458634997801806,0.04403740991227043
438.5149357868536,33.93214975975998,987.06,957.44,42.16,13:35:00,1,panel_soiling,2.250915349619413,0.044034090909090905
522.2868244460096,33.97003140969214,1161.89,1127.03,49.63,13:36:00,1,panel_soiling,2.2246205449130723,0.0440360948688145
766.8760178909226,34.00728389233004,1647.69,1598.26,70.38,13:37:00,1,panel_soiling,2.148574165262736,0.04403538848497741
494.0551788185568,34.043903206202025,1103.04,1069.94,47.12,13:38:00,1,panel_soiling,2.2326251141374933,0.04403985270202067
758.5172053177279,34.079885412569816,1631.15,1582.21,69.68,13:39:00,1,panel_soiling,2.150445617534468,0.04403966603674608
754.3090783323503,34.11522663613424,1622.82,1574.13,69.32,13:40:00,1,panel_soiling,2.1513992693655237,0.04403702362574882
750.0825669822705,34.149923065730555,1614.45,1566.01,68.96,13:41:00,1,panel_soiling,2.152363047837853,0.04403547870064686
745.8382432127125,34.18397095501315,1606.04,1557.86,68.6,13:42:00,1,panel_soiling,2.1533355450934666,0.044034765640044674
741.5766787128169,34.21736662312946,1597.6,1549.67,68.24,13:43:00,1,panel_soiling,2.154328804909312,0.044035181683842364
737.2984447902368,34.25010645538296,1589.12,1541.44,67.88,13:44:00,1,panel_soiling,2.1553280238535,0.044036744861947266
733.0041122465524,34.282186903885034,1580.6,1533.18,67.52,13:45:00,1,panel_soiling,2.1563316952693317,0.04403918652734838
728.6942512535421,34.31360448819556,1572.05,1524.89,67.15,13:46:00,1,panel_soiling,2.15735199954668,0.044035963249808185
724.3694312303442,34.34435579595208,1563.47,1516.57,66.78,13:47:00,1,panel_soiling,2.158387602503381,0.04403357576636753
720.0302207215464,34.37443748348735,1554.86,1508.21,66.42,13:48:00,1,panel_soiling,2.1594371392382197,0.04403896009176441
715.6771872762398,34.40384627643513,1546.21,1499.83,66.05,13:49:00,1,panel_soiling,2.1604852403981796,0.04403832434342559
711.310897328067,34.43257897032413,1537.54,1491.41,65.68,13:50:00,1,panel_soiling,2.1615583365523277,0.0440388625528862
706.9319160763041,34.46063243115976,1528.83,1482.97,65.31,13:51:00,1,panel_soiling,2.1626269308726225,0.04404000080918697
702.5408073680059,34.488003595993845,1520.1,1474.5,64.93,13:52:00,1,panel_soiling,2.163717728646813,0.04403526619192947
265.4318179744847,34.51468947348188,610.14,591.84,26.06,13:53:00,1,panel_soiling,2.298669408422811,0.04403217085698837
693.7244555095006,34.54068714442777,1502.56,1457.48,64.18,13:54:00,1,panel_soiling,2.1659320037902603,0.044034909569942646
420.3184548291193,34.56599376231607,945.83,917.45,40.4,13:55:00,1,panel_soiling,2.2502699777589537,0.044035097280505746
456.9747056776664,34.59060655383128,1023.02,992.33,43.7,13:56:00,1,panel_soiling,2.238679706534133,0.04403776969354953
680.4229773544721,34.6145228193644,1476.05,1431.77,63.05,13:57:00,1,panel_soiling,2.169312397031294,0.04403640249481411
437.9529819084824,34.63773993350637,982.81,953.32,41.98,13:58:00,1,panel_soiling,2.244099345361632,0.04403558091721562
671.5105034031823,34.66025534552833,1458.26,1414.51,62.29,13:59:00,1,panel_soiling,2.171611601917781,0.044036450785077515
667.0424732761622,34.682066579848694,1449.34,1405.86,61.91,14:00:00,1,panel_soiling,2.1727851794528212,0.04403710184513394
248.7640665928532,34.70317123648674,572.65,555.47,24.46,14:01:00,1,panel_soiling,2.3019803778061076,0.04403478135632887
455.66077083239577,34.72356699150273,1019.66,989.07,43.56,14:02:00,1,panel_soiling,2.2377612146362678,0.04404137219812551
653.5977613577545,34.74325159742436,1422.45,1379.77,60.76,14:03:00,1,panel_soiling,2.17633854351806,0.04403632489472883
649.1044552035889,34.76222288365954,1413.45,1371.05,60.38,14:04:00,1,panel_soiling,2.177538589773933,0.044039239998541264
644.606177060583,34.78047875689527,1404.43,1362.3,59.99,14:05:00,1,panel_soiling,2.178741144560899,0.044035821772003235
416.6988743892916,34.79801720148257,937.19,909.07,40.03,14:06:00,1,panel_soiling,2.2490821492463438,0.04403401278229399
440.3236987887536,34.81483627980742,987.03,957.42,42.16,14:07:00,1,panel_soiling,2.2416009011441607,0.044035010758079
244.51825841174,34.8309341326475,562.89,546.0,24.04,14:08:00,1,panel_soiling,2.3020366808443375,0.04402930402930403
311.026876711565,34.8463089795147,709.54,688.26,30.31,14:09:00,1,panel_soiling,2.2812819506206257,0.04403859006770697
622.0587628777326,34.86095911898339,1359.15,1318.38,58.06,14:10:00,1,panel_soiling,2.1849221988488323,0.04403889622111986
297.0783720815298,34.87488292900412,678.92,658.55,29.0,14:11:00,1,panel_soiling,2.285322877067867,0.04403614000455547
613.0234176242351,34.88807886720304,1340.96,1300.73,57.28,14:12:00,1,panel_soiling,2.1874531403659496,0.04403681009894444
608.5042975557984,34.90054547116658,1331.85,1291.9,56.89,14:13:00,1,panel_soiling,2.1887273522137654,0.04403591609257682
603.9848894844766,34.91228135871158,1322.73,1283.05,56.5,14:14:00,1,panel_soiling,2.1900051193813788,0.04403569619266592
599.4656965226029,34.9232852281407,1313.61,1274.2,56.11,14:15:00,1,panel_soiling,2.1913013665669694,0.04403547323811018
594.9472179962518,34.93355585848302,1304.48,1265.34,55.72,14:16:00,1,panel_soiling,2.192597865056692,0.04403559517600013
590.4299493628733,34.94309210971986,1295.34,1256.48,55.33,14:17:00,1,panel_soiling,2.1938927749139205,0.044035718833566787
585.9143821306188,34.95189292299568,1286.2,1247.62,54.94,14:18:00,1,panel_soiling,2.1952012772290432,0.044035844247447144
581.40100377937,34.95995732081401,1277.06,1238.75,54.55,14:19:00,1,panel_soiling,2.1965218355292326,0.044036326942482336
576.8902976834871,34.96728440721837,1267.92,1229.88,54.16,14:20:00,1,panel_soiling,2.1978528761730862,0.04403681659999349
572.3827430362869,34.97387336795825,1258.77,1221.01,53.77,14:21:00,1,panel_soiling,2.199175316367284,0.04403731337171686
567.8788147762637,34.979723470639826,1249.62,1212.14,53.38,14:22:00,1,panel_soiling,2.20050469833486,0.04403781741383008
563.3789835150623,34.9848340648617,1240.48,1203.26,52.99,14:23:00,1,panel_soiling,2.2018570736528638,0.04403869487891229
558.8837154672161,34.989204582335404,1231.33,1194.39,52.6,14:24:00,1,panel_soiling,2.203195344438747,0.044039216671271524
554.393472381657,34.9928345369907,1222.19,1185.53,52.21,14:25:00,1,panel_soiling,2.20455337388716,0.04403937479439576
549.9087114750082,34.99572352506571,1213.05,1176.66,51.82,14:26:00,1,panel_soiling,2.2059115898459987,0.04403990957455849
545.4298853666651,34.99787122518174,1203.92,1167.8,51.43,14:27:00,1,panel_soiling,2.207286458443078,0.04404007535536907
540.9574420156745,34.99927739840285,1194.78,1158.94,51.04,14:28:00,1,panel_soiling,2.2086395475919542,0.044040243670940685
536.4918246594168,34.99994188828021,1185.66,1150.09,50.65,14:29:00,1,panel_soiling,2.210024357319326,0.044040031649696984
401.9450283335818,34.999864620881056,905.04,877.89,38.66,14:30:00,1,panel_soiling,2.251651186611743,0.04403740787570196
177.60393378611525,34.99904560480244,412.23,399.86,17.61,14:31:00,1,panel_soiling,2.321063454013581,0.04404041414495073
523.1402888708632,34.9974849311696,1158.33,1123.58,49.48,14:32:00,1,panel_soiling,2.214186184168914,0.044037807721746564
518.7063113893229,34.99518277361909,1149.23,1114.75,49.09,14:33:00,1,panel_soiling,2.2155697256157505,0.04403677954698363
390.5695079384334,34.99213938826658,880.83,854.41,37.63,14:34:00,1,panel_soiling,2.255245179403119,0.04404208752238387
509.8656781597587,34.98835511365934,1131.07,1097.14,48.31,14:35:00,1,panel_soiling,2.2183685791174126,0.04403266675173633
505.4598447543552,34.98383037071352,1122.01,1088.35,47.93,14:36:00,1,panel_soiling,2.2197806841516314,0.04403914182018653
501.0642065035138,34.97856566263607,1112.96,1079.57,47.54,14:37:00,1,panel_soiling,2.221192385236153,0.044036051390831533
496.6791616900945,34.972561574831545,1103.92,1070.81,47.15,14:38:00,1,panel_soiling,2.222601802426325,0.04403208785872377
168.83155911147233,34.965818774793505,392.38,380.61,16.76,14:39:00,1,panel_soiling,2.324091550566847,0.04403457607524763
352.11397202447125,34.95833801198094,798.41,774.46,34.1,14:40:00,1,panel_soiling,2.2674760544421453,0.044030679441159
287.7422586459177,34.95012011767941,658.2,638.46,28.12,14:41:00,1,panel_soiling,2.287463798669734,0.04404347962284246
479.2526983968661,34.94116600484704,1067.93,1035.89,45.62,14:42:00,1,panel_soiling,2.2283233950946983,0.04403942503547673
474.9264103902474,34.931476667945546,1058.97,1027.2,45.23,14:43:00,1,panel_soiling,2.229755972361789,0.04403232087227414
470.6129942073292,34.921053182756104,1050.02,1018.52,44.85,14:44:00,1,panel_soiling,2.2311751118742214,0.04403448140439069
466.3128106846308,34.90989670618035,1041.1,1009.87,44.47,14:45:00,1,panel_soiling,2.2326214852889814,0.044035370889322384
462.02621517318846,34.898008476026284,1032.2,1001.23,44.09,14:46:00,1,panel_soiling,2.2340723666796363,0.04403583592181617
457.7535575099655,34.88538981077949,1023.32,992.62,43.71,14:47:00,1,panel_soiling,2.235526044989223,0.04403497813866333
453.4951819910517,34.87204210935934,1014.45,984.02,43.33,14:48:00,1,panel_soiling,2.2369587159583473,0.04403365785248267
449.2514273466441,34.85796685086056,1005.61,975.44,42.96,14:49:00,1,panel_soiling,2.238412476370537,0.044041663249405394
445.0226267178,34.84316559428005,996.79,966.89,42.58,14:50:00,1,panel_soiling,2.2398636387360353,0.04403810154205752
440.8091076349553,34.82763997822912,988.0,958.36,42.2,14:51:00,1,panel_soiling,2.24133300081038,0.044033557327100466
436.6111919981965,34.81139172063112,979.23,949.85,41.83,14:52:00,1,panel_soiling,2.2427963779820947,0.04403853239985261
188.8772846461169,34.79442261840466,438.12,424.98,18.71,14:53:00,1,panel_soiling,2.319601326442551,0.04402560120476258
428.2634304053777,34.77673454713238,961.76,932.91,41.08,14:54:00,1,panel_soiling,2.2457205815813763,0.044034258395772366
424.1141999445641,34.75832946071547,953.06,924.47,40.71,14:55:00,1,panel_soiling,2.2471777651504574,0.04403604227286986
419.98180389299154,34.739209391013986,944.39,916.06,40.34,14:56:00,1,panel_soiling,2.248645039489911,0.04403641682859202
415.86653576378114,34.71937644747293,935.75,907.68,39.97,14:57:00,1,panel_soiling,2.2501209391166808,0.044035342852106474
169.29702308127915,34.69883281673448,393.89,382.07,16.83,14:58:00,1,panel_soiling,2.3266209460215626,0.044049519721516994
157.28586707064653,34.67758076223613,366.56,355.56,15.66,14:59:00,1,panel_soiling,2.330533612631298,0.04404319946000675
230.26757630207575,34.655622623795125,531.5,515.55,22.7,15:00:00,1,panel_soiling,2.308184280807097,0.04403064688197071
399.5824126456876,34.6329608171791,901.46,874.42,38.51,15:01:00,1,panel_soiling,2.256005198104979,0.04404062121177466
395.556986652394,34.609597833663194,892.97,866.18,38.14,15:02:00,1,panel_soiling,2.25750025946254,0.04403241820406844
131.59656359567524,34.585536239573585,307.86,298.62,13.15,15:03:00,1,panel_soiling,2.3394227902932676,0.044035898466278214
133.41226353146814,34.5607786758177,312.06,302.7,13.33,15:04:00,1,panel_soiling,2.339065328326387,0.04403700033036009
189.0716694241613,34.53532785740121,439.04,425.87,18.75,15:05:00,1,panel_soiling,2.3220824216401375,0.04402752013525254
379.6454764854183,34.50918657293177,859.29,833.51,36.71,15:06:00,1,panel_soiling,2.263401128744923,0.04404266295545345
140.32656048152754,34.48235768410991,328.04,318.2,14.01,15:07:00,1,panel_soiling,2.3376900201525492,0.044028912633563795
124.47170460393274,34.454844125206925,291.62,282.87,12.46,15:08:00,1,panel_soiling,2.3428617847560687,0.04404850284583024
367.9183223514994,34.42664890253011,834.38,809.35,35.64,15:09:00,1,panel_soiling,2.267840303976097,0.04403533699882622
364.0498220622172,34.39777509387535,826.15,801.37,35.29,15:10:00,1,panel_soiling,2.269332245021146,0.04403708648938692
360.20195776235744,34.36822584796725,817.95,793.41,34.94,15:11:00,1,panel_soiling,2.270809423361438,0.0440377610567046
283.019993766564,34.33800438388694,649.53,630.04,27.75,15:12:00,1,panel_soiling,2.294996870559381,0.04404482255094915
144.13759209160708,34.307113990487736,337.03,326.92,14.4,15:13:00,1,panel_soiling,2.338251909923676,0.04404747338798483
348.7842299673507,34.275558025798745,793.58,769.77,33.9,15:14:00,1,panel_soiling,2.275274888644725,0.04403912857087182
345.0209305478565,34.24333991641657,785.53,761.96,33.55,15:15:00,1,panel_soiling,2.276760423643464,0.0440311827392514
341.27924939261464,34.2104631568854,777.51,754.19,33.21,15:16:00,1,panel_soiling,2.27822231027453,0.04403399673822246
337.55936610738826,34.17693130906533,769.54,746.45,32.87,15:17:00,1,panel_soiling,2.27971751717055,0.044035099470828586
138.60648135947915,34.14274800148955,324.56,314.82,13.86,15:18:00,1,panel_soiling,2.3415932416482463,0.0440251572327044
330.18568373823075,34.10791692871004,753.71,731.1,32.2,15:19:00,1,panel_soiling,2.2826852801938466,0.04404322254137601
143.1783556736404,34.07244185063233,335.16,325.11,14.32,15:20:00,1,panel_soiling,2.3408566079915114,0.04404663037125896
161.7332602107543,34.03632659183932,377.73,366.4,16.13,15:21:00,1,panel_soiling,2.3355121853586627,0.04402292576419214
319.29281525654045,33.999575040904354,730.26,708.35,31.19,15:22:00,1,panel_soiling,2.2871169193496006,0.04403190513164396
315.7071805736029,33.96219114969371,722.53,700.85,30.86,15:23:00,1,panel_soiling,2.2886080661429613,0.0440322465577513
312.1444463512488,33.92417893265871,714.84,693.39,30.53,15:24:00,1,panel_soiling,2.2900936036376165,0.04403005523587015
223.15798323202617,33.88554246611767,517.28,501.76,22.1,15:25:00,1,panel_soiling,2.3179990807775113,0.04404496173469388
305.0882168576265,33.8462858875277,699.58,678.59,29.88,15:26:00,1,panel_soiling,2.2930416887469254,0.044032479111098005
301.59497700736904,33.806413394746755,692.01,671.25,29.56,15:27:00,1,panel_soiling,2.2945010784549362,0.04403724394785847
201.22770126744305,33.765929245285975,468.05,454.01,19.99,15:28:00,1,panel_soiling,2.3259720061003675,0.04402986718354221
294.67884590436734,33.72483775555253,677.01,656.7,28.92,15:29:00,1,panel_soiling,2.2974502900683658,0.044038373686614896
291.2561784173827,33.68314330008322,669.58,649.49,28.6,15:30:00,1,panel_soiling,2.298938356049096,0.04403455018553019
210.93772254664492,33.64085031076892,490.26,475.55,20.94,15:31:00,1,panel_soiling,2.3241931034482852,0.04403322468720429
284.48216002511856,33.597963276070104,654.84,635.2,27.97,15:32:00,1,panel_soiling,2.301866661664058,0.044033375314861456
281.1310018725534,33.55448674022373,647.54,628.11,27.66,15:33:00,1,panel_soiling,2.3033389974313567,0.04403687252232889
277.80386443612605,33.51042530244154,640.28,621.07,27.35,15:34:00,1,panel_soiling,2.3047915524847427,0.04403690405268327
136.52418683753447,33.46578361610004,320.69,311.07,13.7,15:35:00,1,panel_soiling,2.3489610700382726,0.04404153405985791
271.2219815757197,33.42056638792236,625.91,607.13,26.74,15:36:00,1,panel_soiling,2.3077406792902533,0.044043285622519066
267.9673886457455,33.374778377152225,618.79,600.22,26.43,15:37:00,1,panel_soiling,2.3091989033712013,0.044033854253440405
160.21163203605877,33.32842439472019,375.37,364.11,16.03,15:38:00,1,panel_soiling,2.3429634617011805,0.04402515723270441
261.5312441536507,33.28150930240228,604.69,586.55,25.83,15:39:00,1,panel_soiling,2.312113804822273,0.04403716648197085
258.3498157747585,33.23403801197147,597.71,579.78,25.53,15:40:00,1,panel_soiling,2.3135685164223676,0.04403394390975888
255.19289077620945,33.18601548434195,590.77,573.05,25.24,15:41:00,1,panel_soiling,2.3149939569361817,0.04404502224936742
252.0605188384195,33.13744672870651,583.89,566.37,24.94,15:42:00,1,panel_soiling,2.3164675003081143,0.04403481822836662
90.16408658968952,33.088336801667275,213.42,207.02,9.12,15:43:00,1,panel_soiling,2.3670178235289203,0.04405371461694522
245.8696095091884,33.03869080635995,570.26,553.15,24.36,15:44:00,1,panel_soiling,2.3193594407148104,0.04403868751694839
172.6901394607336,32.9885138915718,404.52,392.39,17.28,15:45:00,1,panel_soiling,2.342461481953809,0.044037819516297566
239.77739246993136,32.93781125085355,556.82,540.11,23.78,15:46:00,1,panel_soiling,2.3222372812725727,0.04402806835644591
236.76836888360117,32.88658812162553,550.17,533.67,23.5,15:47:00,1,panel_soiling,2.3236634293429272,0.04403470309367212
233.7840998256305,32.83484978427811,543.57,527.27,23.22,15:48:00,1,panel_soiling,2.3250939666359924,0.044038158818062854
230.8246032304092,32.7826015612668,537.02,520.91,22.94,15:49:00,1,panel_soiling,2.3265284223794223,0.044038317559655225
227.8898926976059,32.729848816202086,530.52,514.61,22.66,15:50:00,1,panel_soiling,2.3279663425177146,0.04403334564038786
149.5442045809932,32.6765969529344,351.84,341.28,15.03,15:51:00,1,panel_soiling,2.3527491485599046,0.04404008438818566
161.34059611017852,32.622851414634226,379.09,367.72,16.19,15:52:00,1,panel_soiling,2.3496256313638613,0.044028064831937344
175.25422210971175,32.56861768286774,411.12,398.79,17.56,15:53:00,1,panel_soiling,2.3458493327631946,0.04403320043130469
122.98074751141566,32.513901276668136,290.55,281.83,12.41,15:54:00,1,panel_soiling,2.362564920765584,0.04403363729908101
113.1817001223639,32.4587077516028,267.8,259.77,11.44,15:55:00,1,panel_soiling,2.366106885746317,0.044038957539361746
210.8023653958601,32.403042698836664,492.54,477.76,21.04,15:56:00,1,panel_soiling,2.336501296250032,0.04403884795713329
208.04118499339097,32.346911744191885,486.38,471.79,20.78,15:57:00,1,panel_soiling,2.337902468760939,0.044045020030098136
205.30474972898148,32.290320547204075,480.27,465.86,20.52,15:58:00,1,panel_soiling,2.339302917414207,0.04404756793886575
106.70444984623026,32.23327480017535,252.93,245.34,10.8,15:59:00,1,panel_soiling,2.3703791206879616,0.04402054292002935
87.13248300211886,32.17578022722432,207.11,200.9,8.85,16:00:00,1,panel_soiling,2.3769551017496378,0.044051767048282724
87.2621466260461,32.11784258333339,207.47,201.24,8.86,16:01:00,1,panel_soiling,2.3775486625271047,0.04402703239912542
194.6059430435316,32.05946765339344,456.33,442.64,19.49,16:02:00,1,panel_soiling,2.3448924162502225,0.044031266943791794
145.38441296234876,32.000661251246214,343.21,332.91,14.66,16:03:00,1,panel_soiling,2.360706990569089,0.04403592562554444
82.30639456557218,31.941429218724565,195.96,190.08,8.37,16:04:00,1,panel_soiling,2.380859968831241,0.044034090909090905
186.8401618793976,31.88177742469085,438.9,425.73,18.75,16:05:00,1,panel_soiling,2.3490666866543557,0.044041998449721655
184.3005472659217,31.82171176407356,433.19,420.19,18.5,16:06:00,1,panel_soiling,2.350454225048845,0.044027701753968446
104.70294723233512,31.7612381569027,248.74,241.28,10.63,16:07:00,1,panel_soiling,2.375673336568527,0.0440566976127321
111.81659736057011,31.700362547343687,265.46,257.5,11.34,16:08:00,1,panel_soiling,2.3740661607147877,0.04403883495145631
105.53600593264903,31.63909090273038,250.82,243.29,10.71,16:09:00,1,panel_soiling,2.376629642020642,0.044021538082124216
174.3855817108377,31.57742921259732,410.84,398.52,17.55,16:10:00,1,panel_soiling,2.3559287182425765,0.0440379403794038
171.96741349836844,31.515383487711347,405.38,393.22,17.32,16:11:00,1,panel_soiling,2.357307072039239,0.04404658969533594
169.57334341457016,31.45295975910289,399.96,387.97,17.08,16:12:00,1,panel_soiling,2.3586254298364824,0.04402402247596463
167.20330048979918,31.39016407709705,394.6,382.76,16.86,16:13:00,1,panel_soiling,2.3600012610042587,0.04404848991535166
164.85721076242797,31.32700251034484,389.29,377.61,16.63,16:14:00,1,panel_soiling,2.3613768436310445,0.044040147241863295
89.26513613895735,31.26348114485468,212.93,206.54,9.1,16:15:00,1,panel_soiling,2.3853657677565843,0.04405926212840128
75.94921135649078,31.1996060830244,181.53,176.08,7.75,16:16:00,1,panel_soiling,2.3901499009375304,0.04401408450704225
157.96187748999043,31.13538344267389,373.64,362.43,15.96,16:17:00,1,panel_soiling,2.365380849715948,0.04403608972767155
114.2161148793821,31.0708193560788,271.78,263.63,11.61,16:18:00,1,panel_soiling,2.379524117827096,0.04403899404468384
153.4832693178243,31.005919969005276,363.46,352.55,15.53,16:19:00,1,panel_soiling,2.3680756972108012,0.04405048929229896
87.63585547036843,30.940691439746114,209.37,203.09,8.94,16:20:00,1,panel_soiling,2.3890906168057264,0.0440198926584273
149.09845796625473,30.8751399381584,353.47,342.86,15.1,16:21:00,1,panel_soiling,2.3707153301344035,0.0440412996558362
146.9409913433994,30.80927164470293,348.55,338.09,14.89,16:22:00,1,panel_soiling,2.3720406185734975,0.0440415274039457
144.8066872102384,30.74309274948573,343.68,333.37,14.68,16:23:00,1,panel_soiling,2.3733710550330196,0.04403515613282539
142.69544487718858,30.676609451301527,338.85,328.69,14.47,16:24:00,1,panel_soiling,2.3746378189691524,0.04402324378593812
140.60716129913294,30.60982795667975,334.08,324.06,14.27,16:25:00,1,panel_soiling,2.375981400330426,0.044035055236684564
138.54173113252622,30.54275447893308,329.35,319.47,14.07,16:26:00,1,panel_soiling,2.377262051713144,0.04404169405577988
136.49904679230104,30.475395237208787,324.67,314.93,13.87,16:27:00,1,panel_soiling,2.3785514084506585,0.044041533039088046
134.4789985085567,30.40775645554301,320.04,310.44,13.67,16:28:00,1,panel_soiling,2.3798511555663935,0.04403427393377142
88.8642170702237,30.33984436191824,212.8,206.41,9.09,16:29:00,1,panel_soiling,2.3946646582373847,0.044038564023060896
130.50636044524276,30.27166518732416,310.92,301.6,13.28,16:30:00,1,panel_soiling,2.3824126191187007,0.04403183023872678
128.55354070858536,30.203225164822104,306.44,297.24,13.09,16:31:00,1,panel_soiling,2.383753868706431,0.044038487417575024
126.62289722585932,30.134530528613208,301.99,292.94,12.9,16:32:00,1,panel_soiling,2.384955696135554,0.044036321431009766
85.59028692438717,30.0655875131105,205.28,199.12,8.77,16:33:00,1,panel_soiling,2.398402989130648,0.04404379268782643
75.12622762766699,29.99640235201517,180.48,175.06,7.71,16:34:00,1,panel_soiling,2.4023567494228075,0.04404204272820747
71.13934506197049,29.926981277397232,171.03,165.9,7.31,16:35:00,1,panel_soiling,2.4041548295252557,0.04406268836648583
117.29806518457382,29.78745630223245,280.5,272.08,11.98,16:37:00,1,panel_soiling,2.391343792061877,0.0440311673037342
115.49789948349613,29.717364849458757,276.34,268.05,11.8,16:38:00,1,panel_soiling,2.392597625028558,0.04402163775415035
113.71903412331255,29.647062376903115,272.22,264.06,11.63,16:39:00,1,panel_soiling,2.3937945138086127,0.04404302052563812
111.96133743915452,29.57655509485214,268.15,260.11,11.45,16:40:00,1,panel_soiling,2.395023194017545,0.044019837760947284
110.22467629201688,29.505849206545573,264.13,256.21,11.28,16:41:00,1,panel_soiling,2.3962873730764573,0.04402638460637758
108.50891612093956,29.43495090729228,260.15,252.35,11.11,16:42:00,1,panel_soiling,2.3974988351192037,0.04402615415098078
106.81392099477476,29.363866383591848,256.22,248.53,10.94,16:43:00,1,panel_soiling,2.3987510018711333,0.04401883072466101
105.13955366352528,29.29260181226213,252.33,244.76,10.78,16:44:00,1,panel_soiling,2.399953121424917,0.044043144304624936
103.4856756092472,29.22116335957281,248.49,241.03,10.61,16:45:00,1,panel_soiling,2.4012018913446185,0.044019416670124045
101.852147096507,29.149557180385223,244.69,237.35,10.45,16:46:00,1,panel_soiling,2.4024039450847434,0.04402780703602275
67.33334659542365,29.07778941729872,162.53,157.65,6.94,16:47:00,1,panel_soiling,2.4138114057596307,0.044021566761814145
97.0722442375736,28.933793643439145,233.56,226.55,9.98,16:49:00,1,panel_soiling,2.4060430644663753,0.04405208563231075
95.5186939270232,28.861577848963,229.93,223.04,9.82,16:50:00,1,panel_soiling,2.4071727799761145,0.04402797704447633
93.98477795201772,28.789224901521514,226.35,219.56,9.67,16:51:00,1,panel_soiling,2.408368726641659,0.04404263071597741
90.97526410315751,28.644131805368968,219.32,212.74,9.37,16:53:00,1,panel_soiling,2.4107651916383714,0.04404437341355645
64.28889931987173,28.571403741561912,155.56,150.9,6.64,16:54:00,1,panel_soiling,2.419702338128479,0.0440026507620941
88.04252438313208,28.49856269299567,212.46,206.08,9.08,16:55:00,1,panel_soiling,2.4131520704182,0.04406055900621118
86.60457312499368,28.425614654622212,209.09,202.82,8.93,16:56:00,1,panel_soiling,2.414306686763838,0.044029188442954344
85.18536792028425,28.35256560097878,205.76,199.59,8.79,16:57:00,1,panel_soiling,2.4154382967805983,0.044040282579287535
83.78475818446128,28.27942148541428,202.48,196.4,8.65,16:58:00,1,panel_soiling,2.416668668473306,0.04404276985743381
82.40259272681331,28.206188239323865,199.23,193.25,8.51,16:59:00,1,panel_soiling,2.417763730572178,0.044036222509702454
81.03871979379159,28.132871771391628,196.03,190.14,8.37,17:00:00,1,panel_soiling,2.4189671369292527,0.04402019564531398
79.69298711178352,28.05947796684169,192.86,187.08,8.24,17:01:00,1,panel_soiling,2.4200372829478676,0.04404532820183878
78.36524192932377,27.98601268669784,189.74,184.05,8.1,17:02:00,1,panel_soiling,2.421226494408365,0.04400977995110024
77.05533105873755,27.91248176705171,186.65,181.05,7.97,17:03:00,1,panel_soiling,2.4222853556715096,0.044020988677161
75.76310091721031,27.8388910183397,183.61,178.1,7.84,17:04:00,1,panel_soiling,2.4234752508432673,0.044020213363279055
53.50446978297422,27.76524622462867,130.07,126.17,5.56,17:05:00,1,panel_soiling,2.4310118486846473,0.04406752793849568
71.99095395804333,27.617817502406385,174.71,169.47,7.46,17:07:00,1,panel_soiling,2.426832683753876,0.04401959048799198
70.76790440688767,27.54404500387857,171.82,166.66,7.34,17:08:00,1,panel_soiling,2.427936808925448,0.04404176167046682
66.04323722972256,27.24869941104053,160.64,155.82,6.86,17:12:00,1,panel_soiling,2.432345940905883,0.04402515723270441
64.90317680702064,27.1748270908638,157.93,153.2,6.75,17:13:00,1,panel_soiling,2.433316946404333,0.044060052219321154
63.77924817153577,27.10095148230999,155.27,150.61,6.63,17:14:00,1,panel_soiling,2.4344909112505957,0.04402098134254033
62.67129593738092,27.027078068481284,152.64,148.06,6.52,17:15:00,1,panel_soiling,2.4355647624155212,0.04403620153991625
59.44174476164133,26.80552531854628,144.96,140.61,6.19,17:18:00,1,panel_soiling,2.438690192915483,0.04402247350828533
58.3961458081454,26.73171483338625,142.47,138.2,6.09,17:19:00,1,panel_soiling,2.4397158070683416,0.04406657018813314
57.36574776278544,26.65793344237097,140.02,135.82,5.98,17:20:00,1,panel_soiling,2.4408293356342234,0.04402886172875865
54.3642144571147,26.43681637432624,132.86,128.88,5.68,17:23:00,1,panel_soiling,2.443887055607266,0.04407200496585972
53.39307675917541,26.36320371253296,130.55,126.63,5.58,17:24:00,1,panel_soiling,2.4450735549261164,0.04406538734896944
52.43636976207345,26.28964613186353,128.26,124.41,5.48,17:25:00,1,panel_soiling,2.446012196915447,0.04404790611687164
50.56563593603186,26.142716502100985,123.79,120.07,5.29,17:27:00,1,panel_soiling,2.448105273640793,0.04405763304738903
50.5470158956396,15.276950573404584,129.18,125.3,5.52,06:29:00,2,panel_soiling,2.5556404806706623,0.04405426975259377
51.48357031913165,15.281924043789871,131.56,127.61,5.62,06:30:00,2,panel_soiling,2.555378331077233,0.044040435702531154
52.43456041844695,15.286976183889994,133.97,129.95,5.72,06:31:00,2,panel_soiling,2.554994242935775,0.044016929588303194
53.40014605857218,15.292108025379598,136.42,132.32,5.83,06:32:00,2,panel_soiling,2.554674660446942,0.044059854897218864
54.38048759461756,15.297320609454555,138.9,134.73,5.93,06:33:00,2,panel_soiling,2.554224982965176,0.04401395383359311
55.375745844832096,15.302614986846384,141.42,137.18,6.04,06:34:00,2,panel_soiling,2.553825647717175,0.04402974194488992
56.38608206299292,15.307992217835125,143.98,139.66,6.15,06:35:00,2,panel_soiling,2.55346700342027,0.04403551482170987
57.41165791016618,15.313453372260708,146.58,142.18,6.26,06:36:00,2,panel_soiling,2.553139995179347,0.044028696019130675
58.45263542583764,15.318999529532691,149.22,144.74,6.37,06:37:00,2,panel_soiling,2.552836136692662,0.04400994887384275
59.50917699841117,15.324631778638391,151.89,147.33,6.49,06:38:00,2,panel_soiling,2.552379442317868,0.044050770379420345
60.581445335073575,15.330351218149382,154.6,149.96,6.6,06:39:00,2,panel_soiling,2.5519364740295236,0.04401173646305681
61.66960343102442,15.3361589562263,157.36,152.64,6.72,06:40:00,2,panel_soiling,2.551662265446581,0.04402515723270441
62.77381453806956,15.34205611062194,160.15,155.34,6.84,06:41:00,2,panel_soiling,2.5512230088053047,0.0440324449594438
52.384526094139794,15.360295393147789,133.8,129.79,5.72,06:44:00,2,panel_soiling,2.5541893756860405,0.04407119192541798
67.35446128225234,15.3665615821998,171.72,166.57,7.34,06:45:00,2,panel_soiling,2.5494970449009826,0.04406555802365372
68.54139292433088,15.37292292020198,174.72,169.48,7.46,06:46:00,2,panel_soiling,2.549116563663791,0.044016993155534576
69.74536063799518,15.379380582425629,177.76,172.42,7.59,06:47:00,2,panel_soiling,2.5486999905648444,0.04402041526505046
72.20506072293529,15.39258962842792,183.96,178.44,7.86,06:49:00,2,panel_soiling,2.5477438583687357,0.04404841963685273
73.46112123449491,15.39934341051752,187.13,181.52,7.99,06:50:00,2,panel_soiling,2.5473338393878193,0.044017188188629354
74.73487402328965,15.406198313421132,190.34,184.63,8.13,06:51:00,2,panel_soiling,2.546869884877096,0.04403401397389374
76.02648290864435,15.41315556009024,193.59,187.79,8.27,06:52:00,2,panel_soiling,2.546349542864207,0.04403855370360509
57.178122310940665,15.434653734343454,145.92,141.54,6.23,06:55:00,2,panel_soiling,2.552025042138873,0.04401582591493571
81.37474901598411,15.442032774943156,207.05,200.84,8.84,06:56:00,2,panel_soiling,2.5444010888356785,0.04401513642700657
82.75808832376019,15.449520415866404,210.53,204.22,8.99,06:57:00,2,panel_soiling,2.5439205310830744,0.04402115365782
84.16026166459592,15.457117936600904,214.06,207.63,9.14,06:58:00,2,panel_soiling,2.5434806851372898,0.044020613591484854
87.02175708387192,15.472647782020871,221.24,214.61,9.45,07:00:00,2,panel_soiling,2.542352710561429,0.04403336284422906
88.48140128589239,15.48058271213996,224.91,218.16,9.61,07:01:00,2,panel_soiling,2.541890123024758,0.04405023835716905
89.96052367957914,15.488632732859948,228.62,221.76,9.77,07:02:00,2,panel_soiling,2.5413369181164103,0.04405663780663781
91.45928393079896,15.496799169893915,232.38,225.41,9.93,07:03:00,2,panel_soiling,2.5408027486397793,0.04405305887050264
92.97784106526962,15.50508335807524,236.19,229.1,10.09,07:04:00,2,panel_soiling,2.5402826877233764,0.04404190309908337
94.51635342221437,15.513486641310353,240.04,232.84,10.25,07:05:00,2,panel_soiling,2.539666325548092,0.044021645765332414
96.07497860743828,15.522010372528994,243.94,236.63,10.42,07:06:00,2,panel_soiling,2.5390585929426766,0.044034991336685966
53.30113370130861,15.530655913631977,136.04,131.96,5.81,07:07:00,2,panel_soiling,2.552290928038179,0.04402849348287359
99.253193933312,15.53942463543638,251.9,244.34,10.76,07:08:00,2,panel_soiling,2.5379535913902282,0.04403699762625849
102.5137314020418,15.557337148652302,260.05,252.25,11.11,07:10:00,2,panel_soiling,2.536733337508974,0.04404360753221011
70.79260321205693,15.566483725749949,180.27,174.86,7.7,07:11:00,2,panel_soiling,2.546452479788137,0.044035228182546036
105.85782054015355,15.57575905479338,268.41,260.36,11.47,07:12:00,2,panel_soiling,2.5355708121554215,0.04405438623444462
84.16182404543956,15.585164550267931,213.95,207.53,9.14,07:13:00,2,panel_soiling,2.5421264620463417,0.04404182527827302
80.18939221651294,15.594701635191306,203.95,197.83,8.71,07:14:00,2,panel_soiling,2.5433538571951133,0.04402770055097811
111.03326237739638,15.604371741040149,281.32,272.88,12.02,07:15:00,2,panel_soiling,2.5336551766245297,0.04404866608032835
112.801488137625,15.614176307673812,285.73,277.16,12.21,07:16:00,2,panel_soiling,2.5330339583055075,0.044053976042719004
70.69925122624373,15.624116783255335,180.0,174.6,7.69,07:17:00,2,panel_soiling,2.5459958468864743,0.044043528064146624
116.40343692500235,15.634194624169574,294.7,285.86,12.59,07:18:00,2,panel_soiling,2.5317121881020785,0.04404253830546421
118.23744844675464,15.644411294938472,299.26,290.29,12.78,07:19:00,2,panel_soiling,2.5310086096349114,0.04402494057666471
120.09367467476952,15.654768268133438,303.88,294.76,12.98,07:20:00,2,panel_soiling,2.5303580794155027,0.0440358257565477
121.97225621129948,15.665267024284812,308.55,299.29,13.18,07:21:00,2,panel_soiling,2.5296736289396935,0.044037555548130575
123.87333210182685,15.67590905178838,313.27,303.88,13.38,07:22:00,2,panel_soiling,2.528954333306256,0.04403053837040938
127.74351500933464,15.697628913180738,322.88,313.19,13.79,07:24:00,2,panel_soiling,2.5275647063289757,0.044030780037676805
129.712891831563,15.70870976230524,327.77,317.93,14.0,07:25:00,2,panel_soiling,2.5268883868969745,0.04403485043877583
131.7053025051915,15.719939913045357,332.7,322.72,14.21,07:26:00,2,panel_soiling,2.526094194171763,0.0440319781854239
133.7208774507321,15.731320891616978,337.7,327.57,14.42,07:27:00,2,panel_soiling,2.5254096924724534,0.04402112525567054
105.821872523607,15.742854231477262,268.14,260.1,11.45,07:28:00,2,panel_soiling,2.533880695979772,0.04402153018069972
137.8220323020329,15.754541473209818,347.85,337.41,14.86,07:29:00,2,panel_soiling,2.523907057455785,0.04404137399602857
139.90786333741968,15.766384164406752,353.01,342.42,15.08,07:30:00,2,panel_soiling,2.523160539937887,0.04403948367501898
75.54785422181907,15.77838385954754,192.11,186.35,8.21,07:31:00,2,panel_soiling,2.5428915483944547,0.04405688221089349
144.15064501088847,15.790542119874722,363.49,352.58,15.53,07:32:00,2,panel_soiling,2.5215981515208874,0.04404674116512564
146.3078341789939,15.802860513266362,368.81,357.75,15.75,07:33:00,2,panel_soiling,2.520780941564589,0.0440251572327044
148.48904421479958,15.815340614105295,374.19,362.97,15.98,07:34:00,2,panel_soiling,2.5199838949647257,0.044025677053199985
150.69438873416786,15.827984003145117,379.63,368.24,16.22,07:35:00,2,panel_soiling,2.5192046179614924,0.04404736041711926
66.27352275294048,15.840792267372862,168.68,163.62,7.21,07:36:00,2,panel_soiling,2.5452095043871177,0.0440655176628774
155.17792379107715,15.853766999868451,390.67,378.95,16.69,07:37:00,2,panel_soiling,2.5175617153247662,0.04404274970312707
57.20302363472733,15.866909799660766,145.74,141.37,6.23,07:38:00,2,panel_soiling,2.5477674210130887,0.044068755747329706
91.38667054023033,15.880222271580395,231.85,224.89,9.9,07:39:00,2,panel_soiling,2.537022069295486,0.04402152163279826
162.086936066371,15.893706026109076,407.65,395.42,17.41,07:40:00,2,panel_soiling,2.5150083646042662,0.044029133579485104
164.4393366405153,15.907362679225688,413.42,401.02,17.66,07:41:00,2,panel_soiling,2.514118631503526,0.04403770385516932
60.9947974790895,15.921193852248924,155.29,150.63,6.63,07:42:00,2,panel_soiling,2.5459548423492544,0.04401513642700657
169.21881117792267,15.935201171676532,425.14,412.39,18.16,07:43:00,2,panel_soiling,2.512368436113126,0.04403598535367007
171.64606825879972,15.949386269021115,431.09,418.16,18.41,07:44:00,2,panel_soiling,2.5115052408309353,0.044026210063133724
174.09845581017143,15.963750780642536,437.09,423.98,18.67,07:45:00,2,panel_soiling,2.510590906541881,0.04403509599509411
176.5760580748125,15.978296347576832,443.15,429.86,18.93,07:46:00,2,panel_soiling,2.509683389875225,0.04403759363513702
142.1927674189689,15.993024615361694,358.35,347.6,15.31,07:47:00,2,panel_soiling,2.5201703750805198,0.04404487917146145
181.607228469248,16.007937233858442,455.44,441.78,19.45,07:48:00,2,panel_soiling,2.507829692897498,0.04402643849880031
184.1609496545881,16.023035857070532,461.67,447.82,19.72,07:49:00,2,panel_soiling,2.5068832500370317,0.04403554999776696
186.74019154146583,16.038322142958545,467.96,453.92,19.99,07:50:00,2,panel_soiling,2.505941523017497,0.04403859710962284
189.345022574224,16.053797753251676,474.31,460.08,20.26,07:51:00,2,panel_soiling,2.5050037944043053,0.04403581985741611
100.18629533045628,16.06946435325567,253.71,246.1,10.84,07:52:00,2,panel_soiling,2.5323822900443456,0.04404713531084925
110.32446935673924,16.08532361165726,279.02,270.65,11.92,07:53:00,2,panel_soiling,2.5290853572816743,0.044042120820247554
197.3136844672312,16.101377200325047,493.69,478.88,21.09,07:54:00,2,panel_soiling,2.5020565671003387,0.04404026060808553
64.46343683345034,16.11762679410681,163.93,159.01,7.0,07:55:00,2,panel_soiling,2.5429919354677666,0.044022388529023335
202.75517298779687,16.134074070623296,506.9,491.69,21.65,07:56:00,2,panel_soiling,2.5000595177441345,0.044031808659928
205.5147846956212,16.150720710058412,513.59,498.18,21.94,07:57:00,2,panel_soiling,2.499041617665879,0.044040306716447875
208.30036761340395,16.167568394945864,520.33,504.72,22.23,07:58:00,2,panel_soiling,2.4979792688878444,0.04404422253922967
211.11196172807217,16.18461880995222,527.14,511.32,22.52,07:59:00,2,panel_soiling,2.496968886485908,0.04404286943596965
213.9496031970287,16.201873641656377,534.0,517.98,22.81,08:00:00,2,panel_soiling,2.495914888461995,0.04403644928375613
216.81332428836356,16.219334578325487,540.92,524.69,23.11,08:01:00,2,panel_soiling,2.494865118531976,0.04404505517543692
219.7031533213485,16.237003309687246,547.89,531.46,23.4,08:02:00,2,panel_soiling,2.493773947789586,0.04402965416023783
222.6191146072394,16.254881526698643,554.92,538.28,23.7,08:03:00,2,panel_soiling,2.4926880199799086,0.04402912982091105
225.56122839040964,16.2729709213111,562.01,545.15,24.01,08:04:00,2,panel_soiling,2.4916072855714924,0.044042923965880956
178.7473037452816,16.291273186232033,447.93,434.49,19.13,08:05:00,2,panel_soiling,2.5059398973553693,0.04402863126884393
156.6790123319304,16.309790014682832,393.67,381.86,16.82,08:06:00,2,panel_soiling,2.5125892366872677,0.04404755669617137
234.5446249380645,16.32852310015326,583.61,566.11,24.93,08:07:00,2,panel_soiling,2.4882684911415565,0.04403737789475543
83.58772539226851,16.34747413615227,211.88,205.52,9.05,08:08:00,2,panel_soiling,2.534821937140521,0.04403464383028416
240.6645012972712,16.366644815955276,598.3,580.35,25.56,08:09:00,2,panel_soiling,2.4860334481194375,0.044042388214008785
189.65188465590305,16.386036832347802,474.43,460.2,20.27,08:10:00,2,panel_soiling,2.501583366075097,0.04404606692742286
246.8891144304704,16.405651877365635,613.2,594.8,26.19,08:11:00,2,panel_soiling,2.4837061018852293,0.044031607262945534
147.04591875805542,16.425491642031385,369.73,358.64,15.79,08:12:00,2,panel_soiling,2.5143846434006902,0.044027436984162394
138.78929318345155,16.44555781608751,349.3,338.82,14.92,08:13:00,2,panel_soiling,2.516764744513077,0.04403518092202349
256.4221836023279,16.465852087725818,635.97,616.89,27.17,08:14:00,2,panel_soiling,2.4801676324006876,0.04404350856716757
259.6520901223157,16.48637614331343,643.67,624.36,27.49,08:15:00,2,panel_soiling,2.478970994212998,0.04402908578384265
262.908053987616,16.50713166711524,651.42,631.88,27.83,08:16:00,2,panel_soiling,2.477748361526743,0.04404317275432044
266.19003741194416,16.52812034101288,659.22,639.45,28.16,08:17:00,2,panel_soiling,2.476501398810128,0.04403784502306669
269.49799776666725,16.549343844220196,667.08,647.07,28.49,08:18:00,2,panel_soiling,2.4752688536764613,0.04402923949495417
272.83188752989986,16.570803852995247,675.0,654.75,28.83,08:19:00,2,panel_soiling,2.4740509846966705,0.044032073310423823
276.19165423633746,16.592502040348855,682.96,662.47,29.17,08:20:00,2,panel_soiling,2.4727756596714197,0.044032182589400275
150.53489800936882,16.61444007574974,378.06,366.72,16.15,08:21:00,2,panel_soiling,2.5114442232290264,0.04403904886561954
282.988583604866,16.63661962482621,699.05,678.08,29.86,08:22:00,2,panel_soiling,2.4702409938065775,0.044036101934874936
180.763297884912,16.659042349064453,452.21,438.64,19.32,08:23:00,2,panel_soiling,2.501669339358436,0.04404523071311326
289.8882654239053,16.681709905503467,715.35,693.89,30.56,08:24:00,2,panel_soiling,2.4676749124492487,0.04404156278372653
166.00107886983722,16.70462394642665,415.96,403.48,17.77,08:25:00,2,panel_soiling,2.5057668470104195,0.044041836026568845
93.92058895476988,16.727786119050002,237.42,230.29,10.14,08:26:00,2,panel_soiling,2.5278802299071645,0.04403143862086934
300.4291079344341,16.751198065207085,740.17,717.97,31.62,08:27:00,2,panel_soiling,2.463709342576536,0.04404083736089252
303.9933922971608,16.774861421030653,748.55,726.09,31.97,08:28:00,2,panel_soiling,2.4623890484707456,0.0440303543637841
307.5828510814198,16.798777816631056,756.97,734.26,32.33,08:29:00,2,panel_soiling,2.461027971288372,0.04403072481137472
311.197379808916,16.82294887577139,765.44,742.48,32.7,08:30:00,2,panel_soiling,2.459660812279338,0.0440415903458679
314.8368685620733,16.847376215539494,773.97,750.75,33.06,08:31:00,2,panel_soiling,2.4583207282389927,0.04403596403596404
318.5012019447187,16.872061446016712,782.54,759.06,33.43,08:32:00,2,panel_soiling,2.4569452021591527,0.04404131425710748
322.19025904383943,16.897006169943573,791.15,767.42,33.79,08:33:00,2,panel_soiling,2.4555366830390444,0.04403064814573506
181.0750563936495,16.92221198238236,452.5,438.92,19.33,08:34:00,2,panel_soiling,2.498963739192681,0.04403991615784197
329.6420329335005,16.947680470376586,808.52,784.27,34.54,08:35:00,2,panel_soiling,2.452721192151805,0.04404095528325704
333.4044799851359,16.97341321260745,817.28,792.76,34.91,08:36:00,2,panel_soiling,2.4513167910534275,0.04403602603562238
337.19111120685653,16.999411779047307,826.08,801.3,35.29,08:37:00,2,panel_soiling,2.4498866445302734,0.04404093348308998
341.00177756708075,17.025677730610155,834.93,809.88,35.66,08:38:00,2,panel_soiling,2.448462309953077,0.04403121450091371
344.8363243118452,17.052212618799224,843.81,818.5,36.04,08:39:00,2,panel_soiling,2.446986992115479,0.04403176542455711
348.6945909347678,17.07901798535167,852.75,827.16,36.43,08:40:00,2,panel_soiling,2.4455498369331705,0.04404226509985976
352.5764111482794,17.106095361880442,861.72,835.87,36.81,08:41:00,2,panel_soiling,2.4440659464242924,0.04403794848481223
356.4816128561504,17.133446269513335,870.74,844.62,37.19,08:42:00,2,panel_soiling,2.442594424502243,0.0440316355284033
360.4100181273354,17.161072218529338,879.8,853.4,37.58,08:43:00,2,panel_soiling,2.4411086144923986,0.04403562221701429
364.3614431711594,17.1889747079922,888.9,862.23,37.97,08:44:00,2,panel_soiling,2.439610492986322,0.04403697389327673
368.3356983138684,17.21715522538143,898.04,871.1,38.36,08:45:00,2,panel_soiling,2.4381019925870904,0.04403627597290782
372.3325879765681,17.2456152462206,907.22,880.0,38.75,08:46:00,2,panel_soiling,2.436585003021798,0.04403409090909091
376.3519106545725,17.274356233703152,916.44,888.94,39.15,08:47:00,2,panel_soiling,2.4350613722302508,0.04404121762998627
120.08492000497786,17.303379638315675,301.9,292.84,12.9,08:48:00,2,panel_soiling,2.51405422085875,0.04405135910394755
384.4570192949337,17.332686897458707,934.99,906.94,39.94,08:49:00,2,panel_soiling,2.431975365451004,0.044038194367874386
217.9109834514201,17.362279435065155,541.12,524.88,23.11,08:50:00,2,panel_soiling,2.483215813307705,0.04402911141594269
392.6492929878502,17.39215866121636,953.68,925.07,40.74,08:51:00,2,panel_soiling,2.428834119992952,0.04403991049325997
396.7775495061167,17.42232597175586,963.08,934.19,41.14,08:52:00,2,panel_soiling,2.427254266776889,0.044038150697395605
222.09993163193667,17.452782747900947,551.03,534.5,23.54,08:53:00,2,panel_soiling,2.4810003134677467,0.04404115996258185
405.09711481923387,17.483530355851993,981.99,952.53,41.95,08:54:00,2,panel_soiling,2.424085396012244,0.04404060764490358
409.2879306956493,17.514570146399727,991.49,961.75,42.35,08:55:00,2,panel_soiling,2.422475537734051,0.04403431245126072
201.85836085914028,17.545903454530396,501.89,486.83,21.44,08:56:00,2,panel_soiling,2.4863473470401662,0.04404001396791488
417.7303512695447,17.577531599028966,1010.59,980.28,43.17,08:57:00,2,panel_soiling,2.419240059834452,0.044038437997306897
421.981426767968,17.6094558820804,1020.19,989.58,43.58,08:58:00,2,panel_soiling,2.417618253518454,0.04403888518361325
222.1819540783892,17.641677588869037,550.81,534.29,23.53,08:59:00,2,panel_soiling,2.479094228353333,0.044039753691815314
160.78043164032593,17.674197987176218,401.59,389.55,17.15,09:00:00,2,panel_soiling,2.497754209905204,0.0440251572327044
434.8508117540167,17.70701832697614,1049.15,1017.68,44.82,09:01:00,2,panel_soiling,2.4126665321564946,0.044041348950554206
142.24815943595277,17.74013984003009,356.03,345.35,15.21,09:02:00,2,panel_soiling,2.5028794847802756,0.04404227595193282
145.20850318703674,17.773563739479062,363.26,352.36,15.52,09:03:00,2,panel_soiling,2.5016441325898153,0.04404586218640027
248.37216514948608,17.80729121943487,613.32,594.92,26.2,09:04:00,2,panel_soiling,2.469358833470189,0.044039534727358304
171.129916974157,17.841323454569793,426.61,413.82,18.22,09:05:00,2,panel_soiling,2.4929013438627687,0.04402880479435503
456.6694713138525,17.875661599704888,1097.95,1065.01,46.9,09:06:00,2,panel_soiling,2.4042553071068298,0.04403714519112496
461.0858934515484,17.91030678939698,1107.78,1074.54,47.32,09:07:00,2,panel_soiling,2.4025458504217005,0.044037448582649324
465.5191276825599,17.945260137524436,1117.63,1084.1,47.74,09:08:00,2,panel_soiling,2.4008250865303182,0.044036527995572367
287.8311943650388,17.980522736871794,706.75,685.55,30.19,09:09:00,2,panel_soiling,2.4554322597281515,0.04403763401648312
474.43469054125023,18.01609565871337,1137.39,1103.27,48.58,09:10:00,2,panel_soiling,2.3973584197699145,0.04403273903940105
216.7200893529861,18.05197995239581,536.76,520.66,22.93,09:11:00,2,panel_soiling,2.4767431648929605,0.04404025659739561
483.41341658960266,18.088176644919827,1157.23,1122.51,49.43,09:12:00,2,panel_soiling,2.3938723260187023,0.04403524244772875
487.9255825903037,18.124686740521053,1167.17,1132.16,49.86,09:13:00,2,panel_soiling,2.392106586835881,0.044039711701526284
492.4524677400251,18.161511220250205,1177.13,1141.82,50.28,09:14:00,2,panel_soiling,2.3903423723351693,0.044034961727767954
496.9937025913232,18.19865104155257,1187.11,1151.49,50.71,09:15:00,2,panel_soiling,2.388581573187775,0.044038593474541685
216.51487592975025,18.23610713784695,535.87,519.79,22.89,09:16:00,2,panel_soiling,2.4749800571387377,0.04403701494834453
506.1177145232164,18.273880418104152,1207.1,1170.88,51.56,09:17:00,2,panel_soiling,2.3850182780840568,0.04403525553429899
510.6997237157387,18.31197176642505,1217.11,1180.59,51.99,09:18:00,2,panel_soiling,2.3832204003256074,0.0440373033822072
341.1329421693309,18.35038204161836,830.76,805.84,35.49,09:19:00,2,panel_soiling,2.4352969101050026,0.044041000694927036
519.9017858329354,18.389112076778268,1237.16,1200.05,52.85,09:20:00,2,panel_soiling,2.379603289913583,0.044039831673680266
524.521036619669,18.428162678861888,1247.2,1209.78,53.27,09:21:00,2,panel_soiling,2.3777883305457332,0.044032799351948294
381.85693556947103,18.46753462826671,924.68,896.94,39.5,09:22:00,2,panel_soiling,2.4215351715977236,0.04403862019756059
228.9908008988764,18.507228678408147,565.25,548.29,24.14,09:23:00,2,panel_soiling,2.4684397704238674,0.04402779550967554
430.0554988146527,18.54724555529725,1034.64,1003.6,44.2,09:24:00,2,panel_soiling,2.405829021723343,0.044041450777202076
353.6634626507778,18.58758595711868,859.07,833.3,36.7,09:25:00,2,panel_soiling,2.4290606486774178,0.04404176167046683
224.4261227823689,18.628250553809035,554.03,537.41,23.67,09:26:00,2,panel_soiling,2.468652013995962,0.04404458420944903
239.55723247089367,18.6692399866357,590.16,572.46,25.21,09:27:00,2,panel_soiling,2.463544907047232,0.04403801138944206
277.22558261622817,18.71055486777617,679.62,659.23,29.03,09:28:00,2,panel_soiling,2.4515053538216156,0.04403622407960803
561.8571698704422,18.752195779898152,1327.68,1287.85,56.71,09:29:00,2,panel_soiling,2.3630204813549813,0.0440346313623481
566.5654404561404,18.794163275740285,1337.75,1297.62,57.14,09:30:00,2,panel_soiling,2.361157078206148,0.04403446309397205
183.90769550525997,18.836457877693896,455.93,442.25,19.48,09:31:00,2,panel_soiling,2.4791240994423744,0.044047484454494065
321.60545746103423,18.8790800773856,783.46,759.96,33.47,09:32:00,2,panel_soiling,2.436090501029275,0.044041791673245956
580.7344250311645,18.922030335261045,1367.92,1326.89,58.43,09:33:00,2,panel_soiling,2.3555001064842886,0.04403530059010166
392.9922267749946,18.96530908016979,948.35,919.9,40.51,09:34:00,2,panel_soiling,2.4131520559132387,0.04403739536906185
590.2125323502627,19.008916708951528,1388.01,1346.37,59.29,09:35:00,2,panel_soiling,2.3517121781078734,0.04403692892741223
594.9597873957861,19.05285358602366,1398.04,1356.1,59.72,09:36:00,2,panel_soiling,2.3498058685939047,0.04403805029127646
449.5040372831367,19.097120042970367,1076.28,1043.99,45.97,09:37:00,2,panel_soiling,2.3943722652752624,0.04403298882173201
604.4682621654476,19.141716378133346,1418.08,1375.53,60.57,09:38:00,2,panel_soiling,2.3459957929302506,0.044033936010119734
609.228492548627,19.18664285620421,1428.08,1385.23,61.0,09:39:00,2,panel_soiling,2.344079466844723,0.044036008460688836
613.9920510382731,19.23189970781872,1438.06,1394.92,61.43,09:40:00,2,panel_soiling,2.342147585735371,0.04403836779170131
296.76293638715595,19.27748712915301,724.05,702.33,30.93,09:41:00,2,panel_soiling,2.4398262425042416,0.044039126906155225
623.5271237015323,19.323405281521804,1457.99,1414.25,62.28,09:42:00,2,panel_soiling,2.338294429510504,0.04403747569383065
628.2976125986437,19.369654290978843,1467.93,1423.89,62.7,09:43:00,2,panel_soiling,2.3363609387733155,0.04403430040241872
633.0693792105562,19.416234247919544,1477.85,1433.52,63.13,09:44:00,2,panel_soiling,2.3344202839867148,0.04403845080640661
637.8419003064287,19.463145206686093,1487.76,1443.12,63.55,09:45:00,2,panel_soiling,2.332490228825134,0.04403653195853429
642.6146485699368,19.51038718517501,1497.64,1452.71,63.97,09:46:00,2,panel_soiling,2.3305413334925085,0.044034941591921305
216.56392528974865,19.55796016444736,533.15,517.16,22.77,09:47:00,2,panel_soiling,2.4618596993321,0.044028927217882284
652.158697430804,19.60586408834165,1517.34,1471.82,64.81,09:48:00,2,panel_soiling,2.3266422819746175,0.04403391719096086
656.9289237597671,19.654098863089672,1527.15,1481.34,65.23,09:49:00,2,panel_soiling,2.3246807147107207,0.044034455290480244
661.6972289023206,19.70266435693516,1536.94,1490.84,65.65,09:50:00,2,panel_soiling,2.3227239481561774,0.044035577258458324
666.4630664545966,19.75156039975567,1546.71,1500.31,66.07,09:51:00,2,panel_soiling,2.320773765046095,0.04403756556978224
671.2258864753419,19.800786782687616,1556.45,1509.75,66.48,09:52:00,2,panel_soiling,2.318817005364673,0.04403378042722305
303.88689939906953,19.850343257754552,739.04,716.87,31.57,09:53:00,2,panel_soiling,2.4319574205450687,0.04403866809881848
426.2004080016991,19.900229537499,1020.17,989.56,43.58,09:54:00,2,panel_soiling,2.393639191438627,0.044039775253648085
685.4906909307166,19.950445294617744,1585.48,1537.92,67.72,09:55:00,2,panel_soiling,2.312912517961891,0.04403349979192676
418.2936502136048,20.00099016160081,1001.85,971.79,42.79,09:56:00,2,panel_soiling,2.3950877559064017,0.044032146863005384
694.9752404481445,20.051863730374297,1604.68,1556.54,68.54,09:57:00,2,panel_soiling,2.308974344129506,0.04403356161743354
699.7082208913271,20.103065551947,1614.23,1565.81,68.95,09:58:00,2,panel_soiling,2.3070044795867974,0.04403471685581265
452.7917835456491,20.154595136061168,1078.95,1046.58,46.09,09:59:00,2,panel_soiling,2.382883345521714,0.04403867836190258
709.152733824181,20.206451950847345,1633.22,1584.23,69.76,10:00:00,2,panel_soiling,2.303058173649968,0.04403401021316349
713.8631145109493,20.258635422483486,1642.66,1593.38,70.17,10:01:00,2,panel_soiling,2.3010854134484138,0.04403845912462815
351.1926242412667,20.31114493485848,847.35,821.93,36.19,10:02:00,2,panel_soiling,2.4127784626190696,0.04403051354738238
723.2572259614238,20.363979829240108,1661.42,1611.58,70.97,10:03:00,2,panel_soiling,2.2971357082419455,0.044037528388289754
527.9619169876125,20.417139403947733,1244.42,1207.09,53.16,10:04:00,2,panel_soiling,2.357026065630407,0.044039798192346886
732.6119124749976,20.470622914029637,1680.02,1629.62,71.76,10:05:00,2,panel_soiling,2.2931923046737728,0.04403480566021527
527.3788784383869,20.52442957094523,1242.58,1205.31,53.08,10:06:00,2,panel_soiling,2.356142899919283,0.04403846313396553
741.922474247493,20.5785585422523,1698.44,1647.49,72.55,10:07:00,2,panel_soiling,2.289241880322699,0.0440366861103861
746.5597311916921,20.63300895129929,1707.58,1656.35,72.94,10:08:00,2,panel_soiling,2.287265075594533,0.044036586470250855
281.0857427252314,20.68777987692284,683.24,662.75,29.19,10:09:00,2,panel_soiling,2.4307173796000208,0.04404375707280272
452.6585787748938,20.74287035315063,1076.02,1043.74,45.96,10:10:00,2,panel_soiling,2.377111691801389,0.04403395481633357
255.7118743258428,20.79827936890971,623.29,604.6,26.62,10:11:00,2,panel_soiling,2.4374699127415878,0.04402911015547469
764.9747246726853,20.8540058677404,1743.67,1691.36,74.48,10:12:00,2,panel_soiling,2.279382499527779,0.044035569009554444
769.5419770495361,20.910048747515837,1752.57,1699.99,74.86,10:13:00,2,panel_soiling,2.2774196239683304,0.04403555315031265
569.5033867181155,20.96640686016739,1331.92,1291.96,56.89,10:14:00,2,panel_soiling,2.3387393842826336,0.04403387101767856
417.6354761514684,21.023079011415977,996.13,966.25,42.55,10:15:00,2,panel_soiling,2.3851661481907316,0.044036222509702454
550.4519446607885,21.080063960509413,1289.99,1251.29,55.1,10:16:00,2,panel_soiling,2.3435106597633073,0.04403455633785933
787.6469935829942,21.137360419965923,1787.61,1733.99,76.36,10:17:00,2,panel_soiling,2.2695573201748527,0.044037162844076376
553.1591636502744,21.194967055323943,1295.24,1256.38,55.33,10:18:00,2,panel_soiling,2.341532211909435,0.044039223801716036
503.4810712143123,21.252882484898308,1186.37,1150.78,50.68,10:19:00,2,panel_soiling,2.356334861087575,0.04403969481569023
801.036688298501,21.31110527954292,1813.31,1758.91,77.46,10:20:00,2,panel_soiling,2.26370405561784,0.04403863756531033
805.460687222985,21.36963396242008,1821.75,1767.1,77.82,10:21:00,2,panel_soiling,2.2617491193529395,0.04403825476769849
506.13149404440463,21.428467008776515,1191.32,1155.58,50.89,10:22:00,2,panel_soiling,2.3537756769103195,0.04403849149344918
814.2462114282512,21.48760284572624,1838.46,1783.3,78.53,10:23:00,2,panel_soiling,2.257867429036235,0.04403633712779678
818.6065289464276,21.54703985204045,1846.72,1791.32,78.88,10:24:00,2,panel_soiling,2.255931188793213,0.04403456668825224
822.944412147965,21.60677635794438,1854.91,1799.26,79.23,10:25:00,2,panel_soiling,2.253991852449067,0.044034769849827154
620.4072534793528,21.66681064492144,1436.9,1393.79,61.38,10:26:00,2,panel_soiling,2.3160593173945223,0.04403819800687335
831.5504650611755,21.727140945524543,1871.11,1814.97,79.93,10:27:00,2,panel_soiling,2.2501460568148994,0.04403929541535122
835.8174313343492,21.787765443194942,1879.1,1822.73,80.27,10:28:00,2,panel_soiling,2.248218246657158,0.044038338097249725
649.2810878044719,21.848682272088453,1496.81,1451.9,63.94,10:29:00,2,panel_soiling,2.3053343584385404,0.04403884565052689
844.2762418632436,21.909889516909374,1894.89,1838.04,80.94,10:30:00,2,panel_soiling,2.2443957392643714,0.04403603838871842
848.4668888200283,21.9713852127521,1902.68,1845.6,81.27,10:31:00,2,panel_soiling,2.2424917519716967,0.04403446033810143
852.6309008982828,22.033167344950545,1910.4,1853.08,81.6,10:32:00,2,panel_soiling,2.240594374409035,0.04403479612321109
856.7676829470439,22.095233848935504,1918.04,1860.5,81.93,10:33:00,2,panel_soiling,2.2386932165817375,0.04403654931470035
860.8766414667886,22.157582610100025,1925.61,1867.85,82.25,10:34:00,2,panel_soiling,2.236801310718671,0.044034585218299116
864.9571847498323,22.220211463672957,1933.11,1875.12,82.57,10:35:00,2,panel_soiling,2.2349198712755993,0.044034515124365375
869.0087230209064,22.283118194600647,1940.54,1882.32,82.89,10:36:00,2,panel_soiling,2.2330500817692194,0.0440360831314548
689.1493822797536,22.34630053743706,1576.82,1529.51,67.35,10:37:00,2,panel_soiling,2.288067058529126,0.044033710142463926
877.0224359324801,22.409756176242247,1955.16,1896.5,83.52,10:38:00,2,panel_soiling,2.2293158303541087,0.04403901924597944
880.9834419512708,22.473482744489377,1962.35,1903.48,83.82,10:39:00,2,panel_soiling,2.227453895902554,0.04403513564628995
537.2694194991117,22.537477824980364,1253.54,1215.93,53.55,10:40:00,2,panel_soiling,2.333168340697032,0.04404036416570032
888.8108500660802,22.601738949770212,1976.51,1917.21,84.43,10:41:00,2,panel_soiling,2.223768982852823,0.044037950980852385
892.6760989359585,22.666263600100194,1983.47,1923.96,84.72,10:42:00,2,panel_soiling,2.2219369403574634,0.044034179504771405
694.0618070545838,22.731049206339836,1584.36,1536.83,67.68,10:43:00,2,panel_soiling,2.2827361827091566,0.044038703044578784
900.3068249057076,22.796093147937967,1997.14,1937.22,85.31,10:44:00,2,panel_soiling,2.218288193260301,0.044037331846666875
904.07116670503,22.861392753382823,2003.85,1943.74,85.6,10:45:00,2,panel_soiling,2.2164737398972854,0.04403881177523743
907.8007429832262,22.92694530017125,2010.48,1950.17,85.88,10:46:00,2,panel_soiling,2.214671022842673,0.04403718650168959
401.9697383961169,22.992748014787217,952.87,924.29,40.7,10:47:00,2,panel_soiling,2.3705018288242488,0.04403379891592466
582.9364541838966,23.05879807268957,1348.84,1308.38,57.62,10:48:00,2,panel_soiling,2.3138714182635196,0.04403919350647365
683.7515258844624,23.12509259830926,1560.34,1513.53,66.65,10:49:00,2,panel_soiling,2.282027814097573,0.04403612746361156
922.3602632272576,23.19162866505601,2036.15,1975.07,86.98,10:50:00,2,panel_soiling,2.207543062269064,0.044038945455097796
925.907697750761,23.25840329533456,2042.36,1981.09,87.24,10:51:00,2,panel_soiling,2.2057922241724026,0.04403636381991732
597.6195495797673,23.325413460570484,1378.52,1337.17,58.88,10:52:00,2,panel_soiling,2.3066849151259268,0.04403329419595115
932.8878395258328,23.3926560812458,2054.5,1992.86,87.76,10:53:00,2,panel_soiling,2.2023011909387296,0.04403721284987405
936.3194802748686,23.46012802694426,2060.44,1998.62,88.01,10:54:00,2,panel_soiling,2.200573675339032,0.04403538441524653
612.3342936655581,23.527826116406597,1408.45,1366.2,60.16,10:55:00,2,panel_soiling,2.3001324841186515,0.044034548382374465
611.8470334170619,23.59574711759553,1407.01,1364.8,60.1,10:56:00,2,panel_soiling,2.2996107248278834,0.04403575615474795
333.1033979486408,23.66388774777092,794.51,770.67,33.94,10:57:00,2,panel_soiling,2.3851753086064305,0.04403960190483605
731.4828352638995,23.73224467357481,1654.06,1604.44,70.65,10:58:00,2,panel_soiling,2.261242397305549,0.044034055495998606
637.1220283204154,23.80081451112666,1458.86,1415.09,62.32,10:59:00,2,panel_soiling,2.2897654376287297,0.04403960172144528
956.0584410674636,23.869593826128717,2094.16,2031.34,89.45,11:00:00,2,panel_soiling,2.190410031484913,0.04403497198893341
959.201700938259,23.938579133981563,2099.46,2036.47,89.68,11:01:00,2,panel_soiling,2.188757586591411,0.04403698556816452
332.1938604654531,24.007766899910017,791.3,767.56,33.8,11:02:00,2,panel_soiling,2.382042819488809,0.04403564542185627
675.7919372669666,24.077153539099253,1537.47,1491.35,65.67,11:03:00,2,panel_soiling,2.2750641361863924,0.04403392899051196
304.20021330292457,24.146735416841377,726.84,705.03,31.05,11:04:00,2,panel_soiling,2.3893474370322285,0.044040679120037445
971.3378897929028,24.216508848692374,2119.7,2056.11,90.54,11:05:00,2,panel_soiling,2.1822478277378194,0.044034609043290485
974.2603424991846,24.28647010063956,2124.52,2060.79,90.75,11:06:00,2,panel_soiling,2.180649162574097,0.04403651027033322
977.137225565441,24.35661538927947,2129.25,2065.37,90.95,11:07:00,2,panel_soiling,2.1790695761978207,0.04403569336244838
979.9680838677732,24.42694088200637,2133.88,2069.86,91.15,11:08:00,2,panel_soiling,2.177499487103627,0.04403679475906583
982.7524686435056,24.497442697211333,2138.41,2074.25,91.34,11:09:00,2,panel_soiling,2.1759395862435733,0.044035193443413286
985.4899376096174,24.56811690449192,2142.84,2078.55,91.53,11:10:00,2,panel_soiling,2.1743905424317425,0.04403550552067547
988.1800550797124,24.63895952487248,2147.17,2082.76,91.72,11:11:00,2,panel_soiling,2.1728530028131328,0.044037719180318416
990.822392079476,24.709966531035256,2151.41,2086.87,91.9,11:12:00,2,panel_soiling,2.171337685944658,0.04403724237734023
437.17675000384753,24.781133847562064,1023.83,993.12,43.73,11:13:00,2,panel_soiling,2.3419131964153843,0.044032946673111
529.7426954041057,24.85245735118679,1225.07,1188.32,52.33,11:14:00,2,panel_soiling,2.312575540216699,0.04403695974148378
998.4585335757616,24.923932871058614,2163.51,2098.61,92.42,11:15:00,2,panel_soiling,2.1668501267166906,0.04403867321703413
1000.9055971457516,24.995556189016067,2167.35,2102.33,92.58,11:16:00,2,panel_soiling,2.165389029875103,0.0440368543473194
1003.3028399852255,25.0673230398718,2171.08,2105.95,92.74,11:17:00,2,panel_soiling,2.163932875971896,0.04403713288539614
1005.6498757272162,25.139229111708232,2174.72,2109.48,92.89,11:18:00,2,panel_soiling,2.1625021316960766,0.04403454879875609
499.3168385469706,25.21127004618401,1157.63,1122.9,49.45,11:19:00,2,panel_soiling,2.3184277209011093,0.04403775937305192
712.2055441338156,25.28344143885129,1603.78,1555.67,68.51,11:20:00,2,panel_soiling,2.2518499233960854,0.04403890285214731
606.8129292187549,25.35573883948388,1385.81,1344.23,59.2,11:21:00,2,panel_soiling,2.2837516032892866,0.04404008242637049
551.7436355398406,25.42815775241617,1269.05,1230.98,54.21,11:22:00,2,panel_soiling,2.3000718418044417,0.04403808347820436
1016.6189540017696,25.500693636892997,2191.35,2125.61,93.6,11:23:00,2,panel_soiling,2.155527389464928,0.04403441835520156
1018.6570590530893,25.57334190743028,2194.37,2128.54,93.73,11:24:00,2,panel_soiling,2.1541793486807186,0.0440348783673316
1020.6424672979406,25.646097934186525,2197.28,2131.36,93.86,11:25:00,2,panel_soiling,2.1528400692723495,0.044037609789054875
465.9129603427115,25.718957043345167,1082.66,1050.18,46.25,11:26:00,2,panel_soiling,2.323738749837798,0.04404006932144965
1024.453906302626,25.7919145175077,2202.8,2136.72,94.09,11:27:00,2,panel_soiling,2.1502187521058542,0.044034782283125545
1026.2793142034177,25.86496559609764,2205.4,2139.24,94.21,11:28:00,2,panel_soiling,2.1489276549550236,0.04403900450627326
1028.0507797492658,25.93810547577529,2207.9,2141.67,94.31,11:29:00,2,panel_soiling,2.147656558889524,0.04403572912726984
1029.768012562231,26.01132931086326,2210.3,2143.99,94.41,11:30:00,2,panel_soiling,2.1464057661884572,0.044034720311195485
1031.4307308299944,26.084632213782708,2212.59,2146.21,94.51,11:31:00,2,panel_soiling,2.1451658689862034,0.044035765372447244
1033.038661382926,26.158009255500367,2214.77,2148.33,94.61,11:32:00,2,panel_soiling,2.1439371853083347,0.04403885808977206
1034.591539768876,26.231455465986244,2216.85,2150.35,94.69,11:33:00,2,panel_soiling,2.142729681024877,0.044034692026879346
1036.0891103256563,26.30496583468193,2218.83,2152.26,94.78,11:34:00,2,panel_soiling,2.1415435968655174,0.044037430421975034
1037.5311262511868,26.37853531097965,2220.7,2154.08,94.86,11:35:00,2,panel_soiling,2.140369521272914,0.044037361657877146
1038.9173496712783,26.45215880471181,2222.46,2155.79,94.93,11:36:00,2,panel_soiling,2.139207705697863,0.04403490135866667
1040.2475517050275,26.52583118665116,2224.12,2157.4,95.0,11:37:00,2,panel_soiling,2.1380679977131742,0.04403448595531658
630.1283458903162,26.59954728902141,1426.75,1383.95,60.94,11:38:00,2,panel_soiling,2.2642212642951765,0.04403338270891289
511.48010809757545,26.673301906018388,1176.5,1141.21,50.26,11:39:00,2,panel_soiling,2.3001872044954643,0.04404097405385512
750.5402558263374,26.74708979434157,1670.33,1620.22,71.35,11:40:00,2,panel_soiling,2.225503544991045,0.04403722951204157
1045.0038865819895,26.82090567373595,2229.7,2162.81,95.24,11:41:00,2,panel_soiling,2.133676274920783,0.04403530592146328
793.7212166222746,26.89474422754427,1754.67,1702.03,74.95,11:42:00,2,panel_soiling,2.2106880391418757,0.044035651545507426
1047.0406459740564,26.968600103269488,2231.85,2164.9,95.33,11:43:00,2,panel_soiling,2.131579140295668,0.04403436648344034
1047.9730576808029,27.042467913147416,2232.77,2165.79,95.37,11:44:00,2,panel_soiling,2.1305604983215787,0.04403474021026969
1048.8479477522137,27.116342234729508,2233.59,2166.58,95.41,11:45:00,2,panel_soiling,2.1295651145495467,0.044037146101228664
1049.665170783825,27.190217611475692,2234.29,2167.26,95.44,11:46:00,2,panel_soiling,2.12857400834932,0.04403717135922777
1050.4245908819412,27.264088553357205,2234.89,2167.85,95.46,11:47:00,2,panel_soiling,2.1276063216718644,0.04403441197499827
1051.1260817012933,27.337949537469317,2235.39,2168.33,95.49,11:48:00,2,panel_soiling,2.126662099737763,0.044038499674864985
467.5869552995428,27.411795008653925,1078.47,1046.12,46.07,11:49:00,2,panel_soiling,2.306458697739155,0.04403892478874317
544.6608493782971,27.485619380131915,1242.86,1205.57,53.09,11:50:00,2,panel_soiling,2.2818970767196904,0.044037260383055325
1052.881858977686,27.559417034145135,2236.24,2169.16,95.52,11:51:00,2,panel_soiling,2.1239230032620333,0.044035479171660924
1053.3505613684351,27.633182322608057,2236.32,2169.23,95.53,11:52:00,2,panel_soiling,2.123053883499847,0.04403866809881848
694.8189258920117,27.706909567768854,1551.7,1505.15,66.28,11:53:00,2,panel_soiling,2.23324371599107,0.04403547819154237
1054.1126478022145,27.780593062879944,2236.15,2169.06,95.52,11:54:00,2,panel_soiling,2.1213577169975992,0.04403750933584133
1054.4059047591982,27.854227072877848,2235.91,2168.83,95.51,11:55:00,2,panel_soiling,2.1205400974216184,0.04403756864300107
1054.640569064802,27.927805835072235,2235.56,2168.49,95.49,11:56:00,2,panel_soiling,2.1197363970005183,0.04403525033548691
1054.81660156664,28.00132355984413,2235.11,2168.05,95.47,11:57:00,2,panel_soiling,2.1189560314848657,0.04403496229330504
329.8679244661864,28.074774431353102,772.72,749.54,33.01,11:58:00,2,panel_soiling,2.3425132990740627,0.0440403447447768
1054.9926634504711,28.14815260825341,2233.89,2166.87,95.42,11:59:00,2,panel_soiling,2.117446004499987,0.044035867403212935
1054.9926634504711,28.221452224418883,2233.12,2166.13,95.39,12:00:00,2,panel_soiling,2.1167161416045603,0.04403706148753768
766.755563444133,28.294667389676547,1690.82,1640.1,72.22,12:01:00,2,panel_soiling,2.2051616976929775,0.044033900371928544
619.8372679686715,28.367792190548823,1394.57,1352.73,59.57,12:02:00,2,panel_soiling,2.249896984365396,0.04403687358157208
449.9807769324117,28.44082069100414,1035.73,1004.66,44.24,12:03:00,2,panel_soiling,2.3017205469547632,0.04403479784205602
1054.4059047591982,28.51374693321595,2229.02,2162.15,95.21,12:04:00,2,panel_soiling,2.114005612012441,0.04403487269615891
416.7515809062584,28.586564938329857,962.93,934.04,41.13,12:05:00,2,panel_soiling,2.310561121102491,0.04403451672305255
1053.7608471139138,28.65926870723897,2226.35,2159.56,95.1,12:06:00,2,panel_soiling,2.1127659146737368,0.04403674822649058
1053.3505613684351,28.73185222136709,2224.86,2158.11,95.04,12:07:00,2,panel_soiling,2.11217431460769,0.04403853371700238
1052.881858977686,28.80430944345977,2223.27,2156.57,94.97,12:08:00,2,panel_soiling,2.111604432199756,0.04403752254737847
1052.3548180723285,28.876634318383086,2221.57,2154.93,94.9,12:09:00,2,panel_soiling,2.111046542333891,0.04403855345649279
1051.7695264800743,28.94882077392993,2219.78,2153.18,94.82,12:10:00,2,panel_soiling,2.110519409541054,0.044037191502800506
1051.1260817012935,29.020862721633748,2217.88,2151.34,94.74,12:11:00,2,panel_soiling,2.110003774628315,0.04403766954549257
1050.4245908819412,29.092754057589502,2215.88,2149.4,94.65,12:12:00,2,panel_soiling,2.1095088778715065,0.04403554480320089
1049.665170783825,29.1644886632818,2213.78,2147.36,94.56,12:13:00,2,panel_soiling,2.1090344441426843,0.044035466805752176
599.7577681675955,29.236060406419995,1347.96,1307.52,57.58,12:14:00,2,panel_soiling,2.247507363044822,0.0440375673029858
1047.973057680803,29.307463141780104,2209.27,2143.0,94.37,12:15:00,2,panel_soiling,2.108136257709891,0.044036397573495104
1047.0406459740564,29.3786907120534,2206.87,2140.67,94.27,12:16:00,2,panel_soiling,2.1077214227409105,0.044037614391755846
410.6830956176903,29.44973694870151,946.17,917.78,40.42,12:17:00,2,panel_soiling,2.303893221066008,0.04404105559066443
1045.0038865819895,29.52059567281793,2201.77,2135.72,94.05,12:18:00,2,panel_soiling,2.1069491015976736,0.0440366714737887
1043.899876883975,29.59126069599565,2199.07,2133.1,93.93,12:19:00,2,panel_soiling,2.106590918052592,0.04403450377385027
1042.7390214317595,29.661725821200918,2196.27,2130.38,93.82,12:20:00,2,panel_soiling,2.1062508977407934,0.044039091617457914
468.2576901842732,29.731984843652764,1069.17,1037.09,45.67,12:21:00,2,panel_soiling,2.2832940545605354,0.044036679555294146
627.4438821117773,29.80203155170834,1401.3,1359.26,59.86,12:22:00,2,panel_soiling,2.233347140597926,0.04403866809881848
1038.9173496712783,29.871859727753705,2187.29,2121.67,93.43,12:23:00,2,panel_soiling,2.1053551571663287,0.04403606592919729
1037.5311262511868,29.94146314910004,2184.1,2118.58,93.3,12:24:00,2,panel_soiling,2.1050934711632237,0.044038931737295735
692.4298238619007,30.01083558888498,1531.08,1485.15,65.4,12:25:00,2,panel_soiling,2.211169922549958,0.044035955964044034
722.2725917853273,30.07997081697905,1589.91,1542.21,67.91,12:26:00,2,panel_soiling,2.201260324817296,0.0440342106457616
597.3075001226524,30.148862600896805,1337.51,1297.39,57.13,12:27:00,2,panel_soiling,2.239231885963851,0.044034561696945404
1031.430730829995,30.217504706712788,2170.39,2105.27,92.71,12:28:00,2,panel_soiling,2.104251827220119,0.04403710687940264
1029.7680125622314,30.285890899981773,2166.72,2101.72,92.55,12:29:00,2,panel_soiling,2.104085554773493,0.0440353615134271
1028.050779749266,30.35401494666345,2162.96,2098.07,92.39,12:30:00,2,panel_soiling,2.103942764896818,0.04403570900875566
1026.2793142034177,30.421870614051127,2159.11,2094.33,92.23,12:31:00,2,panel_soiling,2.103822975011309,0.04403795008427516
1024.453906302626,30.48945167170432,2155.16,2090.5,92.06,12:32:00,2,panel_soiling,2.103715927813897,0.04403731164793112
360.1694304703165,30.556751892385133,831.47,806.53,35.52,12:33:00,2,panel_soiling,2.3085523913405135,0.044040519261527786
1020.6424672979408,30.623765052998117,2146.99,2082.58,91.71,12:34:00,2,panel_soiling,2.1035671832115344,0.04403672367928243
1018.6570590530896,30.690484935533448,2142.76,2078.48,91.53,12:35:00,2,panel_soiling,2.10351460381754,0.04403698856856934
1016.6189540017696,30.7569053280133,2138.45,2074.29,91.35,12:36:00,2,panel_soiling,2.103492160540888,0.044039165208336346
600.1002840654797,30.823020025441075,1339.24,1299.06,57.21,12:37:00,2,panel_soiling,2.231693661144592,0.04403953628007944
1012.3859894261158,30.888822830753444,2129.55,2065.66,90.96,12:38:00,2,panel_soiling,2.103496119308371,0.04403435221672492
1010.1918179254412,30.954307555774875,2124.96,2061.21,90.77,12:39:00,2,panel_soiling,2.1035212939695738,0.04403724026178798
427.9721620786864,31.019468022174536,977.06,947.75,41.74,12:40:00,2,panel_soiling,2.2829989578162304,0.04404115009232393
1005.6498757272166,31.08429806242529,2115.53,2052.06,90.37,12:41:00,2,panel_soiling,2.1036446690456705,0.04403867333313841
499.2490322795836,31.148791520764668,1128.14,1094.29,48.19,12:42:00,2,panel_soiling,2.259673884291542,0.044037686536475704
1000.905597145752,31.212942254157497,2105.74,2042.57,89.95,12:43:00,2,panel_soiling,2.103834773234225,0.04403765844010242
536.5478931524037,31.276744133260117,1205.55,1169.38,51.5,12:44:00,2,panel_soiling,2.2468637290083806,0.04404043168174588
995.9620430130255,31.34019104338581,2095.61,2032.74,89.52,12:45:00,2,panel_soiling,2.1041062906978603,0.044039080256205905
993.4165264605864,31.403276885471445,2090.42,2027.7,89.29,12:46:00,2,panel_soiling,2.1042734284357985,0.04403511367559304
990.8223920794763,31.465995577044875,2085.14,2022.58,89.07,12:47:00,2,panel_soiling,2.1044538523436453,0.04403781309021151
407.967363483279,31.528341053193092,931.86,903.9,39.8,12:48:00,2,panel_soiling,2.284153300998533,0.04403141940480142
526.7967384192513,31.590307267530825,1183.6,1148.09,50.56,12:49:00,2,panel_soiling,2.2467868794169177,0.04403835936207092
982.7524686435058,31.65188819316933,2068.8,2006.74,88.37,12:50:00,2,panel_soiling,2.105107914768779,0.044036596669224715
979.9680838677735,31.7130778236853,2063.19,2001.29,88.13,12:51:00,2,panel_soiling,2.105364484787022,0.04403659639532501
977.1372255654412,31.77387017408948,2057.5,1995.77,87.89,12:52:00,2,panel_soiling,2.1056407904318495,0.044038140667511785
974.2603424991848,31.834259281794974,2051.72,1990.17,87.64,12:53:00,2,panel_soiling,2.1059258090469966,0.04403643909816749
641.3829928090661,31.89423920758488,1416.38,1373.89,60.5,12:54:00,2,panel_soiling,2.208321729574834,0.04403554869749397
968.3703288118636,31.95380403657906,2039.94,1978.74,87.14,12:55:00,2,panel_soiling,2.106570120237877,0.04403812527163751
619.6320918574811,32.012947879199935,1371.79,1330.63,58.6,12:56:00,2,panel_soiling,2.213878231980792,0.044039289659785215
962.3017579647036,32.07166487213691,2027.84,1967.0,86.62,12:57:00,2,panel_soiling,2.1072807809152723,0.04403660396542959
959.2017009382594,32.12994917930938,2021.67,1961.02,86.36,12:58:00,2,panel_soiling,2.1076588980424757,0.044038306595547215
956.058441067464,32.187794992827946,2015.43,1954.97,86.09,12:59:00,2,panel_soiling,2.1080615090325656,0.04403648137823087
342.2266375920786,32.24519653395377,786.23,762.64,33.58,13:00:00,2,panel_soiling,2.2973956835503753,0.044031259834259935
949.6442811983532,32.302148054055706,2002.72,1942.64,85.55,13:01:00,2,panel_soiling,2.1089159800686357,0.044038010130544
584.1960085232183,32.35864383556509,1297.74,1258.81,55.43,13:02:00,2,panel_soiling,2.2214119594561086,0.04403365082895751
943.0632693450216,32.41467819292794,1989.71,1930.02,84.99,13:03:00,2,panel_soiling,2.109837234337308,0.044035813100382376
939.711464130714,32.47024547355426,1983.09,1923.6,84.71,13:04:00,2,panel_soiling,2.110317981311923,0.044037221875649825
936.319480274869,32.52534005876446,1976.41,1917.11,84.42,13:05:00,2,panel_soiling,2.110828666535699,0.044035031896969924
614.0252010073132,32.579956364732325,1356.99,1316.28,57.96,13:06:00,2,panel_soiling,2.209990726396648,0.04403318442884493
733.4634185793009,32.63408884342465,1593.45,1545.65,68.07,13:07:00,2,panel_soiling,2.1725009859202933,0.044039724387798004
925.9076977507616,32.68773198353706,1955.92,1897.25,83.55,13:08:00,2,panel_soiling,2.1124351863056874,0.04403742258532086
310.28007390559577,32.74088031142607,714.38,692.95,30.52,13:09:00,2,panel_soiling,2.3023715026487768,0.04404358178800779
918.7753045449716,32.793528392036755,1941.92,1883.66,82.95,13:10:00,2,panel_soiling,2.1135962083370825,0.044036609579223424
915.1533656462142,32.84567082982633,1934.82,1876.77,82.65,13:11:00,2,panel_soiling,2.1142030097149584,0.044038427724228335
911.4949945037524,32.89730226968295,1927.65,1869.82,82.34,13:12:00,2,panel_soiling,2.1148223650415936,0.044036324352076675
907.8007429832264,32.948417397839805,1920.42,1862.8,82.03,13:13:00,2,panel_soiling,2.1154642302771105,0.04403585999570539
904.0711667050306,32.999010942784146,1913.12,1855.72,81.72,13:14:00,2,panel_soiling,2.116116596188483,0.04403681589895027
900.3068249057079,33.04907767616117,1905.75,1848.58,81.41,13:15:00,2,panel_soiling,2.1167783552008457,0.04403920847353104
371.224358677175,33.09861241367233,846.38,820.99,36.15,13:16:00,2,panel_soiling,2.2799689196474064,0.04403220502076761
892.676098935959,33.14761001596807,1890.84,1834.11,80.77,13:17:00,2,panel_soiling,2.118170299679604,0.04403770766202682
888.8108500660807,33.19606538953465,1883.29,1826.79,80.45,13:18:00,2,panel_soiling,2.118887274902171,0.0440389973669661
884.9131059963283,33.24397348757489,1875.67,1819.4,80.12,13:19:00,2,panel_soiling,2.119609244444598,0.04403649554798285
880.9834419512712,33.29132931088256,1868.0,1811.96,79.79,13:20:00,2,panel_soiling,2.1203576719473944,0.044035188414755295
877.0224359324804,33.338127908710334,1860.27,1804.46,79.46,13:21:00,2,panel_soiling,2.121120194630023,0.04403533467076022
873.0306685778655,33.384364379630924,1852.48,1796.91,79.13,13:22:00,2,panel_soiling,2.1218956752316855,0.04403670745891558
869.0087230209068,33.43003387239136,1844.64,1789.3,78.79,13:23:00,2,panel_soiling,2.1226944576431155,0.04403397976862461
864.9571847498329,33.475131586760064,1836.74,1781.63,78.46,13:24:00,2,panel_soiling,2.1235039518530976,0.04403832445569506
860.876641466789,33.5196527743666,1828.78,1773.92,78.12,13:25:00,2,panel_soiling,2.1243229423487047,0.044038062595832955
364.31057735971245,33.56359273953384,829.72,804.83,35.44,13:26:00,2,panel_soiling,2.277507301636077,0.044034143856466576
852.6309008982832,33.60694684010241,1812.7,1758.32,77.43,13:27:00,2,panel_soiling,2.1260078635318553,0.04403635288229674
848.4668888200288,33.64971048824713,1804.58,1750.44,77.08,13:28:00,2,panel_soiling,2.1268714475230106,0.044034642718402225
844.2762418632441,33.691879151285306,1796.41,1742.52,76.73,13:29:00,2,panel_soiling,2.1277514525760903,0.044033927874572464
840.059556690156,33.73344835247667,1788.19,1734.54,76.38,13:30:00,2,panel_soiling,2.1286466962479285,0.04403472966896122
835.8174313343496,33.77441367181473,1779.92,1726.52,76.03,13:31:00,2,panel_soiling,2.129555969128842,0.04403655908996131
831.5504650611759,33.81477074680936,1771.6,1718.45,75.67,13:32:00,2,panel_soiling,2.1304780340296796,0.04403386772964008
575.1622242232921,33.8545152732605,1270.76,1232.64,54.28,13:33:00,2,panel_soiling,2.2093940569828865,0.044035565939771544
259.9229184781874,33.89364300602264,599.52,581.54,25.61,13:34:00,2,panel_soiling,2.306529964768426,0.04403824328507067
818.606528946428,33.93214975975998,1746.35,1693.96,74.6,13:35:00,2,panel_soiling,2.133320390502634,0.044038820279109304
335.07699799847734,33.97003140969214,764.82,741.88,32.67,13:36:00,2,panel_soiling,2.28252015079673,0.0440367714455168
278.8082223626169,34.00728389233004,641.14,621.91,27.39,13:37:00,2,panel_soiling,2.299573500978518,0.04404174237429854
805.4606872229855,34.043903206202025,1720.69,1669.07,73.5,13:38:00,2,panel_soiling,2.1362805501190656,0.04403649936791147
801.0366882985014,34.079885412569816,1712.05,1660.69,73.13,13:39:00,2,panel_soiling,2.137292866868059,0.0440359127832407
796.5926703109405,34.11522663613424,1703.36,1652.26,72.76,13:40:00,2,panel_soiling,2.1383073978512925,0.044036652827036914
792.129237403699,34.149923065730555,1694.64,1643.8,72.39,13:41:00,2,panel_soiling,2.1393478740342813,0.04403820416109016
787.6469935829948,34.18397095501315,1685.88,1635.3,72.01,13:42:00,2,panel_soiling,2.14040047601903,0.04403473368800832
783.1465425846064,34.21736662312946,1677.08,1626.77,71.64,13:43:00,2,panel_soiling,2.141463836978912,0.044038186098833886
778.6284877414412,34.25010645538296,1668.24,1618.19,71.26,13:44:00,2,panel_soiling,2.1425365578891737,0.04403685599342475
774.0934318519647,34.282186903885034,1659.36,1609.58,70.88,13:45:00,2,panel_soiling,2.143617206556186,0.04403633245939934
458.4258849682076,34.31360448819556,1027.32,996.5,43.88,13:46:00,2,panel_soiling,2.2409729329992913,0.04403411941796287
764.9747246726857,34.34435579595208,1641.5,1592.26,70.12,13:47:00,2,panel_soiling,2.145822531198476,0.04403803398942384
760.3922751363679,34.37443748348735,1632.52,1583.55,69.73,13:48:00,2,panel_soiling,2.1469444829739044,0.044033974298253925
755.7952278042372,34.40384627643513,1623.51,1574.8,69.35,13:49:00,2,panel_soiling,2.148081835230262,0.04403733807467615
751.1841808619725,34.43257897032413,1614.46,1566.03,68.96,13:50:00,2,panel_soiling,2.1492199132141354,0.0440349163170565
489.5788975304874,34.46063243115976,1091.7,1058.95,46.63,13:51:00,2,panel_soiling,2.2298755226311955,0.044034184805703765
741.9224742474936,34.488003595993845,1596.27,1548.39,68.19,13:52:00,2,panel_soiling,2.1515320743168505,0.0440392924263267
416.2117053131244,34.51468947348188,937.33,909.21,40.04,13:53:00,2,panel_soiling,2.2520510308445743,0.04403823099174008
732.611912474998,34.54068714442777,1577.97,1530.63,67.4,13:54:00,2,panel_soiling,2.153896180406228,0.04403415587045857
727.9397903110633,34.56599376231607,1568.78,1521.71,67.01,13:55:00,2,panel_soiling,2.1550958209464395,0.04403598583172878
321.399894855097,34.59060655383128,732.99,711.0,31.31,13:56:00,2,panel_soiling,2.2806168008563543,0.0440365682137834
718.564805914883,34.6145228193644,1550.31,1503.8,66.22,13:57:00,2,panel_soiling,2.1575089501163807,0.0440351110520016
281.87097182125274,34.63773993350637,646.16,626.77,27.6,13:58:00,2,panel_soiling,2.2923963962126597,0.044035292052906176
709.1527338241815,34.66025534552833,1531.75,1485.8,65.43,13:59:00,2,panel_soiling,2.1599719312084935,0.0440368824875488
301.27502330621144,34.682066579848694,688.7,668.04,29.42,14:00:00,2,panel_soiling,2.285951196492036,0.04403927908508473
699.7082208913275,34.70317123648674,1513.1,1467.7,64.63,14:01:00,2,panel_soiling,2.1624728062684877,0.04403488451318389
366.7383259928928,34.72356699150273,830.76,805.84,35.49,14:02:00,2,panel_soiling,2.2652663796477595,0.044041000694927036
690.2358741065375,34.74325159742436,1494.36,1449.53,63.83,14:03:00,2,panel_soiling,2.1649990330252615,0.04403496305699089
311.62356905624074,34.76222288365954,711.11,689.77,30.38,14:04:00,2,panel_soiling,2.281951914464022,0.04404366672948954
543.2938900384167,34.78047875689527,1200.73,1164.71,51.29,14:05:00,2,panel_soiling,2.2100929570827597,0.04403671300151969
675.985135583253,34.79801720148257,1466.12,1422.14,62.63,14:06:00,2,panel_soiling,2.168864258731079,0.044039264769994514
671.2258864753423,34.81483627980742,1456.68,1412.98,62.22,14:07:00,2,panel_soiling,2.170178518664017,0.04403459355404889
666.4630664545972,34.8309341326475,1447.22,1403.8,61.82,14:08:00,2,panel_soiling,2.1714931747063164,0.04403761219546944
661.6972289023211,34.8463089795147,1437.74,1394.61,61.41,14:09:00,2,panel_soiling,2.172806439563067,0.044033815905521974
656.9289237597677,34.86095911898339,1428.25,1385.41,61.01,14:10:00,2,panel_soiling,2.174131703359581,0.044037505142881885
652.1586974308044,34.87488292900412,1418.76,1376.19,60.6,14:11:00,2,panel_soiling,2.1754827553312417,0.04403461731301637
647.3870926862543,34.88807886720304,1409.25,1366.97,60.2,14:12:00,2,panel_soiling,2.17682745905929,0.044039005976722244
472.8166426148525,34.90054547116658,1054.72,1023.07,45.05,14:13:00,2,panel_soiling,2.2307167407792687,0.044034132561799284
637.8419003064292,34.91228135871158,1390.2,1348.49,59.38,14:14:00,2,panel_soiling,2.1795369657153696,0.04403443852012251
438.61447294645615,34.9232852281407,982.96,953.47,41.99,14:15:00,2,panel_soiling,2.241056920435899,0.044039141241989786
628.2976125986443,34.93355585848302,1371.12,1329.99,58.57,14:16:00,2,panel_soiling,2.182277908599773,0.04403792509718118
623.5271237015329,34.94309210971986,1361.57,1320.72,58.16,14:17:00,2,panel_soiling,2.1836580130101124,0.04403658610454903
618.7584315793822,34.95189292299568,1352.02,1311.46,57.75,14:18:00,2,panel_soiling,2.1850530530128958,0.044034892409985815
252.43884835595784,34.95995732081401,580.18,562.77,24.78,14:19:00,2,panel_soiling,2.298299187222968,0.04403219787835173
410.5056336947524,34.96728440721837,923.36,895.66,39.44,14:20:00,2,panel_soiling,2.2493235761207617,0.04403456668825224
375.3666124024199,34.97387336795825,848.38,822.93,36.24,14:21:00,2,panel_soiling,2.2601370819056115,0.04403776748933689
599.7118614504086,34.979723470639826,1313.77,1274.35,56.12,14:22:00,2,panel_soiling,2.1906686934999673,0.04403813708949661
594.9597873957865,34.9848340648617,1304.2,1265.08,55.71,14:23:00,2,panel_soiling,2.1920809231639784,0.044036740759477666
221.86675207091596,34.989204582335404,511.95,496.59,21.87,14:24:00,2,panel_soiling,2.307466058890896,0.04404035522261826
585.4705839465948,34.9928345369907,1285.07,1246.52,54.89,14:25:00,2,panel_soiling,2.194935211496844,0.044034592304977055
580.7344250311648,34.99572352506571,1275.51,1237.25,54.48,14:26:00,2,panel_soiling,2.1963740137009276,0.044033138007678316
250.86086893605432,34.99787122518174,576.58,559.28,24.63,14:27:00,2,panel_soiling,2.298405496422693,0.04403876412530396
571.2813827092458,34.99927739840285,1256.4,1218.71,53.67,14:28:00,2,panel_soiling,2.199266487631098,0.04403836843875902
315.6488462257499,34.99994188828021,719.16,697.58,30.72,14:29:00,2,panel_soiling,2.278354597518984,0.04403795980389345
561.8571698704427,34.999864620881056,1237.31,1200.19,52.85,14:30:00,2,panel_soiling,2.2021788923425296,0.0440346945067031
174.08484370652357,34.99904560480244,404.25,392.12,17.27,14:31:00,2,panel_soiling,2.322143567429077,0.044042640008160765
178.56238227046757,34.9974849311696,414.4,401.97,17.7,14:32:00,2,panel_soiling,2.3207575679199346,0.04403313680125382
547.7829414571929,34.99518277361909,1208.73,1172.46,51.63,14:33:00,2,panel_soiling,2.2065856902819556,0.04403561741978405
543.1098848084761,34.99213938826658,1199.22,1163.24,51.23,14:34:00,2,panel_soiling,2.2080614504427527,0.04404078264158729
538.4467371957412,34.98835511365934,1189.72,1154.02,50.82,14:35:00,2,panel_soiling,2.2095407359994863,0.04403736503700109
305.35237156047435,34.98383037071352,696.72,675.82,29.76,14:36:00,2,panel_soiling,2.281691792467432,0.044035394039833094
258.8056430278769,34.97856566263607,594.26,576.43,25.38,14:37:00,2,panel_soiling,2.2961632252199,0.04402963065766875
358.6617337336263,34.972561574831545,812.48,788.11,34.71,14:38:00,2,panel_soiling,2.265309966419275,0.044042075344812276
519.901785832936,34.965818774793505,1151.84,1117.28,49.2,14:39:00,2,panel_soiling,2.215495371216381,0.04403551482170987
377.1614155160418,34.95833801198094,852.28,826.71,36.41,14:40:00,2,panel_soiling,2.259722137360973,0.044042046183062976
271.08944823089826,34.95012011767941,621.51,602.86,26.55,14:41:00,2,panel_soiling,2.2926381091403965,0.04404007563945195
390.232523336877,34.94116600484704,880.31,853.9,37.6,14:42:00,2,panel_soiling,2.2558601535117373,0.04403325916383652
501.5489118735845,34.931476667945546,1114.2,1080.77,47.59,14:43:00,2,panel_soiling,2.221518128387116,0.04403342061678248
496.9937025913236,34.921053182756104,1104.83,1071.68,47.19,14:44:00,2,panel_soiling,2.2230261555416493,0.04403366676619886
300.2517861060715,34.90989670618035,685.78,665.2,29.29,14:45:00,2,panel_soiling,2.284016388024852,0.044031870114251345
487.92558259030415,34.898008476026284,1086.15,1053.57,46.4,14:46:00,2,panel_soiling,2.2260566749417734,0.04404073768235618
269.0385605724959,34.88538981077949,617.15,598.63,26.36,14:47:00,2,panel_soiling,2.2939090912720705,0.044033877353290014
383.1053029369863,34.87204210935934,865.34,839.38,36.96,14:48:00,2,panel_soiling,2.258752341369528,0.04403250017870333
171.2518179096585,34.85796685086056,398.06,386.12,17.0,14:49:00,2,panel_soiling,2.3244132813234772,0.044027763389619806
342.6720972747283,34.84316559428005,778.39,755.04,33.25,14:50:00,2,panel_soiling,2.271530148472948,0.04403740199194745
206.2641051511001,34.82763997822912,477.27,462.95,20.39,14:51:00,2,panel_soiling,2.3138781207247514,0.04404363322173021
461.0858934515488,34.81139172063112,1030.63,999.71,44.02,14:52:00,2,panel_soiling,2.2352234467314047,0.04403276950315592
456.66947131385297,34.79442261840466,1021.46,990.81,43.63,14:53:00,2,panel_soiling,2.2367599854249645,0.044034678697227526
452.2701892669404,34.77673454713238,1012.31,981.94,43.24,14:54:00,2,panel_soiling,2.238285927358593,0.0440352771045074
447.888369310826,34.75832946071547,1003.19,973.1,42.85,14:55:00,2,panel_soiling,2.239821501825615,0.04403452882540335
205.36988141982005,34.739209391013986,475.44,461.18,20.31,14:56:00,2,panel_soiling,2.3150424819504023,0.04403920378160371
287.85565091344864,34.71937644747293,659.11,639.34,28.15,14:57:00,2,panel_soiling,2.2897240262904504,0.04402978071135858
434.8508117540172,34.69883281673448,976.0,946.72,41.69,14:58:00,2,panel_soiling,2.2444479201112673,0.04403625147878992
430.5419397761782,34.67758076223613,966.99,937.98,41.31,14:59:00,2,panel_soiling,2.2459832844686396,0.044041450777202076
310.1834897281214,34.655622623795125,708.29,687.04,30.25,15:00:00,2,panel_soiling,2.283454869312427,0.04402945971122497
308.30697664060045,34.6329608171791,704.25,683.12,30.08,15:01:00,2,panel_soiling,2.2842493143480116,0.04403325916383651
417.7303512695452,34.609597833663194,940.16,911.95,40.16,15:02:00,2,panel_soiling,2.250638473222529,0.04403750205603377
413.49909670330544,34.585536239573585,931.27,903.33,39.78,15:03:00,2,panel_soiling,2.2521693697149874,0.044037062867390654
171.43976388344242,34.5607786758177,398.99,387.02,17.04,15:04:00,2,panel_soiling,2.3272897195032494,0.04402873236525244
405.0971148192343,34.53532785740121,913.6,886.2,39.03,15:05:00,2,panel_soiling,2.2552616806655705,0.044041976980365605
270.9331934644711,34.50918657293177,622.34,603.67,26.58,15:06:00,2,panel_soiling,2.2970238236298304,0.04403067901336823
232.0488034788411,34.48235768410991,535.88,519.8,22.89,15:07:00,2,panel_soiling,2.3093417934769187,0.04403616775682955
392.6492929878506,34.454844125206925,887.36,860.74,37.9,15:08:00,2,panel_soiling,2.2599302121434275,0.04403187954550735
240.2734543980933,34.42664890253011,554.39,537.76,23.68,15:09:00,2,panel_soiling,2.307329377640976,0.044034513537637605
245.80332300382568,34.39777509387535,566.8,549.8,24.21,15:10:00,2,panel_soiling,2.30590861455188,0.044034194252455444
380.39345889818526,34.36822584796725,861.43,835.58,36.8,15:11:00,2,panel_soiling,2.264576269253271,0.044041264750233365
376.3519106545729,34.33800438388694,852.86,827.27,36.43,15:12:00,2,panel_soiling,2.2661237417837383,0.04403640891123817
372.3325879765687,34.307113990487736,844.33,819.0,36.07,15:13:00,2,panel_soiling,2.267676876172694,0.04404151404151404
368.3356983138689,34.275558025798745,835.83,810.76,35.7,15:14:00,2,panel_soiling,2.269207149418807,0.04403275938625487
364.3614431711599,34.24333991641657,827.38,802.56,35.34,15:15:00,2,panel_soiling,2.2707671613083815,0.04403409090909092
119.08111153847588,34.2104631568854,279.48,271.1,11.94,15:16:00,2,panel_soiling,2.346971710200221,0.04404278863887864
356.4816128561508,34.17693130906533,810.59,786.27,34.62,15:17:00,2,panel_soiling,2.273862019152986,0.04403067648517685
179.16511152217103,34.14274800148955,417.29,404.77,17.82,15:18:00,2,panel_soiling,2.3290806812483797,0.04402500185290412
143.0553330972281,34.10791692871004,334.83,324.79,14.3,15:19:00,2,panel_soiling,2.340562862989746,0.044028449151759595
344.83632431184566,34.07244185063233,785.71,762.14,33.56,15:20:00,2,panel_soiling,2.278501261628863,0.044033904531975754
341.00177756708115,34.03632659183932,777.5,754.17,33.21,15:21:00,2,panel_soiling,2.2800467655833607,0.04403516448546084
337.191111206857,33.999575040904354,769.33,746.25,32.86,15:22:00,2,panel_soiling,2.2815844618396195,0.04403350083752094
226.68877651318397,33.96219114969371,525.04,509.29,22.43,15:23:00,2,panel_soiling,2.3161270181784417,0.044041705118891
132.32705196415642,33.92417893265871,310.4,301.09,13.26,15:24:00,2,panel_soiling,2.3457032813220864,0.04403998804344216
232.3557280867713,33.88554246611767,537.94,521.8,22.98,15:25:00,2,panel_soiling,2.3151570414442757,0.04403986201609813
322.19025904383983,33.8462858875277,737.09,714.98,31.49,15:26:00,2,panel_soiling,2.2877476252306734,0.04404319001930124
318.50120194471907,33.806413394746755,729.14,707.26,31.15,15:27:00,2,panel_soiling,2.289284924351883,0.04404320900376099
242.21491554634832,33.765929245285975,560.31,543.5,23.93,15:28:00,2,panel_soiling,2.3132762024012656,0.0440294388224471
311.1973798089165,33.72483775555253,713.37,691.97,30.47,15:29:00,2,panel_soiling,2.292339352079469,0.044033700882986256
307.5828510814202,33.68314330008322,705.56,684.39,30.14,15:30:00,2,panel_soiling,2.293886013213498,0.04403921740528061
303.9933922971611,33.64085031076892,697.79,676.86,29.81,15:31:00,2,panel_soiling,2.295411734863937,0.04404160387672487
173.90754093581222,33.597963276070104,406.26,394.07,17.35,15:32:00,2,panel_soiling,2.3360689123305303,0.04402771081279976
296.8900970726164,33.55448674022373,682.39,661.92,29.15,15:33:00,2,panel_soiling,2.298459957837846,0.044038554508097655
293.37645343354654,33.51042530244154,674.76,654.52,28.82,15:34:00,2,panel_soiling,2.299980083960084,0.04403226792153028
178.50894942870494,33.46578361610004,416.99,404.48,17.81,15:35:00,2,panel_soiling,2.335961313617738,0.044031843354430375
144.09775062780483,33.42056638792236,338.21,328.06,14.45,15:36:00,2,panel_soiling,2.3470872968279326,0.04404682070352984
282.9885836048664,33.374778377152225,652.16,632.59,27.86,15:37:00,2,panel_soiling,2.3045452636018817,0.044041164103131566
279.5772404278508,33.32842439472019,644.72,625.38,27.54,15:38:00,2,panel_soiling,2.3060532359978705,0.04403722536697688
139.2266974738022,33.28150930240228,327.17,317.36,13.98,15:39:00,2,panel_soiling,2.3499085012884287,0.04405092009074867
272.8318875299002,33.23403801197147,629.99,611.09,26.91,15:40:00,2,panel_soiling,2.3090775997763755,0.044036066700486015
210.86533968286776,33.18601548434195,491.05,476.32,20.98,15:41:00,2,panel_soiling,2.328737386326827,0.044046019482700705
176.11332798428165,33.13744672870651,412.1,399.73,17.6,15:42:00,2,panel_soiling,2.339970544630106,0.0440297200610412
262.90805398761626,33.088336801667275,608.26,590.01,25.98,15:43:00,2,panel_soiling,2.3135845052074777,0.04403315198047491
259.65209012231605,33.03869080635995,601.12,583.08,25.68,15:44:00,2,panel_soiling,2.315097866983572,0.04404198394731426
256.42218360232823,32.9885138915718,594.02,576.2,25.37,15:45:00,2,panel_soiling,2.3165702423049113,0.04402985074626865
253.2183674232008,32.93781125085355,586.98,569.37,25.07,15:46:00,2,panel_soiling,2.318078289395917,0.04403112211742803
136.54365189299273,32.88658812162553,321.52,311.87,13.73,15:47:00,2,panel_soiling,2.3547048547666685,0.0440247539038702
246.88911443047064,32.83484978427811,573.04,555.85,24.48,15:48:00,2,panel_soiling,2.32104198405791,0.04404065845102096
243.76372012820988,32.7826015612668,566.15,549.17,24.18,15:49:00,2,panel_soiling,2.3225359364479172,0.04403008175974653
240.66450129727147,32.729848816202086,559.31,542.53,23.89,15:50:00,2,panel_soiling,2.3240236802067207,0.044034431275689824
237.5914677767329,32.6765969529344,552.52,535.94,23.6,15:51:00,2,panel_soiling,2.325504384354444,0.044034780012687985
234.5446249380648,32.622851414634226,545.78,529.41,23.31,15:52:00,2,panel_soiling,2.326977222966085,0.044030146767155894
168.4335078730949,32.56861768286774,395.48,383.61,16.89,15:53:00,2,panel_soiling,2.347988859188112,0.04402909204660984
79.03711905469626,32.513901276668136,187.8,182.17,8.02,15:54:00,2,panel_soiling,2.376098752663749,0.04402481198880167
225.56122839040992,32.4587077516028,525.87,510.09,22.46,15:55:00,2,panel_soiling,2.331384714263944,0.04403144543119842
222.61911460723968,32.403042698836664,519.33,503.75,22.18,15:56:00,2,panel_soiling,2.3328185493695752,0.044029776674937966
219.7031533213488,32.346911744191885,512.85,497.47,21.91,15:57:00,2,panel_soiling,2.334286022967909,0.04404285685568979
118.1667562318092,32.290320547204075,279.61,271.23,11.94,15:58:00,2,panel_soiling,2.3662323390809306,0.04402167901780776
213.949603197029,32.23327480017535,500.04,485.04,21.36,15:59:00,2,panel_soiling,2.337185919150813,0.04403760514596734
211.1119617280725,32.17578022722432,493.72,478.9,21.09,16:00:00,2,panel_soiling,2.3386642611750594,0.04403842138233452
208.3003676134045,32.11784258333339,487.44,472.82,20.82,16:01:00,2,panel_soiling,2.3400822839864848,0.04403367031851445
125.04633916781796,32.05946765339344,295.91,287.04,12.64,16:02:00,2,panel_soiling,2.366402742929364,0.04403567447045708
202.75517298779687,32.000661251246214,475.05,460.8,20.29,16:03:00,2,panel_soiling,2.3429735133248197,0.044032118055555555
65.46499693804273,31.941429218724565,156.2,151.52,6.67,16:04:00,2,panel_soiling,2.3860079020217557,0.04402059134107708
197.31368446723167,31.88177742469085,462.86,448.98,19.77,16:05:00,2,panel_soiling,2.3458079010068267,0.04403314178805292
78.56902338774066,31.82171176407356,187.24,181.63,8.0,16:06:00,2,panel_soiling,2.3831274963921163,0.04404558718273413
139.3087695278193,31.7612381569027,329.46,319.58,14.07,16:07:00,2,panel_soiling,2.3649623861921225,0.04402653482696039
189.34502257422432,31.700362547343687,444.98,431.63,19.01,16:08:00,2,panel_soiling,2.3501013860851048,0.044042351087737186
186.7401915414664,31.63909090273038,439.12,425.95,18.76,16:09:00,2,panel_soiling,2.3515023540205147,0.04404272801972063
184.1609496545884,31.57742921259732,433.31,420.31,18.51,16:10:00,2,panel_soiling,2.352887519382989,0.0440389236515905
181.607228469248,31.515383487711347,427.56,414.73,18.26,16:11:00,2,panel_soiling,2.354311574510922,0.04402864514262291
179.07895625863014,31.45295975910289,421.86,409.2,18.02,16:12:00,2,panel_soiling,2.355720676586587,0.044037145650048876
176.57605807481295,31.39016407709705,416.21,403.72,17.78,16:13:00,2,panel_soiling,2.3571145745232194,0.044040424056276624
174.09845581017169,31.32700251034484,410.61,398.29,17.54,16:14:00,2,panel_soiling,2.3584930612348955,0.044038263576790776
171.64606825879972,31.26348114485468,405.07,392.91,17.3,16:15:00,2,panel_soiling,2.359914235782289,0.04403043954086178
169.21881117792293,31.1996060830244,399.57,387.58,17.07,16:16:00,2,panel_soiling,2.3612623042238328,0.04404252025388307
112.42510467360944,31.13538344267389,267.51,259.49,11.43,16:17:00,2,panel_soiling,2.3794507532515112,0.04404794019037342
164.4393366405156,31.0708193560788,388.74,377.08,16.61,16:18:00,2,panel_soiling,2.364032888613708,0.044049008168028
104.91171265781269,31.005919969005276,250.01,242.51,10.68,16:19:00,2,panel_soiling,2.3830513644882525,0.04403942105480187
124.34263118046113,30.940691439746114,295.65,286.78,12.63,16:20:00,2,panel_soiling,2.3777042289777253,0.04404072808424577
157.45632948388263,30.8751399381584,372.88,361.69,15.93,16:21:00,2,panel_soiling,2.3681486874630107,0.044043241449860375
155.17792379107743,30.80927164470293,367.69,356.66,15.71,16:22:00,2,panel_soiling,2.3694736404324916,0.04404755229069702
83.75477055637177,30.74309274948573,200.36,194.35,8.56,16:23:00,2,panel_soiling,2.392221943526742,0.044044250064316955
54.30157129244051,30.676609451301527,130.43,126.52,5.57,16:24:00,2,panel_soiling,2.401956276689871,0.04402466013278533
84.06914575624387,30.60982795667975,201.22,195.18,8.6,16:25:00,2,panel_soiling,2.3935059431129675,0.04406189158725279
146.30783417899417,30.54275447893308,347.46,337.04,14.84,16:26:00,2,panel_soiling,2.374855741319461,0.04403038215048659
73.4809436425198,30.475395237208787,176.21,170.93,7.53,16:27:00,2,panel_soiling,2.3980367053701794,0.044053121160709065
142.01736078731463,30.40775645554301,337.65,327.52,14.42,16:28:00,2,panel_soiling,2.3775262272734743,0.044027845627747926
139.9078633374201,30.33984436191824,332.82,322.84,14.22,16:29:00,2,panel_soiling,2.3788512815561176,0.044046586544418294
137.82203230203314,30.27166518732416,328.04,318.2,14.01,16:30:00,2,panel_soiling,2.3801709677383767,0.044028912633563795
63.83638237344646,30.203225164822104,153.45,148.84,6.55,16:31:00,2,panel_soiling,2.4038016299593665,0.04400698736898683
133.7208774507323,30.134530528613208,318.63,309.07,13.61,16:32:00,2,panel_soiling,2.382799201399161,0.04403533180185718
131.70530250519192,30.0655875131105,314.0,304.58,13.41,16:33:00,2,panel_soiling,2.3841105409375745,0.044027841617965725
129.71289183156324,29.99640235201517,309.42,300.14,13.22,16:34:00,2,panel_soiling,2.385422109020534,0.044046111814486574
127.74351500933464,29.926981277397232,304.89,295.74,13.02,16:35:00,2,panel_soiling,2.3867356395956434,0.0440251572327044
125.79703977953004,29.857330518780515,300.4,291.39,12.83,16:36:00,2,panel_soiling,2.387973520891083,0.04403033734857065
123.8733321018272,29.78745630223245,295.97,287.09,12.64,16:37:00,2,panel_soiling,2.389295540679448,0.044028005155177824
121.97225621129972,29.717364849458757,291.58,282.83,12.46,16:38:00,2,panel_soiling,2.3905436289944393,0.04405473252483825
72.68953332988615,29.647062376903115,174.93,169.68,7.47,16:39:00,2,panel_soiling,2.406536291904875,0.04402404526166902
118.23744844675478,29.57655509485214,282.96,274.47,12.09,16:40:00,2,panel_soiling,2.393150424989286,0.04404852989397748
116.4034369250028,29.505849206545573,278.71,270.35,11.91,16:41:00,2,panel_soiling,2.3943451100981594,0.0440540040687997
58.883103292152526,29.43495090729228,142.08,137.82,6.07,16:42:00,2,panel_soiling,2.4129163046156115,0.04404295457843564
74.22360377932647,29.363866383591848,178.79,173.43,7.64,16:43:00,2,panel_soiling,2.4088024684379237,0.04405235541717119
111.03326237739655,29.29260181226213,266.27,258.29,11.37,16:44:00,2,panel_soiling,2.398110208587418,0.04402028727399434
107.56157676357849,29.149557180385223,258.22,250.47,11.03,16:46:00,2,panel_soiling,2.4006713900036107,0.04403721004511518
104.17525578991544,29.005866199803293,250.34,242.83,10.69,16:48:00,2,panel_soiling,2.403065853803585,0.04402256722810196
102.51373140204215,28.933793643439145,246.48,239.08,10.53,16:49:00,2,panel_soiling,2.4043608268764074,0.04404383469968211
100.87309518819768,28.861577848963,242.66,235.38,10.37,16:50:00,2,panel_soiling,2.4055968496581994,0.04405641940691647
99.253193933312,28.789224901521514,238.88,231.71,10.2,16:51:00,2,panel_soiling,2.4067739337487004,0.04402054292002934
97.65387344583245,28.71674086983175,235.15,228.1,10.04,16:52:00,2,panel_soiling,2.4079946007511435,0.04401578255151249
96.07497860743862,28.644131805368968,231.46,224.52,9.89,16:53:00,2,panel_soiling,2.4091600472350163,0.04404952788170319
94.51635342221456,28.571403741561912,227.82,220.99,9.73,16:54:00,2,panel_soiling,2.410376530104837,0.0440291415901172
92.97784106526962,28.49856269299567,224.23,217.5,9.58,16:55:00,2,panel_soiling,2.4116498880909973,0.04404597701149425
59.13605378412632,28.425614654622212,143.27,138.98,6.12,16:56:00,2,panel_soiling,2.4227183051984014,0.04403511296589438
88.48140128589255,28.27942148541428,213.7,207.29,9.13,16:58:00,2,panel_soiling,2.4151968311341863,0.0440445752327657
60.948919220283,28.206188239323865,147.76,143.33,6.31,16:59:00,2,panel_soiling,2.4243251872270672,0.04402427963441009
85.58143081326338,28.132871771391628,206.89,200.69,8.84,17:00:00,2,panel_soiling,2.417463672130336,0.04404803428172804
84.1602616645962,28.05947796684169,203.56,197.45,8.7,17:01:00,2,panel_soiling,2.4187187156243337,0.044061787794378325
80.01008154920609,27.8388910183397,193.8,187.98,8.28,17:04:00,2,panel_soiling,2.4221947565546884,0.04404723906798595
77.33611153991836,27.691553142910607,187.5,181.87,8.01,17:06:00,2,panel_soiling,2.424481865799765,0.04404244790234783
74.73487402328978,27.54404500387857,181.36,175.92,7.75,17:08:00,2,panel_soiling,2.4267117911175236,0.044054115507048665
73.46112123449518,27.470241318953477,178.35,173.0,7.62,17:09:00,2,panel_soiling,2.4278148359686633,0.04404624277456647
72.20506072293541,27.396412089452618,175.38,170.12,7.49,17:10:00,2,panel_soiling,2.428915622313047,0.04402774512109099
70.9665285383589,27.32256292673362,172.45,167.28,7.37,17:11:00,2,panel_soiling,2.4300188208697167,0.04405786704925873
68.5413929243311,27.1748270908638,166.71,161.71,7.12,17:13:00,2,panel_soiling,2.432252875048015,0.044029435409065606
67.35446128225249,27.10095148230999,163.9,158.98,7.0,17:14:00,2,panel_soiling,2.4333948617474386,0.04403069568499183
66.18440161555242,27.027078068481284,161.12,156.29,6.88,17:15:00,2,panel_soiling,2.4344104663195902,0.04402073069294261
65.03104988280109,26.953212298864745,158.39,153.63,6.77,17:16:00,2,panel_soiling,2.4356057650222525,0.04406691401418993
63.89424213257829,26.87935958873155,155.69,151.02,6.65,17:17:00,2,panel_soiling,2.4366827871116894,0.04403390279433188
62.77381453806967,26.80552531854628,153.02,148.43,6.54,17:18:00,2,panel_soiling,2.437640616967762,0.044061173617193285
60.58144533507372,26.65793344237097,147.81,143.38,6.31,17:20:00,2,panel_soiling,2.439855952304677,0.04400892732598689
58.45263542583775,26.510478996111807,142.74,138.46,6.1,17:22:00,2,panel_soiling,2.4419771488507567,0.044056045067167406
57.41165791016618,26.43681637432624,140.26,136.05,5.99,17:23:00,2,panel_soiling,2.443057823194537,0.0440279309077545
56.38608206299305,26.36320371253296,137.81,133.68,5.89,17:24:00,2,panel_soiling,2.444042837486781,0.04406044284859365
55.37574584483232,26.28964613186353,135.4,131.34,5.78,17:25:00,2,panel_soiling,2.4451137936706555,0.044007918379777675
54.380487594617655,26.21614871428481,133.02,129.03,5.68,17:26:00,2,panel_soiling,2.4460979642478557,0.04402077036348136
52.43456041844705,26.0693544974662,128.37,124.52,5.48,17:28:00,2,panel_soiling,2.4481944537259444,0.04400899453902988
51.48357031913186,25.996067661907738,126.09,122.31,5.39,17:29:00,2,panel_soiling,2.4491308434594634,0.044068350911618016
50.54701589563969,25.92286091585988,123.85,120.14,5.29,17:30:00,2,panel_soiling,2.450194097623943,0.044031962710171464
50.33681541724548,15.302614986846384,128.63,124.77,5.49,06:34:00,3,panel_soiling,2.555386131080734,0.04400096176965617
51.255215827876974,15.307992217835125,130.96,127.03,5.59,06:35:00,3,panel_soiling,2.5550570392637533,0.04400535306620483
52.1874691335065,15.313453372260708,133.33,129.33,5.7,06:36:00,3,panel_soiling,2.5548278583679522,0.04407330085826954
53.1337226287946,15.318999529532691,135.72,131.65,5.8,06:37:00,3,panel_soiling,2.5543100179178797,0.04405620964679073
55.06882092543655,15.330351218149382,140.63,136.41,6.01,06:39:00,3,panel_soiling,2.5537136556893727,0.044058353493145665
57.06169492133527,15.34205611062194,145.68,141.31,6.22,06:41:00,3,panel_soiling,2.553026162311392,0.044016700870426716
59.11353254749393,15.354123187347795,150.87,146.34,6.44,06:43:00,3,panel_soiling,2.552207481066804,0.044007106737734045
60.16193473868699,15.360295393147789,153.52,148.92,6.56,06:44:00,3,panel_soiling,2.551779637187754,0.0440504969110932
61.225524521023694,15.3665615821998,156.21,151.53,6.67,06:45:00,3,panel_soiling,2.5513868802603796,0.044017686266745855
64.50891077562672,15.385935753705455,164.51,159.58,7.03,06:48:00,3,panel_soiling,2.550190322887245,0.0440531394911643
65.63474240122743,15.39258962842792,167.36,162.34,7.15,06:49:00,3,panel_soiling,2.5498690766076693,0.04404336577553283
66.77650735912854,15.39934341051752,170.24,165.13,7.27,06:50:00,3,panel_soiling,2.549399582767003,0.044025918972930414
67.93435468088603,15.406198313421132,173.16,167.97,7.4,06:51:00,3,panel_soiling,2.548931255966139,0.0440554860987081
69.1084332790426,15.41315556009024,176.12,170.84,7.52,06:52:00,3,panel_soiling,2.5484588731576565,0.044017794427534535
70.29889191164128,15.420216382961124,179.13,173.75,7.65,06:53:00,3,panel_soiling,2.548119822786803,0.04402877697841727
71.50587914616844,15.427382023932902,182.17,176.71,7.78,06:54:00,3,panel_soiling,2.5476226874662706,0.04402693678908947
72.72954332292748,15.434653734343454,185.26,179.7,7.91,06:55:00,3,panel_soiling,2.547245473238082,0.04401780745687257
73.97003251784716,15.442032774943156,188.38,182.73,8.05,06:56:00,3,panel_soiling,2.546707005361239,0.04405406884474362
75.2274945047261,15.449520415866404,191.55,185.8,8.18,06:57:00,3,panel_soiling,2.5462764812400613,0.044025834230355214
76.50207671691705,15.457117936600904,194.76,188.92,8.32,06:58:00,3,panel_soiling,2.5458132427002775,0.04403980520855389
77.79392620845445,15.464826625954696,198.01,192.07,8.46,06:59:00,3,panel_soiling,2.5453143921469894,0.04404644140157235
57.13110593745701,15.472647782020871,145.78,141.4,6.23,07:00:00,3,panel_soiling,2.5516747419451216,0.044059405940594064
81.77454237793023,15.488632732859948,208.02,201.78,8.89,07:02:00,3,panel_soiling,2.543823468171943,0.044057884825056993
83.1369225494182,15.496799169893915,211.45,205.1,9.03,07:03:00,3,panel_soiling,2.543394601529904,0.04402730375426621
84.51729818160527,15.50508335807524,214.91,208.47,9.18,07:04:00,3,panel_soiling,2.5427930686829976,0.04403511296589437
85.91581320559581,15.513486641310353,218.43,211.87,9.33,07:05:00,3,panel_soiling,2.542372490583298,0.044036437438051634
87.33261088581355,15.522010372528994,221.98,215.32,9.48,07:06:00,3,panel_soiling,2.541776751530267,0.04402749396247446
88.76783377682762,15.530655913631977,225.58,218.82,9.64,07:07:00,3,panel_soiling,2.541235832870876,0.044054473996892426
90.22162367966465,15.53942463543638,229.23,222.35,9.79,07:08:00,3,panel_soiling,2.5407434565120437,0.044029682932313914
91.6941215976127,15.548317917618183,232.92,225.93,9.95,07:09:00,3,panel_soiling,2.540184648064333,0.04404018943920683
93.18546769152428,15.557337148652302,236.66,229.56,10.11,07:10:00,3,panel_soiling,2.5396663864308264,0.04404077365394668
96.22526056683154,15.57575905479338,244.27,236.94,10.43,07:12:00,3,panel_soiling,2.5385226141356783,0.0440195830167975
50.1419800225871,15.585164550267931,128.0,124.16,5.47,07:13:00,3,panel_soiling,2.552751206520779,0.044056056701030924
99.34210501428204,15.594701635191306,252.07,244.51,10.77,07:14:00,3,panel_soiling,2.537393383840224,0.044047278229929245
100.92976172504562,15.604371741040149,256.04,248.36,10.94,07:15:00,3,panel_soiling,2.536813677391888,0.04404896118537606
70.0711318805022,15.614176307673812,178.42,173.07,7.62,07:16:00,3,panel_soiling,2.546269700684636,0.04402842780377882
105.81127583988368,15.634194624169574,268.23,260.18,11.46,07:18:00,3,panel_soiling,2.534985027549356,0.04404642939503421
107.4784010051542,15.644411294938472,272.39,264.22,11.64,07:19:00,3,panel_soiling,2.5343696729069998,0.04405419725985921
109.16571944370044,15.654768268133438,276.6,268.3,11.82,07:20:00,3,panel_soiling,2.5337624430959735,0.044055162131941855
110.87335896363622,15.665267024284812,280.85,272.43,12.0,07:21:00,3,panel_soiling,2.5330701858875946,0.04404801233344345
112.60144595796392,15.67590905178838,285.16,276.61,12.18,07:22:00,3,panel_soiling,2.532471919645288,0.044033115216369614
114.35010535409398,15.686695846808911,289.51,280.83,12.37,07:23:00,3,panel_soiling,2.531786036431797,0.0440480005697397
116.1194605629876,15.697628913180738,293.92,285.1,12.55,07:24:00,3,panel_soiling,2.531186405577269,0.04401964223079621
117.90963342793265,15.70870976230524,298.37,289.42,12.75,07:25:00,3,panel_soiling,2.5304972233873175,0.04405362449036003
70.30614774309375,15.719939913045357,178.94,173.57,7.64,07:26:00,3,panel_soiling,2.5451543818595503,0.04401682318372991
121.55291135094984,15.731320891616978,307.43,298.2,13.13,07:27:00,3,panel_soiling,2.5291866445911966,0.044030851777330654
123.40625179132468,15.742854231477262,312.03,302.67,13.33,07:28:00,3,panel_soiling,2.5284780590178766,0.04404136518320283
125.28088054753512,15.754541473209818,316.68,307.18,13.53,07:29:00,3,panel_soiling,2.527760011072421,0.044045836317468584
52.52204169488565,15.766384164406752,133.94,129.92,5.72,07:30:00,3,panel_soiling,2.5501674283359486,0.044027093596059115
129.09445402372936,15.77838385954754,326.14,316.35,13.93,07:31:00,3,panel_soiling,2.526367243786096,0.04403350719140192
131.03361949331,15.790542119874722,330.94,321.01,14.14,07:32:00,3,panel_soiling,2.525611375765258,0.044048472010217755
132.99451467076318,15.802860513266362,335.8,325.72,14.34,07:33:00,3,panel_soiling,2.5249161653869363,0.04402554341151909
134.97724493079886,15.815340614105295,340.71,330.48,14.55,07:34:00,3,panel_soiling,2.524203247552413,0.044026870007262166
76.11928338306038,15.827984003145117,193.51,187.71,8.27,07:35:00,3,panel_soiling,2.5421941904810916,0.0440573224655053
139.0086216562749,15.840792267372862,350.67,340.15,14.98,07:36:00,3,panel_soiling,2.5226492847839173,0.044039394384830226
141.05746816648625,15.853766999868451,355.73,345.06,15.2,07:37:00,3,panel_soiling,2.521879944563741,0.04405031009099866
143.12854973937723,15.866909799660766,360.85,350.02,15.41,07:38:00,3,panel_soiling,2.5211601784345037,0.044026055653962635
145.22196071670524,15.880222271580395,366.01,355.03,15.63,07:39:00,3,panel_soiling,2.5203488383826578,0.04402444863814326
147.33779306886237,15.893706026109076,371.23,360.09,15.86,07:40:00,3,panel_soiling,2.5195843664259003,0.044044544419450694
149.47613633957744,15.907362679225688,376.5,365.2,16.08,07:41:00,3,panel_soiling,2.518796707085561,0.04403066812705367
105.30843851708016,15.921193852248924,266.67,258.67,11.39,07:42:00,3,panel_soiling,2.532275701312847,0.044032937719874744
153.8207013456188,15.935201171676532,387.19,375.57,16.54,07:43:00,3,panel_soiling,2.517151440689541,0.044039726282716934
156.02708953572412,15.949386269021115,392.62,380.84,16.77,07:44:00,3,panel_soiling,2.5163579040555346,0.04403424010082975
72.14944390888813,15.963750780642536,183.41,177.91,7.83,07:45:00,3,panel_soiling,2.5420847350066076,0.04401101680625035
160.50847364336033,15.978296347576832,403.62,391.52,17.24,07:46:00,3,panel_soiling,2.514633594341057,0.04403351042092358
162.7836199545271,15.993024615361694,409.21,396.93,17.48,07:47:00,3,panel_soiling,2.513827866184024,0.04403799158541809
165.08183137631164,16.007937233858442,414.84,402.4,17.72,07:48:00,3,panel_soiling,2.512935533495222,0.04403578528827038
167.40317603672986,16.023035857070532,420.53,407.91,17.96,07:49:00,3,panel_soiling,2.5120789817496156,0.044029320193179865
100.27904163877196,16.038322142958545,253.98,246.36,10.85,07:50:00,3,panel_soiling,2.5327326213875683,0.044041240461113816
172.11552288974482,16.053797753251676,432.06,419.1,18.46,07:51:00,3,panel_soiling,2.5102907207083964,0.04404676688141255
75.30615504298113,16.06946435325567,191.29,185.55,8.17,07:52:00,3,panel_soiling,2.5401642122190524,0.0440312584209108
107.83561342603876,16.08532361165726,272.81,264.63,11.65,07:53:00,3,panel_soiling,2.529869227174307,0.04402373124740203
112.18274270964086,16.101377200325047,283.64,275.13,12.12,07:54:00,3,panel_soiling,2.528374624732938,0.04405190273688801
181.82048122791971,16.11762679410681,455.77,442.09,19.47,07:55:00,3,panel_soiling,2.5067032983411415,0.04404080617068923
135.7340596744598,16.134074070623296,342.16,331.89,14.62,07:56:00,3,panel_soiling,2.5208116578891517,0.044050739702913615
186.81391329203856,16.150720710058412,467.93,453.9,19.99,07:57:00,3,panel_soiling,2.5047920240742676,0.04404053756333994
189.3460213661179,16.167568394945864,474.1,459.87,20.25,07:58:00,3,panel_soiling,2.5038815000146437,0.04403418357361863
127.3628046170362,16.18461880995222,321.32,311.68,13.73,07:59:00,3,panel_soiling,2.522871579078118,0.04405159137577002
194.48120328526116,16.201873641656377,486.58,471.98,20.78,08:00:00,3,panel_soiling,2.5019384484488927,0.04402728929191915
197.0843393294224,16.219334578325487,492.9,478.11,21.05,08:01:00,3,panel_soiling,2.5009597499075147,0.04402752504653741
199.711207616278,16.237003309687246,499.27,484.29,21.33,08:02:00,3,panel_soiling,2.4999598468168576,0.04404385801895558
202.36183024487448,16.254881526698643,505.7,490.53,21.6,08:03:00,3,panel_soiling,2.4989890602791114,0.04403400403645037
205.03622561744345,16.2729709213111,512.17,496.81,21.88,08:04:00,3,panel_soiling,2.4979488305427875,0.04404098146172581
207.7344083862148,16.291273186232033,518.7,503.14,22.16,08:05:00,3,panel_soiling,2.4969382974612735,0.044043407401518464
210.45638940057628,16.309790014682832,525.28,509.52,22.44,08:06:00,3,panel_soiling,2.4959090170467477,0.044041450777202076
213.2021756546008,16.32852310015326,531.92,515.96,22.72,08:07:00,3,panel_soiling,2.4949088740151484,0.04403442127296689
81.16362324657872,16.34747413615227,205.79,199.62,8.79,08:08:00,3,panel_soiling,2.5354954814523345,0.044033663961526893
77.12116406001606,16.366644815955276,195.63,189.76,8.36,08:09:00,3,panel_soiling,2.5366577694257804,0.04405564924114671
221.5823768748369,16.386036832347802,552.12,535.56,23.58,08:10:00,3,panel_soiling,2.491714403406146,0.044028680259914854
224.4233751078873,16.405651877365635,558.96,542.19,23.88,08:11:00,3,panel_soiling,2.4906496470400667,0.04404360095169589
227.28815391328644,16.425491642031385,565.85,548.87,24.17,08:12:00,3,panel_soiling,2.489571014844353,0.044035928361907194
230.17669607473863,16.44555781608751,572.79,555.61,24.47,08:13:00,3,panel_soiling,2.4884795453576865,0.04404168391497633
233.0889801655284,16.465852087725818,579.78,562.39,24.77,08:14:00,3,panel_soiling,2.4873762783134086,0.04404416863742243
236.02498049981116,16.48637614331343,586.82,569.22,25.07,08:15:00,3,panel_soiling,2.486262253924726,0.04404272513263764
137.0145402930229,16.50713166711524,344.82,334.48,14.73,08:16:00,3,panel_soiling,2.516667203805953,0.044038507534082755
133.64982329364068,16.52812034101288,336.47,326.37,14.37,08:17:00,3,panel_soiling,2.517549157253618,0.04402978214909458
244.9749572115961,16.549343844220196,608.24,589.99,25.98,08:18:00,3,panel_soiling,2.482866032198692,0.044034644654994154
154.97532654717816,16.570803852995247,389.07,377.39,16.62,08:19:00,3,panel_soiling,2.5105286671653366,0.04403932271655317
251.0595226660167,16.592502040348855,622.77,604.09,26.6,08:20:00,3,panel_soiling,2.4805671315979834,0.044033173864821466
254.13703655953427,16.61444007574974,630.11,611.2,26.92,08:21:00,3,panel_soiling,2.47941035486337,0.044044502617801046
79.1496487422198,16.63661962482621,200.51,194.5,8.56,08:22:00,3,panel_soiling,2.5333024616828714,0.044010282776349614
260.36224257368855,16.659042349064453,644.92,625.58,27.55,08:23:00,3,panel_soiling,2.4770104667441273,0.04403913168579558
263.5098071483651,16.681709905503467,652.4,632.83,27.87,08:24:00,3,panel_soiling,2.475809181677539,0.044040263577896116
156.69955404770545,16.70462394642665,393.1,381.31,16.79,08:25:00,3,panel_soiling,2.5086223275423305,0.04403241457082164
269.8745053010794,16.727786119050002,667.51,647.48,28.51,08:26:00,3,panel_soiling,2.4734088877914107,0.04403224810032742
273.09148294703533,16.751198065207085,675.13,654.88,28.84,08:27:00,3,panel_soiling,2.472175231224395,0.04403860249205961
276.33143432509684,16.774861421030653,682.8,662.31,29.17,08:28:00,3,panel_soiling,2.4709458106626525,0.044042819827573194
202.34177542831443,16.798777816631056,504.56,489.42,21.55,08:29:00,3,panel_soiling,2.4936027122029247,0.044031711004862896
282.8798931154033,16.82294887577139,698.27,677.32,29.83,08:30:00,3,panel_soiling,2.4684327765746668,0.04404122128388353
286.1882056407851,16.847376215539494,706.08,684.89,30.16,08:31:00,3,panel_soiling,2.4671876271737436,0.04403626859787703
289.5191020521187,16.872061446016712,713.92,692.51,30.5,08:32:00,3,panel_soiling,2.4658821989282123,0.044042685304183336
292.8724724389024,16.897006169943573,721.82,700.16,30.83,08:33:00,3,panel_soiling,2.464622209076282,0.04403279250457039
296.2482018420347,16.92221198238236,729.75,707.86,31.17,08:34:00,3,panel_soiling,2.46330609084715,0.044034131042861586
299.64617022106825,16.947680470376586,737.73,715.6,31.51,08:35:00,3,panel_soiling,2.4620037674959407,0.04403297931805478
303.0662524225074,16.97341321260745,745.76,723.38,31.86,08:36:00,3,panel_soiling,2.4607160778836215,0.044043241449860375
93.90070701423662,16.999411779047307,237.11,230.0,10.13,08:37:00,3,panel_soiling,2.5251141076504453,0.044043478260869566
309.97223193064497,17.025677730610155,761.93,739.07,32.55,08:38:00,3,panel_soiling,2.4580588888700157,0.04404183636191429
313.4578530948432,17.052212618799224,770.07,746.97,32.89,08:39:00,3,panel_soiling,2.456693914020394,0.04403121945995154
316.9650357407036,17.07901798535167,778.26,754.91,33.24,08:40:00,3,panel_soiling,2.455349682911598,0.04403173888278073
113.09741918981337,17.106095361880442,284.8,276.25,12.17,08:41:00,3,panel_soiling,2.5181830146098667,0.044054298642533934
238.84677164539536,17.133446269513335,592.1,574.33,25.29,08:42:00,3,panel_soiling,2.478995198139262,0.044033917782459554
215.17538262128252,17.161072218529338,534.93,518.89,22.85,08:43:00,3,panel_soiling,2.4860185839264832,0.044036308273429824
203.40791493856105,17.1889747079922,506.36,491.17,21.63,08:44:00,3,panel_soiling,2.489381989648461,0.0440377058859458
334.818895434123,17.21715522538143,819.79,795.2,35.02,08:45:00,3,panel_soiling,2.448457990810429,0.04403923541247485
338.4520870801221,17.2456152462206,828.21,803.37,35.38,08:46:00,3,panel_soiling,2.4470524237125977,0.04403948367501898
342.1056704433508,17.274356233703152,836.67,811.57,35.74,08:47:00,3,panel_soiling,2.4456478576216525,0.044038098993309266
345.7794569510515,17.303379638315675,845.16,819.81,36.1,08:48:00,3,panel_soiling,2.4442169221164596,0.044034593381393254
233.1074161588294,17.332686897458707,577.82,560.49,24.68,08:49:00,3,panel_soiling,2.4787714158621976,0.044032899784117466
353.1868579930806,17.362279435065155,862.25,836.38,36.83,08:50:00,3,panel_soiling,2.441342254067938,0.044035008010712834
177.22312750753855,17.39215866121636,442.26,428.99,18.89,08:51:00,3,panel_soiling,2.4954982243002544,0.04403366045828574
265.6458162096265,17.42232597175586,655.57,635.9,28.0,08:52:00,3,panel_soiling,2.4678348387112425,0.04403208051580437
364.44445640592176,17.452782747900947,888.14,861.5,37.94,08:53:00,3,panel_soiling,2.4369694322110393,0.04403946604759141
368.235197262223,17.483530355851993,896.83,869.93,38.31,08:54:00,3,panel_soiling,2.435481471265662,0.04403802604807284
372.0446687555713,17.514570146399727,905.56,878.39,38.68,08:55:00,3,panel_soiling,2.4340088060633964,0.04403510968931796
375.8726386146631,17.545903454530396,914.31,886.88,39.06,08:56:00,3,panel_soiling,2.432499485383749,0.044042034999097965
258.4309086727122,17.577531599028966,637.94,618.81,27.25,08:57:00,3,panel_soiling,2.468512776882715,0.04403613386984697
383.58311684405805,17.6094558820804,931.91,903.96,39.81,08:58:00,3,panel_soiling,2.429486489570548,0.04403955927253418
387.4651331622469,17.641677588869037,940.76,912.53,40.18,08:59:00,3,panel_soiling,2.4279862095515745,0.044031429103700705
391.3646637396725,17.674197987176218,949.63,921.14,40.56,09:00:00,3,panel_soiling,2.426458206333298,0.04403239464142259
395.2814487887223,17.70701832697614,958.52,929.77,40.94,09:01:00,3,panel_soiling,2.424905097209175,0.04403239510846768
399.2152230204861,17.74013984003009,967.44,938.42,41.32,09:02:00,3,panel_soiling,2.423354482026741,0.044031457130069694
267.2070520922085,17.773563739479062,658.36,638.61,28.12,09:03:00,3,panel_soiling,2.463857128189908,0.04403313446391381
190.08540699400467,17.80729121943487,472.82,458.63,20.2,09:04:00,3,panel_soiling,2.487408199698953,0.04404421865120031
411.115745504261,17.841323454569793,994.36,964.53,42.47,09:05:00,3,panel_soiling,2.4186862480305904,0.044031808238209284
211.6566956808864,17.875661599704888,524.92,509.17,22.42,09:06:00,3,panel_soiling,2.4800538358182576,0.044032444959443806
419.1292623886587,17.91030678939698,1012.42,982.04,43.25,09:07:00,3,panel_soiling,2.415531653003943,0.04404097592766079
146.82220432612766,17.945260137524436,366.97,355.96,15.68,09:08:00,3,panel_soiling,2.4994175893509323,0.04404989324643219
427.2039029252951,17.980522736871794,1030.56,999.64,44.02,09:09:00,3,panel_soiling,2.412337511298939,0.04403585290704654
431.26338220763887,18.01609565871337,1039.65,1008.46,44.41,09:10:00,3,panel_soiling,2.4107078015249703,0.044037443230271894
435.3372167461643,18.05197995239581,1048.77,1017.31,44.8,09:11:00,3,panel_soiling,2.4090979582191685,0.044037707286864375
439.4250867387952,18.088176644919827,1057.91,1026.17,45.19,09:12:00,3,panel_soiling,2.407486581731842,0.04403753763996218
443.5266670181054,18.124686740521053,1067.06,1035.05,45.58,09:13:00,3,panel_soiling,2.405853084717544,0.04403651997488044
447.6416270736342,18.161511220250205,1076.23,1043.94,45.97,09:14:00,3,panel_soiling,2.4042223397221436,0.0440350978025557
172.91142613712626,18.19865104155257,430.35,417.44,18.38,09:15:00,3,panel_soiling,2.4888465130043738,0.044030279800689916
181.8280446773084,18.23610713784695,451.97,438.41,19.31,09:16:00,3,panel_soiling,2.485700161392125,0.04404552815857302
460.0634011637579,18.273880418104152,1103.81,1070.7,47.15,09:17:00,3,panel_soiling,2.3992562703484923,0.044036611562529186
464.228469235444,18.31197176642505,1113.03,1079.64,47.54,09:18:00,3,panel_soiling,2.3975910004681373,0.04403319625060205
468.40518528614257,18.35038204161836,1122.26,1088.59,47.94,09:19:00,3,panel_soiling,2.395917114611842,0.04403861876372188
472.59318731164456,18.389112076778268,1131.5,1097.56,48.33,09:20:00,3,panel_soiling,2.394236798961406,0.04403403914136813
201.7849955954122,18.428162678861888,499.95,484.95,21.36,09:21:00,3,panel_soiling,2.4776371430630144,0.044045777915248996
279.1211524786891,18.46753462826671,684.77,664.23,29.25,09:22:00,3,panel_soiling,2.4533074398662142,0.044035951402375685
485.2212123317579,18.507228678408147,1159.27,1124.49,49.52,09:23:00,3,panel_soiling,2.389157708973733,0.044037741553948906
489.45063599119936,18.54724555529725,1168.54,1133.49,49.92,09:24:00,3,panel_soiling,2.387452204722462,0.044040970806976686
493.68945927140106,18.58758595711868,1177.82,1142.48,50.31,09:25:00,3,panel_soiling,2.3857507546105103,0.04403578180799664
497.9372899122724,18.628250553809035,1187.1,1151.48,50.71,09:26:00,3,panel_soiling,2.3840351466931624,0.04403897592663355
502.19373075791526,18.6692399866357,1196.38,1160.49,51.1,09:27:00,3,panel_soiling,2.3823077165746627,0.04403312393902576
250.04971293589225,18.71055486777617,615.1,596.65,26.27,09:28:00,3,panel_soiling,2.4599108424399567,0.044029162825777256
510.73083024242095,18.752195779898152,1214.95,1178.5,51.9,09:29:00,3,panel_soiling,2.3788460144912693,0.04403903266864658
515.0106705188991,18.794163275740285,1224.24,1187.51,52.29,09:30:00,3,panel_soiling,2.37711579600189,0.044033313403676604
175.6432588630661,18.836457877693896,435.89,422.81,18.62,09:31:00,3,panel_soiling,2.481677935273484,0.04403869350299189
261.82495489496586,18.8790800773856,642.67,623.39,27.45,09:32:00,3,panel_soiling,2.454578862652013,0.04403343011597876
391.2468960112512,18.922030335261045,944.52,916.19,40.35,09:33:00,3,panel_soiling,2.414127778723229,0.044041083181436166
532.1955355495583,18.96530908016979,1261.35,1223.51,53.88,09:34:00,3,panel_soiling,2.3700875256262695,0.044037237129242915
536.5059891221819,19.008916708951528,1270.62,1232.5,54.28,09:35:00,3,panel_soiling,2.3683239810220154,0.04404056795131846
540.8212664574017,19.05285358602366,1279.89,1241.49,54.67,09:36:00,3,panel_soiling,2.366567439893401,0.044035795697105896
545.1409242947311,19.097120042970367,1289.14,1250.47,55.07,09:37:00,3,panel_soiling,2.364783017653294,0.044039441170120035
549.4645150868856,19.141716378133346,1298.39,1259.44,55.46,09:38:00,3,panel_soiling,2.3630097382989117,0.044035444324461666
410.4927446196308,19.18664285620421,987.46,957.84,42.18,09:39:00,3,panel_soiling,2.4055479979676533,0.04403658231019794
558.1216843087241,19.23189970781872,1316.85,1277.35,56.25,09:40:00,3,panel_soiling,2.3594317100060684,0.04403648177868243
268.1484637891391,19.27748712915301,656.61,636.92,28.05,09:41:00,3,panel_soiling,2.4486808192805127,0.044040067826414626
374.1556633484341,19.323405281521804,903.75,876.64,38.6,09:42:00,3,panel_soiling,2.415438515381709,0.04403175762000365
260.5239152244516,19.369654290978843,638.32,619.17,27.27,09:43:00,3,panel_soiling,2.4501397480153106,0.04404283153253549
397.0580888296355,19.416234247919544,955.89,927.22,40.83,09:44:00,3,panel_soiling,2.40743112126886,0.04403485688401889
579.8013103259385,19.463145206686093,1362.79,1321.9,58.21,09:45:00,3,panel_soiling,2.35044311858126,0.044035100990997805
349.8233136958468,19.51038718517501,846.96,821.56,36.18,09:46:00,3,panel_soiling,2.4211079331790555,0.044038171283898926
320.23649603275345,19.55796016444736,778.11,754.77,33.24,09:47:00,3,panel_soiling,2.4297980075338312,0.04403990619658969
406.8996775490659,19.60586408834165,977.58,948.26,41.76,09:48:00,3,panel_soiling,2.402508662303176,0.044038554826735285
597.15150510485,19.654098863089672,1399.23,1357.26,59.77,09:49:00,3,panel_soiling,2.3431741995765685,0.04403725152144763
601.4859170780336,19.70266435693516,1408.29,1366.05,60.16,09:50:00,3,panel_soiling,2.3413515761787917,0.044039383624318286
605.8180859999603,19.75156039975567,1417.33,1374.81,60.54,09:51:00,3,panel_soiling,2.339530682152815,0.04403517576974273
610.1475119714245,19.800786782687616,1426.35,1383.56,60.93,09:52:00,3,panel_soiling,2.3377133758873727,0.044038567174535255
614.4736919661982,19.850343257754552,1435.34,1392.28,61.31,09:53:00,3,panel_soiling,2.3358851953566746,0.04403568247766254
618.7961199210198,19.900229537499,1444.3,1400.97,61.69,09:54:00,3,panel_soiling,2.3340482486935175,0.04403377659764306
623.1142868270684,19.950445294617744,1453.24,1409.64,62.08,09:55:00,3,panel_soiling,2.3322206386888937,0.04403961295082432
627.427680822909,20.00099016160081,1462.14,1418.28,62.46,09:56:00,3,panel_soiling,2.330372160313864,0.044039258820543194
450.121876850114,20.051863730374297,1073.42,1041.22,45.85,09:57:00,3,panel_soiling,2.3847319030828578,0.044034882157469125
636.038088942922,20.103065551947,1479.87,1435.48,63.21,09:58:00,3,panel_soiling,2.3267002805751833,0.044034051327778864
640.3340659377769,20.154595136061168,1488.69,1444.03,63.59,09:59:00,3,panel_soiling,2.3248645967629344,0.04403648123653941
644.623195959611,20.206451950847345,1497.48,1452.55,63.97,10:00:00,3,panel_soiling,2.323031515753623,0.044039792089773155
648.9049543279625,20.258635422483486,1506.23,1461.04,64.34,10:01:00,3,panel_soiling,2.321187394169189,0.04403712424026721
653.1788140970355,20.31114493485848,1514.95,1469.5,64.71,10:02:00,3,panel_soiling,2.3193495675365567,0.04403538618577747
435.9326515917401,20.363979829240108,1040.15,1008.94,44.43,10:03:00,3,panel_soiling,2.386033705440633,0.044036315340852776
661.700719344369,20.417139403947733,1532.27,1486.3,65.45,10:04:00,3,panel_soiling,2.315654124599131,0.04403552445670457
387.4680698736802,20.470622914029637,929.91,902.01,39.72,10:05:00,3,panel_soiling,2.39996549987503,0.0440349885256261
670.1846547591757,20.52442957094523,1549.45,1502.96,66.19,10:06:00,3,panel_soiling,2.3119747505361485,0.04403976153723319
674.4110453112282,20.5785585422523,1557.97,1511.24,66.55,10:07:00,3,panel_soiling,2.3101193416561343,0.044036685106270346
678.6263338510262,20.63300895129929,1566.46,1519.47,66.91,10:08:00,3,panel_soiling,2.308280598412312,0.044035091183109894
682.8299805181339,20.68777987692284,1574.91,1527.66,67.27,10:09:00,3,panel_soiling,2.3064453010761956,0.04403466739981409
344.35073493184547,20.74287035315063,830.1,805.19,35.46,10:10:00,3,panel_soiling,2.410623575884904,0.04403929507321253
237.20317089920263,20.79827936890971,579.54,562.15,24.76,10:11:00,3,panel_soiling,2.443221976346473,0.04404518366983901
695.3656502000997,20.8540058677404,1599.98,1551.98,68.34,10:12:00,3,panel_soiling,2.300918947520038,0.044034072604028404
282.826592562414,20.910048747515837,686.7,666.1,29.33,10:13:00,3,panel_soiling,2.427989510386862,0.044032427563428914
703.654598242686,20.96640686016739,1616.46,1567.97,69.05,10:14:00,3,panel_soiling,2.2972350412218767,0.04403783235648641
254.35835136736517,21.023079011415977,619.54,600.95,26.46,10:15:00,3,panel_soiling,2.435697497917847,0.04403028538147932
711.8839188043954,21.080063960509413,1632.75,1583.77,69.74,10:16:00,3,panel_soiling,2.2935621340375176,0.04403417162845615
715.974850091082,21.137360419965923,1640.82,1591.6,70.09,10:17:00,3,panel_soiling,2.2917285429666485,0.04403744659462177
720.049230966964,21.194967055323943,1648.84,1599.38,70.43,10:18:00,3,panel_soiling,2.2898989806374073,0.04403581387787768
315.11635278190494,21.252882484898308,760.88,738.06,32.5,10:19:00,3,panel_soiling,2.414600173183054,0.04403436035010704
560.2686055764922,21.31110527954292,1310.01,1270.71,55.96,10:20:00,3,panel_soiling,2.3381820558231285,0.044038372248585436
732.1675820349219,21.36963396242008,1672.58,1622.41,71.45,10:21:00,3,panel_soiling,2.284422365917074,0.04403942283393224
736.1702714288232,21.428467008776515,1680.39,1629.97,71.78,10:22:00,3,panel_soiling,2.282610511748258,0.04403762032430045
740.1536651750642,21.48760284572624,1688.13,1637.49,72.11,10:23:00,3,panel_soiling,2.2807831392697575,0.04403691014906961
744.1172144640987,21.54703985204045,1695.82,1644.95,72.44,10:24:00,3,panel_soiling,2.2789689138172977,0.04403781269947415
461.11081194000974,21.60677635794438,1090.96,1058.23,46.6,10:25:00,3,panel_soiling,2.365938884430091,0.04403579562098977
751.9825863897145,21.66681064492144,1711.03,1659.7,73.09,10:26:00,3,panel_soiling,2.275358540168721,0.04403807917093451
310.22807625578633,21.727140945524543,748.09,725.65,31.96,10:27:00,3,panel_soiling,2.411419395139439,0.04404327154964515
759.7620063029772,21.787765443194942,1725.99,1674.21,73.73,10:28:00,3,panel_soiling,2.271750871563998,0.04403868093011032
763.6181183562646,21.848682272088453,1733.38,1681.38,74.04,10:29:00,3,panel_soiling,2.269956616182979,0.04403525675338115
767.4511051628915,21.909889516909374,1740.7,1688.48,74.36,10:30:00,3,panel_soiling,2.2681575259840643,0.04403960958969014
771.260423107495,21.9713852127521,1747.97,1695.53,74.67,10:31:00,3,panel_soiling,2.2663810402162636,0.04403932693612027
775.0455298212827,22.033167344950545,1755.16,1702.51,74.97,10:32:00,3,panel_soiling,2.2645895401844602,0.04403498364179946
778.8058843092086,22.095233848935504,1762.29,1709.42,75.28,10:33:00,3,panel_soiling,2.2628103298977122,0.044038328789881946
782.5409470773936,22.157582610100025,1769.36,1716.28,75.58,10:34:00,3,panel_soiling,2.261044622148072,0.04403710350292493
247.506495085206,22.220211463672957,600.44,582.42,25.65,10:35:00,3,panel_soiling,2.425956538204357,0.04404038322859792
789.9330477507575,22.283118194600647,1783.28,1729.78,76.17,10:36:00,3,panel_soiling,2.257507778763887,0.04403450149730024
793.5890153233864,22.34630053743706,1790.14,1736.44,76.47,10:37:00,3,panel_soiling,2.2557519892970297,0.04403837736979106
797.2175507670601,22.409756176242247,1796.93,1743.02,76.76,10:38:00,3,panel_soiling,2.254002057871211,0.044038507877132795
800.8181240106812,22.473482744489377,1803.65,1749.54,77.04,10:39:00,3,panel_soiling,2.252259215821573,0.04403443190781577
804.3902072516383,22.537477824980364,1810.3,1755.99,77.33,10:40:00,3,panel_soiling,2.2505246628812845,0.044037836206356526
807.933275083764,22.601738949770212,1816.87,1762.36,77.61,10:41:00,3,panel_soiling,2.248787190763535,0.04403754057059852
456.849231639551,22.666263600100194,1076.69,1044.39,45.99,10:42:00,3,panel_soiling,2.3567731440325517,0.044035274179185936
814.9302756461171,22.731049206339836,1829.8,1774.9,78.16,10:43:00,3,panel_soiling,2.24534546657902,0.044036283734294884
818.3831706962783,22.796093147937967,1836.15,1781.07,78.43,10:44:00,3,panel_soiling,2.2436311812690484,0.0440353270786662
821.804975232345,22.861392753382823,1842.43,1787.15,78.7,10:45:00,3,panel_soiling,2.241930939246381,0.04403659457795932
825.1951777449422,22.92694530017125,1848.63,1793.17,78.97,10:46:00,3,panel_soiling,2.240233643938464,0.044039327001901656
828.5532698854013,22.992748014787217,1854.75,1799.11,79.23,10:47:00,3,panel_soiling,2.238540438391528,0.04403844122927448
831.8787465921507,23.05879807268957,1860.79,1804.97,79.48,10:48:00,3,panel_soiling,2.236852435072847,0.04403397286381491
835.1711062167086,23.12509259830926,1866.76,1810.76,79.74,10:49:00,3,panel_soiling,2.2351826902349954,0.04403675804634518
838.4298506492322,23.19162866505601,1872.64,1816.47,79.99,10:50:00,3,panel_soiling,2.2335082637503123,0.044035959856204614
591.1653293648203,23.25840329533456,1365.21,1324.25,58.32,10:51:00,3,panel_soiling,2.3093539695009766,0.04404002265433264
588.9358728173676,23.325413460570484,1360.07,1319.27,58.1,10:52:00,3,panel_soiling,2.3093685794578276,0.0440395066968854
847.9994673983638,23.3926560812458,1889.82,1833.13,80.72,10:53:00,3,panel_soiling,2.2285627204435747,0.044033974677191466
851.1188451029375,23.46012802694426,1895.38,1838.52,80.96,10:54:00,3,panel_soiling,2.226927544731742,0.044035419794182275
676.1977496461633,23.527826116406597,1541.99,1495.73,65.87,10:55:00,3,panel_soiling,2.280383217493527,0.04403869682362459
857.2489813287917,23.59574711759553,1906.26,1849.07,81.43,10:56:00,3,panel_soiling,2.223694680914258,0.044038354416003726
860.2587957080729,23.66388774777092,1911.57,1854.22,81.65,10:57:00,3,panel_soiling,2.2220871318457145,0.04403468844042239
863.2311522930999,23.73224467357481,1916.79,1859.29,81.88,10:58:00,3,panel_soiling,2.2204828856190035,0.04403831570115474
275.109654478589,23.80081451112666,660.75,640.92,28.22,10:59:00,3,panel_soiling,2.401769582577206,0.04403045621918492
869.0616540129836,23.869593826128717,1926.99,1869.18,82.31,11:00:00,3,panel_soiling,2.217322546797366,0.044035352400517876
871.9188921325027,23.938579133981563,1931.96,1874.0,82.52,11:01:00,3,panel_soiling,2.2157565542305124,0.044034151547492
874.7368586617538,24.007766899910017,1936.84,1878.74,82.73,11:02:00,3,panel_soiling,2.2141973106782546,0.04403483185539245
877.5151126376971,24.077153539099253,1941.64,1883.39,82.94,11:03:00,3,panel_soiling,2.2126570494765394,0.04403761302757262
880.2532183228218,24.146735416841377,1946.34,1887.95,83.14,11:04:00,3,panel_soiling,2.2111137562307714,0.044037183188114094
360.255398931775,24.216508848692374,854.27,828.65,36.49,11:05:00,3,panel_soiling,2.3712899307909643,0.04403547939419538
885.6072686793536,24.28647010063956,1955.49,1896.83,83.53,11:06:00,3,panel_soiling,2.208078082868595,0.044036629534539205
888.2223690210975,24.35661538927947,1959.93,1901.13,83.72,11:07:00,3,panel_soiling,2.2065758174498833,0.044036967487757275
890.7956326343077,24.42694088200637,1964.28,1905.35,83.91,11:08:00,3,panel_soiling,2.205084901675065,0.044039152911538565
511.70279562414527,24.497442697211333,1188.0,1152.36,50.75,11:09:00,3,panel_soiling,2.321660171019677,0.04404005692665487
895.8150238555669,24.56811690449192,1972.7,1913.52,84.27,11:10:00,3,panel_soiling,2.2021287291092144,0.04403925749404239
404.052035952725,24.63895952487248,950.97,922.44,40.62,11:11:00,3,panel_soiling,2.353582992739246,0.044035384415246515
374.90812148641686,24.709966531035256,885.49,858.92,37.82,11:12:00,3,panel_soiling,2.361885350707405,0.04403204023657617
305.8715512132766,24.781133847562064,728.75,706.89,31.13,11:13:00,3,panel_soiling,2.3825360583857007,0.04403796913239684
553.7702754837757,24.85245735118679,1276.52,1238.22,54.53,11:14:00,3,panel_soiling,2.3051435884398592,0.04403902375991343
907.6035390513324,24.923932871058614,1992.16,1932.39,85.1,11:15:00,3,panel_soiling,2.1949672012983714,0.04403872924202671
909.8279314339107,24.995556189016067,1995.77,1935.89,85.25,11:16:00,3,panel_soiling,2.1935686200077615,0.04403659298823796
912.0070365363332,25.0673230398718,1999.28,1939.31,85.4,11:17:00,3,panel_soiling,2.1921760687208813,0.04403628094528467
914.1405031491948,25.139229111708232,2002.71,1942.63,85.55,11:18:00,3,panel_soiling,2.1908120175188674,0.04403823682327566
916.2279868574776,25.21127004618401,2006.04,1945.85,85.69,11:19:00,3,panel_soiling,2.189455057884022,0.04403731017293214
918.2691501331734,25.28344143885129,2009.27,1948.99,85.83,11:20:00,3,panel_soiling,2.188105741882543,0.04403819414158102
920.2636624262036,25.35573883948388,2012.41,1952.03,85.96,11:21:00,3,panel_soiling,2.186775466820495,0.044036208459910964
709.593089782693,25.42815775241617,1597.46,1549.53,68.24,11:22:00,3,panel_soiling,2.2512338733304307,0.04403916026149864
924.1114472869166,25.500693636892997,2018.39,1957.84,86.22,11:23:00,3,panel_soiling,2.184141323999132,0.04403832795325461
925.9640944378318,25.57334190743028,2021.24,1960.61,86.34,11:24:00,3,panel_soiling,2.1828492186051,0.04403731491729615
927.7688399419194,25.646097934186525,2024.0,1963.28,86.46,11:25:00,3,panel_soiling,2.1815779026666893,0.04403854773644106
723.1371369523866,25.718957043345167,1622.84,1574.15,69.32,11:26:00,3,panel_soiling,2.2441663096426647,0.04403646412349521
931.2334560608706,25.7919145175077,2029.21,1968.34,86.68,11:27:00,3,panel_soiling,2.179056161259051,0.044037107410305136
308.7953246217112,25.86496559609764,732.12,710.16,31.27,11:28:00,3,panel_soiling,2.3708908186899573,0.04403233074236792
934.5030310706596,25.93810547577529,2034.04,1973.02,86.89,11:29:00,3,panel_soiling,2.1766007518130803,0.04403908728750849
936.0640038361892,26.01132931086326,2036.31,1975.22,86.98,11:30:00,3,panel_soiling,2.175396117845328,0.044035601097599256
937.5754226217674,26.084632213782708,2038.48,1977.32,87.07,11:31:00,3,panel_soiling,2.1742037502430933,0.044034349523597596
939.037039114906,26.158009255500367,2040.55,1979.33,87.16,11:32:00,3,panel_soiling,2.173023975628619,0.04403510278730682
940.448612927348,26.231455465986244,2042.52,1981.24,87.25,11:33:00,3,panel_soiling,2.1718571030077003,0.04403807716379641
494.4240191112572,26.30496583468193,1141.68,1107.43,48.77,11:34:00,3,panel_soiling,2.3091111189383677,0.044038900878610836
943.120710971458,26.37853531097965,2046.17,1984.79,87.4,11:35:00,3,panel_soiling,2.169573816158008,0.04403488530272724
603.0824989519913,26.45215880471181,1371.44,1330.29,58.58,11:36:00,3,panel_soiling,2.2740504033581224,0.04403551105398071
945.5899545830534,26.52583118665116,2049.43,1987.94,87.54,11:37:00,3,panel_soiling,2.16735593484987,0.0440355342716581
946.7479910086804,26.59954728902141,2050.91,1989.38,87.61,11:38:00,3,panel_soiling,2.16626812993279,0.04403884627371341
947.8547123725662,26.673301906018388,2052.29,1990.72,87.66,11:39:00,3,panel_soiling,2.1651947004229504,0.04403431924127953
948.9099354803144,26.74708979434157,2053.57,1991.96,87.72,11:40:00,3,panel_soiling,2.164135839678541,0.04403702885600112
395.4914263812023,26.82090567373595,923.32,895.62,39.44,11:41:00,3,panel_soiling,2.3346144528302357,0.04403653335119805
950.8651961508472,26.89474422754427,2055.84,1994.16,87.82,11:42:00,3,panel_soiling,2.1620730344555144,0.044038592690656714
951.7649094683602,26.968600103269488,2056.82,1995.12,87.86,11:43:00,3,panel_soiling,2.161058870250748,0.044037451381370545
692.0098941825147,27.042467913147416,1550.58,1504.06,66.23,11:44:00,3,panel_soiling,2.2406905060681703,0.04403414757389998
953.4077553501164,27.116342234729508,2058.49,1996.74,87.93,11:45:00,3,panel_soiling,2.159086695538855,0.04403677995132066
954.150614958946,27.190217611475692,2059.18,1997.4,87.96,11:46:00,3,panel_soiling,2.1581288820828353,0.04403724842294983
954.840931427281,27.264088553357205,2059.77,1997.97,87.98,11:47:00,3,panel_soiling,2.157186534642046,0.04403469521564388
955.4785899066732,27.337949537469317,2060.25,1998.45,88.0,11:48:00,3,panel_soiling,2.1562492574545664,0.044034126447997195
584.7654971733101,27.411795008653925,1327.54,1287.72,56.71,11:49:00,3,panel_soiling,2.270209180290522,0.04403907681794179
956.5955170913392,27.485619380131915,2060.93,1999.11,88.03,11:50:00,3,panel_soiling,2.154442460975086,0.044034595394950755
957.0745997721334,27.559417034145135,2061.12,1999.29,88.04,11:51:00,3,panel_soiling,2.1535625336736812,0.04403563264959061
957.5006524666628,27.633182322608057,2061.22,1999.38,88.05,11:52:00,3,panel_soiling,2.152708715853084,0.04403865198211445
519.0044136445474,27.706909567768854,1187.29,1151.67,50.72,11:53:00,3,panel_soiling,2.2876298713196377,0.04404039351550357
958.1933926467524,27.780593062879944,2061.1,1999.27,88.04,11:54:00,3,panel_soiling,2.151027147355675,0.04403607316670585
958.459964610494,27.854227072877848,2060.9,1999.07,88.03,11:55:00,3,panel_soiling,2.150220224208868,0.044035476496570906
958.6732755764408,27.927805835072235,2060.6,1998.78,88.02,11:56:00,3,panel_soiling,2.1494288539137396,0.04403686248611653
958.833289954889,28.00132355984413,2060.2,1998.39,88.0,11:57:00,3,panel_soiling,2.148652973966859,0.04403544853607153
533.0630498866007,28.074774431353102,1215.19,1178.74,51.91,11:58:00,3,panel_soiling,2.279636527533674,0.04403854963774878
745.8406072764661,28.14815260825341,1650.61,1601.09,70.51,11:59:00,3,panel_soiling,2.2130867961553027,0.04403874860251454
958.993331041708,28.221452224418883,2058.4,1996.65,87.93,12:00:00,3,panel_soiling,2.146417428955486,0.04403876493125986
958.9399810448964,28.294667389676547,2057.61,1995.88,87.89,12:01:00,3,panel_soiling,2.145713017156665,0.0440357135699541
438.25496833287735,28.367792190548823,1010.65,980.33,43.17,12:02:00,3,panel_soiling,2.3060776785817496,0.04403619189456612
707.8188381921186,28.44082069100414,1572.74,1525.56,67.18,12:03:00,3,panel_soiling,2.22195273018874,0.04403628831379953
576.170672800268,28.51374693321595,1303.28,1264.18,55.67,12:04:00,3,panel_soiling,2.2619686518681723,0.04403645050546599
958.1933926467524,28.586564938329857,2053.46,1991.85,87.71,12:05:00,3,panel_soiling,2.1430538091354054,0.044034440344403444
957.8736041537852,28.65926870723897,2052.18,1990.61,87.66,12:06:00,3,panel_soiling,2.142432979780206,0.04403675255323745
957.5006524666628,28.73185222136709,2050.8,1989.28,87.6,12:07:00,3,panel_soiling,2.1418262167413014,0.04403603313761763
522.3043293271616,28.80430944345977,1188.63,1152.97,50.77,12:08:00,3,panel_soiling,2.275742193313249,0.04403410322905193
956.5955170913392,28.876634318383086,2047.76,1986.33,87.47,12:09:00,3,panel_soiling,2.140674886525182,0.044035985964064384
956.0634842600869,28.94882077392993,2046.09,1984.71,87.4,12:10:00,3,panel_soiling,2.140119389230206,0.04403666026774693
460.5839403880439,29.020862721633748,1055.98,1024.3,45.11,12:11:00,3,panel_soiling,2.2926982627972925,0.044039832080445186
954.8409314272812,29.092754057589502,2042.48,1981.2,87.25,12:12:00,3,panel_soiling,2.139078806505428,0.04403896628306077
524.8747212127681,29.1644886632818,1192.19,1156.43,50.93,12:13:00,3,panel_soiling,2.2713801061810384,0.044040711500047555
953.4077553501164,29.236060406419995,2038.48,1977.33,87.08,12:14:00,3,panel_soiling,2.138098823468681,0.04403918415236708
952.6124761288058,29.307463141780104,2036.34,1975.25,86.98,12:15:00,3,panel_soiling,2.1376373405009446,0.04403493228705228
951.7649094683602,29.3786907120534,2034.11,1973.09,86.89,12:16:00,3,panel_soiling,2.1371979359232935,0.04403752489749581
950.8651961508474,29.44973694870151,2031.78,1970.83,86.79,12:17:00,3,panel_soiling,2.1367697631848896,0.044037283783989495
949.9134855280834,29.52059567281793,2029.36,1968.48,86.69,12:18:00,3,panel_soiling,2.136362975068011,0.04403905551491506
948.9099354803144,29.59126069599565,2026.85,1966.04,86.58,12:19:00,3,panel_soiling,2.135977213658385,0.04403776118491994
947.8547123725664,29.661725821200918,2024.24,1963.52,86.47,12:20:00,3,panel_soiling,2.135601557471971,0.04403825782268579
946.7479910086804,29.731984843652764,2021.55,1960.9,86.35,12:21:00,3,panel_soiling,2.1352567094926798,0.04403590188178897
945.5899545830536,29.80203155170834,2018.76,1958.19,86.23,12:22:00,3,panel_soiling,2.1349211571205275,0.044035563454006
944.3807946301004,29.871859727753705,2015.88,1955.4,86.11,12:23:00,3,panel_soiling,2.134605035873892,0.04403702567249668
379.4097484727643,29.94146314910004,875.94,849.66,37.42,12:24:00,3,panel_soiling,2.3086913383905285,0.044041145870112756
941.809911660952,30.01083558888498,2009.84,1949.55,85.85,12:25:00,3,panel_soiling,2.1340187389358616,0.04403580313405658
643.0881193579775,30.07997081697905,1431.36,1388.41,61.14,12:26:00,3,panel_soiling,2.22576029149627,0.04403598360714774
939.0370391149062,30.148862600896805,2003.45,1943.34,85.58,12:27:00,3,panel_soiling,2.133515416908753,0.044037584776724606
937.5754226217676,30.217504706712788,2000.11,1940.11,85.44,12:28:00,3,panel_soiling,2.133279042668416,0.04403874007143925
936.0640038361894,30.285890899981773,1996.69,1936.79,85.29,12:29:00,3,panel_soiling,2.1330699522865313,0.04403678251126865
934.5030310706596,30.35401494666345,1993.19,1933.39,85.14,12:30:00,3,panel_soiling,2.1328876779740384,0.044036640305370356
932.8927604939124,30.421870614051127,1989.59,1929.9,84.99,12:31:00,3,panel_soiling,2.1327103009638835,0.04403855122027048
931.2334560608708,30.48945167170432,1985.91,1926.33,84.83,12:32:00,3,panel_soiling,2.132558690922064,0.04403710683008623
929.5253894405464,30.556751892385133,1982.14,1922.67,84.67,12:33:00,3,panel_soiling,2.1324215804293316,0.04403771838120946
927.7688399419196,30.623765052998117,1978.28,1918.93,84.5,12:34:00,3,panel_soiling,2.1322983860115894,0.04403495698123433
925.964094437832,30.690484935533448,1974.34,1915.11,84.33,12:35:00,3,panel_soiling,2.1321993064954143,0.044034024155270454
924.1114472869168,30.7569053280133,1970.31,1911.2,84.16,12:36:00,3,panel_soiling,2.1321129673099493,0.0440351611552951
429.1109999598995,30.823020025441075,980.35,950.93,41.88,12:37:00,3,panel_soiling,2.2846070133173324,0.044041096610686385
920.2636624262036,30.888822830753444,1962.0,1903.14,83.81,12:38:00,3,panel_soiling,2.131997687301202,0.044037748142543374
918.2691501331738,30.954307555774875,1957.72,1898.98,83.62,12:39:00,3,panel_soiling,2.131967517057584,0.04403416571001274
916.2279868574778,31.019468022174536,1953.35,1894.75,83.44,12:40:00,3,panel_soiling,2.1319475370968446,0.044037471962000266
383.4286475326365,31.08429806242529,880.41,853.99,37.61,12:41:00,3,panel_soiling,2.296150811019048,0.04404032834108128
912.0070365363332,31.148791520764668,1944.38,1886.04,83.06,12:42:00,3,panel_soiling,2.131979164749063,0.04403936289792369
909.8279314339112,31.212942254157497,1939.77,1881.57,82.86,12:43:00,3,panel_soiling,2.132018520186421,0.04403769192748609
907.6035390513324,31.276744133260117,1935.07,1877.02,82.66,12:44:00,3,panel_soiling,2.1320652870333903,0.04403788984667185
905.3342172980964,31.34019104338581,1930.3,1872.39,82.45,12:45:00,3,panel_soiling,2.132140775326971,0.04403462953764974
903.0203306878695,31.403276885471445,1925.45,1867.69,82.25,12:46:00,3,panel_soiling,2.1322332782178908,0.04403835754327538
900.6622502409649,31.465995577044875,1920.52,1862.91,82.04,12:47:00,3,panel_soiling,2.132342062172785,0.04403862773832338
898.2603533852553,31.528341053193092,1915.51,1858.05,81.82,12:48:00,3,panel_soiling,2.1324663754568003,0.044035413471112186
576.7412973932195,31.590307267530825,1286.9,1248.29,54.97,12:49:00,3,panel_soiling,2.231329724118226,0.04403624157847936
893.3266515915849,31.65188819316933,1905.26,1848.11,81.38,12:50:00,3,panel_soiling,2.1327696835256353,0.04403417545492422
546.6250690290888,31.7130778236853,1224.13,1187.4,52.29,12:51:00,3,panel_soiling,2.2394326008031253,0.04403739262253663
888.2223690210978,31.77387017408948,1894.71,1837.87,80.93,12:52:00,3,panel_soiling,2.1331482589074438,0.044034670569735625
490.8532102816391,31.834259281794974,1107.11,1073.9,47.29,12:53:00,3,panel_soiling,2.255480817502993,0.044035757519322094
882.950745318857,31.89423920758488,1883.85,1827.33,80.47,12:54:00,3,panel_soiling,2.133584472279585,0.04403692819578292
880.253218322822,31.95380403657906,1878.31,1821.96,80.23,12:55:00,3,panel_soiling,2.1338291765394635,0.04403499527980856
402.0481254982203,32.012947879199935,917.15,889.63,39.18,12:56:00,3,panel_soiling,2.2811945680966987,0.04404078099884221
874.7368586617541,32.07166487213691,1867.01,1811.0,79.75,12:57:00,3,panel_soiling,2.1343675889641927,0.044036443953616784
871.9188921325031,32.12994917930938,1861.25,1805.42,79.5,12:58:00,3,panel_soiling,2.1346595615652184,0.04403407517364381
869.0616540129838,32.187794992827946,1855.42,1799.76,79.26,12:59:00,3,panel_soiling,2.1349693562388845,0.044039205227363654
866.1655903769655,32.24519653395377,1849.53,1794.04,79.0,13:00:00,3,panel_soiling,2.1353076369554955,0.04403469264899333
863.2311522931002,32.302148054055706,1843.56,1788.25,78.75,13:01:00,3,panel_soiling,2.1356504513336194,0.04403746679714805
860.2587957080732,32.35864383556509,1837.52,1782.39,78.49,13:02:00,3,panel_soiling,2.1360083839509594,0.044036378121511
857.2489813287921,32.41467819292794,1831.41,1776.47,78.23,13:03:00,3,panel_soiling,2.1363804914194175,0.04403676954859919
279.47296336412154,32.47024547355426,646.86,627.46,27.63,13:04:00,3,panel_soiling,2.3145709417236717,0.04403467950148216
653.7814438178059,32.52534005876446,1437.17,1394.05,61.39,13:05:00,3,panel_soiling,2.198242262135092,0.04403715792116495
334.7166205440224,32.579956364732325,768.65,745.59,32.83,13:06:00,3,panel_soiling,2.296420174028693,0.044032242921713004
501.8763953602434,32.63408884342465,1126.29,1092.5,48.11,13:07:00,3,panel_soiling,2.244158144141361,0.04403661327231121
841.6544854435832,32.68773198353706,1799.88,1745.89,76.88,13:08:00,3,panel_soiling,2.138502237116216,0.0440348475562607
838.4298506492325,32.74088031142607,1793.38,1739.58,76.61,13:09:00,3,panel_soiling,2.1389744158217985,0.044039365823934515
613.7656703143304,32.793528392036755,1355.17,1314.52,57.89,13:10:00,3,panel_soiling,2.2079599194688933,0.0440388887198369
603.6539418101945,32.84567082982633,1334.42,1294.39,57.0,13:11:00,3,panel_soiling,2.2105711693001395,0.04403618692975069
828.5532698854016,32.89730226968295,1773.5,1720.3,75.76,13:12:00,3,panel_soiling,2.1404779444601014,0.04403883043655177
825.1951777449425,32.948417397839805,1766.76,1713.75,75.47,13:13:00,3,panel_soiling,2.1410207519972726,0.04403792851932896
821.8049752323453,32.999010942784146,1759.95,1707.15,75.18,13:14:00,3,panel_soiling,2.141566494535297,0.04403830946314032
818.3831706962786,33.04907767616117,1753.08,1700.49,74.88,13:15:00,3,panel_soiling,2.142126161402468,0.04403436656493128
814.9302756461175,33.09861241367233,1746.15,1693.77,74.59,13:16:00,3,panel_soiling,2.1426986481948593,0.044037856379555665
811.4468046251988,33.14761001596807,1739.17,1687.0,74.29,13:17:00,3,panel_soiling,2.1432951489695125,0.04403675163011263
572.899010364213,33.19606538953465,1269.9,1231.8,54.24,13:18:00,3,panel_soiling,2.216621039705895,0.044033122260107166
614.9697335051748,33.24397348757489,1354.86,1314.21,57.87,13:19:00,3,panel_soiling,2.2031328148096563,0.044034058483803956
800.8181240106816,33.29132931088256,1717.89,1666.35,73.38,13:20:00,3,panel_soiling,2.145168732441283,0.04403636690971285
542.7251224655022,33.338127908710334,1207.32,1171.1,51.57,13:21:00,3,panel_soiling,2.224551527143913,0.04403552215865426
793.5890153233868,33.384364379630924,1703.42,1652.32,72.76,13:22:00,3,panel_soiling,2.146476283200389,0.044035053742616445
330.45212915632607,33.43003387239136,756.51,733.81,32.31,13:23:00,3,panel_soiling,2.2893179775583166,0.044030471102874044
536.0507211405326,33.475131586760064,1192.85,1157.06,50.95,13:24:00,3,panel_soiling,2.2252558441895633,0.04403401725061795
782.540947077394,33.5196527743666,1681.33,1630.89,71.82,13:25:00,3,panel_soiling,2.1485521061605417,0.04403730478450416
778.805884309209,33.56359273953384,1673.87,1623.65,71.5,13:26:00,3,panel_soiling,2.1492775462074243,0.04403658423921411
775.045529821283,33.60694684010241,1666.36,1616.37,71.18,13:27:00,3,panel_soiling,2.1500156260294077,0.04403694698614798
503.0360535556055,33.64971048824713,1123.65,1089.94,48.0,13:28:00,3,panel_soiling,2.233736512637045,0.04403912141952768
767.451105162892,33.691879151285306,1651.19,1601.65,70.53,13:29:00,3,panel_soiling,2.1515246885331334,0.04403583804201917
511.57898233297743,33.73344835247667,1140.96,1106.73,48.74,13:30:00,3,panel_soiling,2.2302714525073473,0.04403964833337851
759.7620063029776,33.77441367181473,1635.83,1586.75,69.88,13:31:00,3,panel_soiling,2.153082131548,0.04403970379706948
755.8833137380736,33.81477074680936,1628.08,1579.24,69.54,13:32:00,3,panel_soiling,2.1538774178631455,0.044033839061827215
751.9825863897148,33.8545152732605,1620.29,1571.68,69.21,13:33:00,3,panel_soiling,2.1546908523228554,0.04403568156367708
748.0603708529848,33.89364300602264,1612.46,1564.09,68.88,13:34:00,3,panel_soiling,2.155521215702649,0.044038386537859076
744.1172144640991,33.93214975975998,1604.58,1556.45,68.54,13:35:00,3,panel_soiling,2.156353822771849,0.044036107809438146
740.1536651750648,33.97003140969214,1596.67,1548.77,68.2,13:36:00,3,panel_soiling,2.1572142044616474,0.04403494385867495
736.1702714288236,34.00728389233004,1588.71,1541.05,67.86,13:37:00,3,panel_soiling,2.158074105487162,0.04403491126180202
732.1675820349224,34.043903206202025,1580.71,1533.29,67.52,13:38:00,3,panel_soiling,2.1589456277300796,0.04403602710511384
728.1461460457468,34.079885412569816,1572.68,1525.5,67.18,13:39:00,3,panel_soiling,2.159841137030744,0.04403802032120616
359.18974329926635,34.11522663613424,816.67,792.17,34.88,13:40:00,3,panel_soiling,2.2736451004937925,0.04403095295201788
720.0492309669644,34.149923065730555,1556.49,1509.8,66.49,13:41:00,3,panel_soiling,2.161643861364545,0.04403894555570274
715.9748500910824,34.18397095501315,1548.35,1501.9,66.14,13:42:00,3,panel_soiling,2.1625759617157323,0.04403755243358413
250.7655389098579,34.21736662312946,578.31,560.96,24.7,13:43:00,3,panel_soiling,2.3061781236531216,0.044031660011409006
707.7769855393764,34.25010645538296,1531.95,1485.99,65.44,13:44:00,3,panel_soiling,2.1644529721922865,0.04403798141306469
703.6545982426865,34.282186903885034,1523.7,1477.99,65.09,13:45:00,3,panel_soiling,2.165409000105027,0.044039540186334145
699.5173042564033,34.31360448819556,1515.42,1469.96,64.73,13:46:00,3,panel_soiling,2.1663795745709433,0.04403521184249912
695.3656502001002,34.34435579595208,1507.11,1461.9,64.38,13:47:00,3,panel_soiling,2.1673633139144997,0.04403857993022778
497.87443926885226,34.37443748348735,1109.35,1076.07,47.39,13:48:00,3,panel_soiling,2.2281722307920107,0.04403988588103005
687.021444041956,34.40384627643513,1490.39,1445.68,63.66,13:49:00,3,panel_soiling,2.169350044201798,0.04403464113773449
682.8299805181343,34.43257897032413,1481.99,1437.53,63.3,13:50:00,3,panel_soiling,2.1703645743197444,0.04403386364110662
678.6263338510266,34.46063243115976,1473.56,1429.36,62.94,13:51:00,3,panel_soiling,2.1713864117797095,0.04403369340124252
224.3900648868683,34.488003595993845,518.71,503.15,22.16,13:52:00,3,panel_soiling,2.3116442355035653,0.044042532048096994
670.1846547591762,34.51468947348188,1456.62,1412.92,62.22,13:53:00,3,panel_soiling,2.173460686776574,0.04403646349404071
665.9477005341452,34.54068714442777,1448.12,1404.67,61.86,13:54:00,3,panel_soiling,2.174525114867861,0.044038813386774116
661.7007193443694,34.56599376231607,1439.58,1396.4,61.49,13:55:00,3,panel_soiling,2.1755756914188846,0.04403466055571469
376.0803090005061,34.59060655383128,851.33,825.79,36.37,13:56:00,3,panel_soiling,2.2636920349872782,0.04404267428765182
653.1788140970358,34.6145228193644,1422.45,1379.78,60.76,13:57:00,3,panel_soiling,2.177734441626703,0.044036005740045514
648.9049543279629,34.63773993350637,1413.85,1371.44,60.39,13:58:00,3,panel_soiling,2.178824480488442,0.04403400804993292
449.7740084359685,34.66025534552833,1007.59,977.36,43.04,13:59:00,3,panel_soiling,2.2402139321117405,0.04403699762625849
640.3340659377774,34.682066579848694,1396.6,1354.7,59.66,14:00:00,3,panel_soiling,2.1810490403234466,0.04403927068723702
636.0380889429224,34.70317123648674,1387.94,1346.3,59.29,14:01:00,3,panel_soiling,2.182164911391891,0.04403921859912353
631.7357872888826,34.72356699150273,1379.26,1337.89,58.92,14:02:00,3,panel_soiling,2.183286158156632,0.0440394950257495
340.13100339351,34.74325159742436,773.22,750.03,33.03,14:03:00,3,panel_soiling,2.2733005585657637,0.044038238470461184
623.1142868270689,34.76222288365954,1361.86,1321.01,58.17,14:04:00,3,panel_soiling,2.185570173546595,0.04403448876238636
618.7961199210201,34.78047875689527,1353.14,1312.55,57.8,14:05:00,3,panel_soiling,2.186729936465516,0.04403641766027961
614.4736919661988,34.79801720148257,1344.41,1304.07,57.43,14:06:00,3,panel_soiling,2.187904897438561,0.04403904698367419
610.1475119714249,34.81483627980742,1335.65,1295.59,57.05,14:07:00,3,panel_soiling,2.189060798895059,0.04403399223519786
383.5337262764442,34.8309341326475,866.41,840.42,37.01,14:08:00,3,panel_soiling,2.259019065706642,0.04403750505699531
601.485917078034,34.8463089795147,1318.12,1278.57,56.3,14:09:00,3,panel_soiling,2.1914395043583257,0.04403356875259078
597.1515051048505,34.86095911898339,1309.33,1270.05,55.93,14:10:00,3,panel_soiling,2.192626140614185,0.04403763631353096
592.8153467641151,34.87488292900412,1300.54,1261.52,55.55,14:11:00,3,panel_soiling,2.193836591948914,0.044034180988014454
588.4779354370786,34.88807886720304,1291.74,1252.99,55.18,14:12:00,3,panel_soiling,2.1950525622351322,0.04403865952641282
584.1397611171278,34.90054547116658,1282.93,1244.44,54.8,14:13:00,3,panel_soiling,2.19627233993879,0.04403587155668413
579.801310325939,34.91228135871158,1274.11,1235.89,54.42,14:14:00,3,panel_soiling,2.1974941713804528,0.044033045012096546
575.4630660312074,34.9232852281407,1265.29,1227.33,54.05,14:15:00,3,panel_soiling,2.1987336367672,0.04403868560207931
335.1970791101465,34.93355585848302,761.89,739.03,32.54,14:16:00,3,panel_soiling,2.2729613337401466,0.044030688875959026
566.7891105495451,34.94309210971986,1247.62,1210.19,53.29,14:17:00,3,panel_soiling,2.2012067218269906,0.04403440782025963
562.4543468100735,34.95189292299568,1238.79,1201.62,52.92,14:18:00,3,panel_soiling,2.202472088669461,0.04404054526389375
441.5293265705208,34.95995732081401,988.94,959.27,42.24,14:19:00,3,panel_soiling,2.2398059211182364,0.044033483794969096
190.9773852751744,34.96728440721837,442.54,429.26,18.9,14:20:00,3,panel_soiling,2.3172377156717037,0.044029259656152446
302.57033060657545,34.97387336795825,690.66,669.94,29.5,14:21:00,3,panel_soiling,2.2826428441129862,0.04403379407111084
321.4117041948232,34.979723470639826,731.78,709.83,31.26,14:22:00,3,panel_soiling,2.2767683642174794,0.04403871349478044
237.7187313230692,34.9848340648617,547.37,530.95,23.38,14:23:00,3,panel_soiling,2.302595159218238,0.04403427818061964
536.5059891221824,34.989204582335404,1185.75,1150.17,50.65,14:24:00,3,panel_soiling,2.2101337618618095,0.04403696844814244
532.1955355495587,34.9928345369907,1176.91,1141.6,50.27,14:25:00,3,panel_soiling,2.2114240375667427,0.04403468815697267
527.890344649182,34.99572352506571,1168.08,1133.03,49.9,14:26:00,3,panel_soiling,2.2127322688128843,0.04404119926215546
523.5908509175493,34.99787122518174,1159.25,1124.47,49.52,14:27:00,3,panel_soiling,2.214037922871477,0.044038524816135606
519.2974843774092,34.99927739840285,1150.43,1115.91,49.14,14:28:00,3,panel_soiling,2.2153583150499214,0.044035809339462856
515.0106705188996,34.99994188828021,1141.61,1107.36,48.76,14:29:00,3,panel_soiling,2.216672518357279,0.04403265424071666
510.7308302424214,34.999864620881056,1132.8,1098.81,48.39,14:30:00,3,panel_soiling,2.217998078287754,0.04403855079586098
506.4583798032541,34.99904560480244,1124.0,1090.28,48.01,14:31:00,3,panel_soiling,2.219333403934682,0.04403455992955938
502.19373075791566,34.9974849311696,1115.2,1081.74,47.64,14:32:00,3,panel_soiling,2.220656953078505,0.044040157523989126
497.93728991227295,34.99518277361909,1106.42,1073.22,47.26,14:33:00,3,panel_soiling,2.2220067113168613,0.0440357056335141
493.6894592714015,34.99213938826658,1097.64,1064.71,46.89,14:34:00,3,panel_soiling,2.2233409674574034,0.04404016117064741
489.4506359911998,34.98835511365934,1088.88,1056.21,46.51,14:35:00,3,panel_soiling,2.2246983044467386,0.04403480368487327
157.5619601548634,34.98383037071352,366.71,355.71,15.66,14:36:00,3,panel_soiling,2.3274018655237,0.044024626802732565
481.0015756124822,34.97856566263607,1071.38,1039.24,45.76,14:37:00,3,panel_soiling,2.22739395112326,0.04403217736037874
228.91541120344087,34.972561574831545,527.75,511.92,22.54,14:38:00,3,panel_soiling,2.3054367428804516,0.04403031723706829
472.59318731164507,34.965818774793505,1053.94,1022.33,45.02,14:39:00,3,panel_soiling,2.2301210180268507,0.04403666135200963
468.4051852861431,34.95833801198094,1045.25,1013.89,44.65,14:40:00,3,panel_soiling,2.2315081746190946,0.044038307903224216
464.2284692354444,34.95012011767941,1036.56,1005.47,44.28,14:41:00,3,panel_soiling,2.232866074989219,0.044039106089689396
246.93076063693368,34.94116600484704,567.99,550.95,24.26,14:42:00,3,panel_soiling,2.3001994507890613,0.044033033850621656
174.56722396008357,34.931476667945546,405.46,393.3,17.32,14:43:00,3,panel_soiling,2.322658233327421,0.04403763030765319
451.76963107590456,34.921053182756104,1010.62,980.3,43.17,14:44:00,3,panel_soiling,2.2370250908481264,0.044037539528715704
447.64162707363454,34.90989670618035,1002.0,971.94,42.8,14:45:00,3,panel_soiling,2.2383977257664123,0.044035640060086007
443.52666701810585,34.898008476026284,993.41,963.61,42.43,14:46:00,3,panel_soiling,2.239797680439013,0.04403233673374083
439.4250867387957,34.88538981077949,984.83,955.29,42.07,14:47:00,3,panel_soiling,2.241178370832081,0.044038982926650545
435.3372167461648,34.87204210935934,976.28,946.99,41.7,14:48:00,3,panel_soiling,2.2425833639884885,0.04403425590555339
431.26338220763927,34.85796685086056,967.75,938.72,41.34,14:49:00,3,panel_soiling,2.2439883373498657,0.04403869098346685
427.2039029252955,34.84316559428005,959.24,930.46,40.97,14:50:00,3,panel_soiling,2.245391470985088,0.04403198417986802
423.1590933152374,34.82763997822912,950.75,922.23,40.61,14:51:00,3,panel_soiling,2.2467908997331354,0.04403456838315821
419.1292623886591,34.81139172063112,942.29,914.02,40.25,14:52:00,3,panel_soiling,2.2482085708590143,0.044036235530951186
415.11471373458295,34.79442261840466,933.85,905.83,39.89,14:53:00,3,panel_soiling,2.2496191272012758,0.04403696057759182
314.29429099968723,34.77673454713238,716.9,695.39,30.62,14:54:00,3,panel_soiling,2.2809832075528007,0.04403284487841355
407.1326503972342,34.75832946071547,917.04,889.53,39.17,14:55:00,3,panel_soiling,2.2524354141217993,0.04403449012399807
403.1657156490279,34.739209391013986,908.68,881.42,38.81,14:56:00,3,panel_soiling,2.253862282255773,0.044031222345760256
279.01930188117007,34.71937644747293,639.64,620.45,27.32,14:57:00,3,panel_soiling,2.292457889785749,0.0440325570150697
395.2814487887227,34.69883281673448,892.03,865.27,38.1,14:58:00,3,panel_soiling,2.256695837190145,0.04403249852647151
164.24354469768872,34.67758076223613,382.42,370.95,16.34,14:59:00,3,panel_soiling,2.3283715698165977,0.04404906321606686
387.46513316224735,34.655622623795125,875.49,849.23,37.4,15:00:00,3,panel_soiling,2.259532342574414,0.04403989496367297
383.58311684405845,34.6329608171791,867.27,841.25,37.05,15:01:00,3,panel_soiling,2.260970209365547,0.04404160475482912
379.7188690687145,34.609597833663194,859.07,833.3,36.7,15:02:00,3,panel_soiling,2.2623842794721414,0.04404176167046683
375.8726386146634,34.585536239573585,850.91,825.38,36.35,15:03:00,3,panel_soiling,2.2638253296014312,0.044040320821924446
372.0446687555717,34.5607786758177,842.77,817.49,36.0,15:04:00,3,panel_soiling,2.265238748935517,0.04403723592949149
368.2351972622234,34.53532785740121,834.67,809.63,35.65,15:05:00,3,panel_soiling,2.266676315044443,0.04403245927151909
364.4444564059221,34.50918657293177,826.6,801.8,35.31,15:06:00,3,panel_soiling,2.2681096816556434,0.0440384135694687
150.9517334956692,34.48235768410991,352.39,341.81,15.05,15:07:00,3,panel_soiling,2.3344548077688025,0.04403030923612533
356.92006822307934,34.454844125206925,810.56,786.24,34.62,15:08:00,3,panel_soiling,2.2709846606142365,0.04403235653235653
353.186857993081,34.42664890253011,802.58,778.51,34.28,15:09:00,3,panel_soiling,2.272394857952848,0.04403283194820876
349.47325261027663,34.39777509387535,794.65,770.81,33.94,15:10:00,3,panel_soiling,2.273850699773504,0.04403160311879711
122.86830164936572,34.36822584796725,288.03,279.39,12.3,15:11:00,3,panel_soiling,2.3442173134447883,0.044024481907011706
342.1056704433512,34.33800438388694,778.88,755.51,33.27,15:12:00,3,panel_soiling,2.276723443346063,0.04403647867003746
338.4520870801226,34.307113990487736,771.04,747.91,32.94,15:13:00,3,panel_soiling,2.278136343173058,0.04404273241432793
334.8188954341235,34.275558025798745,763.25,740.35,32.6,15:14:00,3,panel_soiling,2.279590579887602,0.044033227527520764
331.2062786740685,34.24333991641657,755.49,732.82,32.27,15:15:00,3,panel_soiling,2.2810255983808148,0.044035370213695045
327.6144145820995,34.2104631568854,747.77,725.33,31.94,15:16:00,3,panel_soiling,2.2824697776312597,0.04403512883790826
324.0434755725579,34.17693130906533,740.08,717.88,31.61,15:17:00,3,panel_soiling,2.283891069531149,0.044032428818186885
320.4936287120382,34.14274800148955,732.44,710.46,31.29,15:18:00,3,panel_soiling,2.2853496431222147,0.04404188835402415
132.71042617967146,34.10791692871004,311.04,301.71,13.29,15:19:00,3,panel_soiling,2.3437495376504565,0.044048921149448146
313.4578530948436,34.07244185063233,717.26,695.74,30.64,15:20:00,3,panel_soiling,2.2882183136211847,0.04403944002069739
309.9722319306453,34.03632659183932,709.73,688.43,30.32,15:21:00,3,panel_soiling,2.289656707568562,0.04404224104120971
306.50831814917143,33.999575040904354,702.23,681.17,30.0,15:22:00,3,panel_soiling,2.291063434233582,0.044041869136926176
303.0662524225077,33.96219114969371,694.78,673.94,29.68,15:23:00,3,panel_soiling,2.292502033619369,0.04403952874143098
199.95623879804583,33.92417893265871,464.86,450.91,19.86,15:24:00,3,panel_soiling,2.3248086821112133,0.04404426603978621
296.2482018420351,33.88554246611767,680.0,659.6,29.05,15:25:00,3,panel_soiling,2.2953725820843576,0.044041843541540324
292.8724724389027,33.8462858875277,672.67,652.49,28.73,15:26:00,3,panel_soiling,2.296801725332272,0.04403132615059235
182.96652983948127,33.806413394746755,426.53,413.74,18.22,15:27:00,3,panel_soiling,2.3311913953562975,0.04403731812249238
286.1882056407854,33.765929245285975,658.14,638.4,28.11,15:28:00,3,panel_soiling,2.2996754828746404,0.04403195488721805
165.69154987911935,33.72483775555253,387.28,375.66,16.54,15:29:00,3,panel_soiling,2.3373551655624016,0.044029175318106795
279.5942693716417,33.68314330008322,643.78,624.46,27.5,15:30:00,3,panel_soiling,2.3025507691800224,0.04403804887422733
190.47402388848863,33.64085031076892,443.9,430.59,18.96,15:31:00,3,panel_soiling,2.330501508488514,0.04403260642374417
273.09148294703573,33.597963276070104,629.58,610.7,26.89,15:32:00,3,panel_soiling,2.305381307413761,0.044031439331914196
269.8745053010797,33.55448674022373,622.55,603.87,26.59,15:33:00,3,panel_soiling,2.306812936277421,0.04403265603523937
190.68847297233015,33.51042530244154,444.64,431.3,18.99,15:34:00,3,panel_soiling,2.331761291436423,0.04402967771852538
263.5098071483653,33.46578361610004,608.62,590.36,26.0,15:35:00,3,panel_soiling,2.3096673576832965,0.04404092418185514
260.3622425736889,33.42056638792236,601.72,583.67,25.7,15:36:00,3,panel_soiling,2.3110877908101384,0.0440317302585365
257.23796367494487,33.374778377152225,594.86,577.02,25.41,15:37:00,3,panel_soiling,2.3124891501306024,0.044036601850889055
199.70363967276452,33.32842439472019,465.46,451.5,19.88,15:38:00,3,panel_soiling,2.3307537146679214,0.04403100775193798
251.05952266601705,33.28150930240228,581.29,563.85,24.83,15:39:00,3,panel_soiling,2.31534734802028,0.04403653453932783
248.00547880680023,33.23403801197147,574.57,557.33,24.54,15:40:00,3,panel_soiling,2.316763334279394,0.04403136382394631
244.9749572115965,33.18601548434195,567.89,550.86,24.26,15:41:00,3,panel_soiling,2.318155318665844,0.04404022800711615
241.96800557161595,33.13744672870651,561.26,544.43,23.97,15:42:00,3,panel_soiling,2.3195628639997294,0.044027698694046984
137.55249860043102,33.088336801667275,323.57,313.87,13.82,15:43:00,3,panel_soiling,2.352338222077095,0.04403096823525664
236.02498049981145,33.03869080635995,548.14,531.7,23.41,15:44:00,3,panel_soiling,2.322381295569847,0.04402858754936994
104.184368649791,32.9885138915718,246.26,238.87,10.52,15:45:00,3,panel_soiling,2.3636943160618173,0.04404069158956755
230.17669607473889,32.93781125085355,535.21,519.15,22.86,15:46:00,3,panel_soiling,2.32521366900764,0.04403351632476163
82.79459323153915,32.88658812162553,196.33,190.44,8.39,15:47:00,3,panel_soiling,2.371290108895801,0.04405587061541693
224.42337510788755,32.83484978427811,522.46,506.78,22.32,15:48:00,3,panel_soiling,2.328010617204365,0.04404277990449505
221.5823768748372,32.7826015612668,516.15,500.67,22.05,15:49:00,3,panel_soiling,2.329381999054699,0.04404098507999281
218.7651722692733,32.729848816202086,509.9,494.6,21.78,15:50:00,3,panel_soiling,2.330809766064477,0.04403558431055398
215.97177023496383,32.6765969529344,503.69,488.58,21.52,15:51:00,3,panel_soiling,2.332202951580277,0.04404601088869786
119.78113581966016,32.622851414634226,282.98,274.49,12.09,15:52:00,3,panel_soiling,2.362475510551582,0.04404532041240118
210.45638940057663,32.56861768286774,491.41,476.67,20.99,15:53:00,3,panel_soiling,2.334973062113426,0.044034657100299995
207.73440838621516,32.513901276668136,485.34,470.78,20.73,15:54:00,3,panel_soiling,2.3363486278963794,0.044033306427630745
205.0362256174437,32.4587077516028,479.32,464.94,20.47,15:55:00,3,panel_soiling,2.3377332398535007,0.044027186303609064
202.36183024487477,32.403042698836664,473.35,459.15,20.22,15:56:00,3,panel_soiling,2.3391268967433576,0.044037896112381576
199.71120761627824,32.346911744191885,467.42,453.4,19.97,15:57:00,3,panel_soiling,2.340479563360775,0.04404499338332598
197.08433932942268,32.290320547204075,461.54,447.7,19.72,15:58:00,3,panel_soiling,2.3418400547216733,0.044047353138262225
115.82468851466083,32.23327480017535,274.22,265.99,11.71,15:59:00,3,panel_soiling,2.367543599871541,0.044024211436520175
95.0177942572152,32.17578022722432,225.63,218.86,9.64,16:00:00,3,panel_soiling,2.37460784860165,0.04404642237046514
189.3460213661184,32.11784258333339,444.2,430.87,18.97,16:01:00,3,panel_soiling,2.3459695471556667,0.044027200779817574
69.61156542271674,32.05946765339344,165.92,160.95,7.09,16:02:00,3,panel_soiling,2.383511978109522,0.044050947499223364
100.83199479119332,32.000661251246214,239.43,232.24,10.23,16:03:00,3,panel_soiling,2.374543918285269,0.0440492593868412
74.06218842841008,31.941429218724565,176.52,171.22,7.54,16:04:00,3,panel_soiling,2.3834024317365072,0.044036911575750494
88.06489671651626,31.88177742469085,209.56,203.27,8.95,16:05:00,3,panel_soiling,2.379608763689128,0.04403010773847591
176.92114597399288,31.82171176407356,416.25,403.76,17.78,16:06:00,3,panel_soiling,2.3527430692834654,0.04403606102635229
174.5066464752934,31.7612381569027,410.8,398.48,17.55,16:07:00,3,panel_soiling,2.3540650645542085,0.04404236097169243
172.11552288974514,31.700362547343687,405.4,393.24,17.32,16:08:00,3,panel_soiling,2.3553947557635095,0.0440443495066626
92.02832109021666,31.63909090273038,219.1,212.53,9.36,16:09:00,3,panel_soiling,2.3807888420045518,0.044040841292993925
132.03471092737448,31.57742921259732,312.79,303.41,13.36,16:10:00,3,panel_soiling,2.3689982566179113,0.04403282686793447
165.08183137631164,31.515383487711347,389.5,377.81,16.64,16:11:00,3,panel_soiling,2.359435903713212,0.04404330218893095
162.7836199545273,31.45295975910289,384.29,372.76,16.42,16:12:00,3,panel_soiling,2.360741210370855,0.04404979075008049
51.945601631573744,31.39016407709705,124.44,120.71,5.32,16:13:00,3,panel_soiling,2.3955829962774455,0.044072570623809135
158.25632144261104,31.32700251034484,374.02,362.8,15.98,16:14:00,3,panel_soiling,2.3633811059840157,0.04404630650496141
156.02708953572412,31.26348114485468,368.96,357.89,15.76,16:15:00,3,panel_soiling,2.3647175698648315,0.04403587694543016
153.82070134561906,31.1996060830244,363.95,353.03,15.55,16:16:00,3,panel_soiling,2.3660664449984683,0.04404724810922585
151.63707759049132,31.13538344267389,358.98,348.21,15.33,16:17:00,3,panel_soiling,2.3673629543920365,0.04402515723270441
149.47613633957766,31.0708193560788,354.06,343.44,15.12,16:18:00,3,panel_soiling,2.368672409324601,0.0440251572327044
55.86884510811225,31.005919969005276,133.99,129.97,5.72,16:19:00,3,panel_soiling,2.3982955033474362,0.04401015618988997
145.22196071670544,30.940691439746114,344.36,334.03,14.71,16:20:00,3,panel_soiling,2.371266703055793,0.04403796066221598
143.12854973937766,30.8751399381584,339.58,329.39,14.51,16:21:00,3,panel_soiling,2.372552510441419,0.04405112480646043
141.0574681664865,30.80927164470293,334.85,324.8,14.3,16:22:00,3,panel_soiling,2.3738551694745094,0.044027093596059115
139.0086216562749,30.74309274948573,330.16,320.26,14.1,16:23:00,3,panel_soiling,2.3751044796083445,0.044026728283269846
83.87011994381231,30.676609451301527,200.69,194.67,8.57,16:24:00,3,panel_soiling,2.3928664956536325,0.04402321878050034
134.9772449307993,30.60982795667975,320.94,311.31,13.71,16:25:00,3,panel_soiling,2.377734114846846,0.04403970318974656
132.9945146707634,30.54275447893308,316.39,306.9,13.51,16:26:00,3,panel_soiling,2.3789702965061683,0.044020853698273056
131.03361949331,30.475395237208787,311.89,302.54,13.32,16:27:00,3,panel_soiling,2.380228839026489,0.044027236067957956
129.0944540237296,30.40775645554301,307.44,298.22,13.13,16:28:00,3,panel_soiling,2.3815120666879124,0.044027898866608545
127.17691084415723,30.33984436191824,303.04,293.94,12.94,16:29:00,3,panel_soiling,2.382822463515769,0.044022589644145065
125.28088054753536,30.27166518732416,298.68,289.72,12.76,16:30:00,3,panel_soiling,2.384082860007292,0.0440425238160983
123.40625179132468,30.203225164822104,294.36,285.53,12.57,16:31:00,3,panel_soiling,2.385292444484512,0.044023395089832947
121.55291135095004,30.134530528613208,290.09,281.39,12.39,16:32:00,3,panel_soiling,2.3865327187634873,0.04403141547318668
119.72074417296592,30.0655875131105,285.87,277.29,12.21,16:33:00,3,panel_soiling,2.3878067412193063,0.04403332251433517
61.20188184852249,29.926981277397232,147.33,142.91,6.29,16:35:00,3,panel_soiling,2.4072789193745483,0.04401371492547757
90.3073439793641,29.857330518780515,216.64,210.15,9.25,16:36:00,3,panel_soiling,2.398918963329315,0.044016178919819175
67.50084200118822,29.78745630223245,162.46,157.58,6.94,16:37:00,3,panel_soiling,2.4067847923606673,0.04404112196979312
110.87335896363642,29.717364849458757,265.43,257.47,11.34,16:38:00,3,panel_soiling,2.393992591917903,0.044043966287334445
63.77526715347261,29.647062376903115,153.65,149.04,6.56,16:39:00,3,panel_soiling,2.409241181698972,0.0440150295222759
107.47840100515435,29.57655509485214,257.57,249.84,11.0,16:40:00,3,panel_soiling,2.3964815031779985,0.04402817803394172
105.81127583988406,29.505849206545573,253.7,246.09,10.84,16:41:00,3,panel_soiling,2.3976650691170605,0.044048925189971146
104.1642147747558,29.43495090729228,249.88,242.38,10.67,16:42:00,3,panel_soiling,2.3989044658027643,0.044021783975575546
102.5370873213103,29.363866383591848,246.1,238.71,10.51,16:43:00,3,panel_soiling,2.400107184913697,0.04402831888065016
60.68326608147196,29.29260181226213,146.47,142.08,6.26,16:44:00,3,panel_soiling,2.4136802360530947,0.04405968468468468
99.34210501428234,29.22116335957281,238.67,231.51,10.19,16:45:00,3,panel_soiling,2.4025059662837482,0.04401537730551596
66.24036488831435,29.149557180385223,159.87,155.07,6.83,16:46:00,3,panel_soiling,2.4134830819478643,0.044044625008060875
96.22526056683154,29.07778941729872,231.41,224.47,9.88,16:47:00,3,panel_soiling,2.4048778734070386,0.04401479039515303
94.69580123462455,29.005866199803293,227.84,221.01,9.73,16:48:00,3,panel_soiling,2.406020087791312,0.04402515723270441
93.1854676915246,28.933793643439145,224.32,217.59,9.58,16:49:00,3,panel_soiling,2.407242304589542,0.044027758628613446
91.69412159761286,28.861577848963,220.84,214.21,9.43,16:50:00,3,panel_soiling,2.408442287817819,0.04402222118481863
90.22162367966465,28.789224901521514,217.4,210.87,9.29,16:51:00,3,panel_soiling,2.4096218969843317,0.04405557926684687
88.76783377682777,28.71674086983175,214.0,207.58,9.14,16:52:00,3,panel_soiling,2.4107831733059957,0.04403121688023894
87.33261088581388,28.644131805368968,210.64,204.32,9.0,16:53:00,3,panel_soiling,2.411928349141064,0.044048551292090836
85.91581320559597,28.571403741561912,207.32,201.1,8.86,16:54:00,3,panel_soiling,2.4130598578387965,0.04405768274490303
84.51729818160527,28.49856269299567,204.04,197.92,8.72,16:55:00,3,panel_soiling,2.414180344023446,0.04405820533548909
83.13692254941836,28.425614654622212,200.81,194.78,8.58,16:56:00,3,panel_soiling,2.41541295783031,0.044049697094157514
81.77454237793053,28.35256560097878,197.61,191.68,8.44,16:57:00,3,panel_soiling,2.416522236061224,0.044031719532554255
80.43001311201037,28.27942148541428,194.45,188.62,8.31,16:58:00,3,panel_soiling,2.417629843342191,0.04405683384582759
54.27537478345571,28.206188239323865,131.7,127.75,5.63,16:59:00,3,panel_soiling,2.426514796543514,0.04407045009784736
76.50207671691732,28.05947796684169,185.21,179.66,7.91,17:01:00,3,panel_soiling,2.420980030193658,0.04402760770343983
75.22749450472622,27.98601268669784,182.21,176.75,7.78,17:02:00,3,panel_soiling,2.422119747568524,0.04401697312588402
73.97003251784716,27.91248176705171,179.25,173.87,7.66,17:03:00,3,panel_soiling,2.4232786426956263,0.04405590383619946
72.72954332292763,27.8388910183397,176.33,171.04,7.53,17:04:00,3,panel_soiling,2.4244618066289005,0.04402478952291862
71.5058791461687,27.76524622462867,173.44,168.23,7.41,17:05:00,3,panel_soiling,2.4255348241430994,0.04404684063484516
70.29889191164143,27.691553142910607,170.59,165.47,7.29,17:06:00,3,panel_soiling,2.4266385338536245,0.044056324409258475
51.69978530645861,27.617817502406385,125.79,122.02,5.37,17:07:00,3,panel_soiling,2.4330855390280637,0.04400917882314375
67.93435468088616,27.54404500387857,165.0,160.05,7.05,17:08:00,3,panel_soiling,2.4288152993440297,0.04404873477038425
65.63474240122756,27.396412089452618,159.56,154.77,6.82,17:10:00,3,panel_soiling,2.4310295761443528,0.044065387348969434
64.50891077562672,27.32256292673362,156.89,152.18,6.7,17:11:00,3,panel_soiling,2.432067106910096,0.04402681035615718
63.39886336667062,27.24869941104053,154.26,149.63,6.59,17:12:00,3,panel_soiling,2.43316665013108,0.044041970193143085
62.30445100894174,27.1748270908638,151.66,147.11,6.48,17:13:00,3,panel_soiling,2.4341760106069184,0.044048671062470256
61.22552452102382,27.10095148230999,149.1,144.63,6.37,17:14:00,3,panel_soiling,2.4352588428834374,0.044043421143607826
60.16193473868699,27.027078068481284,146.57,142.18,6.26,17:15:00,3,panel_soiling,2.4362580863901058,0.044028696019130675
59.11353254749407,26.953212298864745,144.08,139.76,6.15,17:16:00,3,panel_soiling,2.437343765308572,0.04400400686891815
58.08016891482709,26.87935958873155,141.62,137.38,6.05,17:17:00,3,panel_soiling,2.4383537900463357,0.044038433542000294
57.061694921335366,26.80552531854628,139.2,135.02,5.95,17:18:00,3,panel_soiling,2.4394648667884753,0.04406754554880758
53.13372262879469,26.510478996111807,129.84,125.94,5.55,17:22:00,3,panel_soiling,2.4436458350018935,0.044068604097189136
52.1874691335065,26.43681637432624,127.58,123.75,5.45,17:23:00,3,panel_soiling,2.444648152483187,0.04404040404040404
50.33681541724568,26.28964613186353,123.16,119.46,5.26,17:25:00,3,panel_soiling,2.446718152094395,0.04403147497070149
