irradiance_w_m2,ambient_temp_c,dc_power_w,ac_power_w,flow_rate_lpm,timestamp,day
0.0002574928639462375,15.000016355695166,0.0,0.0,0.0,00:00:00,1
0.0005296658940814968,15.000016891359769,0.0,0.0,0.0,00:01:00,1
0.00024356341502871487,15.000017443920918,0.0,0.0,0.0,00:02:00,1
0.0005736844360807031,15.000018013889683,0.0,0.0,0.0,00:03:00,1
0.00059699728432474,15.000018601791883,0.0,0.0,0.0,00:04:00,1
0.0006212229368264239,15.000019208168471,0.0,0.0,0.0,00:05:00,1
0.0006463956843268798,15.000019833575962,0.0,0.0,0.0,00:06:00,1
0.0006725510467976934,15.000020478586844,0.0,0.0,0.0,00:07:00,1
0.0006997258151869213,15.000021143790022,0.0,0.0,0.0,00:08:00,1
0.0007279580944948126,15.000021829791255,0.0,0.0,0.0,00:09:00,1
0.0007572873482183763,15.000022537213615,0.0,0.0,0.0,00:10:00,1
0.0007877544442050068,15.000023266697962,0.0,0.0,0.0,00:11:00,1
0.0008194017019563623,15.00002401890341,0.0,0.0,0.0,00:12:00,1
0.0005976545234924274,15.000024794507828,0.0,0.0,0.0,00:13:00,1
0.0008864135333461215,15.000025594208342,0.0,0.0,0.0,00:14:00,1
0.0009218704511522234,15.000026418721852,0.0,0.0,0.0,00:15:00,1
0.0009586923245110156,15.00002726878556,0.0,0.0,0.0,00:16:00,1
0.0006769790438514576,15.000028145157517,0.0,0.0,0.0,00:17:00,1
0.001036634070734929,15.000029048617172,0.0,0.0,0.0,00:18:00,1
0.001077859989685646,15.000029979965953,0.0,0.0,0.0,00:19:00,1
0.0011206630755913926,15.000030940027841,0.0,0.0,0.0,00:20:00,1
0.0005086968513849198,15.000031929649975,0.0,0.0,0.0,00:21:00,1
0.0012112338594626214,15.000032949703265,0.0,0.0,0.0,00:22:00,1
0.0012591232151819539,15.000034001083021,0.0,0.0,0.0,00:23:00,1
0.0010190852167437834,15.000035084709594,0.0,0.0,0.0,00:24:00,1
0.0013604300155883634,15.000036201529047,0.0,0.0,0.0,00:25:00,1
0.0009047383378941947,15.000037352513814,0.0,0.0,0.0,00:26:00,1
0.0007307820047026121,15.00003853866341,0.0,0.0,0.0,00:27:00,1
0.0011132814320537717,15.000039761005135,0.0,0.0,0.0,00:28:00,1
0.00088637199927858,15.000041020594796,0.0,0.0,0.0,00:29:00,1
0.0016491999863792034,15.000042318517464,0.01,0.0,0.0,00:30:00,1
0.0011843739330789933,15.000043655888224,0.0,0.0,0.0,00:31:00,1
0.0017805043633619133,15.000045033852967,0.01,0.0,0.0,00:32:00,1
0.0018498719224144136,15.000046453589185,0.01,0.0,0.0,00:33:00,1
0.0006160328776413113,15.000047916306798,0.0,0.0,0.0,00:34:00,1
0.001996486667508998,15.000049423248983,0.01,0.0,0.0,00:35:00,1
0.0020739226258235537,15.000050975693043,0.01,0.0,0.0,00:36:00,1
0.00215424217414934,15.000052574951287,0.01,0.0,0.0,00:37:00,1
0.0016747397468031737,15.000054222371928,0.01,0.0,0.0,00:38:00,1
0.0023239457701406305,15.000055919340003,0.01,0.0,0.0,00:39:00,1
0.001486206192919673,15.00005766727833,0.01,0.0,0.0,00:40:00,1
0.002506460188903714,15.00005946764847,0.01,0.0,0.0,00:41:00,1
0.0026028070844169486,15.000061321951708,0.01,0.0,0.0,00:42:00,1
0.0027027071361272457,15.000063231730087,0.01,0.0,0.0,00:43:00,1
0.002806285391623213,15.000065198567428,0.01,0.0,0.0,00:44:00,1
0.0029136710687833575,15.000067224090403,0.01,0.0,0.0,00:45:00,1
0.0030249976862934884,15.000069309969618,0.01,0.0,0.0,00:46:00,1
0.0031404031979431002,15.000071457920729,0.01,0.0,0.0,00:47:00,1
0.002329547763654372,15.000073669705586,0.01,0.0,0.0,00:48:00,1
0.0033840257273626394,15.000075947133382,0.01,0.0,0.0,00:49:00,1
0.0035125420917983476,15.00007829206187,0.01,0.0,0.0,00:50:00,1
0.0036457363403655453,15.000080706398562,0.01,0.0,0.0,00:51:00,1
0.003783770756135703,15.000083192101993,0.01,0.0,0.0,00:52:00,1
0.0023890680239998584,15.000085751182993,0.01,0.0,0.0,00:53:00,1
0.0040750360149224615,15.000088385705997,0.01,0.0,0.0,00:54:00,1
0.0031765483275779946,15.000091097790378,0.01,0.0,0.0,00:55:00,1
0.002282014994263252,15.000093889611826,0.01,0.0,0.0,00:56:00,1
0.004552607361410712,15.000096763403736,0.02,0.0,0.0,00:57:00,1
0.0047234006958513505,15.00009972145865,0.02,0.0,0.0,00:58:00,1
0.002465749687147073,15.000102766129716,0.01,0.0,0.0,00:59:00,1
0.00508360141695622,15.000105899832189,0.02,0.0,0.0,01:00:00,1
0.002995403581310097,15.000109125044961,0.01,0.0,0.0,01:01:00,1
0.004354701666207124,15.000112444312133,0.01,0.0,0.0,01:02:00,1
0.00315427652958175,15.000115860244614,0.01,0.0,0.0,01:03:00,1
0.005884573146051253,15.00011937552176,0.02,0.0,0.0,01:04:00,1
0.006102958705378573,15.00012299289305,0.02,0.0,0.0,01:05:00,1
0.006329096773520096,15.000126715179801,0.02,0.0,0.0,01:06:00,1
0.006563248983876789,15.00013054527692,0.02,0.0,0.0,01:07:00,1
0.004373371277589854,15.000134486154689,0.02,0.0,0.0,01:08:00,1
0.007056684235260874,15.000138540860611,0.02,0.0,0.0,01:09:00,1
0.007316533160609504,15.000142712521262,0.03,0.0,0.0,01:10:00,1
0.007585528510664759,15.000147004344221,0.03,0.0,0.0,01:11:00,1
0.007863976078219462,15.000151419620018,0.03,0.0,0.0,01:12:00,1
0.008152191283376277,15.000155961724134,0.03,0.0,0.0,01:13:00,1
0.00845049945546944,15.000160634119048,0.03,0.0,0.0,01:14:00,1
0.00875923612252035,15.000165440356318,0.03,0.0,0.0,01:15:00,1
0.005172724798962834,15.000170384078723,0.02,0.0,0.0,01:16:00,1
0.009409389837912195,15.000175469022437,0.03,0.0,0.0,01:17:00,1
0.00975153164988436,15.000180699019264,0.03,0.0,0.0,01:18:00,1
0.010105552118617056,15.00018607799891,0.03,0.0,0.0,01:19:00,1
0.010471842383721196,15.00019160999131,0.04,0.0,0.0,01:20:00,1
0.01085080568863607,15.000197299129008,0.04,0.0,0.0,01:21:00,1
0.01124285772799463,15.00020314964958,0.04,0.0,0.0,01:22:00,1
0.007356881402235086,15.000209165898122,0.03,0.0,0.0,01:23:00,1
0.012067955192325763,15.000215352329773,0.04,0.0,0.0,01:24:00,1
0.012501897516831686,15.00022171351232,0.04,0.0,0.0,01:25:00,1
0.01295072313484043,15.000228254128823,0.04,0.0,0.0,01:26:00,1
0.013414915531662179,15.000234978980329,0.05,0.0,0.0,01:27:00,1
0.013894972925507636,15.000241892988623,0.05,0.0,0.0,01:28:00,1
0.0065179110417170495,15.000249001199048,0.02,0.0,0.0,01:29:00,1
0.0047176568478460666,15.00025630878338,0.02,0.0,0.0,01:30:00,1
0.01124604501728807,15.000263821042761,0.04,0.0,0.0,01:31:00,1
0.015984356037426747,15.000271543410703,0.05,0.0,0.0,01:32:00,1
0.016551757005741224,15.00027948145615,0.06,0.0,0.0,01:33:00,1
0.005688420290606487,15.000287640886599,0.02,0.0,0.0,01:34:00,1
0.017744735636946663,15.000296027551293,0.06,0.0,0.0,01:35:00,1
0.018371558832027467,15.000304647444484,0.06,0.0,0.0,01:36:00,1
0.019019466082147888,15.00031350670875,0.07,0.0,0.0,01:37:00,1
0.019689127596856336,15.000322611638397,0.07,0.0,0.0,01:38:00,1
0.020381233508023455,15.000331968682923,0.07,0.0,0.0,01:39:00,1
0.021096494415021743,15.000341584450547,0.07,0.0,0.0,01:40:00,1
0.021835641943292135,15.000351465711828,0.07,0.0,0.0,01:41:00,1
0.0225994293165781,15.000361619403346,0.08,0.0,0.0,01:42:00,1
0.012521800461906374,15.000372052631452,0.04,0.0,0.0,01:43:00,1
0.02420404801604535,15.000382772676113,0.08,0.0,0.0,01:44:00,1
0.01679253775142611,15.000393786994827,0.06,0.0,0.0,01:45:00,1
0.025916830902939118,15.000405103226607,0.09,0.0,0.0,01:46:00,1
0.01609387994468525,15.000416729196056,0.06,0.0,0.0,01:47:00,1
0.02774464296287751,15.000428672917533,0.1,0.0,0.0,01:48:00,1
0.0287039405241834,15.00044094259938,0.1,0.0,0.0,01:49:00,1
0.02969475466780442,15.000453546648254,0.1,0.0,0.0,01:50:00,1
0.03071806115266375,15.000466493673539,0.11,0.0,0.0,01:51:00,1
0.03177486387504062,15.000479792491838,0.11,0.0,0.0,01:52:00,1
0.032866195610972544,15.00049345213157,0.11,0.0,0.0,01:53:00,1
0.033993118776049935,15.000507481837644,0.12,0.0,0.0,01:54:00,1
0.03515672620294165,15.000521891076238,0.12,0.0,0.0,01:55:00,1
0.036358141936998246,15.00053668953966,0.12,0.0,0.0,01:56:00,1
0.03759852205028129,15.000551887151307,0.13,0.0,0.0,01:57:00,1
0.03887905547437354,15.000567494070737,0.13,0.0,0.0,01:58:00,1
0.04020096485232997,15.00058352069882,0.14,0.0,0.0,01:59:00,1
0.04156550741013181,15.000599977682993,0.14,0.0,0.0,02:00:00,1
0.03197301375107903,15.000616875922633,0.11,0.0,0.0,02:01:00,1
0.04442769925203442,15.000634226574514,0.15,0.0,0.0,02:02:00,1
0.01426667883906698,15.000652041058375,0.05,0.0,0.0,02:03:00,1
0.047476414846036416,15.000670331062613,0.16,0.0,0.0,02:04:00,1
0.04907425563243602,15.000689108550056,0.17,0.0,0.0,02:05:00,1
0.050723050548783996,15.000708385763868,0.17,0.0,0.0,02:06:00,1
0.05242432501914189,15.000728175233562,0.18,0.0,0.0,02:07:00,1
0.0541796467694637,15.000748489781119,0.19,0.0,0.0,02:08:00,1
0.055990626891721205,15.000769342527237,0.19,0.0,0.0,02:09:00,1
0.04199985490677157,15.000790746897684,0.14,0.0,0.0,02:10:00,1
0.05978622999897632,15.000812716629785,0.21,0.0,0.0,02:11:00,1
0.06177430190519461,15.000835265779017,0.21,0.0,0.0,02:12:00,1
0.04637324682175738,15.00085840872574,0.16,0.0,0.0,02:13:00,1
0.033750102635448996,15.000882160182046,0.12,0.0,0.0,02:14:00,1
0.06812129781133004,15.000906535198732,0.23,0.0,0.0,02:15:00,1
0.05047005181460399,15.000931549172419,0.17,0.0,0.0,02:16:00,1
0.07269069473589297,15.000957217852784,0.25,0.0,0.0,02:17:00,1
0.07508281231011163,15.000983557349933,0.26,0.0,0.0,02:18:00,1
0.07754933568425333,15.001010584141916,0.27,0.0,0.0,02:19:00,1
0.05542700801179606,15.001038315082369,0.19,0.0,0.0,02:20:00,1
0.03255086127957523,15.001066767408293,0.11,0.0,0.0,02:21:00,1
0.08541728585700359,15.001095958748001,0.29,0.0,0.0,02:22:00,1
0.08820367372850885,15.001125907129168,0.3,0.0,0.0,02:23:00,1
0.09107588910444622,15.001156630987065,0.31,0.0,0.0,02:24:00,1
0.09403640205093083,15.001188149172913,0.32,0.0,0.0,02:25:00,1
0.06757500191910026,15.001220480962408,0.23,0.0,0.0,02:26:00,1
0.0427979831949189,15.001253646064383,0.15,0.0,0.0,02:27:00,1
0.10347341712548119,15.001287664629631,0.36,0.0,0.0,02:28:00,1
0.10681315222844182,15.001322557259892,0.37,0.0,0.0,02:29:00,1
0.11025454755657836,15.001358345016984,0.38,0.0,0.0,02:30:00,1
0.03561101240321935,15.001395049432109,0.12,0.0,0.0,02:31:00,1
0.11745393930028938,15.001432692515309,0.4,0.0,0.0,02:32:00,1
0.12121793562483436,15.001471296765107,0.42,0.0,0.0,02:33:00,1
0.1250955955236791,15.001510885178293,0.43,0.0,0.0,02:34:00,1
0.1290901166602533,15.001551481259906,0.44,0.0,0.0,02:35:00,1
0.13320477908196884,15.00159310903336,0.46,0.0,0.0,02:36:00,1
0.1374429471093609,15.001635793050776,0.47,0.0,0.0,02:37:00,1
0.141808071261683,15.001679558403463,0.49,0.0,0.0,02:38:00,1
0.14630369021946954,15.001724430732603,0.5,0.0,0.0,02:39:00,1
0.15093343282456925,15.001770436240104,0.52,0.0,0.0,02:40:00,1
0.0612537765403057,15.001817601699639,0.21,0.0,0.0,02:41:00,1
0.08116033212666614,15.001865954467876,0.28,0.0,0.0,02:42:00,1
0.16566508643047775,15.001915522495903,0.57,0.0,0.0,02:43:00,1
0.10741988405463065,15.001966334340835,0.37,0.0,0.0,02:44:00,1
0.10332899400661895,15.002018419177615,0.35,0.0,0.0,02:45:00,1
0.07340942661859763,15.002071806811028,0.25,0.0,0.0,02:46:00,1
0.1874218093003055,15.002126527687896,0.64,0.0,0.0,02:47:00,1
0.14593830920124004,15.002182612909484,0.5,0.0,0.0,02:48:00,1
0.15714577981395875,15.002240094244119,0.54,0.0,0.0,02:49:00,1
0.20547466753114696,15.002299004139994,0.71,0.0,0.0,02:50:00,1
0.21184717864046448,15.002359375738212,0.73,0.0,0.0,02:51:00,1
0.09955450398492781,15.002421242886015,0.34,0.0,0.0,02:52:00,1
0.22515365301645282,15.002484640150241,0.77,0.0,0.0,02:53:00,1
0.23209774052593946,15.002549602831008,0.8,0.0,0.0,02:54:00,1
0.23924268434349935,15.002616166975598,0.82,0.0,0.0,02:55:00,1
0.24659386046990184,15.002684369392574,0.85,0.0,0.0,02:56:00,1
0.2541567753000094,15.002754247666136,0.87,0.0,0.0,02:57:00,1
0.2619370683852781,15.00282584017068,0.9,0.0,0.0,02:58:00,1
0.26994051524345997,15.002899186085607,0.93,0.0,0.0,02:59:00,1
0.2781730302159986,15.002974325410362,0.95,0.0,0.0,03:00:00,1
0.22180071980336502,15.0030512989797,0.76,0.0,0.0,03:01:00,1
0.29534963347053644,15.003130148479212,1.01,0.0,0.0,03:02:00,1
0.30430627094796264,15.003210916461063,1.04,0.0,0.0,03:03:00,1
0.3135170809870565,15.003293646360007,1.08,0.0,0.0,03:04:00,1
0.3229887166121293,15.003378382509624,1.11,0.0,0.0,03:05:00,1
0.33272798784437113,15.00346517015882,1.14,0.0,0.0,03:06:00,1
0.34274186490662,15.003554055488582,1.18,0.0,0.0,03:07:00,1
0.3530374814796355,15.003645085628973,1.21,0.0,0.0,03:08:00,1
0.3636221380103112,15.0037383086764,1.25,0.0,0.0,03:09:00,1
0.3745033050722765,15.003833773711147,1.29,0.0,0.0,03:10:00,1
0.3856886267793267,15.003931530815146,1.32,0.0,0.0,03:11:00,1
0.17033266082538423,15.004031631090053,0.58,0.0,0.0,03:12:00,1
0.23547233806958467,15.00413412667555,0.81,0.0,0.0,03:13:00,1
0.42114863718766865,15.004239070767962,1.45,0.0,0.0,03:14:00,1
0.43363061187985785,15.00434651763911,1.49,0.0,0.0,03:15:00,1
0.2184063974944353,15.004456522655468,0.75,0.0,0.0,03:16:00,1
0.45963862592333055,15.004569142297598,1.58,0.0,0.0,03:17:00,1
0.18075705093075387,15.00468443417984,0.62,0.0,0.0,03:18:00,1
0.4870981250868081,15.004802457070333,1.67,0.0,0.0,03:19:00,1
0.50139521673026,15.004923270911288,1.72,0.0,0.0,03:20:00,1
0.5160832384172808,15.005046936839557,1.77,0.0,0.0,03:21:00,1
0.16921662838440416,15.00517351720752,0.58,0.0,0.0,03:22:00,1
0.31118556075928433,15.005303075604239,1.07,0.0,0.0,03:23:00,1
0.5625919203055133,15.005435676876926,1.93,0.0,0.0,03:24:00,1
0.38638927087304475,15.005571387152708,1.33,0.0,0.0,03:25:00,1
0.5957378267020026,15.005710273860705,2.04,0.0,0.0,03:26:00,1
0.42960666745713466,15.005852405754403,1.47,0.0,0.0,03:27:00,1
0.6306962063159554,15.005997852934339,2.16,0.0,0.0,03:28:00,1
0.33325411318674947,15.006146686871109,1.14,0.0,0.0,03:29:00,1
0.667557403173188,15.00629898042868,2.29,0.0,0.0,03:30:00,1
0.6867308758465356,15.006454807888016,2.36,0.0,0.0,03:31:00,1
0.7064157448355664,15.00661424497104,2.42,0.0,0.0,03:32:00,1
0.7266244475353065,15.006777368864908,2.49,0.0,0.0,03:33:00,1
0.7473696888229,15.006944258246602,2.56,0.0,0.0,03:34:00,1
0.7686644458420604,15.007114993307859,2.64,0.0,0.0,03:35:00,1
0.7905219728474525,15.007289655780435,2.71,0.0,0.0,03:36:00,1
0.2690466643309856,15.00746832896169,0.92,0.0,0.0,03:37:00,1
0.6106226090431539,15.00765109774051,2.1,0.0,0.0,03:38:00,1
0.8596079764041448,15.007838048623578,2.95,0.0,0.0,03:39:00,1
0.8838548410343146,15.008029269761959,3.03,0.0,0.0,03:40:00,1
0.7105172152597651,15.008224850978063,2.44,0.0,0.0,03:41:00,1
0.934263707345308,15.008424883792918,3.21,0.0,0.0,03:42:00,1
0.9604560657570759,15.008629461453806,3.3,0.0,0.0,03:43:00,1
0.5723641729476017,15.00883867896225,1.96,0.0,0.0,03:44:00,1
1.014894902196126,15.009052633102344,3.48,0.0,0.0,03:45:00,1
1.0431736613880647,15.009271422469435,3.58,0.0,0.0,03:46:00,1
0.6028626391247355,15.009495147499173,2.07,0.0,0.0,03:47:00,1
0.755373489040945,15.0097239104969,2.59,0.0,0.0,03:48:00,1
1.1324480117729028,15.009957815667411,3.89,0.0,0.0,03:49:00,1
0.7507314640813743,15.010196969145072,2.58,0.0,0.0,03:50:00,1
1.1958367856581227,15.010441479024301,4.1,0.0,0.0,03:51:00,1
1.228747040666604,15.010691455390411,4.22,0.0,0.0,03:52:00,1
0.597280713934907,15.010947010350826,2.05,0.0,0.0,03:53:00,1
0.472229113924151,15.011208258066658,1.62,0.0,0.0,03:54:00,1
1.3325675918505335,15.011475314784663,4.57,0.0,0.0,03:55:00,1
1.3689361082925526,15.01174829886956,4.7,0.0,0.0,03:56:00,1
0.8369357236388094,15.012027330836721,2.87,0.0,0.0,03:57:00,1
1.4444368515472494,15.012312533385256,4.96,0.0,0.0,03:58:00,1
1.1781808619246923,15.012604031431446,4.04,0.0,0.0,03:59:00,1
1.0940376095754525,15.012901952142577,3.75,0.0,0.0,04:00:00,1
1.5649138122791237,15.013206424971141,5.37,0.0,0.0,04:01:00,1
1.6070870060114872,15.013517581689415,5.51,0.0,0.0,04:02:00,1
1.1672392706804717,15.013835556424437,4.01,0.0,0.0,04:03:00,1
1.6945907770932023,15.014160485693347,5.81,0.0,0.0,04:04:00,1
1.3132495795809527,15.014492508439119,4.51,0.0,0.0,04:05:00,1
1.786461425659391,15.014831766066685,6.13,0.0,0.0,04:06:00,1
1.171025357167531,15.015178402479428,4.02,0.0,0.0,04:07:00,1
1.882893706021262,15.01553256411608,6.46,0.0,0.0,04:08:00,1
1.2062215425066036,15.015894399987992,4.14,0.0,0.0,04:09:00,1
1.9840897809144267,15.0162640617168,6.81,0.0,0.0,04:10:00,1
2.036539495790965,15.01664170357248,6.99,0.0,0.0,04:11:00,1
1.1489163082136695,15.017027482511786,3.94,0.0,0.0,04:12:00,1
2.145277053694992,15.017421558217082,7.36,0.0,0.0,04:13:00,1
1.6142722536261889,15.017824093135564,5.54,0.0,0.0,04:14:00,1
1.7751612127422025,15.018235252518869,6.09,0.0,0.0,04:15:00,1
1.2849603302164232,15.018655204463073,4.41,0.0,0.0,04:16:00,1
2.378891070881629,15.019084119949087,8.16,0.0,0.0,04:17:00,1
2.4408267026426307,15.01952217288343,8.37,0.0,0.0,04:18:00,1
2.50423553838875,15.019969540139405,8.59,0.0,0.0,04:19:00,1
2.5691487029759252,15.020426401598648,8.81,0.0,0.0,04:20:00,1
2.635597874629755,15.02089294019309,9.04,0.0,0.0,04:21:00,1
2.703615292149237,15.021369341947281,9.28,0.0,0.0,04:22:00,1
1.5735843356823378,15.021855796021121,5.4,0.0,0.0,04:23:00,1
2.8444866662690815,15.022352494752965,9.76,0.0,0.0,04:24:00,1
2.917407968558149,15.022859633703128,10.01,0.0,0.0,04:25:00,1
2.992032222682266,15.023377411697755,10.26,0.0,0.0,04:26:00,1
3.0683945793034155,15.0239060308731,10.53,0.0,0.0,04:27:00,1
3.146530793418198,15.024445696720168,10.79,0.0,0.0,04:28:00,1
0.9903724972441904,15.024996618129745,3.4,0.0,0.0,04:29:00,1
3.308270880000283,15.025559007437804,11.35,0.0,0.0,04:30:00,1
3.391949350504153,15.02613308047131,11.64,0.0,0.0,04:31:00,1
3.477550889375925,15.02671905659436,11.93,0.0,0.0,04:32:00,1
1.2645409790137971,15.02731715875474,4.34,0.0,0.0,04:33:00,1
2.799082348326816,15.02792761353083,9.6,0.0,0.0,04:34:00,1
3.7462860416179846,15.028550651178884,12.85,0.0,0.0,04:35:00,1
1.1876265437079907,15.029186505680686,4.07,0.0,0.0,04:36:00,1
3.935788530801925,15.029835414791558,13.5,0.0,0.0,04:37:00,1
2.5852064643877823,15.03049762008874,8.87,0.0,0.0,04:38:00,1
4.133956795236314,15.031173367020125,14.18,0.0,0.0,04:39:00,1
4.236398257135083,15.03186290495336,14.53,0.0,0.0,04:40:00,1
4.341136752035203,15.032566487225289,14.89,0.0,0.0,04:41:00,1
4.4482172730555645,15.033284371191753,15.26,0.0,0.0,04:42:00,1
4.557685528729054,15.034016818277733,15.63,0.0,0.0,04:43:00,1
1.507085801392094,15.034764094027846,5.17,0.0,0.0,04:44:00,1
2.5052051659938033,15.035526468157165,8.59,0.0,0.0,04:45:00,1
4.900884674403722,15.036304214602396,16.81,0.0,0.0,04:46:00,1
5.020375519067641,15.03709761157336,17.22,0.0,0.0,04:47:00,1
5.14249362867179,15.037906941604827,17.64,0.0,0.0,04:48:00,1
5.267289157698092,15.038732491608659,18.06,0.0,0.0,04:49:00,1
3.461736925619752,15.039574552926274,11.87,0.0,0.0,04:50:00,1
4.413563621295534,15.040433421381422,15.14,0.0,0.0,04:51:00,1
2.411628653744838,15.041309397333277,8.27,0.0,0.0,04:52:00,1
2.155393350368727,15.042202785729819,7.39,0.0,0.0,04:53:00,1
3.6136291240075993,15.043113896161525,12.39,0.0,0.0,04:54:00,1
2.748850787001313,15.044043042915343,9.43,0.0,0.0,04:55:00,1
6.22020128784093,15.044990545028963,21.33,0.0,0.0,04:56:00,1
4.105071665413352,15.045956726345354,14.08,0.0,0.0,04:57:00,1
6.519593195466548,15.046941915567587,22.35,0.0,0.0,04:58:00,1
6.674093487749072,15.047946446313915,22.88,0.0,0.0,04:59:00,1
6.8318750167291045,15.04897065717313,23.42,0.0,0.0,05:00:00,1
6.992997591094844,15.050014891760155,23.98,0.0,0.0,05:01:00,1
7.157521867588023,15.051079498771884,24.54,0.0,0.0,05:02:00,1
4.591061621720203,15.052164832043287,15.74,0.0,0.0,05:03:00,1
7.497022432164808,15.05327125060371,25.7,0.0,0.0,05:04:00,1
7.67212433063703,15.054399118733434,26.3,0.0,0.0,05:05:00,1
7.850879164229995,15.055548806020415,26.91,0.0,0.0,05:06:00,1
8.033351923230077,15.05672068741727,27.54,0.0,0.0,05:07:00,1
8.219608482590642,15.057915143298432,28.18,0.0,0.0,05:08:00,1
8.40971560766506,15.059132559517511,28.83,0.0,0.0,05:09:00,1
6.202762166530634,15.060373327464836,21.27,0.0,0.0,05:10:00,1
8.801753101940283,15.061637844125164,30.17,0.0,0.0,05:11:00,1
4.888541391368681,15.062926512135563,16.76,0.0,0.0,05:12:00,1
5.041426832001336,15.064239739843437,17.29,0.0,0.0,05:13:00,1
9.420409531253027,15.065577941364708,32.29,0.0,0.0,05:14:00,1
9.635072677218878,15.066941536642117,33.02,0.0,0.0,05:15:00,1
9.854079133306367,15.068330951503672,33.77,0.0,0.0,05:16:00,1
3.42704239882938,15.069746617721181,11.75,0.0,0.0,05:17:00,1
7.140647415379966,15.071188973068908,24.48,0.0,0.0,05:18:00,1
10.537903846012458,15.072658461382323,36.11,0.0,0.0,05:19:00,1
10.775033724238101,15.074155532616906,36.92,0.0,0.0,05:20:00,1
11.016886715965537,15.075680642907056,37.75,0.0,0.0,05:21:00,1
8.394165707245143,15.077234254625028,28.77,0.0,0.0,05:22:00,1
11.515078205449914,15.078816836439929,39.45,0.0,0.0,05:23:00,1
11.771577179807313,15.080428863376744,40.33,0.0,0.0,05:24:00,1
8.17408875988445,15.08207081687538,28.02,0.0,0.0,05:25:00,1
6.318382020290562,15.083743184849714,21.66,0.0,0.0,05:26:00,1
12.571670100032113,15.085446461746653,43.07,0.0,0.0,05:27:00,1
8.783526483061104,15.087181148605138,30.1,0.0,0.0,05:28:00,1
13.131400639789854,15.08894775311516,44.98,0.0,0.0,05:29:00,1
13.419423173708072,15.090746789676693,45.97,0.0,0.0,05:30:00,1
13.713000244848496,15.092578779458583,46.97,0.0,0.0,05:31:00,1
8.046492912343862,15.094444250457354,27.58,0.0,0.0,05:32:00,1
10.249385492617076,15.096343737555932,35.12,0.0,0.0,05:33:00,1
14.627948543490515,15.098277782582256,50.1,48.59,2.14,05:34:00,1
14.944638537503478,15.10024693436777,51.18,49.64,2.19,05:35:00,1
5.200459203395077,15.102251748805774,17.83,0.0,0.0,05:36:00,1
15.596132458258406,15.10429278890964,53.4,51.8,2.28,05:37:00,1
11.143920807014332,15.106370624870838,38.18,0.0,0.0,05:38:00,1
16.272405968664252,15.108485834116781,55.71,54.04,2.38,05:39:00,1
16.620074144436728,15.110639001368492,56.9,55.19,2.43,05:40:00,1
16.97422607652394,15.112830718698016,58.11,56.37,2.48,05:41:00,1
17.334960101599172,15.115061585585622,59.34,57.56,2.53,05:42:00,1
11.050219699718312,15.11733220897675,37.86,0.0,0.0,05:43:00,1
18.07657268820104,15.119643203338674,61.88,60.02,2.64,05:44:00,1
18.457652829193233,15.121995190716884,63.18,61.28,2.7,05:45:00,1
10.490964898263888,15.12438880079116,35.94,0.0,0.0,05:46:00,1
10.790878750241239,15.126824670931324,36.97,0.0,0.0,05:47:00,1
19.643218637761944,15.129303446252635,67.22,65.21,2.87,05:48:00,1
20.052863043798137,15.131825779670836,68.62,66.56,2.93,05:49:00,1
20.46991144270949,15.134392331956798,70.04,67.94,2.99,05:50:00,1
16.013469181798104,15.137003771790775,54.82,53.18,2.34,05:51:00,1
21.326649576160424,15.139660775816239,72.97,70.78,3.12,05:52:00,1
21.766556379295356,15.142364028693244,74.47,72.23,3.18,05:53:00,1
22.21430130327961,15.145114223151362,75.99,73.71,3.25,05:54:00,1
11.688786507397065,15.147912060042108,40.04,0.0,0.0,05:55:00,1
23.133750063786938,15.150758248390861,79.13,76.75,3.38,05:56:00,1
23.605678514188615,15.153653505448275,80.74,78.31,3.45,05:57:00,1
24.08589430101027,15.156598556741114,82.37,79.9,3.52,05:58:00,1
24.574512041979098,15.159594136122529,84.04,81.52,3.59,05:59:00,1
15.444691101549616,15.162640985821744,52.87,51.29,2.26,06:00:00,1
25.577416409734916,15.165739856493124,87.46,84.83,3.74,06:01:00,1
18.973124787059238,15.16889150726459,64.92,62.98,2.77,06:02:00,1
26.615326661762268,15.172096705785385,90.99,88.26,3.89,06:03:00,1
27.14770508901867,15.17535622827316,92.8,90.02,3.96,06:04:00,1
27.68919205285817,15.178670859560322,94.65,91.81,4.04,06:05:00,1
28.239908383725453,15.182041393139684,96.52,93.63,4.12,06:06:00,1
28.79997576307656,15.185468631209334,98.43,95.48,4.2,06:07:00,1
29.369516712959527,15.188953384716728,100.37,97.36,4.29,06:08:00,1
29.94865458515172,15.192496473401976,102.34,99.27,4.37,06:09:00,1
30.537513549848942,15.196098725840297,104.34,101.21,4.46,06:10:00,1
31.13621858390163,15.199760979483624,106.38,103.19,4.54,06:11:00,1
31.744895458592467,15.203484080701312,108.45,105.19,4.63,06:12:00,1
32.363670726951135,15.207268884819943,110.55,107.23,4.72,06:13:00,1
32.99267171060102,15.211116256162214,112.69,109.31,4.81,06:14:00,1
33.63202648613345,15.215027068084838,114.86,111.42,4.91,06:15:00,1
24.48996450388763,15.219002203015483,83.73,81.22,3.58,06:16:00,1
34.94231340895071,15.223042552488677,119.32,115.74,5.1,06:17:00,1
35.61350535491683,15.227149017180688,121.6,117.95,5.19,06:18:00,1
36.29557065949564,15.231322506943338,123.91,120.19,5.29,06:19:00,1
24.75513092989003,15.23556394083671,84.63,82.09,3.62,06:20:00,1
37.69284852826339,15.239874247160746,128.66,124.8,5.5,06:21:00,1
38.40832632487137,15.244254363485688,131.09,127.15,5.6,06:22:00,1
24.366413414962185,15.248705236681348,83.3,80.8,3.56,06:23:00,1
39.8736274625256,15.253227822945169,136.06,131.98,5.81,06:24:00,1
20.63446690416667,15.257823087829049,70.57,68.45,3.01,06:25:00,1
24.287629865431235,15.262492006264917,83.03,80.54,3.55,06:26:00,1
42.15946446049423,15.267235562588997,143.81,139.5,6.14,06:27:00,1
42.94538920465826,15.27205475056477,146.47,142.08,6.26,06:28:00,1
24.267312321183134,15.276950573404584,82.95,80.47,3.54,06:29:00,1
25.650425883634046,15.281924043789873,87.67,85.04,3.74,06:30:00,1
45.3770176891394,15.286976183889994,154.71,150.07,6.61,06:31:00,1
34.83482951086788,15.292108025379598,118.92,115.35,5.08,06:32:00,1
47.061028600839656,15.297320609454557,160.42,155.6,6.85,06:33:00,1
14.709440084168016,15.302614986846383,50.33,48.82,2.15,06:34:00,1
48.796675756883914,15.307992217835125,166.29,161.3,7.1,06:35:00,1
49.68421201135708,15.313453372260708,169.29,164.21,7.23,06:36:00,1
34.79831859960686,15.318999529532691,118.78,115.22,5.07,06:37:00,1
51.499410994833546,15.324631778638391,175.43,170.17,7.49,06:38:00,1
17.761935344076758,15.330351218149382,60.75,58.93,2.6,06:39:00,1
53.369050173009754,15.3361589562263,181.75,176.3,7.76,06:40:00,1
54.324637604983415,15.34205611062194,184.98,179.43,7.9,06:41:00,1
55.29425883132109,15.348043808682627,188.25,182.61,8.04,06:42:00,1
56.278055490992664,15.354123187347797,191.58,185.83,8.18,06:43:00,1
57.276169360188966,15.360295393147789,194.95,189.1,8.33,06:44:00,1
58.288742322934965,15.3665615821998,198.36,192.41,8.47,06:45:00,1
59.315916341150796,15.372922920201981,201.83,195.77,8.62,06:46:00,1
60.35783342416075,15.379380582425629,205.34,199.18,8.77,06:47:00,1
61.41463559765087,15.385935753705457,208.91,202.64,8.92,06:48:00,1
62.48646487207575,15.39258962842792,212.52,206.14,9.08,06:49:00,1
63.573463210515506,15.39934341051752,216.18,209.7,9.23,06:50:00,1
23.769666342133522,15.406198313421132,81.22,78.78,3.47,06:51:00,1
29.505594248898177,15.41315556009024,100.74,97.72,4.3,06:52:00,1
66.92689083975858,15.420216382961124,227.47,220.65,9.72,06:53:00,1
68.07598296188924,15.427382023932902,231.34,224.4,9.88,06:54:00,1
51.57544773385821,15.434653734343454,175.61,170.35,7.5,06:55:00,1
70.42193919582321,15.442032774943156,239.23,232.05,10.22,06:56:00,1
25.235471930038713,15.449520415866404,86.2,83.61,3.68,06:57:00,1
33.03815725806085,15.457117936600904,112.74,109.36,4.82,06:58:00,1
74.0624135853169,15.464826625954696,251.47,243.92,10.74,06:59:00,1
75.30887603561617,15.472647782020873,255.65,247.98,10.92,07:00:00,1
32.69644445946267,15.480582712139961,111.57,108.22,4.77,07:01:00,1
77.85209300422346,15.488632732859948,264.19,256.26,11.28,07:02:00,1
79.14912438750659,15.496799169893915,268.54,260.48,11.47,07:03:00,1
80.46328804984944,15.505083358075241,272.94,264.75,11.66,07:04:00,1
33.507962750129565,15.513486641310353,114.31,110.88,4.88,07:05:00,1
83.14355968586838,15.522010372528994,281.92,273.47,12.04,07:06:00,1
84.50993976876289,15.530655913631977,286.5,277.91,12.24,07:07:00,1
85.89399626645863,15.53942463543638,291.13,282.4,12.44,07:08:00,1
87.29586341879082,15.548317917618185,295.82,286.95,12.64,07:09:00,1
88.71567466356794,15.557337148652302,300.57,291.56,12.84,07:10:00,1
59.51580724232436,15.566483725749947,202.35,196.28,8.64,07:11:00,1
91.60965891294808,15.57575905479338,310.25,300.94,13.25,07:12:00,1
93.0840943935043,15.585164550267931,315.17,305.72,13.46,07:13:00,1
45.29721919591792,15.594701635191306,154.26,149.63,6.59,07:14:00,1
75.09564490852672,15.604371741040149,254.8,247.16,10.88,07:15:00,1
97.61872859682617,15.614176307673812,330.31,320.4,14.11,07:16:00,1
99.1678082266443,15.624116783255335,335.47,325.41,14.33,07:17:00,1
100.73586531993097,15.634194624169574,340.7,330.48,14.55,07:18:00,1
102.323024106054,15.644411294938472,345.98,335.6,14.78,07:19:00,1
103.92940756214651,15.654768268133438,351.33,340.79,15.01,07:20:00,1
105.55513736579756,15.665267024284812,356.74,346.04,15.24,07:21:00,1
107.20033384736293,15.675909051788379,362.21,351.35,15.47,07:22:00,1
108.86511594190596,15.686695846808913,367.75,356.72,15.71,07:23:00,1
110.54960114077964,15.697628913180738,373.35,362.15,15.95,07:24:00,1
70.1351130448244,15.70870976230524,238.02,230.88,10.17,07:25:00,1
72.63834990965364,15.719939913045355,246.43,239.04,10.53,07:26:00,1
115.72242759480419,15.731320891616978,390.52,378.8,16.68,07:27:00,1
117.48686953647491,15.742854231477262,396.37,384.48,16.93,07:28:00,1
64.6776758743995,15.754541473209818,219.6,213.02,9.38,07:29:00,1
121.0766627744684,15.766384164406752,408.26,396.02,17.44,07:30:00,1
122.90222786617822,15.77838385954754,414.31,401.88,17.7,07:31:00,1
76.92231077641088,15.790542119874722,260.75,252.93,11.14,07:32:00,1
126.61521573973594,15.802860513266362,426.59,413.79,18.22,07:33:00,1
128.50284110721518,15.815340614105297,432.83,419.84,18.49,07:34:00,1
130.41135252539834,15.827984003145115,439.13,425.96,18.76,07:35:00,1
132.34084626921688,15.840792267372862,445.5,432.14,19.03,07:36:00,1
45.68966861614971,15.853766999868453,155.43,150.77,6.64,07:37:00,1
105.19955006273457,15.866909799660766,355.28,344.62,15.18,07:38:00,1
63.031041839463725,15.880222271580397,213.95,207.53,9.14,07:39:00,1
140.27049538255613,15.893706026109076,471.64,457.49,20.15,07:40:00,1
142.30626952871137,15.907362679225688,478.34,463.99,20.43,07:41:00,1
144.3635577060669,15.921193852248924,485.1,470.55,20.72,07:42:00,1
146.44244038430654,15.935201171676532,491.94,477.18,21.01,07:43:00,1
78.08767416626965,15.949386269021115,264.5,256.57,11.3,07:44:00,1
150.66529872482133,15.963750780642536,505.8,490.63,21.61,07:45:00,1
67.3487261196275,15.978296347576833,228.4,221.55,9.76,07:46:00,1
154.97543797547783,15.993024615361694,519.94,504.34,22.21,07:47:00,1
157.16341193594633,16.007937233858442,527.1,511.29,22.52,07:48:00,1
49.53192900191983,16.023035857070532,168.31,163.26,7.19,07:49:00,1
161.6054927747472,16.038322142958545,541.64,525.39,23.14,07:50:00,1
163.85972095759857,16.053797753251676,549.01,532.54,23.45,07:51:00,1
166.13615039827204,16.06946435325567,556.45,539.75,23.77,07:52:00,1
168.4348344882745,16.08532361165726,563.95,547.03,24.09,07:53:00,1
170.75582361950904,16.101377200325047,571.52,554.38,24.41,07:54:00,1
96.84897818417073,16.11762679410681,327.09,317.28,13.97,07:55:00,1
87.45799842715671,16.134074070623296,295.69,286.82,12.63,07:56:00,1
177.85307907782192,16.150720710058412,594.64,576.8,25.4,07:57:00,1
180.26373045596,16.167568394945864,602.48,584.41,25.74,07:58:00,1
182.69689199784824,16.18461880995222,610.39,592.08,26.07,07:59:00,1
61.57814370214452,16.201873641656377,208.8,202.53,8.92,08:00:00,1
187.63086736992977,16.219334578325487,626.41,607.61,26.76,08:01:00,1
190.1317336325983,16.237003309687246,634.52,615.48,27.1,08:02:00,1
192.6552148212413,16.254881526698643,642.69,623.41,27.45,08:03:00,1
195.20132845539715,16.2729709213111,650.93,631.41,27.81,08:04:00,1
147.52617360160852,16.291273186232033,494.82,479.97,21.14,08:05:00,1
200.3615052374621,16.309790014682832,667.62,647.59,28.52,08:06:00,1
202.9755853729411,16.32852310015326,676.06,655.78,28.88,08:07:00,1
205.61233182953256,16.34747413615227,684.57,664.03,29.24,08:08:00,1
163.47711864256448,16.366644815955276,547.08,530.67,23.37,08:09:00,1
168.7392801370336,16.386036832347802,564.28,547.35,24.1,08:10:00,1
213.6585416824829,16.405651877365635,710.48,689.17,30.35,08:11:00,1
129.83307449861513,16.425491642031385,436.19,423.11,18.63,08:12:00,1
219.13589522026734,16.44555781608751,728.08,706.24,31.1,08:13:00,1
221.90848685206197,16.465852087725818,736.98,714.87,31.48,08:14:00,1
224.7036571390277,16.48637614331343,745.95,723.57,31.86,08:15:00,1
227.52137752672357,16.50713166711524,754.97,732.32,32.25,08:16:00,1
230.36161531479152,16.52812034101288,764.06,741.14,32.64,08:17:00,1
84.8291127409767,16.549343844220196,286.43,277.84,12.24,08:18:00,1
236.10949129364792,16.570803852995247,782.44,758.96,33.42,08:19:00,1
239.017042955238,16.592502040348855,791.72,767.96,33.82,08:20:00,1
119.33428004532767,16.61444007574974,401.14,389.1,17.13,08:21:00,1
195.91716676426324,16.63661962482621,652.32,632.75,27.86,08:22:00,1
247.87354272135315,16.659042349064453,819.93,795.33,35.02,08:23:00,1
187.23898080799256,16.681709905503467,623.99,605.27,26.65,08:24:00,1
253.88881704722996,16.70462394642665,839.04,813.87,35.84,08:25:00,1
256.92953424388475,16.727786119050002,848.69,823.23,36.25,08:26:00,1
259.9922043072401,16.751198065207085,858.4,832.65,36.67,08:27:00,1
263.07674613014956,16.774861421030653,868.17,842.12,37.08,08:28:00,1
266.1830739690391,16.798777816631056,877.99,851.65,37.5,08:29:00,1
143.72007891949832,16.82294887577139,481.27,466.83,20.56,08:30:00,1
272.4607213243345,16.847376215539494,897.82,870.88,38.35,08:31:00,1
275.6318458535812,16.872061446016712,907.82,880.58,38.78,08:32:00,1
278.8243663573701,16.897006169943573,917.87,890.34,39.21,08:33:00,1
282.03817339080047,16.92221198238236,927.99,900.15,39.64,08:34:00,1
285.2731526713611,16.947680470376586,938.15,910.01,40.07,08:35:00,1
288.52918504874793,16.97341321260745,948.38,919.92,40.51,08:36:00,1
291.8061464756967,16.999411779047307,958.65,929.89,40.95,08:37:00,1
100.70888833152014,17.025677730610155,338.76,328.59,14.47,08:38:00,1
171.17207042026024,17.052212618799224,570.74,553.62,24.38,08:39:00,1
227.5227869577045,17.07901798535167,753.26,730.66,32.18,08:40:00,1
305.12062879467214,17.106095361880442,1000.29,970.28,42.73,08:41:00,1
122.9072818590542,17.133446269513335,412.13,399.76,17.6,08:42:00,1
311.8998545500068,17.161072218529338,1021.41,990.77,43.63,08:43:00,1
315.3194290192119,17.1889747079922,1032.05,1001.09,44.08,08:44:00,1
143.95593242615618,17.21715522538143,481.3,466.86,20.56,08:45:00,1
322.2176804005751,17.2456152462206,1053.47,1021.87,45.0,08:46:00,1
325.6960136754737,17.274356233703152,1064.25,1032.33,45.46,08:47:00,1
329.1935810180501,17.303379638315675,1075.08,1042.83,45.92,08:48:00,1
244.2304414526033,17.332686897458707,806.07,781.89,34.43,08:49:00,1
336.2456739808995,17.362279435065155,1096.87,1063.97,46.85,08:50:00,1
339.7998146899594,17.39215866121636,1107.83,1074.6,47.32,08:51:00,1
137.32430947966532,17.42232597175586,459.13,445.35,19.61,08:52:00,1
346.9632833145011,17.452782747900947,1129.89,1095.99,48.26,08:53:00,1
350.5721950994886,17.483530355851993,1140.97,1106.75,48.74,08:54:00,1
354.1989390759506,17.514570146399727,1152.1,1117.54,49.21,08:55:00,1
151.20412636422947,17.545903454530396,504.42,489.29,21.55,08:56:00,1
361.50503384748276,17.577531599028966,1174.48,1139.24,50.17,08:57:00,1
227.16279563419675,17.6094558820804,750.51,728.0,32.06,08:58:00,1
368.8797357425771,17.641677588869037,1197.0,1161.09,51.13,08:59:00,1
372.5922189721804,17.674197987176218,1208.32,1172.07,51.61,09:00:00,1
376.3211290345187,17.70701832697614,1219.67,1183.08,52.1,09:01:00,1
380.0662133656974,17.74013984003009,1231.05,1194.12,52.59,09:02:00,1
383.8272141684693,17.773563739479062,1242.47,1205.2,53.07,09:03:00,1
387.60386841780445,17.80729121943487,1253.92,1216.3,53.56,09:04:00,1
250.91765808886706,17.841323454569793,825.77,800.99,35.27,09:05:00,1
395.20305906118233,17.875661599704888,1276.91,1238.6,54.54,09:06:00,1
399.02504333769065,17.91030678939698,1288.45,1249.79,55.04,09:07:00,1
131.49432392284638,17.945260137524436,439.04,425.87,18.75,09:08:00,1
406.71237056391493,17.980522736871794,1311.6,1272.25,56.03,09:09:00,1
410.5771302977834,18.01609565871337,1323.22,1283.52,56.52,09:10:00,1
414.4555567145443,18.05197995239581,1334.86,1294.81,57.02,09:11:00,1
418.34734535194997,18.088176644919827,1346.52,1306.13,57.52,09:12:00,1
320.8929220926155,18.124686740521053,1045.59,1014.23,44.66,09:13:00,1
426.16976592098854,18.161511220250205,1369.91,1328.81,58.52,09:14:00,1
430.0997634747659,18.198651041552566,1381.64,1340.19,59.02,09:15:00,1
434.04185454083625,18.23610713784695,1393.38,1351.58,59.52,09:16:00,1
437.99570934568396,18.273880418104152,1405.14,1362.98,60.02,09:17:00,1
441.96099313030277,18.311971766425046,1416.92,1374.41,60.52,09:18:00,1
445.9373661796123,18.350382041618357,1428.71,1385.84,61.03,09:19:00,1
172.79769831380517,18.389112076778268,572.99,555.8,24.48,09:20:00,1
453.9219966196756,18.428162678861888,1452.33,1408.76,62.04,09:21:00,1
160.13859174441652,18.46753462826671,531.69,515.74,22.71,09:22:00,1
166.9792874452823,18.507228678408147,553.84,537.23,23.66,09:23:00,1
465.9733374973567,18.547245555297252,1487.84,1443.2,63.55,09:24:00,1
169.8528438104457,18.587585957118677,562.99,546.1,24.05,09:25:00,1
474.052915213665,18.628250553809035,1511.55,1466.2,64.57,09:26:00,1
478.10518892802565,18.6692399866357,1523.41,1477.71,65.07,09:27:00,1
482.16527712238843,18.710554867776175,1535.28,1489.22,65.58,09:28:00,1
486.2327925039941,18.752195779898152,1547.14,1500.73,66.09,09:29:00,1
490.3073432573044,18.794163275740285,1559.01,1512.24,66.59,09:30:00,1
230.31533061494983,18.836457877693896,756.9,734.19,32.33,09:31:00,1
498.47596130106587,18.879080077385602,1582.75,1535.27,67.61,09:32:00,1
502.5692227994817,18.922030335261045,1594.61,1546.77,68.11,09:33:00,1
167.66368391804835,18.96530908016979,555.05,538.4,23.71,09:34:00,1
510.7716038253932,19.008916708951528,1618.32,1569.77,69.13,09:35:00,1
208.66378070767792,19.05285358602366,687.01,666.4,29.35,09:36:00,1
518.9923502409692,19.097120042970367,1642.01,1592.75,70.14,09:37:00,1
523.1085529450746,19.141716378133346,1653.83,1604.22,70.64,09:38:00,1
527.2280698548782,19.18664285620421,1665.65,1615.68,71.15,09:39:00,1
400.946214099667,19.23189970781872,1287.34,1248.72,54.99,09:40:00,1
535.4753061914461,19.27748712915301,1689.24,1638.56,72.16,09:41:00,1
539.6021459142171,19.323405281521804,1701.01,1649.98,72.66,09:42:00,1
543.7305405711486,19.369654290978843,1712.77,1661.39,73.16,09:43:00,1
547.8600409661022,19.416234247919544,1724.51,1672.77,73.66,09:44:00,1
551.9901942936202,19.463145206686093,1736.22,1684.14,74.16,09:45:00,1
204.3226130824333,19.51038718517501,671.85,651.69,28.7,09:46:00,1
560.250630921848,19.55796016444736,1759.6,1706.81,75.16,09:47:00,1
251.42032562490684,19.605864088341654,821.51,796.87,35.09,09:48:00,1
374.45965100217063,19.654098863089672,1204.3,1168.17,51.44,09:49:00,1
572.6346634955628,19.70266435693516,1794.47,1740.64,76.65,09:50:00,1
357.4699810972993,19.75156039975567,1151.71,1117.15,49.2,09:51:00,1
580.8807908549642,19.800786782687616,1817.59,1763.06,77.64,09:52:00,1
584.9994585663597,19.850343257754552,1829.1,1774.22,78.13,09:53:00,1
589.1145542105224,19.900229537499,1840.57,1785.36,78.62,09:54:00,1
593.2255931940704,19.950445294617744,1852.02,1796.46,79.11,09:55:00,1
597.3320882078373,20.00099016160081,1863.43,1807.53,79.6,09:56:00,1
429.54577540166025,20.051863730374297,1369.45,1328.36,58.5,09:57:00,1
605.5294840509779,20.103065551946997,1886.14,1829.55,80.57,09:58:00,1
609.6193974986344,20.154595136061168,1897.44,1840.51,81.05,09:59:00,1
613.7027923995046,20.206451950847345,1908.69,1851.43,81.53,10:00:00,1
294.276499273955,20.258635422483486,953.81,925.19,40.74,10:01:00,1
621.8480263509837,20.311144934858476,1931.07,1873.14,82.49,10:02:00,1
248.51952285149082,20.363979829240108,809.85,785.55,34.59,10:03:00,1
279.9214767909648,20.417139403947733,908.35,881.1,38.8,10:04:00,1
634.0044323124861,20.470622914029633,1964.31,1905.38,83.91,10:05:00,1
638.038154113793,20.52442957094523,1975.29,1916.04,84.38,10:06:00,1
231.2828212575674,20.5785585422523,754.67,732.03,32.24,10:07:00,1
646.0749142919572,20.63300895129929,1997.11,1937.19,85.31,10:08:00,1
650.0769261867114,20.68777987692284,2007.93,1947.7,85.77,10:09:00,1
460.5818092184858,20.74287035315063,1458.3,1414.55,62.29,10:10:00,1
658.0456371559274,20.79827936890971,2029.43,1968.54,86.69,10:11:00,1
662.0113020153191,20.854005867740398,2040.09,1978.88,87.14,10:12:00,1
414.10104869143237,20.910048747515834,1318.15,1278.61,56.31,10:13:00,1
298.88514354562466,20.96640686016739,965.39,936.42,41.24,10:14:00,1
673.8273074008866,21.023079011415977,2071.71,2009.56,88.49,10:15:00,1
462.0752563164982,21.080063960509413,1460.68,1416.86,62.39,10:16:00,1
681.6319480012074,21.137360419965923,2092.48,2029.71,89.38,10:17:00,1
685.510894549362,21.194967055323943,2102.77,2039.69,89.82,10:18:00,1
251.30432362813548,21.252882484898308,815.68,791.21,34.84,10:19:00,1
256.185400269625,21.31110527954292,830.81,805.89,35.49,10:20:00,1
697.0479691323084,21.36963396242008,2133.24,2069.24,91.12,10:21:00,1
313.95873087525916,21.428467008776515,1010.2,979.9,43.15,10:22:00,1
704.6509867620789,21.48760284572624,2153.2,2088.6,91.98,10:23:00,1
708.424417941316,21.54703985204045,2163.07,2098.18,92.4,10:24:00,1
712.1784343991394,21.60677635794438,2172.87,2107.68,92.82,10:25:00,1
715.9125144669545,21.666810644921437,2182.59,2117.11,93.23,10:26:00,1
719.6261370624201,21.727140945524546,2192.24,2126.47,93.64,10:27:00,1
217.3983521338883,21.787765443194942,707.14,685.92,30.21,10:28:00,1
726.9899291546086,21.848682272088453,2211.3,2144.96,94.46,10:29:00,1
730.6390604939729,21.909889516909374,2220.7,2154.08,94.86,10:30:00,1
734.265658286906,21.9713852127521,2230.03,2163.13,95.26,10:31:00,1
737.8692061802201,22.033167344950545,2239.28,2172.1,95.65,10:32:00,1
498.04319135076247,22.095233848935504,1560.32,1513.51,66.65,10:33:00,1
455.46484178151275,22.157582610100025,1434.55,1391.51,61.28,10:34:00,1
281.8812844600167,22.220211463672953,907.78,880.54,38.78,10:35:00,1
752.0426200171446,22.283118194600647,2275.41,2207.15,97.2,10:36:00,1
755.5232231389488,22.34630053743706,2284.23,2215.7,97.57,10:37:00,1
758.9777099586297,22.409756176242247,2292.96,2224.17,97.95,10:38:00,1
762.4055758308155,22.473482744489377,2301.59,2232.55,98.31,10:39:00,1
765.8063182698079,22.537477824980364,2310.14,2240.83,98.68,10:40:00,1
235.93834821240486,22.601738949770215,763.1,740.21,32.6,10:41:00,1
605.9529299452993,22.666263600100194,1866.85,1810.84,79.74,10:42:00,1
775.8408150833211,22.731049206339833,2335.22,2265.16,99.75,10:43:00,1
779.1280863875934,22.796093147937967,2343.38,2273.08,100.1,10:44:00,1
782.3857584850166,22.861392753382823,2351.46,2280.91,100.44,10:45:00,1
356.9296089561602,22.926945300171255,1135.08,1101.03,48.49,10:46:00,1
788.8103601724414,22.992748014787217,2367.31,2296.29,101.12,10:47:00,1
791.9763249620788,23.058798072689566,2375.08,2303.83,101.45,10:48:00,1
795.110761184416,23.12509259830926,2382.76,2311.28,101.78,10:49:00,1
798.2131946222618,23.19162866505601,2390.34,2318.63,102.1,10:50:00,1
801.2831545463932,23.25840329533456,2397.81,2325.87,102.42,10:51:00,1
804.3201738341171,23.325413460570484,2405.18,2333.02,102.74,10:52:00,1
807.3237890872848,23.392656081245796,2412.44,2340.07,103.05,10:53:00,1
810.2935407497205,23.46012802694426,2419.6,2347.01,103.35,10:54:00,1
813.2289732240205,23.527826116406594,2426.66,2353.86,103.66,10:55:00,1
816.1296349876818,23.59574711759553,2433.6,2360.59,103.95,10:56:00,1
818.9950787085198,23.66388774777092,2440.44,2367.23,104.24,10:57:00,1
601.7942636181955,23.73224467357481,1846.6,1791.2,78.88,10:58:00,1
824.6185443317719,23.80081451112666,2453.8,2380.18,104.82,10:59:00,1
827.3756935493785,23.869593826128714,2460.31,2386.5,105.09,11:00:00,1
830.0958795797445,23.938579133981563,2466.71,2392.71,105.37,11:01:00,1
832.7786777457572,24.007766899910017,2473.0,2398.81,105.64,11:02:00,1
835.423668235889,24.077153539099253,2479.18,2404.8,105.9,11:03:00,1
838.0304362134893,24.146735416841377,2485.24,2410.69,106.16,11:04:00,1
840.598571925043,24.216508848692378,2491.19,2416.46,106.41,11:05:00,1
669.5242261431981,24.286470100639562,2030.83,1969.9,86.75,11:06:00,1
845.6173335935997,24.35661538927947,2502.75,2427.67,106.91,11:07:00,1
645.5002930261869,24.42694088200637,1963.16,1904.26,83.86,11:08:00,1
850.4767809208726,24.497442697211333,2513.85,2438.43,107.38,11:09:00,1
507.90109459597676,24.568116904491916,1572.56,1525.38,67.17,11:10:00,1
855.173829656661,24.63895952487248,2524.48,2448.74,107.83,11:11:00,1
262.1640967291678,24.709966531035256,837.79,812.66,35.79,11:12:00,1
459.50647842615604,24.781133847562064,1430.6,1387.68,61.11,11:13:00,1
292.11076098408057,24.85245735118679,929.34,901.46,39.7,11:14:00,1
864.0688541750432,24.923932871058618,2544.32,2467.99,108.68,11:15:00,1
334.9452273111976,24.995556189016067,1059.06,1027.29,45.24,11:16:00,1
868.2611307170721,25.0673230398718,2553.52,2476.91,109.07,11:17:00,1
870.292262122226,25.139229111708232,2557.93,2481.2,109.26,11:18:00,1
872.2796162678593,25.21127004618401,2562.23,2485.36,109.45,11:19:00,1
271.8157067158304,25.28344143885129,865.5,839.53,36.97,11:20:00,1
876.1217140720792,25.355738839483877,2570.46,2493.34,109.8,11:21:00,1
877.9758350693817,25.42815775241617,2574.39,2497.15,109.97,11:22:00,1
879.7849336527162,25.500693636892994,2578.19,2500.85,110.13,11:23:00,1
881.5487155596876,25.573341907430276,2581.87,2504.42,110.29,11:24:00,1
340.03775806576385,25.646097934186525,1071.53,1039.38,45.77,11:25:00,1
884.9391872358901,25.718957043345167,2588.87,2511.2,110.58,11:26:00,1
401.6383984942701,25.7919145175077,1254.67,1217.03,53.59,11:27:00,1
888.145036841441,25.864965596097637,2595.36,2517.5,110.86,11:28:00,1
477.90679946969254,25.938105475775295,1476.96,1432.65,63.09,11:29:00,1
891.1641663216275,26.01132931086326,2601.35,2523.31,111.12,11:30:00,1
892.6030874386586,26.084632213782708,2604.16,2526.03,111.24,11:31:00,1
893.99459511148,26.158009255500367,2606.84,2528.63,111.35,11:32:00,1
895.338460482449,26.231455465986244,2609.39,2531.11,111.46,11:33:00,1
896.6344623007813,26.30496583468193,2611.82,2533.46,111.57,11:34:00,1
311.3820859198664,26.37853531097965,981.9,952.44,41.94,11:35:00,1
899.0820286728692,26.45215880471181,2616.29,2537.8,111.76,11:36:00,1
900.2331892954409,26.525831186651157,2618.34,2539.79,111.84,11:37:00,1
901.3356786141034,26.59954728902141,2620.26,2541.65,111.93,11:38:00,1
692.827123224148,26.673301906018388,2073.02,2010.83,88.55,11:39:00,1
903.3939218910605,26.74708979434157,2623.72,2545.01,112.07,11:40:00,1
904.3493350230866,26.82090567373595,2625.25,2546.5,112.14,11:41:00,1
688.7814011721763,26.89474422754427,2060.05,1998.25,88.0,11:42:00,1
906.1119523927141,26.968600103269488,2627.95,2549.11,112.25,11:43:00,1
459.0641022170643,27.042467913147416,1415.6,1373.14,60.47,11:44:00,1
907.6759964907781,27.116342234729508,2630.13,2551.22,112.35,11:45:00,1
908.3832236261917,27.190217611475695,2631.02,2552.09,112.39,11:46:00,1
909.0404279385898,27.264088553357205,2631.79,2552.84,112.42,11:47:00,1
674.7803279449485,27.337949537469314,2018.13,1957.58,86.21,11:48:00,1
358.67108803852364,27.411795008653925,1119.13,1085.56,47.8,11:49:00,1
641.5971049266042,27.485619380131915,1926.42,1868.62,82.29,11:50:00,1
911.1669547361395,27.559417034145138,2633.6,2554.59,112.5,11:51:00,1
911.5725711178969,27.633182322608057,2633.73,2554.72,112.5,11:52:00,1
911.9276335687234,27.706909567768854,2633.74,2554.72,112.5,11:53:00,1
912.2320828847601,27.780593062879944,2633.61,2554.61,112.5,11:54:00,1
912.4858682892398,27.854227072877848,2633.36,2554.36,112.49,11:55:00,1
912.688947446601,27.927805835072235,2632.99,2554.0,112.47,11:56:00,1
912.8412864742581,28.00132355984413,2632.48,2553.51,112.45,11:57:00,1
912.9428599520234,28.074774431353106,2631.85,2552.9,112.42,11:58:00,1
912.9936509291755,28.14815260825341,2631.1,2552.16,112.39,11:59:00,1
912.9936509291755,28.221452224418883,2630.21,2551.31,112.35,12:00:00,1
452.16351833235177,28.294667389676547,1388.14,1346.49,59.3,12:01:00,1
912.8412864742581,28.367792190548823,2628.07,2549.23,112.26,12:02:00,1
912.688947446601,28.44082069100414,2626.81,2548.0,112.21,12:03:00,1
912.4858682892398,28.51374693321595,2625.42,2546.66,112.15,12:04:00,1
912.2320828847602,28.586564938329857,2623.91,2545.19,112.08,12:05:00,1
911.9276335687234,28.659268707238972,2622.27,2543.6,112.01,12:06:00,1
911.572571117897,28.73185222136709,2620.51,2541.9,111.94,12:07:00,1
911.1669547361395,28.804309443459772,2618.63,2540.07,111.86,12:08:00,1
910.7108520379486,28.876634318383086,2616.62,2538.12,111.77,12:09:00,1
910.2043390296759,28.94882077392993,2614.49,2536.05,111.68,12:10:00,1
909.647500088418,29.020862721633748,2612.23,2533.86,111.58,12:11:00,1
289.42653518452136,29.092754057589502,904.92,877.77,38.65,12:12:00,1
908.3832236261918,29.164488663281798,2607.35,2529.13,111.37,12:13:00,1
907.6759964907782,29.236060406419995,2604.73,2526.59,111.26,12:14:00,1
906.9188641351404,29.307463141780104,2601.98,2523.92,111.15,12:15:00,1
655.720200094468,29.378690712053398,1948.61,1890.16,83.24,12:16:00,1
905.2553952927254,29.44973694870151,2596.13,2518.25,110.9,12:17:00,1
593.1753571008652,29.520595672817926,1776.94,1723.63,75.9,12:18:00,1
681.5747092332609,29.59126069599565,2016.27,1955.78,86.13,12:19:00,1
341.0180563070834,29.661725821200914,1056.4,1024.71,45.12,12:20:00,1
901.3356786141035,29.731984843652764,2582.99,2505.5,110.33,12:21:00,1
632.0609312832661,29.80203155170834,1880.94,1824.51,80.35,12:22:00,1
665.7899783474885,29.871859727753705,1971.44,1912.3,84.21,12:23:00,1
897.8823869832546,29.941463149100038,2571.89,2494.73,109.86,12:24:00,1
896.6344623007814,30.01083558888498,2567.96,2490.92,109.69,12:25:00,1
895.3384604824491,30.079970816979046,2563.91,2486.99,109.52,12:26:00,1
893.9945951114801,30.148862600896805,2559.74,2482.95,109.34,12:27:00,1
892.6030874386588,30.217504706712788,2555.46,2478.8,109.16,12:28:00,1
891.1641663216277,30.285890899981773,2551.07,2474.53,108.97,12:29:00,1
889.6780681621609,30.354014946663455,2546.56,2470.16,108.78,12:30:00,1
888.1450368414411,30.421870614051127,2541.93,2465.68,108.58,12:31:00,1
886.5653236533628,30.48945167170432,2537.2,2461.08,108.38,12:32:00,1
627.9196289675721,30.556751892385133,1863.44,1807.53,79.6,12:33:00,1
883.2668935004929,30.623765052998113,2527.4,2451.57,107.96,12:34:00,1
881.5487155596878,30.690484935533448,2522.33,2446.66,107.74,12:35:00,1
562.0072696413589,30.7569053280133,1681.63,1631.18,71.83,12:36:00,1
449.5498327274919,30.823020025441075,1365.6,1324.63,58.33,12:37:00,1
661.1066492181235,30.888822830753444,1949.97,1891.48,83.29,12:38:00,1
874.2228718160455,30.954307555774875,2500.96,2425.94,106.83,12:39:00,1
580.8355817667612,31.019468022174536,1731.44,1679.5,73.96,12:40:00,1
870.2922621222262,31.084298062425294,2489.64,2414.95,106.35,12:41:00,1
868.2611307170723,31.148791520764668,2483.82,2409.3,106.1,12:42:00,1
866.1865499469873,31.212942254157497,2477.89,2403.55,105.84,12:43:00,1
864.0688541750434,31.276744133260113,2471.86,2397.7,105.59,12:44:00,1
861.908384143026,31.34019104338581,2465.72,2391.75,105.32,12:45:00,1
417.4285460310066,31.403276885471445,1270.36,1232.24,54.26,12:46:00,1
857.4605156100114,31.465995577044875,2453.15,2379.55,104.79,12:47:00,1
855.1738296566612,31.528341053193095,2446.71,2373.31,104.51,12:48:00,1
852.8457943484179,31.590307267530825,2440.17,2366.97,104.23,12:49:00,1
499.1715032405575,31.651888193169334,1500.65,1455.63,64.1,12:50:00,1
848.0671664182723,31.7130778236853,2426.79,2353.99,103.66,12:51:00,1
845.6173335935999,31.77387017408948,2419.96,2347.36,103.37,12:52:00,1
843.1276708073515,31.834259281794978,2413.03,2340.64,103.07,12:53:00,1
840.5985719250432,31.89423920758488,2406.0,2333.82,102.77,12:54:00,1
838.0304362134896,31.95380403657906,2398.88,2326.91,102.47,12:55:00,1
434.51709872282373,32.012947879199935,1315.8,1276.33,56.21,12:56:00,1
275.10962260096926,32.07166487213691,850.96,825.43,36.35,12:57:00,1
830.0958795797449,32.12994917930938,2376.95,2305.65,101.53,12:58:00,1
827.3756935493788,32.187794992827946,2369.46,2298.38,101.21,12:59:00,1
419.6793126198272,32.24519653395377,1272.15,1233.99,54.34,13:00:00,1
821.8248613593331,32.302148054055706,2354.21,2283.58,100.56,13:01:00,1
535.9324451900285,32.35864383556509,1598.04,1550.1,68.26,13:02:00,1
816.1296349876822,32.41467819292794,2338.6,2268.44,99.89,13:03:00,1
813.2289732240208,32.47024547355426,2330.66,2260.74,99.56,13:04:00,1
570.2164259734038,32.52534005876446,1690.95,1640.22,72.23,13:05:00,1
807.3237890872851,32.579956364732325,2314.54,2245.1,98.87,13:06:00,1
804.3201738341174,32.63408884342465,2306.35,2237.16,98.52,13:07:00,1
554.7941880858125,32.68773198353706,1647.56,1598.13,70.38,13:08:00,1
628.0802161300568,32.74088031142607,1845.76,1790.39,78.84,13:09:00,1
795.1107611844163,32.793528392036755,2281.29,2212.85,97.45,13:10:00,1
791.9763249620792,32.84567082982633,2272.77,2204.59,97.08,13:11:00,1
788.8103601724417,32.89730226968295,2264.18,2196.25,96.72,13:12:00,1
785.6133444015979,32.948417397839805,2255.51,2187.84,96.35,13:13:00,1
782.385758485017,32.999010942784146,2246.76,2179.36,95.97,13:14:00,1
779.1280863875937,33.04907767616117,2237.94,2170.8,95.59,13:15:00,1
775.8408150833214,33.09861241367233,2229.04,2162.17,95.21,13:16:00,1
772.5244344346261,33.14761001596807,2220.07,2153.47,94.83,13:17:00,1
335.70925642432553,33.19606538953465,1025.03,994.28,43.78,13:18:00,1
765.8063182698083,33.24397348757489,2201.91,2135.85,94.06,13:19:00,1
464.7300062655774,33.29132931088256,1393.66,1351.85,59.53,13:20:00,1
758.97770995863,33.338127908710334,2183.47,2117.97,93.27,13:21:00,1
755.523223138949,33.384364379630924,2174.15,2108.92,92.87,13:22:00,1
752.0426200171449,33.43003387239136,2164.76,2099.82,92.47,13:23:00,1
748.5364072763956,33.475131586760064,2155.3,2090.64,92.07,13:24:00,1
745.0050935158089,33.5196527743666,2145.78,2081.41,91.66,13:25:00,1
478.0797893410938,33.56359273953384,1429.34,1386.46,61.06,13:26:00,1
737.8692061802204,33.60694684010241,2126.55,2062.76,90.84,13:27:00,1
734.2656582869064,33.64971048824713,2116.84,2053.34,90.42,13:28:00,1
730.6390604939733,33.691879151285306,2107.07,2043.86,90.0,13:29:00,1
274.0576179477208,33.73344835247667,841.81,816.56,35.96,13:30:00,1
370.0875269899905,33.77441367181473,1121.93,1088.27,47.92,13:31:00,1
719.6261370624205,33.81477074680936,2077.42,2015.09,88.74,13:32:00,1
715.9125144669548,33.8545152732605,2067.42,2005.39,88.31,13:33:00,1
712.1784343991397,33.89364300602264,2057.36,1995.64,87.88,13:34:00,1
257.57904040758547,33.93214975975998,792.27,768.5,33.84,13:35:00,1
704.6509867620795,33.97003140969214,2037.09,1975.98,87.02,13:36:00,1
700.8586629974097,34.00728389233004,2026.88,1966.08,86.58,13:37:00,1
697.0479691323088,34.043903206202025,2016.62,1956.12,86.14,13:38:00,1
693.2194278829686,34.079885412569816,2006.31,1946.12,85.7,13:39:00,1
689.3735620795153,34.11522663613424,1995.95,1936.07,85.26,13:40:00,1
393.7392815101543,34.149923065730555,1187.83,1152.2,50.74,13:41:00,1
681.6319480012078,34.18397095501315,1975.1,1915.84,84.37,13:42:00,1
677.7372449097115,34.21736662312946,1964.6,1905.66,83.92,13:43:00,1
300.67132638853684,34.25010645538296,918.21,890.67,39.22,13:44:00,1
380.5917129844531,34.282186903885034,1149.57,1115.08,49.1,13:45:00,1
665.9638152096936,34.31360448819556,1932.86,1874.87,82.56,13:46:00,1
257.07407421949836,34.34435579595208,789.37,765.69,33.72,13:47:00,1
658.0456371559278,34.37443748348735,1911.5,1854.15,81.65,13:48:00,1
654.0673393225295,34.40384627643513,1900.76,1843.74,81.19,13:49:00,1
650.0769261867118,34.43257897032413,1889.99,1833.29,80.73,13:50:00,1
646.0749142919576,34.46063243115976,1879.18,1822.81,80.27,13:51:00,1
642.0618189459352,34.488003595993845,1868.34,1812.29,79.81,13:52:00,1
638.0381541137933,34.51468947348188,1857.47,1801.74,79.34,13:53:00,1
199.16825536640476,34.54068714442777,615.81,597.34,26.3,13:54:00,1
629.9611645061619,34.56599376231607,1835.62,1780.56,78.41,13:55:00,1
625.9088600026355,34.59060655383128,1824.66,1769.92,77.94,13:56:00,1
621.848026350984,34.6145228193644,1813.67,1759.26,77.47,13:57:00,1
617.7791692402817,34.63773993350637,1802.65,1748.57,77.0,13:58:00,1
613.7027923995049,34.66025534552833,1791.6,1737.85,76.53,13:59:00,1
308.61667273408733,34.682066579848694,939.7,911.51,40.14,14:00:00,1
605.5294840509782,34.70317123648674,1769.44,1716.36,75.58,14:01:00,1
319.74206443600315,34.72356699150273,971.94,942.78,41.52,14:02:00,1
597.3320882078376,34.74325159742436,1747.19,1694.77,74.63,14:03:00,1
593.2255931940708,34.76222288365954,1736.04,1683.95,74.16,14:04:00,1
589.1145542105229,34.78047875689527,1724.86,1673.12,73.68,14:05:00,1
584.9994585663602,34.79801720148257,1713.67,1662.26,73.2,14:06:00,1
580.8807908549645,34.81483627980742,1702.46,1651.39,72.72,14:07:00,1
576.7590328654477,34.8309341326475,1691.24,1640.5,72.24,14:08:00,1
426.54429184335487,34.8463089795147,1277.11,1238.79,54.55,14:09:00,1
375.9924764716661,34.86095911898339,1133.52,1099.51,48.42,14:10:00,1
564.3799912363265,34.874882929004116,1657.5,1607.77,70.8,14:11:00,1
560.2506309218485,34.88807886720304,1646.23,1596.84,70.32,14:12:00,1
556.1205442126566,34.90054547116658,1634.95,1585.9,69.84,14:13:00,1
551.9901942936208,34.91228135871158,1623.66,1574.95,69.36,14:14:00,1
547.8600409661026,34.9232852281407,1612.36,1563.99,68.87,14:15:00,1
543.7305405711489,34.93355585848302,1601.06,1553.03,68.39,14:16:00,1
539.6021459142175,34.94309210971986,1589.76,1542.06,67.91,14:17:00,1
164.02881777995213,34.95189292299568,508.65,493.39,21.73,14:18:00,1
207.05628829301747,34.95995732081401,638.38,619.23,27.27,14:19:00,1
527.2280698548786,34.96728440721837,1555.82,1509.15,66.46,14:20:00,1
380.2801428943942,34.97387336795825,1145.21,1110.85,48.92,14:21:00,1
518.9923502409697,34.979723470639826,1533.2,1487.2,65.49,14:22:00,1
227.5774295218264,34.9848340648617,699.65,678.66,29.89,14:23:00,1
510.7716038253937,34.989204582335404,1510.58,1465.26,64.53,14:24:00,1
367.6506847559424,34.9928345369907,1109.0,1075.73,47.37,14:25:00,1
349.69996797896715,34.99572352506571,1057.42,1025.7,45.17,14:26:00,1
498.4759613010663,34.99787122518174,1476.69,1432.39,63.08,14:27:00,1
276.7624167255865,34.99927739840285,845.19,819.83,36.1,14:28:00,1
374.2121513542509,34.99994188828021,1127.74,1093.91,48.17,14:29:00,1
486.2327925039945,34.999864620881056,1442.86,1399.58,61.63,14:30:00,1
482.16527712238894,34.99904560480244,1431.61,1388.66,61.15,14:31:00,1
478.10518892802605,34.9974849311696,1420.36,1377.75,60.67,14:32:00,1
474.0529152136655,34.99518277361909,1409.13,1366.86,60.19,14:33:00,1
231.90156580695626,34.99213938826658,712.5,691.13,30.44,14:34:00,1
465.9733374973571,34.98835511365934,1386.71,1345.11,59.23,14:35:00,1
461.946785045772,34.98383037071352,1375.52,1334.26,58.76,14:36:00,1
457.92955008779586,34.97856566263607,1364.35,1323.42,58.28,14:37:00,1
453.921996619676,34.972561574831545,1353.2,1312.6,57.8,14:38:00,1
449.9244838535265,34.965818774793505,1342.06,1301.8,57.33,14:39:00,1
179.24007575398468,34.95833801198094,554.68,538.04,23.69,14:40:00,1
198.09308652691124,34.95012011767941,611.5,593.16,26.12,14:41:00,1
437.99570934568436,34.94116600484704,1308.78,1269.51,55.91,14:42:00,1
222.2266431422112,34.931476667945546,683.84,663.33,29.21,14:43:00,1
430.0997634747663,34.921053182756104,1286.7,1248.1,54.96,14:44:00,1
260.79242580432214,34.90989670618035,798.45,774.49,34.11,14:45:00,1
309.880369136307,34.898008476026284,942.51,914.23,40.26,14:46:00,1
418.34734535195037,34.88538981077949,1253.76,1216.15,53.56,14:47:00,1
414.45555671454474,34.87204210935934,1242.84,1205.55,53.09,14:48:00,1
410.5771302977838,34.85796685086056,1231.94,1194.98,52.62,14:49:00,1
406.71237056391533,34.84316559428005,1221.07,1184.44,52.16,14:50:00,1
402.86157684756176,34.82763997822912,1210.23,1173.93,51.7,14:51:00,1
399.0250433376911,34.81139172063112,1199.43,1163.44,51.23,14:52:00,1
395.2030590611827,34.79442261840466,1188.65,1152.99,50.77,14:53:00,1
391.3959078679778,34.77673454713238,1177.9,1142.57,50.31,14:54:00,1
387.60386841780485,34.75832946071547,1167.19,1132.18,49.86,14:55:00,1
383.82721416846977,34.739209391013986,1156.52,1121.82,49.4,14:56:00,1
380.0662133656979,34.71937644747293,1145.87,1111.5,48.95,14:57:00,1
376.3211290345191,34.69883281673448,1135.26,1101.21,48.49,14:58:00,1
372.5922189721808,34.67758076223613,1124.69,1090.95,48.04,14:59:00,1
368.8797357425775,34.655622623795125,1114.16,1080.73,47.59,15:00:00,1
365.18392667218495,34.6329608171791,1103.66,1070.55,47.14,15:01:00,1
150.33632929594702,34.609597833663194,467.72,453.69,19.98,15:02:00,1
123.89514037375021,34.585536239573585,386.85,375.24,16.52,15:03:00,1
127.32708432556775,34.5607786758177,397.42,385.5,16.98,15:04:00,1
350.57219509948897,34.53532785740121,1062.07,1030.2,45.37,15:05:00,1
346.96328331450144,34.50918657293177,1051.77,1020.22,44.93,15:06:00,1
343.37241961998575,34.48235768410991,1041.51,1010.27,44.49,15:07:00,1
339.79981468995976,34.454844125206925,1031.3,1000.36,44.05,15:08:00,1
336.2456739808998,34.42664890253011,1021.13,990.5,43.62,15:09:00,1
332.7101977405449,34.39777509387535,1011.01,980.68,43.19,15:10:00,1
205.4107559243285,34.36822584796725,635.05,616.0,27.13,15:11:00,1
325.69601367547403,34.33800438388694,990.89,961.17,42.33,15:12:00,1
322.21768040057555,34.307113990487736,980.91,951.48,41.9,15:13:00,1
126.58566446055869,34.275558025798745,395.62,383.76,16.9,15:14:00,1
185.68447441610545,34.24333991641657,575.88,558.6,24.6,15:15:00,1
311.89985455000715,34.210463156885396,951.22,922.68,40.63,15:16:00,1
156.41500728667074,34.17693130906533,487.13,472.52,20.81,15:17:00,1
305.1206287946724,34.14274800148955,931.67,903.72,39.8,15:18:00,1
114.88914368172112,34.10791692871004,359.88,349.08,15.37,15:19:00,1
298.42233563669674,34.07244185063233,912.32,884.95,38.97,15:20:00,1
99.7599993728624,34.03632659183932,313.2,303.81,13.38,15:21:00,1
291.8061464756971,33.999575040904354,893.17,866.38,38.15,15:22:00,1
288.5291850487482,33.96219114969371,883.67,857.16,37.75,15:23:00,1
285.2731526713615,33.92417893265871,874.23,848.0,37.34,15:24:00,1
282.03817339080086,33.88554246611767,864.83,838.89,36.94,15:25:00,1
95.81629526429032,33.8462858875277,301.22,292.18,12.87,15:26:00,1
275.6318458535815,33.806413394746755,846.21,820.82,36.15,15:27:00,1
272.46072132433477,33.765929245285975,836.97,811.86,35.75,15:28:00,1
269.31109740809546,33.72483775555253,827.79,802.96,35.36,15:29:00,1
148.892130672224,33.68314330008322,465.13,451.18,19.87,15:30:00,1
263.07674613014984,33.64085031076892,809.6,785.31,34.58,15:31:00,1
259.99220430724046,33.597963276070104,800.58,776.57,34.2,15:32:00,1
129.9673863792279,33.55448674022373,407.25,395.03,17.4,15:33:00,1
253.8888170472303,33.51042530244154,782.72,759.24,33.43,15:34:00,1
250.87012922466897,33.46578361610004,773.88,750.66,33.06,15:35:00,1
108.89500765783626,33.42056638792236,342.36,332.09,14.62,15:36:00,1
244.89912495852417,33.374778377152225,756.35,733.66,32.31,15:37:00,1
241.94693887263298,33.32842439472019,747.68,725.25,31.94,15:38:00,1
239.0170429552383,33.28150930240228,739.06,716.89,31.57,15:39:00,1
129.9968663282836,33.23403801197147,407.89,395.65,17.42,15:40:00,1
233.22433361229153,33.18601548434195,722.0,700.34,30.84,15:41:00,1
230.3616153147918,33.13744672870651,713.56,692.15,30.48,15:42:00,1
227.52137752672382,33.088336801667275,705.18,684.02,30.12,15:43:00,1
224.70365713902802,33.03869080635995,696.85,675.95,29.77,15:44:00,1
101.1401573064262,32.9885138915718,318.88,309.31,13.62,15:45:00,1
219.13589522026757,32.93781125085355,680.38,659.97,29.06,15:46:00,1
216.38590669742527,32.88658812162553,672.23,652.07,28.71,15:47:00,1
144.5202078294696,32.83484978427811,453.35,439.75,19.37,15:48:00,1
94.0711333051584,32.7826015612668,297.12,288.21,12.69,15:49:00,1
67.0306546543341,32.729848816202086,212.51,206.13,9.08,15:50:00,1
205.61233182953282,32.6765969529344,640.25,621.04,27.35,15:51:00,1
113.25545247931984,32.622851414634226,357.06,346.34,15.25,15:52:00,1
200.36150523746244,32.56861768286774,624.62,605.88,26.68,15:53:00,1
197.770088484478,32.513901276668136,616.89,598.38,26.35,15:54:00,1
195.2013284553974,32.4587077516028,609.23,590.95,26.02,15:55:00,1
73.4578493114184,32.403042698836664,233.01,226.02,9.95,15:56:00,1
190.13173363259855,32.346911744191885,594.08,576.26,25.38,15:57:00,1
187.63086736993003,32.290320547204075,586.6,569.01,25.06,15:58:00,1
185.15259499420614,32.23327480017535,579.18,561.81,24.74,15:59:00,1
78.98146935716878,32.17578022722432,250.58,243.07,10.7,16:00:00,1
127.70563606515108,32.11784258333339,402.7,390.62,17.2,16:01:00,1
177.85307907782214,32.05946765339344,557.29,540.58,23.81,16:02:00,1
74.2016109195015,32.000661251246214,235.74,228.67,10.07,16:03:00,1
173.09916513148173,31.941429218724565,543.01,526.72,23.19,16:04:00,1
170.75582361950953,31.881777424690846,535.96,519.88,22.89,16:05:00,1
168.43483448827476,31.821711764073562,528.97,513.1,22.6,16:06:00,1
99.56468546028316,31.7612381569027,315.59,306.12,13.48,16:07:00,1
163.85972095759885,31.700362547343687,515.17,499.71,22.01,16:08:00,1
84.02781338338849,31.63909090273038,267.02,259.0,11.41,16:09:00,1
90.9482521134251,31.57742921259732,288.82,280.16,12.34,16:10:00,1
157.16341193594633,31.515383487711347,494.93,480.09,21.14,16:11:00,1
154.97543797547803,31.452959759102892,488.31,473.66,20.86,16:12:00,1
152.8094227699566,31.390164077097054,481.75,467.3,20.58,16:13:00,1
93.02980837629046,31.32700251034484,295.66,286.79,12.63,16:14:00,1
51.451914387308136,31.26348114485468,164.45,159.51,7.02,16:15:00,1
146.44244038430676,31.1996060830244,462.43,448.56,19.75,16:16:00,1
144.36355770606733,31.135383442673895,456.11,442.43,19.48,16:17:00,1
142.3062695287116,31.070819356078797,449.85,436.36,19.22,16:18:00,1
82.38439709226249,31.005919969005273,262.54,254.66,11.21,16:19:00,1
138.25615238201465,30.940691439746114,437.52,424.39,18.69,16:20:00,1
136.26315527846904,30.875139938158398,431.44,418.5,18.43,16:21:00,1
73.37051423641879,30.809271644702932,234.28,227.25,10.01,16:22:00,1
132.34084626921688,30.743092749485726,419.47,406.88,17.92,16:23:00,1
130.41135252539857,30.676609451301527,413.57,401.16,17.67,16:24:00,1
128.5028411072156,30.60982795667975,407.73,395.5,17.42,16:25:00,1
126.61521573973617,30.54275447893308,401.95,389.89,17.17,16:26:00,1
51.18843495679799,30.475395237208787,164.14,159.22,7.01,16:27:00,1
122.90222786617845,30.407756455543012,390.57,378.86,16.68,16:28:00,1
40.963454968259605,30.339844361918242,131.6,127.65,5.62,16:29:00,1
119.27157866517182,30.27166518732416,379.43,368.05,16.21,16:30:00,1
117.48686953647491,30.203225164822104,373.94,362.73,15.97,16:31:00,1
115.72242759480436,30.134530528613208,368.52,357.46,15.74,16:32:00,1
113.97814330544097,30.0655875131105,363.15,352.25,15.51,16:33:00,1
112.25390544285995,29.996402352015174,357.84,347.1,15.29,16:34:00,1
110.54960114077964,29.926981277397232,352.58,342.01,15.06,16:35:00,1
62.78635125284807,29.857330518780515,201.54,195.5,8.61,16:36:00,1
107.20033384736327,29.78745630223245,342.25,331.98,14.62,16:37:00,1
105.55513736579776,29.717364849458754,337.16,327.05,14.4,16:38:00,1
103.92940756214651,29.647062376903115,332.14,322.17,14.19,16:39:00,1
102.32302410605415,29.57655509485214,327.17,317.35,13.98,16:40:00,1
100.73586531993134,29.505849206545573,322.25,312.58,13.77,16:41:00,1
99.16780822664448,29.434950907292276,317.39,307.87,13.56,16:42:00,1
97.61872859682617,29.363866383591848,312.59,303.21,13.35,16:43:00,1
96.08850099579438,29.29260181226213,307.84,298.6,13.15,16:44:00,1
36.57571218948232,29.221163359572806,118.11,114.57,5.05,16:45:00,1
93.08409439350442,29.149557180385226,298.5,289.55,12.75,16:46:00,1
31.915391687385238,29.077789417298717,103.18,100.09,4.41,16:47:00,1
90.15356259354769,29.005866199803293,289.39,280.71,12.36,16:48:00,1
88.71567466356825,28.933793643439145,284.91,276.36,12.17,16:49:00,1
87.29586341879097,28.861577848963,280.48,272.07,11.98,16:50:00,1
85.89399626645863,28.789224901521514,276.11,267.83,11.79,16:51:00,1
25.56844869021712,28.71674086983175,82.85,80.37,3.54,16:52:00,1
49.603844108036526,28.644131805368968,160.29,155.48,6.85,16:53:00,1
62.02675392471158,28.571403741561912,200.18,194.17,8.55,16:54:00,1
80.46328804984944,28.49856269299567,259.14,251.37,11.07,16:55:00,1
45.4034945173126,28.425614654622215,146.93,142.52,6.28,16:56:00,1
77.85209300422375,28.35256560097878,250.97,243.44,10.72,16:57:00,1
26.62780402379436,28.279421485414282,86.43,83.83,3.69,16:58:00,1
75.30887603561617,28.206188239323865,242.99,235.7,10.38,16:59:00,1
74.06241358531703,28.132871771391628,239.08,231.91,10.21,17:00:00,1
72.83252976282118,28.059477966841694,235.22,228.16,10.05,17:01:00,1
45.095781222073974,27.986012686697837,146.2,141.81,6.25,17:02:00,1
70.42193919582321,27.91248176705171,227.64,220.81,9.72,17:03:00,1
69.24095208950253,27.8388910183397,223.92,217.21,9.56,17:04:00,1
68.0759829618895,27.76524622462867,220.25,213.65,9.41,17:05:00,1
53.166442678005275,27.691553142910607,172.39,167.22,7.36,17:06:00,1
51.844470402110396,27.617817502406382,168.19,163.14,7.18,17:07:00,1
64.67577249598442,27.544045003878566,209.53,203.25,8.95,17:08:00,1
40.24980548906611,27.470241318953473,130.84,126.92,5.59,17:09:00,1
42.390420409091966,27.396412089452618,137.81,133.67,5.89,17:10:00,1
61.41463559765087,27.32256292673362,199.23,193.25,8.51,17:11:00,1
25.805145995443205,27.24869941104053,84.12,81.59,3.59,17:12:00,1
59.315916341151,27.174827090863797,192.59,186.81,8.23,17:13:00,1
58.28874232293509,27.10095148230999,189.33,183.65,8.09,17:14:00,1
57.276169360188966,27.027078068481284,186.13,180.54,7.95,17:15:00,1
16.946086165722875,26.953212298864745,55.37,53.71,2.37,17:16:00,1
29.624653152130378,26.87935958873155,96.66,93.76,4.13,17:17:00,1
26.11671498150949,26.80552531854628,85.28,82.72,3.64,17:18:00,1
53.369050173009754,26.73171483338625,173.72,168.51,7.42,17:19:00,1
52.427355062485596,26.657933442370975,170.73,165.61,7.29,17:20:00,1
51.49941099483373,26.584186418101787,167.78,162.74,7.17,17:21:00,1
50.585076913544896,26.510478996111807,164.87,159.92,7.04,17:22:00,1
49.68421201135708,26.43681637432624,162.0,157.14,6.92,17:23:00,1
22.461851737887685,26.363203712532957,73.51,71.31,3.14,17:24:00,1
47.92232792069375,26.28964613186353,156.38,151.69,6.68,17:25:00,1
47.061028600839734,26.216148714284806,153.63,149.02,6.56,17:26:00,1
46.21263824784493,26.142716502100985,150.92,146.4,6.45,17:27:00,1
27.059990090295337,26.0693544974662,88.61,85.96,3.79,17:28:00,1
44.55402815295487,25.996067661907738,145.62,141.25,6.22,17:29:00,1
43.74353129167681,25.92286091585988,143.03,138.74,6.11,17:30:00,1
42.94538920465826,25.849739138208527,140.48,136.26,6.0,17:31:00,1
42.159464460494306,25.776707165846354,137.96,133.82,5.89,17:32:00,1
24.17955764227646,25.703769793238777,79.33,76.95,3.39,17:33:00,1
40.623719751227604,25.630931772000693,133.04,129.05,5.68,17:34:00,1
39.8736274625256,25.558197810483996,130.63,126.71,5.58,17:35:00,1
18.29436685579407,25.485572573375876,60.12,58.31,2.57,17:36:00,1
38.40832632487153,25.41306068130784,125.93,122.15,5.38,17:37:00,1
24.89244813963122,25.34066671047571,81.78,79.32,3.49,17:38:00,1
36.988640952871094,25.26839519227039,121.37,117.73,5.18,17:39:00,1
36.2955706594957,25.196250612919435,119.14,115.56,5.09,17:40:00,1
35.61350535491696,25.12423741313947,116.94,113.43,5.0,17:41:00,1
34.942313408950795,25.052359987799505,114.78,111.34,4.9,17:42:00,1
34.281863871004646,24.980622685595094,112.65,109.27,4.81,17:43:00,1
20.547756612119358,24.909029808733273,67.66,65.63,2.89,17:44:00,1
17.54612498829184,24.837585612628338,57.81,56.08,2.47,17:45:00,1
18.353353075243934,24.766294305608497,60.48,58.67,2.58,17:46:00,1
31.744895458592467,24.695160048633333,104.47,101.34,4.46,17:47:00,1
31.136218583901698,24.62418695502201,102.5,99.43,4.38,17:48:00,1
30.537513549849077,24.55337909019224,100.57,97.55,4.3,17:49:00,1
13.213788398234119,24.482740471410075,43.62,0.0,0.0,17:50:00,1
29.369516712959527,24.412275067550446,96.79,93.89,4.13,17:51:00,1
28.79997576307662,24.34198679886832,94.95,92.1,4.06,17:52:00,1
28.239908383725567,24.271879536780546,93.13,90.34,3.98,17:53:00,1
16.02857143628221,24.201957103658433,52.96,51.37,2.26,17:54:00,1
27.14770508901867,24.1322232726309,89.59,86.91,3.83,17:55:00,1
26.615326661762325,24.062681767398175,87.87,85.23,3.75,17:56:00,1
26.09193680163758,23.99333626205602,86.17,83.58,3.68,17:57:00,1
13.601031245751773,23.924190380930526,45.0,0.0,0.0,17:58:00,1
17.793799271825584,23.855247698423337,58.86,57.09,2.51,17:59:00,1
24.57451204197915,23.78651173886727,81.24,78.8,3.47,18:00:00,1
24.08589430101038,23.717985976392228,79.65,77.26,3.4,18:01:00,1
10.110484177792326,23.64967383480157,33.5,0.0,0.0,18:02:00,1
17.588834848106142,23.581578687458656,58.24,56.5,2.49,18:03:00,1
13.276628037014332,23.513703857183593,44.0,0.0,0.0,18:04:00,1
22.214301303279697,23.446052616160106,73.56,71.35,3.14,18:05:00,1
21.766556379295405,23.378628185852552,72.1,69.94,3.08,18:06:00,1
10.420920122739016,23.311433736932965,34.58,0.0,0.0,18:07:00,1
20.894470934294485,23.244472389218018,69.26,67.18,2.96,18:08:00,1
16.37392147330871,23.177747211615856,54.32,52.69,2.32,18:09:00,1
20.052863043798183,23.111261222082828,66.51,64.51,2.84,18:10:00,1
19.643218637761944,23.045017387589997,65.17,63.22,2.78,18:11:00,1
19.2408720866862,22.97901862409925,63.86,61.94,2.73,18:12:00,1
12.076288471623569,22.91326779654904,40.12,0.0,0.0,18:13:00,1
18.457652829193275,22.84776771884972,61.29,59.46,2.62,18:14:00,1
18.07657268820104,22.782521153888347,60.05,58.25,2.56,18:15:00,1
17.702375538785827,22.717530813542798,58.82,57.06,2.51,18:16:00,1
13.752993836128715,22.65279935870519,45.73,0.0,0.0,18:17:00,1
16.974226076523976,22.58832939931461,56.44,54.74,2.41,18:18:00,1
12.84124282867556,22.524123494398918,42.73,0.0,0.0,18:19:00,1
9.678434637769733,22.460184152125596,32.22,0.0,0.0,18:20:00,1
15.931124196138786,22.39651382986154,53.02,51.43,2.26,18:21:00,1
15.596132458258435,22.333114934241777,51.92,50.36,2.22,18:22:00,1
15.267335371459293,22.26998982124698,50.84,49.31,2.17,18:23:00,1
14.944638537503518,22.207140796289586,49.78,0.0,0.0,18:24:00,1
14.62794854349058,22.14457011430857,48.74,0.0,0.0,18:25:00,1
14.31717296159723,22.082279979872688,47.71,0.0,0.0,18:26:00,1
14.01222034855176,22.020272547292215,46.71,0.0,0.0,18:27:00,1
13.713000244848521,21.95854992073887,45.73,0.0,0.0,18:28:00,1
10.486045502681613,21.89711415437401,34.99,0.0,0.0,18:29:00,1
9.072699941090752,21.8359672524849,30.28,0.0,0.0,18:30:00,1
5.359855150827794,21.775111169629085,17.9,0.0,0.0,18:31:00,1
12.571670100032135,21.71454781078657,41.97,0.0,0.0,18:32:00,1
5.491182883477898,21.65427903151976,18.35,0.0,0.0,18:33:00,1
12.033120227596351,21.59430663814123,40.19,0.0,0.0,18:34:00,1
11.771577179807313,21.534632387889026,39.33,0.0,0.0,18:35:00,1
6.048591541585791,21.47525798910941,20.23,0.0,0.0,18:36:00,1
3.3851975696727767,21.41618510144699,11.33,0.0,0.0,18:37:00,1
11.016886715965557,21.35741533604217,36.84,0.0,0.0,18:38:00,1
10.775033724238101,21.29895025573571,36.04,0.0,0.0,18:39:00,1
4.575568056289075,21.240791375280367,15.32,0.0,0.0,18:40:00,1
10.305419231448562,21.182940161559383,34.48,0.0,0.0,18:41:00,1
10.07750297937964,21.125398033811905,33.73,0.0,0.0,18:42:00,1
4.975965140984058,21.068166363865064,16.67,0.0,0.0,18:43:00,1
9.635072677218913,21.011246476372662,32.26,0.0,0.0,18:44:00,1
9.420409531253076,20.95463964906029,31.55,0.0,0.0,18:45:00,1
5.283500395826103,20.898347112976868,17.71,0.0,0.0,18:46:00,1
9.00382150377301,20.84237005275245,30.17,0.0,0.0,18:47:00,1
8.8017531019403,20.786709606862125,29.5,0.0,0.0,18:48:00,1
8.603740959822309,20.731366867895897,28.85,0.0,0.0,18:49:00,1
8.409715607665081,20.67634288283456,28.2,0.0,0.0,18:50:00,1
8.219608482590642,20.621638653331328,27.57,0.0,0.0,18:51:00,1
8.033351923230093,20.56725513599909,26.95,0.0,0.0,18:52:00,1
7.85087916423003,20.513193242703224,26.35,0.0,0.0,18:53:00,1
7.67212433063705,20.459453840859876,25.75,0.0,0.0,18:54:00,1
7.497022432164808,20.406037753739557,25.17,0.0,0.0,18:55:00,1
2.7695122537539403,20.352945760775885,9.31,0.0,0.0,18:56:00,1
7.157521867588061,20.300178597879395,24.04,0.0,0.0,18:57:00,1
3.5944392895887973,20.24773695775636,12.08,0.0,0.0,18:58:00,1
6.8318750167291045,20.195621490232455,22.96,0.0,0.0,18:59:00,1
3.6809599382684115,20.143832802581052,12.38,0.0,0.0,19:00:00,1
6.519593195466584,20.092371459856174,21.92,0.0,0.0,19:01:00,1
6.368315172816015,20.0412379852299,21.42,0.0,0.0,19:02:00,1
4.956761495434839,19.990432860334195,16.67,0.0,0.0,19:03:00,1
6.075194237101727,19.939956525606892,20.44,0.0,0.0,19:04:00,1
5.933237539008769,19.889809380641807,19.97,0.0,0.0,19:05:00,1
5.794275527084919,19.839991784542896,19.5,0.0,0.0,19:06:00,1
5.658253343161235,19.790504056282302,19.05,0.0,0.0,19:07:00,1
5.5251169305095855,19.741346475062105,18.6,0.0,0.0,19:08:00,1
5.394813026915913,19.692519280679743,18.17,0.0,0.0,19:09:00,1
5.267289157698101,19.644022673896973,17.74,0.0,0.0,19:10:00,1
3.9282426303166202,19.59585681681225,13.24,0.0,0.0,19:11:00,1
5.020375519067654,19.548021833236383,16.92,0.0,0.0,19:12:00,1
4.900884674403748,19.500517809071304,16.52,0.0,0.0,19:13:00,1
4.78397169931639,19.453344792692008,16.13,0.0,0.0,19:14:00,1
4.669587950352855,19.40650279533138,15.75,0.0,0.0,19:15:00,1
4.557685528729065,19.359991791467827,15.37,0.0,0.0,19:16:00,1
4.448217273055588,19.313811719215618,15.0,0.0,0.0,19:17:00,1
2.2661239546677026,19.267962480717856,7.65,0.0,0.0,19:18:00,1
4.236398257135083,19.222443942541936,14.3,0.0,0.0,19:19:00,1
1.4720943071830142,19.177255936077316,4.97,0.0,0.0,19:20:00,1
4.033768081264218,19.13239825793557,13.62,0.0,0.0,19:21:00,1
3.9357885308019323,19.087870670352583,13.29,0.0,0.0,19:22:00,1
3.8399752526905426,19.0436729015928,12.97,0.0,0.0,19:23:00,1
3.7462860416179913,18.99980464635535,12.65,0.0,0.0,19:24:00,1
3.6546793706998675,18.956265566181976,12.35,0.0,0.0,19:25:00,1
3.5651143840546426,18.913055289866687,12.05,0.0,0.0,19:26:00,1
3.477550889375925,18.87017341386702,11.75,0.0,0.0,19:27:00,1
2.529647266672058,18.82761950271673,8.55,0.0,0.0,19:28:00,1
3.3082708800003036,18.78539308943986,11.18,0.0,0.0,19:29:00,1
3.2264772317239467,18.743493675966107,10.91,0.0,0.0,19:30:00,1
2.3400893671933174,18.70192073354735,7.91,0.0,0.0,19:31:00,1
3.068394579303424,18.66067370317519,10.38,0.0,0.0,19:32:00,1
2.9920322226822846,18.61975199599946,10.12,0.0,0.0,19:33:00,1
2.9174079685581567,18.5791549937476,9.87,0.0,0.0,19:34:00,1
2.8444866662690815,18.538882049144778,9.63,0.0,0.0,19:35:00,1
2.773233762139119,18.498932486334635,9.39,0.0,0.0,19:36:00,1
2.703615292149251,18.459305601300557,9.15,0.0,0.0,19:37:00,1
2.6355978746297617,18.42000066228742,8.92,0.0,0.0,19:38:00,1
2.5691487029759252,18.381016910223735,8.7,0.0,0.0,19:39:00,1
2.5042355383887545,18.342353559143913,8.48,0.0,0.0,19:40:00,1
2.440826702642644,18.30400979661077,8.27,0.0,0.0,19:41:00,1
2.378891070881637,18.265984784138073,8.06,0.0,0.0,19:42:00,1
2.3183980644459465,18.228277657613084,7.86,0.0,0.0,19:43:00,1
2.2593176437302587,18.19088752771889,7.66,0.0,0.0,19:44:00,1
2.2016203010754065,18.153813480356572,7.46,0.0,0.0,19:45:00,1
2.1452770536949974,18.117054577067048,7.27,0.0,0.0,19:46:00,1
2.0902594366383247,18.080609855452533,7.09,0.0,0.0,19:47:00,1
2.0365394957909704,18.04447832959747,6.91,0.0,0.0,19:48:00,1
1.9840897809144373,18.008658990488904,6.73,0.0,0.0,19:49:00,1
1.93288333872619,17.973150806436166,6.56,0.0,0.0,19:50:00,1
1.882893706021262,17.937952723489886,6.39,0.0,0.0,19:51:00,1
1.834094902836613,17.903063665860074,6.22,0.0,0.0,19:52:00,1
0.541072038026588,17.868482536333325,1.84,0.0,0.0,19:53:00,1
1.322242782636075,17.83420821668904,4.49,0.0,0.0,19:54:00,1
1.6945907770932023,17.800239568114566,5.75,0.0,0.0,19:55:00,1
1.650304920441159,17.766575431619167,5.6,0.0,0.0,19:56:00,1
1.607087006011496,17.733214628446742,5.46,0.0,0.0,19:57:00,1
1.564913812279128,17.70015596048727,5.31,0.0,0.0,19:58:00,1
1.1050181029742692,17.667398210686866,3.75,0.0,0.0,19:59:00,1
1.4836108777554247,17.634940143456348,5.04,0.0,0.0,20:00:00,1
1.4444368515472572,17.602780505078286,4.91,0.0,0.0,20:01:00,1
1.4062189624462165,17.57091802411243,4.78,0.0,0.0,20:02:00,1
0.9220115695357328,17.539351411799533,3.13,0.0,0.0,20:03:00,1
1.332567591850537,17.50807936246333,4.53,0.0,0.0,20:04:00,1
1.2970931146172504,17.477100553910763,4.41,0.0,0.0,20:05:00,1
1.2624927706862323,17.446413647830312,4.29,0.0,0.0,20:06:00,1
0.6758468054162926,17.416017290188435,2.3,0.0,0.0,20:07:00,1
1.195836785658126,17.38591011162391,4.07,0.0,0.0,20:08:00,1
1.1637432412827133,17.35609072784017,3.96,0.0,0.0,20:09:00,1
1.1324480117729059,17.326557739995494,3.85,0.0,0.0,20:10:00,1
0.3483039443854658,17.297309735091027,1.18,0.0,0.0,20:11:00,1
1.0721807222659172,17.268345286356535,3.65,0.0,0.0,20:12:00,1
1.0431736613880702,17.23966295363382,3.55,0.0,0.0,20:13:00,1
1.0148949021961284,17.211261283757846,3.45,0.0,0.0,20:14:00,1
0.7646753097318676,17.183138810935404,2.6,0.0,0.0,20:15:00,1
0.9604560657570785,17.155294057121335,3.27,0.0,0.0,20:16:00,1
0.934263707345313,17.12772553239218,3.18,0.0,0.0,20:17:00,1
0.31411830261082707,17.10043173531733,1.07,0.0,0.0,20:18:00,1
0.570562658916671,17.07341115332751,1.94,0.0,0.0,20:19:00,1
0.543744113983385,17.04666226308062,1.85,0.0,0.0,20:20:00,1
0.8359797688766517,17.020183530824823,2.85,0.0,0.0,20:21:00,1
0.8129558061090734,16.993973412758923,2.77,0.0,0.0,20:22:00,1
0.7905219728474525,16.96803035538991,2.69,0.0,0.0,20:23:00,1
0.7686644458420625,16.942352795887665,2.62,0.0,0.0,20:24:00,1
0.747369688822904,16.91693916243677,2.55,0.0,0.0,20:25:00,1
0.7266244475353084,16.891787874585383,2.48,0.0,0.0,20:26:00,1
0.7064157448355664,16.866897343591194,2.41,0.0,0.0,20:27:00,1
0.6867308758465386,16.842265972764316,2.34,0.0,0.0,20:28:00,1
0.6675574031731922,16.817892157807147,2.27,0.0,0.0,20:29:00,1
0.21531923889179458,16.793774287151184,0.73,0.0,0.0,20:30:00,1
0.2264466498872294,16.769910742290715,0.77,0.0,0.0,20:31:00,1
0.44955562262960097,16.74629989811335,1.53,0.0,0.0,20:32:00,1
0.5957378267020063,16.72294012322739,2.03,0.0,0.0,20:33:00,1
0.578943809172165,16.69982978028599,1.97,0.0,0.0,20:34:00,1
0.3726287978162398,16.676967226308115,1.27,0.0,0.0,20:35:00,1
0.5466714661262169,16.654350812996178,1.86,0.0,0.0,20:36:00,1
0.5311719840069469,16.631978887050437,1.81,0.0,0.0,20:37:00,1
0.5160832384172822,16.609849790480062,1.76,0.0,0.0,20:38:00,1
0.50139521673026,16.587961860910884,1.71,0.0,0.0,20:39:00,1
0.4870981250868094,16.566313431889746,1.66,0.0,0.0,20:40:00,1
0.47318238431778775,16.544902833185503,1.61,0.0,0.0,20:41:00,1
0.4596386259233318,16.52372839108661,1.57,0.0,0.0,20:42:00,1
0.44645768810921677,16.502788428695304,1.52,0.0,0.0,20:43:00,1
0.2775962953082845,16.48208126621833,0.95,0.0,0.0,20:44:00,1
0.25088782694635775,16.46160522125418,0.86,0.0,0.0,20:45:00,1
0.409003199138399,16.44135860907694,1.4,0.0,0.0,20:46:00,1
0.3971859242520933,16.421339742916572,1.36,0.0,0.0,20:47:00,1
0.2614119664977216,16.401546934235746,0.89,0.0,0.0,20:48:00,1
0.2750907077610838,16.381978493003103,0.94,0.0,0.0,20:49:00,1
0.3636221380103121,16.362632727963057,1.24,0.0,0.0,20:50:00,1
0.3530374814796355,16.343507946902026,1.21,0.0,0.0,20:51:00,1
0.34274186490662145,16.32460245691111,1.17,0.0,0.0,20:52:00,1
0.3327279878443735,16.305914564645228,1.14,0.0,0.0,20:53:00,1
0.32298871661213047,16.287442576578687,1.1,0.0,0.0,20:54:00,1
0.10497248329856011,16.269184799257218,0.36,0.0,0.0,20:55:00,1
0.23566433264181633,16.25113953954637,0.8,0.0,0.0,20:56:00,1
0.16885983156818057,16.233305104876386,0.58,0.0,0.0,20:57:00,1
0.2866406693736105,16.21567980348347,0.98,0.0,0.0,20:58:00,1
0.2781730302159986,16.198261944647495,0.95,0.0,0.0,20:59:00,1
0.2699405152434609,16.18104983892609,0.92,0.0,0.0,21:00:00,1
0.26193706838527997,16.164041798385163,0.89,0.0,0.0,21:01:00,1
0.12439754460632614,16.147236136825857,0.43,0.0,0.0,21:02:00,1
0.24659386046990184,16.130631170007884,0.84,0.0,0.0,21:03:00,1
0.2392426843434998,16.114225215869315,0.82,0.0,0.0,21:04:00,1
0.0971544481491793,16.098016594742752,0.33,0.0,0.0,21:05:00,1
0.14548264874626424,16.082003629567964,0.5,0.0,0.0,21:06:00,1
0.1598984691713515,16.066184646100954,0.55,0.0,0.0,21:07:00,1
0.11885833509973566,16.05055797311941,0.41,0.0,0.0,21:08:00,1
0.2054746675311484,16.035121942624674,0.7,0.0,0.0,21:09:00,1
0.13633737998616255,16.019874890040093,0.47,0.0,0.0,21:10:00,1
0.1932666893209702,16.00481515440589,0.66,0.0,0.0,21:11:00,1
0.13412048417269418,15.989941078570457,0.46,0.0,0.0,21:12:00,1
0.18174358224670467,15.975251009378137,0.62,0.0,0.0,21:13:00,1
0.17622758136004082,15.960743297853513,0.6,0.0,0.0,21:14:00,1
0.05429552055209732,15.946416299382179,0.19,0.0,0.0,21:15:00,1
0.16566508643047834,15.932268373888023,0.57,0.0,0.0,21:16:00,1
0.160610267417325,15.918297886007037,0.55,0.0,0.0,21:17:00,1
0.15570102011817158,15.904503205257663,0.53,0.0,0.0,21:18:00,1
0.15093343282456925,15.890882706207707,0.52,0.0,0.0,21:19:00,1
0.14630369021946982,15.877434768637793,0.5,0.0,0.0,21:20:00,1
0.14180807126168402,15.864157777701408,0.49,0.0,0.0,21:21:00,1
0.04266292302339558,15.851050124081558,0.15,0.0,0.0,21:22:00,1
0.13320477908196884,15.838110204144034,0.46,0.0,0.0,21:23:00,1
0.06790174820239382,15.825336420087293,0.23,0.0,0.0,21:24:00,1
0.058984500871679696,15.812727180089013,0.2,0.0,0.0,21:25:00,1
0.12121793562483478,15.800280898449294,0.41,0.0,0.0,21:26:00,1
0.11745393930028938,15.787995995730583,0.4,0.0,0.0,21:27:00,1
0.11380048941740445,15.775870898894258,0.39,0.0,0.0,21:28:00,1
0.11025454755657914,15.76390404143398,0.38,0.0,0.0,21:29:00,1
0.0602573605680985,15.75209386350577,0.21,0.0,0.0,21:30:00,1
0.10347341712548119,15.740438812054874,0.35,0.0,0.0,21:31:00,1
0.05086243492038454,15.728937340939412,0.17,0.0,0.0,21:32:00,1
0.0970877480211764,15.717587911050826,0.33,0.0,0.0,21:33:00,1
0.09403640205093117,15.70638899043119,0.32,0.0,0.0,21:34:00,1
0.09107588910444622,15.695339054387375,0.31,0.0,0.0,21:35:00,1
0.05310041909394985,15.68443658560208,0.18,0.0,0.0,21:36:00,1
0.05449501156255877,15.673680074241789,0.19,0.0,0.0,21:37:00,1
0.08271431928980078,15.66306801806165,0.28,0.0,0.0,21:38:00,1
0.025366458748396027,15.65259892250733,0.09,0.0,0.0,21:39:00,1
0.07754933568425347,15.642271300813821,0.27,0.0,0.0,21:40:00,1
0.07508281231011217,15.632083674101285,0.26,0.0,0.0,21:41:00,1
0.07269069473589311,15.622034571467912,0.25,0.0,0.0,21:42:00,1
0.07037087432664668,15.61212253007986,0.24,0.0,0.0,21:43:00,1
0.03310520611016042,15.60234609525826,0.11,0.0,0.0,21:44:00,1
0.0659399659655478,15.59270382056335,0.23,0.0,0.0,21:45:00,1
0.041613976684093834,15.583194267875749,0.14,0.0,0.0,21:46:00,1
0.06177430190519461,15.5738160074749,0.21,0.0,0.0,21:47:00,1
0.059786229998976544,15.564567618114713,0.2,0.0,0.0,21:48:00,1
0.05785892093142922,15.555447687096425,0.2,0.0,0.0,21:49:00,1
0.055990626891721504,15.546454810338727,0.19,0.0,0.0,21:50:00,1
0.038585849154559065,15.53758759244517,0.13,0.0,0.0,21:51:00,1
0.052424325019142175,15.528844646768887,0.18,0.0,0.0,21:52:00,1
0.050723050548784364,15.520224595474636,0.17,0.0,0.0,21:53:00,1
0.04907425563243628,15.511726069598245,0.17,0.0,0.0,21:54:00,1
0.047476414846036416,15.503347709103448,0.16,0.0,0.0,21:55:00,1
0.04592804402627499,15.495088162936133,0.16,0.0,0.0,21:56:00,1
0.044427699252034734,15.486946089076072,0.15,0.0,0.0,21:57:00,1
0.04297397584801356,15.478920154586135,0.15,0.0,0.0,21:58:00,1
0.04156550741013181,15.471009035659018,0.14,0.0,0.0,21:59:00,1
0.040200964852330115,15.463211417661546,0.14,0.0,0.0,22:00:00,1
0.03887905547437382,15.455525995176519,0.13,0.0,0.0,22:01:00,1
0.021884721437672807,15.447951472042208,0.07,0.0,0.0,22:02:00,1
0.036358141936998246,15.440486561389479,0.12,0.0,0.0,22:03:00,1
0.035156726202941774,15.433129985676587,0.12,0.0,0.0,22:04:00,1
0.015337023613471923,15.42588047672168,0.05,0.0,0.0,22:05:00,1
0.03286619561097266,15.418736775733047,0.11,0.0,0.0,22:06:00,1
0.03177486387504062,15.411697633337123,0.11,0.0,0.0,22:07:00,1
0.030718061152663918,15.4047618096043,0.11,0.0,0.0,22:08:00,1
0.009965735281831693,15.39792807407256,0.03,0.0,0.0,22:09:00,1
0.02870394052418355,15.391195205768975,0.1,0.0,0.0,22:10:00,1
0.017971867176393458,15.384561993229108,0.06,0.0,0.0,22:11:00,1
0.02681591363697212,15.378027234514322,0.09,0.0,0.0,22:12:00,1
0.0259168309029393,15.37158973722705,0.09,0.0,0.0,22:13:00,1
0.025046499128413648,15.365248318524051,0.09,0.0,0.0,22:14:00,1
0.01398082657972929,15.3590018051277,0.05,0.0,0.0,22:15:00,1
0.023388631943112245,15.352849033335303,0.08,0.0,0.0,22:16:00,1
0.022599429316578264,15.346788849026495,0.08,0.0,0.0,22:17:00,1
0.021835641943292253,15.340820107668769,0.07,0.0,0.0,22:18:00,1
0.021096494415021743,15.334941674321133,0.07,0.0,0.0,22:19:00,1
0.020381233508023525,15.329152423635943,0.07,0.0,0.0,22:20:00,1
0.014956109935524464,15.323451239858937,0.05,0.0,0.0,22:21:00,1
0.010595123922186176,15.31783701682751,0.04,0.0,0.0,22:22:00,1
0.018371558832027467,15.312308657967268,0.06,0.0,0.0,22:23:00,1
0.01774473563694673,15.306865076286847,0.06,0.0,0.0,22:24:00,1
0.017138345677609697,15.301505194371089,0.06,0.0,0.0,22:25:00,1
0.01655175700574125,15.296227944372562,0.06,0.0,0.0,22:26:00,1
0.015984356037426747,15.291032268001489,0.05,0.0,0.0,22:27:00,1
0.0154355470587576,15.28591711651406,0.05,0.0,0.0,22:28:00,1
0.006525286509745735,15.280881450699233,0.02,0.0,0.0,22:29:00,1
0.014391408682709435,15.275924240863985,0.05,0.0,0.0,22:30:00,1
0.013894972925507636,15.271044466817095,0.05,0.0,0.0,22:31:00,1
0.013414915531662226,15.266241117851454,0.05,0.0,0.0,22:32:00,1
0.012950723134840521,15.261513192724943,0.04,0.0,0.0,22:33:00,1
0.01250189751683173,15.256859699639916,0.04,0.0,0.0,22:34:00,1
0.0091383137375732,15.252279656221317,0.03,0.0,0.0,22:35:00,1
0.006923828258318413,15.247772089493438,0.02,0.0,0.0,22:36:00,1
0.0052927124809653385,15.243336035855373,0.02,0.0,0.0,22:37:00,1
0.01085080568863609,15.238970541055188,0.04,0.0,0.0,22:38:00,1
0.010471842383721196,15.23467466016284,0.04,0.0,0.0,22:39:00,1
0.005365605099350095,15.23044745754185,0.02,0.0,0.0,22:40:00,1
0.009751531649884428,15.226288006819797,0.03,0.0,0.0,22:41:00,1
0.00940938983791223,15.222195390857626,0.03,0.0,0.0,22:42:00,1
0.009078747308404658,15.218168701717829,0.03,0.0,0.0,22:43:00,1
0.003066612941163715,15.214207040631486,0.01,0.0,0.0,22:44:00,1
0.002712427184073402,15.210309517964243,0.01,0.0,0.0,22:45:00,1
0.00815219128337632,15.206475253181212,0.03,0.0,0.0,22:46:00,1
0.003362855179151283,15.202703374810843,0.01,0.0,0.0,22:47:00,1
0.007585528510664785,15.198993020407793,0.03,0.0,0.0,22:48:00,1
0.004886352099764565,15.1953433365148,0.02,0.0,0.0,22:49:00,1
0.005560925220223075,15.191753478623621,0.02,0.0,0.0,22:50:00,1
0.006805685294573702,15.188222611135027,0.02,0.0,0.0,22:51:00,1
0.006563248983876812,15.184749907317906,0.02,0.0,0.0,22:52:00,1
0.006329096773520153,15.18133454926748,0.02,0.0,0.0,22:53:00,1
0.006102958705378605,15.17797572786267,0.02,0.0,0.0,22:54:00,1
0.005884573146051253,15.174672642722657,0.02,0.0,0.0,22:55:00,1
0.00567368654659781,15.171424502162601,0.02,0.0,0.0,22:56:00,1
0.00547005320865767,15.168230523148624,0.02,0.0,0.0,22:57:00,1
0.005273435056800027,15.165089931252009,0.02,0.0,0.0,22:58:00,1
0.00508360141695622,15.162001960602693,0.02,0.0,0.0,22:59:00,1
0.004900328800788253,15.158965853842039,0.02,0.0,0.0,23:00:00,1
0.004723400695851385,15.155980862074937,0.02,0.0,0.0,23:01:00,1
0.003439662899947215,15.153046244821244,0.01,0.0,0.0,23:02:00,1
0.004387745629774964,15.150161269966588,0.02,0.0,0.0,23:03:00,1
0.004228618713013052,15.147325213712563,0.01,0.0,0.0,23:04:00,1
0.0021686391850592275,15.144537360526325,0.01,0.0,0.0,23:05:00,1
0.003926812948121059,15.14179700308964,0.01,0.0,0.0,23:06:00,1
0.003783770756135703,15.139103442247361,0.01,0.0,0.0,23:07:00,1
0.0022969134590871696,15.136455986955411,0.01,0.0,0.0,23:08:00,1
0.0035125420917983792,15.13385395422823,0.01,0.0,0.0,23:09:00,1
0.0033840257273626577,15.131296669085774,0.01,0.0,0.0,23:10:00,1
0.0012926417112254479,15.128783464500026,0.0,0.0,0.0,23:11:00,1
0.003140403197943117,15.126313681341088,0.01,0.0,0.0,23:12:00,1
0.0016153144223854284,15.12388666832284,0.01,0.0,0.0,23:13:00,1
0.0029136710687833727,15.121501781948202,0.01,0.0,0.0,23:14:00,1
0.002806285391623213,15.119158386454032,0.01,0.0,0.0,23:15:00,1
0.0027027071361272604,15.11685585375563,0.01,0.0,0.0,23:16:00,1
0.002602807084416972,15.114593563390937,0.01,0.0,0.0,23:17:00,1
0.0015029540664482572,15.112370902464384,0.01,0.0,0.0,23:18:00,1
0.001193541573840929,15.110187265590467,0.0,0.0,0.0,23:19:00,1
0.002323945770140639,15.108042054836991,0.01,0.0,0.0,23:20:00,1
0.001784769899655399,15.105934679668103,0.01,0.0,0.0,23:21:00,1
0.002154242174149344,15.103864556887027,0.01,0.0,0.0,23:22:00,1
0.0020739226258235537,15.101831110578596,0.01,0.0,0.0,23:23:00,1
0.0019964866675090016,15.099833772051554,0.01,0.0,0.0,23:24:00,1
0.0005950776442570136,15.097871979780674,0.0,0.0,0.0,23:25:00,1
0.0018498719224144203,15.095945179348675,0.01,0.0,0.0,23:26:00,1
0.0017805043633619133,15.094052823387997,0.01,0.0,0.0,23:27:00,1
0.0011517453906528614,15.092194371522407,0.0,0.0,0.0,23:28:00,1
0.0016491999863792182,15.090369290308482,0.01,0.0,0.0,23:29:00,1
0.0011448289176663445,15.088577053176977,0.0,0.0,0.0,23:30:00,1
0.0015272388344354795,15.086817140374077,0.01,0.0,0.0,23:31:00,1
0.001139711090332914,15.085089038902584,0.0,0.0,0.0,23:32:00,1
0.0014139822275455614,15.083392242463004,0.0,0.0,0.0,23:33:00,1
0.0013604300155883658,15.081726251394599,0.0,0.0,0.0,23:34:00,1
0.0006850985017193149,15.080090572616385,0.0,0.0,0.0,23:35:00,1
0.001259123215181963,15.078484719568092,0.0,0.0,0.0,23:36:00,1
0.0012112338594626323,15.076908212151128,0.0,0.0,0.0,23:37:00,1
0.0011651011026659287,15.07536057666952,0.0,0.0,0.0,23:38:00,1
0.0007531036575264999,15.073841345770866,0.0,0.0,0.0,23:39:00,1
0.001077859989685648,15.072350058387332,0.0,0.0,0.0,23:40:00,1
0.0010366340707349383,15.070886259676653,0.0,0.0,0.0,23:41:00,1
0.0009969294945389087,15.069449500963204,0.0,0.0,0.0,23:42:00,1
0.0009586923245110156,15.068039339679117,0.0,0.0,0.0,23:43:00,1
0.0009218704511522252,15.066655339305479,0.0,0.0,0.0,23:44:00,1
0.0008864135333461276,15.065297069313605,0.0,0.0,0.0,23:45:00,1
0.0008522729414248494,15.063964105106413,0.0,0.0,0.0,23:46:00,1
0.0002855917749221868,15.062656027959894,0.0,0.0,0.0,23:47:00,1
0.0007877544442050096,15.06137242496471,0.0,0.0,0.0,23:48:00,1
0.0004737547146753516,15.060112888967895,0.0,0.0,0.0,23:49:00,1
0.0007279580944948152,15.058877018514734,0.0,0.0,0.0,23:50:00,1
0.0006997258151869213,15.057664417790738,0.0,0.0,0.0,23:51:00,1
0.000672551046797697,15.05647469656382,0.0,0.0,0.0,23:52:00,1
0.0006463956843268844,15.055307470126598,0.0,0.0,0.0,23:53:00,1
0.0006212229368264272,15.054162359238914,0.0,0.0,0.0,23:54:00,1
0.00059699728432474,15.053038990070494,0.0,0.0,0.0,23:55:00,1
0.000573684436080705,15.051936994143835,0.0,0.0,0.0,23:56:00,1
0.0005512512901292644,15.050856008277282,0.0,0.0,0.0,23:57:00,1
0.0003169469227112232,15.0497956745283,0.0,0.0,0.0,23:58:00,1
0.0005088974071430166,15.04875564013699,0.0,0.0,0.0,23:59:00,1
0.0005902764010563577,15.000016355695166,0.0,0.0,0.0,00:00:00,2
0.0006143660261032914,15.000016891359769,0.0,0.0,0.0,00:01:00,2
0.000639403194136786,15.000017443920918,0.0,0.0,0.0,00:02:00,2
0.0004428819667710688,15.000018013889683,0.0,0.0,0.0,00:03:00,2
0.0004910345695578013,15.000018601791883,0.0,0.0,0.0,00:04:00,2
0.000720564173164494,15.000019208168471,0.0,0.0,0.0,00:05:00,2
0.0005623369388186577,15.000019833575962,0.0,0.0,0.0,00:06:00,2
0.0007801002831968863,15.000020478586844,0.0,0.0,0.0,00:07:00,2
0.0004411687392041113,15.000021143790022,0.0,0.0,0.0,00:08:00,2
0.0008443676035816063,15.000021829791255,0.0,0.0,0.0,00:09:00,2
0.00033440175832541913,15.000022537213615,0.0,0.0,0.0,00:10:00,2
0.0009137261296967165,15.000023266697962,0.0,0.0,0.0,00:11:00,2
0.0009504341756536557,15.00002401890341,0.0,0.0,0.0,00:12:00,2
0.0009885619331532428,15.000024794507828,0.0,0.0,0.0,00:13:00,2
0.0010281620282733216,15.000025594208342,0.0,0.0,0.0,00:14:00,2
0.0010692889460790851,15.000026418721852,0.0,0.0,0.0,00:15:00,2
0.0007648077956125095,15.00002726878556,0.0,0.0,0.0,00:16:00,2
0.0011563508594925485,15.000028145157517,0.0,0.0,0.0,00:17:00,2
0.0012024046888371193,15.000029048617172,0.0,0.0,0.0,00:18:00,2
0.0012502231424721788,15.000029979965953,0.0,0.0,0.0,00:19:00,2
0.000783732313411464,15.000030940027841,0.0,0.0,0.0,00:20:00,2
0.0013514151891820504,15.000031929649975,0.0,0.0,0.0,00:21:00,2
0.001404925144765516,15.000032949703265,0.0,0.0,0.0,00:22:00,2
0.0014604726011803826,15.000034001083021,0.01,0.0,0.0,00:23:00,2
0.0015181318139201381,15.000035084709594,0.01,0.0,0.0,00:24:00,2
0.0015779796128237425,15.000036201529047,0.01,0.0,0.0,00:25:00,2
0.0016400954862768225,15.000037352513814,0.01,0.0,0.0,00:26:00,2
0.0017045616679806513,15.00003853866341,0.01,0.0,0.0,00:27:00,2
0.0017714632263605397,15.000039761005135,0.01,0.0,0.0,00:28:00,2
0.0009435577408565979,15.000041020594796,0.0,0.0,0.0,00:29:00,2
0.0019129274759863925,15.000042318517464,0.01,0.0,0.0,00:30:00,2
0.001987675320813704,15.000043655888224,0.01,0.0,0.0,00:31:00,2
0.0020652290479740046,15.000045033852967,0.01,0.0,0.0,00:32:00,2
0.0007448285407478467,15.000046453589185,0.0,0.0,0.0,00:33:00,2
0.0008960612999724521,15.000047916306798,0.0,0.0,0.0,00:34:00,2
0.0023157495957196374,15.000049423248983,0.01,0.0,0.0,00:35:00,2
0.0024055685221764985,15.000050975693043,0.01,0.0,0.0,00:36:00,2
0.0024987321603769453,15.000052574951287,0.01,0.0,0.0,00:37:00,2
0.0016363327370328344,15.000054222371928,0.01,0.0,0.0,00:38:00,2
0.00269557346175129,15.000055919340003,0.01,0.0,0.0,00:39:00,2
0.001623966725396734,15.00005766727833,0.01,0.0,0.0,00:40:00,2
0.0029072741950153702,15.00005946764847,0.01,0.0,0.0,00:41:00,2
0.003019028151585486,15.000061321951708,0.01,0.0,0.0,00:42:00,2
0.003134903458005206,15.000063231730087,0.01,0.0,0.0,00:43:00,2
0.0032550451585202436,15.000065198567428,0.01,0.0,0.0,00:44:00,2
0.0033796031345471804,15.000067224090403,0.01,0.0,0.0,00:45:00,2
0.0035087322560622167,15.000069309969618,0.01,0.0,0.0,00:46:00,2
0.003642592537373213,15.000071457920729,0.01,0.0,0.0,00:47:00,2
0.0037813492973898977,15.000073669705586,0.01,0.0,0.0,00:48:00,2
0.002847591284975064,15.000075947133382,0.01,0.0,0.0,00:49:00,2
0.004074241046237076,15.00007829206187,0.01,0.0,0.0,00:50:00,2
0.00422873470366606,15.000080706398562,0.01,0.0,0.0,00:51:00,2
0.0022980533686075494,15.000083192101993,0.01,0.0,0.0,00:52:00,2
0.0024352413605369856,15.000085751182993,0.01,0.0,0.0,00:53:00,2
0.004726684709532187,15.000088385705997,0.02,0.0,0.0,00:54:00,2
0.0035273799923935235,15.000091097790378,0.01,0.0,0.0,00:55:00,2
0.005089400462137663,15.000093889611826,0.02,0.0,0.0,00:56:00,2
0.005280625625119325,15.000096763403736,0.02,0.0,0.0,00:57:00,2
0.005478730927608522,15.00009972145865,0.02,0.0,0.0,00:58:00,2
0.0056839520263250185,15.000102766129716,0.02,0.0,0.0,00:59:00,2
0.005896532202143085,15.000105899832189,0.02,0.0,0.0,01:00:00,2
0.006116722590527064,15.000109125044961,0.02,0.0,0.0,01:01:00,2
0.0039020144966070694,15.000112444312133,0.01,0.0,0.0,01:02:00,2
0.006580979247368083,15.000115860244614,0.02,0.0,0.0,01:03:00,2
0.006825589224171169,15.00011937552176,0.02,0.0,0.0,01:04:00,2
0.007078897337344916,15.00012299289305,0.02,0.0,0.0,01:05:00,2
0.003801588189399265,15.000126715179801,0.01,0.0,0.0,01:06:00,2
0.00761279372828644,15.00013054527692,0.03,0.0,0.0,01:07:00,2
0.005361252913169989,15.000134486154689,0.02,0.0,0.0,01:08:00,2
0.008185135383506315,15.000138540860611,0.03,0.0,0.0,01:09:00,2
0.008486537368111132,15.000142712521262,0.03,0.0,0.0,01:10:00,2
0.00879854840393645,15.000147004344221,0.03,0.0,0.0,01:11:00,2
0.006450003357481414,15.000151419620018,0.02,0.0,0.0,01:12:00,2
0.00721628629347246,15.000155961724134,0.02,0.0,0.0,01:13:00,2
0.0044979245074441435,15.000160634119048,0.02,0.0,0.0,01:14:00,2
0.00750154153737602,15.000165440356318,0.03,0.0,0.0,01:15:00,2
0.010530551368675282,15.000170384078723,0.04,0.0,0.0,01:16:00,2
0.007485859599677795,15.000175469022437,0.03,0.0,0.0,01:17:00,2
0.011310922253261267,15.000180699019264,0.04,0.0,0.0,01:18:00,2
0.011721554976577725,15.00018607799891,0.04,0.0,0.0,01:19:00,2
0.012146419588565988,15.00019160999131,0.04,0.0,0.0,01:20:00,2
0.012585983816282145,15.000197299129008,0.04,0.0,0.0,01:21:00,2
0.013040729829075918,15.00020314964958,0.04,0.0,0.0,01:22:00,2
0.013511154652006932,15.000209165898122,0.05,0.0,0.0,01:23:00,2
0.013997770590003266,15.000215352329773,0.05,0.0,0.0,01:24:00,2
0.014501105663006306,15.00022171351232,0.05,0.0,0.0,01:25:00,2
0.01502170405235051,15.000228254128823,0.05,0.0,0.0,01:26:00,2
0.015560126558631157,15.000234978980329,0.05,0.0,0.0,01:27:00,2
0.016116951071317182,15.000241892988623,0.06,0.0,0.0,01:28:00,2
0.016692773050371566,15.000249001199048,0.06,0.0,0.0,01:29:00,2
0.01728820602014591,15.00025630878338,0.06,0.0,0.0,01:30:00,2
0.017903882075820603,15.000263821042761,0.06,0.0,0.0,01:31:00,2
0.01854045240266695,15.000271543410703,0.06,0.0,0.0,01:32:00,2
0.019198587808411778,15.00027948145615,0.07,0.0,0.0,01:33:00,2
0.0115252400517814,15.000287640886599,0.04,0.0,0.0,01:34:00,2
0.020582338487980852,15.000296027551293,0.07,0.0,0.0,01:35:00,2
0.021309398470007762,15.000304647444484,0.07,0.0,0.0,01:36:00,2
0.022060914108427837,15.00031350670875,0.08,0.0,0.0,01:37:00,2
0.022837662787591303,15.000322611638397,0.08,0.0,0.0,01:38:00,2
0.016018918897359364,15.000331968682923,0.05,0.0,0.0,01:39:00,2
0.01614228408852296,15.000341584450547,0.06,0.0,0.0,01:40:00,2
0.02532743134495769,15.000351465711828,0.09,0.0,0.0,01:41:00,2
0.012487839179492054,15.000361619403346,0.04,0.0,0.0,01:42:00,2
0.017646242374743683,15.000372052631452,0.06,0.0,0.0,01:43:00,2
0.028074574861984693,15.000382772676113,0.1,0.0,0.0,01:44:00,2
0.029051744334052533,15.000393786994827,0.1,0.0,0.0,01:45:00,2
0.03006125293122949,15.000405103226607,0.1,0.0,0.0,01:46:00,2
0.031104110122183327,15.000416729196056,0.11,0.0,0.0,01:47:00,2
0.032181354761979496,15.000428672917533,0.11,0.0,0.0,01:48:00,2
0.014584115471679013,15.00044094259938,0.05,0.0,0.0,01:49:00,2
0.03444331346462747,15.000453546648254,0.12,0.0,0.0,01:50:00,2
0.01433025612487513,15.000466493673539,0.05,0.0,0.0,01:51:00,2
0.036856057879154455,15.000479792491838,0.13,0.0,0.0,01:52:00,2
0.03812190706683453,15.00049345213157,0.13,0.0,0.0,01:53:00,2
0.03942903919368771,15.000507481837644,0.14,0.0,0.0,01:54:00,2
0.04077872184985236,15.000521891076238,0.14,0.0,0.0,01:55:00,2
0.04217225882944266,15.00053668953966,0.14,0.0,0.0,01:56:00,2
0.04361099107475124,15.000551887151307,0.15,0.0,0.0,01:57:00,2
0.045096297642236126,15.000567494070737,0.15,0.0,0.0,01:58:00,2
0.04662959669070913,15.00058352069882,0.16,0.0,0.0,01:59:00,2
0.04821234649214631,15.000599977682993,0.17,0.0,0.0,02:00:00,2
0.03747853709815549,15.000616875922633,0.13,0.0,0.0,02:01:00,2
0.05153223823428746,15.000634226574514,0.18,0.0,0.0,02:02:00,2
0.05327250670736578,15.000652041058375,0.18,0.0,0.0,02:03:00,2
0.017664227504567746,15.000670331062613,0.06,0.0,0.0,02:04:00,2
0.056921836489320636,15.000689108550056,0.2,0.0,0.0,02:05:00,2
0.058834294119564354,15.000708385763868,0.2,0.0,0.0,02:06:00,2
0.060807623434032045,15.000728175233562,0.21,0.0,0.0,02:07:00,2
0.03692414650802286,15.000748489781119,0.13,0.0,0.0,02:08:00,2
0.06494422111536995,15.000769342527237,0.22,0.0,0.0,02:09:00,2
0.06711127849549081,15.000790746897684,0.23,0.0,0.0,02:10:00,2
0.0693467881368192,15.000812716629785,0.24,0.0,0.0,02:11:00,2
0.07165277734677009,15.000835265779017,0.25,0.0,0.0,02:12:00,2
0.07403132894692607,15.00085840872574,0.25,0.0,0.0,02:13:00,2
0.026170587738393623,15.000882160182046,0.09,0.0,0.0,02:14:00,2
0.07901473645366759,15.000906535198732,0.27,0.0,0.0,02:15:00,2
0.08162404809629664,15.000931549172419,0.28,0.0,0.0,02:16:00,2
0.0843148365008879,15.000957217852784,0.29,0.0,0.0,02:17:00,2
0.034246609994519485,15.000983557349933,0.12,0.0,0.0,02:18:00,2
0.08995043427122046,15.001010584141916,0.31,0.0,0.0,02:19:00,2
0.09290020107787304,15.001038315082369,0.32,0.0,0.0,02:20:00,2
0.0959413626811596,15.001066767408293,0.33,0.0,0.0,02:21:00,2
0.09907656705648062,15.001095958748001,0.34,0.0,0.0,02:22:00,2
0.10230853283514882,15.001125907129168,0.35,0.0,0.0,02:23:00,2
0.10564005099847597,15.001156630987065,0.36,0.0,0.0,02:24:00,2
0.10907398660672042,15.001188149172913,0.37,0.0,0.0,02:25:00,2
0.06381330647607385,15.001220480962408,0.22,0.0,0.0,02:26:00,2
0.07832889268171106,15.001253646064383,0.27,0.0,0.0,02:27:00,2
0.058098106481911334,15.001287664629631,0.2,0.0,0.0,02:28:00,2
0.12389389727263952,15.001322557259892,0.43,0.0,0.0,02:29:00,2
0.12788561430713744,15.001358345016984,0.44,0.0,0.0,02:30:00,2
0.13199859615885093,15.001395049432109,0.45,0.0,0.0,02:31:00,2
0.1362362778959545,15.001432692515309,0.47,0.0,0.0,02:32:00,2
0.09170683544170488,15.001471296765107,0.31,0.0,0.0,02:33:00,2
0.145099929528561,15.001510885178293,0.5,0.0,0.0,02:34:00,2
0.09055218564412361,15.001551481259906,0.31,0.0,0.0,02:35:00,2
0.1545058719034009,15.00159310903336,0.53,0.0,0.0,02:36:00,2
0.12208818126946559,15.001635793050776,0.42,0.0,0.0,02:37:00,2
0.1644849369837046,15.001679558403463,0.56,0.0,0.0,02:38:00,2
0.16969946105412734,15.001724430732603,0.58,0.0,0.0,02:39:00,2
0.17506955680308744,15.001770436240104,0.6,0.0,0.0,02:40:00,2
0.18059954031231415,15.001817601699639,0.62,0.0,0.0,02:41:00,2
0.1862938370152749,15.001865954467876,0.64,0.0,0.0,02:42:00,2
0.19215698415101418,15.001915522495903,0.66,0.0,0.0,02:43:00,2
0.1981936332638452,15.001966334340835,0.68,0.0,0.0,02:44:00,2
0.20440855274948805,15.002018419177615,0.7,0.0,0.0,02:45:00,2
0.11956033323989558,15.002071806811028,0.41,0.0,0.0,02:46:00,2
0.1635060902555425,15.002126527687896,0.56,0.0,0.0,02:47:00,2
0.22417242496265874,15.002182612909484,0.77,0.0,0.0,02:48:00,2
0.15046698710938428,15.002240094244119,0.52,0.0,0.0,02:49:00,2
0.23833260998410144,15.002299004139994,0.82,0.0,0.0,02:50:00,2
0.1811310413304288,15.002359375738212,0.62,0.0,0.0,02:51:00,2
0.2533308638867693,15.002421242886015,0.87,0.0,0.0,02:52:00,2
0.2611585088109787,15.002484640150241,0.9,0.0,0.0,02:53:00,2
0.26921304185867456,15.002549602831008,0.92,0.0,0.0,02:54:00,2
0.27750055062405893,15.002616166975598,0.95,0.0,0.0,02:55:00,2
0.2860272707969617,15.002684369392574,0.98,0.0,0.0,02:56:00,2
0.2947995893129354,15.002754247666136,1.01,0.0,0.0,02:57:00,2
0.30382404755751313,15.00282584017068,1.04,0.0,0.0,02:58:00,2
0.31310734462521805,15.002899186085607,1.07,0.0,0.0,02:59:00,2
0.32265634063389104,15.002974325410362,1.11,0.0,0.0,03:00:00,2
0.1161122928478145,15.0030512989797,0.4,0.0,0.0,03:01:00,2
0.3425796953398665,15.003130148479212,1.18,0.0,0.0,03:02:00,2
0.12184886305221794,15.003210916461063,0.42,0.0,0.0,03:03:00,2
0.3636523425687764,15.003293646360007,1.25,0.0,0.0,03:04:00,2
0.3746386099586473,15.003378382509624,1.29,0.0,0.0,03:05:00,2
0.38593531120174046,15.00346517015882,1.32,0.0,0.0,03:06:00,2
0.3975505311457947,15.003554055488582,1.36,0.0,0.0,03:07:00,2
0.4094925442354151,15.003645085628973,1.41,0.0,0.0,03:08:00,2
0.42176981834930943,15.0037383086764,1.45,0.0,0.0,03:09:00,2
0.4343910186982923,15.003833773711147,1.49,0.0,0.0,03:10:00,2
0.447365011784564,15.003931530815146,1.54,0.0,0.0,03:11:00,2
0.46070086942274574,15.004031631090053,1.58,0.0,0.0,03:12:00,2
0.47440787282317926,15.00413412667555,1.63,0.0,0.0,03:13:00,2
0.48849551673794206,15.004239070767962,1.68,0.0,0.0,03:14:00,2
0.5029735136700652,15.00434651763911,1.73,0.0,0.0,03:15:00,2
0.5178517981463971,15.004456522655468,1.78,0.0,0.0,03:16:00,2
0.1710446183632766,15.004569142297598,0.59,0.0,0.0,03:17:00,2
0.5488501040443962,15.00468443417984,1.88,0.0,0.0,03:18:00,2
0.5649911439944466,15.004802457070333,1.94,0.0,0.0,03:19:00,2
0.5815745175436422,15.004923270911288,2.0,0.0,0.0,03:20:00,2
0.5986113356888284,15.005046936839557,2.05,0.0,0.0,03:21:00,2
0.6161129584483607,15.00517351720752,2.11,0.0,0.0,03:22:00,2
0.634090999592182,15.005303075604239,2.18,0.0,0.0,03:23:00,2
0.6525573314387061,15.005435676876926,2.24,0.0,0.0,03:24:00,2
0.6715240897188622,15.005571387152708,2.3,0.0,0.0,03:25:00,2
0.6910036785075802,15.005710273860705,2.37,0.0,0.0,03:26:00,2
0.4190647932183674,15.005852405754403,1.44,0.0,0.0,03:27:00,2
0.7315523356939724,15.005997852934339,2.51,0.0,0.0,03:28:00,2
0.7526475992951621,15.006146686871109,2.58,0.0,0.0,03:29:00,2
0.7743080941515949,15.00629898042868,2.66,0.0,0.0,03:30:00,2
0.5009402042187004,15.006454807888016,1.72,0.0,0.0,03:31:00,2
0.566058493225555,15.00661424497104,1.94,0.0,0.0,03:32:00,2
0.42350025214569426,15.006777368864908,1.45,0.0,0.0,03:33:00,2
0.3182656427680236,15.006944258246602,1.09,0.0,0.0,03:34:00,2
0.44778379770078613,15.007114993307859,1.54,0.0,0.0,03:35:00,2
0.58649170515074,15.007289655780435,2.01,0.0,0.0,03:36:00,2
0.9429575012809481,15.00746832896169,3.24,0.0,0.0,03:37:00,2
0.9696632806575789,15.00765109774051,3.33,0.0,0.0,03:38:00,2
0.9970699310098459,15.007838048623578,3.42,0.0,0.0,03:39:00,2
1.0251941693924853,15.008029269761959,3.52,0.0,0.0,03:40:00,2
1.054053063424496,15.008224850978063,3.62,0.0,0.0,03:41:00,2
1.083664037326047,15.008424883792918,3.72,0.0,0.0,03:42:00,2
0.34032503566730293,15.008629461453806,1.17,0.0,0.0,03:43:00,2
0.9096282085446108,15.00883867896225,3.12,0.0,0.0,03:44:00,2
1.1771891581880585,15.009052633102344,4.04,0.0,0.0,03:45:00,2
1.209990040974765,15.009271422469435,4.15,0.0,0.0,03:46:00,2
1.2436356899009884,15.009495147499173,4.27,0.0,0.0,03:47:00,2
0.6643481951406821,15.0097239104969,2.28,0.0,0.0,03:48:00,2
1.0151010789790111,15.009957815667411,3.48,0.0,0.0,03:49:00,2
1.3498401889577074,15.010196969145072,4.63,0.0,0.0,03:50:00,2
1.3870658882934852,15.010441479024301,4.76,0.0,0.0,03:51:00,2
1.4252389004008033,15.010691455390411,4.89,0.0,0.0,03:52:00,2
1.4643809903140366,15.010947010350826,5.02,0.0,0.0,03:53:00,2
0.8010510493992646,15.011208258066658,2.75,0.0,0.0,03:54:00,2
1.130045265855262,15.011475314784663,3.88,0.0,0.0,03:55:00,2
0.5369269572397242,15.01174829886956,1.84,0.0,0.0,03:56:00,2
0.9323941169562804,15.012027330836721,3.2,0.0,0.0,03:57:00,2
1.6754201815865688,15.012312533385256,5.75,0.0,0.0,03:58:00,2
1.7208586194337248,15.012604031431446,5.9,0.0,0.0,03:59:00,2
1.7674310461222857,15.012901952142577,6.06,0.0,0.0,04:00:00,2
1.8151628994562894,15.013206424971141,6.23,0.0,0.0,04:01:00,2
1.864080108834792,15.013517581689415,6.4,0.0,0.0,04:02:00,2
1.9142091026803736,15.013835556424437,6.57,0.0,0.0,04:03:00,2
1.9655768159273836,15.014160485693347,6.74,0.0,0.0,04:04:00,2
2.018210697568995,15.014492508439119,6.92,0.0,0.0,04:05:00,2
1.617573318612241,15.014831766066685,5.55,0.0,0.0,04:06:00,2
2.12738937798901,15.015178402479428,7.3,0.0,0.0,04:07:00,2
2.183991713774936,15.01553256411608,7.49,0.0,0.0,04:08:00,2
0.7700145081822684,15.015894399987992,2.64,0.0,0.0,04:09:00,2
1.819191213848994,15.0162640617168,6.24,0.0,0.0,04:10:00,2
1.3660715703861166,15.01664170357248,4.69,0.0,0.0,04:11:00,2
2.4245177912376628,15.017027482511786,8.32,0.0,0.0,04:12:00,2
2.4883334062026248,15.017421558217082,8.54,0.0,0.0,04:13:00,2
2.553686636187123,15.017824093135564,8.76,0.0,0.0,04:14:00,2
1.0065111062947447,15.018235252518869,3.45,0.0,0.0,04:15:00,2
2.689138609253294,15.018655204463073,9.23,0.0,0.0,04:16:00,2
2.7593051961266646,15.019084119949087,9.47,0.0,0.0,04:17:00,2
2.83114510196993,15.01952217288343,9.71,0.0,0.0,04:18:00,2
2.9046937953490537,15.019969540139405,9.96,0.0,0.0,04:19:00,2
2.9799873783696658,15.020426401598648,10.22,0.0,0.0,04:20:00,2
3.0570625949977113,15.02089294019309,10.49,0.0,0.0,04:21:00,2
3.1359568394151607,15.021369341947281,10.76,0.0,0.0,04:22:00,2
3.2167081644088933,15.021855796021121,11.03,0.0,0.0,04:23:00,2
3.299355289790753,15.022352494752965,11.32,0.0,0.0,04:24:00,2
3.3839376108467465,15.022859633703128,11.61,0.0,0.0,04:25:00,2
3.4704952068132746,15.023377411697755,11.9,0.0,0.0,04:26:00,2
3.5590688493782223,15.0239060308731,12.21,0.0,0.0,04:27:00,2
3.6497000112046787,15.024445696720168,12.52,0.0,0.0,04:28:00,2
3.7424308744749766,15.024996618129745,12.84,0.0,0.0,04:29:00,2
2.0873789608998825,15.025559007437804,7.16,0.0,0.0,04:30:00,2
3.9343640330601297,15.02613308047131,13.49,0.0,0.0,04:31:00,2
4.033654317468899,15.02671905659436,13.84,0.0,0.0,04:32:00,2
4.135220298700825,15.02731715875474,14.18,0.0,0.0,04:33:00,2
3.351178356281283,15.02792761353083,11.5,0.0,0.0,04:34:00,2
4.3453635466302805,15.028550651178884,14.9,0.0,0.0,04:35:00,2
4.454034822124079,15.029186505680686,15.28,0.0,0.0,04:36:00,2
4.565169829265321,15.029835414791558,15.66,0.0,0.0,04:37:00,2
4.678817522517836,15.03049762008874,16.05,0.0,0.0,04:38:00,2
4.79502765186775,15.031173367020125,16.45,0.0,0.0,04:39:00,2
4.913850771419554,15.03186290495336,16.85,0.0,0.0,04:40:00,2
3.4057285825561525,15.032566487225289,11.68,0.0,0.0,04:41:00,2
5.1595422696230475,15.033284371191753,17.69,0.0,0.0,04:42:00,2
2.9253515289340313,15.034016818277733,10.03,0.0,0.0,04:43:00,2
2.1330497063500933,15.034764094027846,7.32,0.0,0.0,04:44:00,2
5.548987984201581,15.035526468157165,19.03,0.0,0.0,04:45:00,2
5.684596791011546,15.036304214602396,19.49,0.0,0.0,04:46:00,2
5.823195700649103,15.03709761157336,19.97,0.0,0.0,04:47:00,2
5.964842007407914,15.037906941604827,20.45,0.0,0.0,04:48:00,2
6.10959388609231,15.038732491608659,20.95,0.0,0.0,04:49:00,2
2.0409902739872,15.039574552926274,7.0,0.0,0.0,04:50:00,2
6.408651510853928,15.040433421381422,21.97,0.0,0.0,04:51:00,2
6.563078083688661,15.041309397333277,22.5,0.0,0.0,04:52:00,2
4.005044314784354,15.042202785729819,13.74,0.0,0.0,04:53:00,2
6.882035655871039,15.043113896161525,23.6,0.0,0.0,04:54:00,2
5.236097754769753,15.044043042915343,17.96,0.0,0.0,04:55:00,2
7.214888459828637,15.044990545028963,24.74,0.0,0.0,04:56:00,2
7.386687588184164,15.045956726345354,25.32,0.0,0.0,04:57:00,2
3.9607956926394174,15.046941915567587,13.58,0.0,0.0,04:58:00,2
2.645199453048758,15.047946446313915,9.07,0.0,0.0,04:59:00,2
7.92437638851711,15.04897065717313,27.17,0.0,0.0,05:00:00,2
3.6534145746973765,15.050014891760155,12.53,0.0,0.0,05:01:00,2
6.303766632984944,15.051079498771884,21.61,0.0,0.0,05:02:00,2
8.496948969804528,15.052164832043287,29.13,0.0,0.0,05:03:00,2
8.69588910806411,15.05327125060371,29.81,0.0,0.0,05:04:00,2
8.898991967299688,15.054399118733434,30.5,0.0,0.0,05:05:00,2
6.871403072415676,15.055548806020415,23.56,0.0,0.0,05:06:00,2
9.31798432278275,15.05672068741727,31.94,0.0,0.0,05:07:00,2
9.5340256112415,15.057915143298432,32.68,0.0,0.0,05:08:00,2
9.754533218529351,15.059132559517511,33.43,0.0,0.0,05:09:00,2
9.97958562590556,15.060373327464836,34.2,0.0,0.0,05:10:00,2
10.209262360300942,15.061637844125164,34.99,0.0,0.0,05:11:00,2
10.443644000542845,15.062926512135563,35.79,0.0,0.0,05:12:00,2
10.682812183427668,15.064239739843437,36.61,0.0,0.0,05:13:00,2
10.92684960963522,15.065577941364708,37.44,0.0,0.0,05:14:00,2
11.17584004947951,15.066941536642117,38.29,0.0,0.0,05:15:00,2
4.721242867756932,15.068330951503672,16.19,0.0,0.0,05:16:00,2
11.689020432818193,15.069746617721181,40.05,0.0,0.0,05:17:00,2
11.953383314462178,15.071188973068908,40.95,0.0,0.0,05:18:00,2
12.223045096305798,15.072658461382323,41.88,0.0,0.0,05:19:00,2
9.344988501021561,15.074155532616906,32.03,0.0,0.0,05:20:00,2
12.778623255429906,15.075680642907056,43.78,0.0,0.0,05:21:00,2
13.064721335516726,15.077234254625028,44.75,0.0,0.0,05:22:00,2
13.35648173008922,15.078816836439929,45.75,0.0,0.0,05:23:00,2
13.653998065077705,15.080428863376744,46.77,0.0,0.0,05:24:00,2
13.957365083268908,15.08207081687538,47.81,0.0,0.0,05:25:00,2
8.788007258069106,15.083743184849714,30.12,0.0,0.0,05:26:00,2
14.58203574582038,15.085446461746653,49.94,0.0,0.0,05:27:00,2
9.470082212519195,15.087181148605138,32.45,0.0,0.0,05:28:00,2
15.23127412654705,15.08894775311516,52.16,50.6,2.23,05:29:00,2
15.565355028430282,15.090746789676693,53.3,51.7,2.28,05:30:00,2
15.905878706784838,15.092578779458583,54.47,52.83,2.33,05:31:00,2
5.282196673872298,15.094444250457354,18.11,0.0,0.0,05:32:00,2
16.606666118654353,15.096343737555932,56.86,55.15,2.43,05:33:00,2
16.96713856249338,15.098277782582256,58.09,56.35,2.48,05:34:00,2
17.33447120615135,15.10024693436777,59.35,57.56,2.53,05:35:00,2
17.708771257804372,15.102251748805774,60.62,58.8,2.59,05:36:00,2
18.090147068231822,15.10429278890964,61.93,60.07,2.65,05:37:00,2
9.40930675757148,15.106370624870838,32.24,0.0,0.0,05:38:00,2
7.579815902104833,15.108485834116781,25.98,0.0,0.0,05:39:00,2
19.27782970313088,15.110639001368492,65.98,64.0,2.82,05:40:00,2
19.688614912419336,15.112830718698016,67.38,65.36,2.88,05:41:00,2
15.580730677743361,15.115061585585622,53.35,51.75,2.28,05:42:00,2
20.533204485842436,15.11733220897675,70.26,68.16,3.0,05:43:00,2
20.96724039080493,15.119643203338674,71.75,69.59,3.06,05:44:00,2
21.409259962886786,15.121995190716884,73.25,71.06,3.13,05:45:00,2
21.85938181067259,15.12438880079116,74.79,72.54,3.19,05:46:00,2
22.317725673385148,15.126824670931324,76.35,74.06,3.26,05:47:00,2
14.992170253827194,15.129303446252635,51.33,49.79,2.19,05:48:00,2
23.259564034372648,15.131825779670836,79.56,77.18,3.4,05:49:00,2
23.743303633986145,15.134392331956798,81.21,78.78,3.47,05:50:00,2
24.23575544295489,15.137003771790775,82.89,80.4,3.54,05:51:00,2
24.737044798635146,15.139660775816239,84.6,82.06,3.61,05:52:00,2
10.915912098755063,15.142364028693244,37.39,0.0,0.0,05:53:00,2
25.766643023190696,15.145114223151362,88.11,85.46,3.76,05:54:00,2
26.295208073328816,15.147912060042108,89.91,87.21,3.84,05:55:00,2
26.833123020318038,15.150758248390861,91.74,88.99,3.92,05:56:00,2
27.380518670893476,15.153653505448275,93.61,90.8,4.0,05:57:00,2
27.93752690555299,15.156598556741114,95.5,92.64,4.08,05:58:00,2
28.504280670816936,15.159594136122529,97.43,94.51,4.16,05:59:00,2
29.080913971030707,15.162640985821744,99.39,96.41,4.25,06:00:00,2
20.668140121082693,15.165739856493124,70.71,68.59,3.02,06:01:00,2
30.264360430376872,15.16889150726459,103.42,100.32,4.42,06:02:00,2
30.871446807016692,15.172096705785385,105.49,102.32,4.51,06:03:00,2
31.488959133921988,15.17535622827316,107.59,104.36,4.6,06:04:00,2
32.11703656514436,15.178670859560322,109.72,106.43,4.69,06:05:00,2
32.755819253412106,15.182041393139684,111.9,108.54,4.78,06:06:00,2
33.40544833855211,15.185468631209334,114.11,110.68,4.87,06:07:00,2
34.06606593540431,15.188953384716728,116.35,112.86,4.97,06:08:00,2
20.02056564676858,15.192496473401976,68.49,66.44,2.93,06:09:00,2
14.72770791060378,15.196098725840297,50.42,48.91,2.15,06:10:00,2
36.11528530159017,15.199760979483624,123.31,119.61,5.27,06:11:00,2
14.70493004803068,15.203484080701312,50.34,48.83,2.15,06:12:00,2
37.53902223421824,15.207268884819943,128.15,124.31,5.47,06:13:00,2
38.26860826016044,15.211116256162214,130.63,126.71,5.58,06:14:00,2
39.0102037774538,15.215027068084838,133.14,129.15,5.69,06:15:00,2
11.949568125239624,15.219002203015483,40.92,0.0,0.0,06:16:00,2
40.53002179636233,15.223042552488677,138.3,134.15,5.91,06:17:00,2
41.30854564168338,15.227149017180688,140.94,136.71,6.02,06:18:00,2
42.099681630236454,15.231322506943338,143.63,139.32,6.14,06:19:00,2
42.90358244150109,15.23556394083671,146.35,141.96,6.25,06:20:00,2
43.72040152402073,15.239874247160746,149.12,144.65,6.37,06:21:00,2
44.5502930756175,15.244254363485688,151.93,147.38,6.49,06:22:00,2
45.39341202301874,15.248705236681348,154.79,150.15,6.61,06:23:00,2
36.71420286601454,15.253227822945169,125.32,121.56,5.35,06:24:00,2
30.96310963291605,15.257823087829049,105.76,102.59,4.52,06:25:00,2
48.003692996460785,15.262492006264917,163.63,158.72,6.99,06:26:00,2
21.82374331403925,15.267235562588997,74.63,72.39,3.19,06:27:00,2
49.812888464110735,15.27205475056477,169.76,164.66,7.25,06:28:00,2
50.73866334927236,15.276950573404584,172.89,167.7,7.38,06:29:00,2
51.67876869000988,15.281924043789873,176.07,170.79,7.52,06:30:00,2
52.633364438990824,15.286976183889994,179.3,173.92,7.66,06:31:00,2
53.602611067325064,15.292108025379598,182.57,177.1,7.8,06:32:00,2
54.58666953810426,15.297320609454557,185.9,180.32,7.94,06:33:00,2
55.585701279314875,15.302614986846383,189.27,183.6,8.08,06:34:00,2
56.599868156122746,15.307992217835125,192.7,186.92,8.23,06:35:00,2
22.344965143980087,15.313453372260708,76.39,74.1,3.26,06:36:00,2
58.67425679238111,15.318999529532691,199.7,193.71,8.53,06:37:00,2
59.73480420977955,15.324631778638391,203.28,197.18,8.68,06:38:00,2
41.75746802410141,15.330351218149382,142.41,138.14,6.08,06:39:00,2
61.90342183265863,15.3361589562263,210.6,204.28,9.0,06:40:00,2
63.011819522100154,15.34205611062194,214.33,207.9,9.16,06:41:00,2
64.13649518331766,15.348043808682627,218.12,211.58,9.32,06:42:00,2
65.2776131051054,15.354123187347797,221.97,215.31,9.48,06:43:00,2
66.43533773542181,15.360295393147789,225.87,219.09,9.65,06:44:00,2
67.60983364730353,15.3665615821998,229.82,222.93,9.82,06:45:00,2
68.80126550413877,15.372922920201981,233.83,226.82,9.99,06:46:00,2
70.00979802430037,15.379380582425629,237.9,230.76,10.16,06:47:00,2
71.23559594513941,15.385935753705457,242.02,234.76,10.34,06:48:00,2
72.47882398633978,15.39258962842792,246.2,238.82,10.52,06:49:00,2
73.73964681263517,15.39934341051752,250.44,242.93,10.7,06:50:00,2
29.30425221542973,15.406198313421132,100.06,97.06,4.27,06:51:00,2
38.50942168095467,15.41315556009024,131.34,127.4,5.61,06:52:00,2
77.62932902442974,15.420216382961124,263.51,255.6,11.26,06:53:00,2
59.90040606016017,15.427382023932902,203.76,197.65,8.7,06:54:00,2
25.40191013392863,15.434653734343454,86.77,84.16,3.71,06:55:00,2
81.68327887007315,15.442032774943156,277.11,268.79,11.84,06:56:00,2
83.07186306621995,15.449520415866404,281.76,273.31,12.04,06:57:00,2
84.47935270408254,15.457117936600904,286.48,277.89,12.24,06:58:00,2
85.90591017179693,15.464826625954696,291.26,282.52,12.44,06:59:00,2
39.11876303352752,15.472647782020873,133.38,129.38,5.7,07:00:00,2
88.81687579313748,15.480582712139961,301.0,291.97,12.86,07:01:00,2
47.41010453506628,15.488632732859948,161.48,156.63,6.9,07:02:00,2
91.8060489883565,15.496799169893915,311.0,301.67,13.28,07:03:00,2
93.33036368542228,15.505083358075241,316.09,306.61,13.5,07:04:00,2
94.87470926457348,15.513486641310353,321.25,311.62,13.72,07:05:00,2
70.10528004507397,15.522010372528994,238.09,230.95,10.17,07:06:00,2
33.06673171039787,15.530655913631977,112.8,109.42,4.82,07:07:00,2
99.6295093605473,15.53942463543638,337.12,327.01,14.4,07:08:00,2
101.25555242113853,15.548317917618185,342.55,332.27,14.63,07:09:00,2
39.75189545287948,15.557337148652302,135.48,131.42,5.79,07:10:00,2
104.57023306305238,15.566483725749947,353.59,342.98,15.1,07:11:00,2
106.25917720570865,15.57575905479338,359.22,348.44,15.34,07:12:00,2
107.96939316836917,15.585164550267931,364.91,353.96,15.59,07:13:00,2
109.70103150169413,15.594701635191306,370.67,359.55,15.83,07:14:00,2
111.45424157124432,15.604371741040149,376.5,365.2,16.08,07:15:00,2
113.22917150497143,15.614176307673812,382.4,370.92,16.33,07:16:00,2
51.68194259502323,15.624116783255335,175.84,170.57,7.51,07:17:00,2
116.84477697021565,15.634194624169574,394.4,382.57,16.85,07:18:00,2
118.68574209015465,15.644411294938472,400.51,388.49,17.11,07:19:00,2
120.54900614273073,15.654768268133438,406.69,394.49,17.37,07:20:00,2
122.43471026328545,15.665267024284812,412.94,400.55,17.64,07:21:00,2
124.34299402448778,15.675909051788379,419.26,406.68,17.91,07:22:00,2
126.27399538058971,15.686695846808913,425.65,412.88,18.18,07:23:00,2
128.22785061126575,15.697628913180738,432.11,419.15,18.46,07:24:00,2
130.2046942650476,15.70870976230524,438.65,425.49,18.74,07:25:00,2
132.2046591023676,15.719939913045355,445.26,431.9,19.02,07:26:00,2
134.22787603822303,15.731320891616978,451.94,438.38,19.3,07:27:00,2
136.27447408447637,15.742854231477262,458.7,444.94,19.59,07:28:00,2
138.34458029180365,15.754541473209818,465.53,451.56,19.89,07:29:00,2
140.43831969130562,15.766384164406752,472.43,458.26,20.18,07:30:00,2
93.14310853710471,15.77838385954754,315.13,305.68,13.46,07:31:00,2
82.14171970988075,15.790542119874722,278.27,269.92,11.89,07:32:00,2
146.86255582517018,15.802860513266362,493.58,478.77,21.08,07:33:00,2
149.05203585163292,15.815340614105297,500.78,485.75,21.39,07:34:00,2
151.26574186680926,15.827984003145115,508.05,492.81,21.7,07:35:00,2
84.70222431729681,15.840792267372862,286.8,278.19,12.25,07:36:00,2
155.76627610876844,15.853766999868453,522.83,507.14,22.33,07:37:00,2
158.05332030656987,15.866909799660766,530.33,514.42,22.65,07:38:00,2
160.36502231385907,15.880222271580397,537.9,521.76,22.98,07:39:00,2
162.7014836912672,15.893706026109076,545.55,529.19,23.3,07:40:00,2
78.59599705426119,15.907362679225688,266.25,258.26,11.37,07:41:00,2
167.4490773392386,15.921193852248924,561.08,544.25,23.97,07:42:00,2
169.860399087602,15.935201171676532,568.96,551.89,24.3,07:43:00,2
172.29685903892786,15.949386269021115,576.92,559.61,24.64,07:44:00,2
174.7585447421531,15.963750780642536,584.95,567.4,24.99,07:45:00,2
93.32026154646796,15.978296347576833,315.48,306.01,13.48,07:46:00,2
116.14125319997045,15.993024615361694,391.51,379.76,16.72,07:47:00,2
182.29578668145365,16.007937233858442,609.51,591.22,26.04,07:48:00,2
184.85919022199886,16.023035857070532,617.84,599.31,26.39,07:49:00,2
187.44821122503538,16.038322142958545,626.26,607.47,26.75,07:50:00,2
190.06291839441062,16.053797753251676,634.75,615.71,27.11,07:51:00,2
192.70337707751378,16.06946435325567,643.32,624.02,27.48,07:52:00,2
195.36964920381456,16.08532361165726,651.96,632.41,27.85,07:53:00,2
77.91016193198503,16.101377200325047,263.75,255.84,11.27,07:54:00,2
200.7798640462638,16.11762679410681,669.49,649.4,28.6,07:55:00,2
203.52391298016767,16.134074070623296,678.36,658.01,28.98,07:56:00,2
206.29398767077043,16.150720710058412,687.31,666.69,29.36,07:57:00,2
209.09013204037421,16.167568394945864,696.34,675.45,29.74,07:58:00,2
211.9123862275151,16.18461880995222,705.45,684.28,30.13,07:59:00,2
214.76078652668565,16.201873641656377,714.63,693.19,30.53,08:00:00,2
141.38517488440874,16.219334578325487,474.71,460.47,20.28,08:01:00,2
220.53615105905982,16.237003309687246,733.22,711.22,31.32,08:02:00,2
223.46316812233792,16.254881526698643,742.63,720.35,31.72,08:03:00,2
226.41643683928322,16.2729709213111,752.11,729.55,32.13,08:04:00,2
229.39597338999107,16.291273186232033,761.67,738.82,32.54,08:05:00,2
157.4826376703802,16.309790014682832,527.53,511.7,22.53,08:06:00,2
154.36012783476085,16.32852310015326,517.23,501.71,22.09,08:07:00,2
79.02384744658038,16.34747413615227,267.23,259.21,11.41,08:08:00,2
241.57697334010442,16.366644815955276,800.66,776.64,34.2,08:09:00,2
244.68794276376676,16.386036832347802,810.6,786.28,34.63,08:10:00,2
247.8251869022447,16.405651877365635,820.6,795.99,35.05,08:11:00,2
250.9886913390723,16.425491642031385,830.68,805.76,35.48,08:12:00,2
254.17843706271972,16.44555781608751,840.84,815.61,35.92,08:13:00,2
257.39440041219456,16.465852087725818,851.07,825.54,36.35,08:14:00,2
260.6365530232534,16.48637614331343,861.37,835.53,36.79,08:15:00,2
263.90486177524673,16.50713166711524,871.74,845.59,37.24,08:16:00,2
267.19928873862455,16.52812034101288,882.19,855.72,37.68,08:17:00,2
270.5197911231285,16.549343844220196,892.7,865.92,38.13,08:18:00,2
164.59591315536665,16.570803852995247,550.3,533.8,23.51,08:19:00,2
277.2388263851008,16.592502040348855,913.95,886.53,39.04,08:20:00,2
280.6372489223637,16.61444007574974,924.68,896.94,39.5,08:21:00,2
284.0615261019461,16.63661962482621,935.48,907.41,39.96,08:22:00,2
287.5115900787656,16.659042349064453,946.35,917.95,40.42,08:23:00,2
145.22290444070154,16.681709905503467,486.48,471.89,20.78,08:24:00,2
196.67146997589708,16.70462394642665,654.6,634.96,27.96,08:25:00,2
298.0157467297634,16.727786119050002,979.36,949.98,41.83,08:26:00,2
301.56817564224235,16.751198065207085,990.5,960.78,42.31,08:27:00,2
305.1459738793301,16.774861421030653,1001.7,971.65,42.79,08:28:00,2
308.74904198599387,16.798777816631056,1012.97,982.58,43.27,08:29:00,2
229.7867516189215,16.82294887577139,761.32,738.48,32.52,08:30:00,2
203.40082934981,16.847376215539494,676.05,655.76,28.88,08:31:00,2
222.49570638202135,16.872061446016712,737.69,715.56,31.51,08:32:00,2
323.41183348571184,16.897006169943573,1058.71,1026.94,45.22,08:33:00,2
327.1395680403699,16.92221198238236,1070.3,1038.19,45.72,08:34:00,2
330.89186054651856,16.947680470376586,1081.95,1049.49,46.22,08:35:00,2
110.05837826571828,16.97341321260745,369.86,358.76,15.8,08:36:00,2
338.4695609175934,16.999411779047307,1105.44,1072.27,47.22,08:37:00,2
342.2946753019322,17.025677730610155,1117.27,1083.75,47.72,08:38:00,2
346.1437606125536,17.052212618799224,1129.16,1095.29,48.23,08:39:00,2
350.0166557345205,17.07901798535167,1141.12,1106.88,48.74,08:40:00,2
353.91319374978946,17.106095361880442,1153.12,1118.53,49.26,08:41:00,2
160.10622921048324,17.133446269513335,534.4,518.37,22.83,08:42:00,2
361.77650160838687,17.161072218529338,1177.31,1141.99,50.29,08:43:00,2
126.15722904779746,17.1889747079922,422.76,410.08,18.06,08:44:00,2
369.73223176719114,17.21715522538143,1201.71,1165.66,51.33,08:45:00,2
373.74427551392006,17.2456152462206,1213.99,1177.57,51.86,08:46:00,2
377.7788373300401,17.274356233703152,1226.32,1189.54,52.38,08:47:00,2
381.8357089793155,17.303379638315675,1238.71,1201.55,52.91,08:48:00,2
385.9146762401278,17.332686897458707,1251.14,1213.61,53.44,08:49:00,2
390.01551888912655,17.362279435065155,1263.63,1225.72,53.98,08:50:00,2
394.1380106863823,17.39215866121636,1276.16,1237.87,54.51,08:51:00,2
398.28191936206406,17.42232597175586,1288.73,1250.07,55.05,08:52:00,2
148.2309784884808,17.452782747900947,494.87,480.02,21.14,08:53:00,2
406.633028050776,17.483530355851993,1314.03,1274.61,56.13,08:54:00,2
410.8397332764859,17.514570146399727,1326.74,1286.94,56.67,08:55:00,2
415.06686579033175,17.545903454530396,1339.5,1299.31,57.22,08:56:00,2
419.3141630279127,17.577531599028966,1352.29,1311.72,57.76,08:57:00,2
190.2010628875295,17.6094558820804,631.3,612.36,26.97,08:58:00,2
427.86817103109433,17.641677588869037,1378.01,1336.67,58.86,08:59:00,2
432.1743262776988,17.674197987176218,1390.92,1349.19,59.41,09:00:00,2
436.49953521090396,17.70701832697614,1403.87,1361.76,59.97,09:01:00,2
309.59782580076086,17.74013984003009,1011.8,981.45,43.22,09:02:00,2
445.20593625893645,17.773563739479062,1429.89,1386.99,61.08,09:03:00,2
209.60535654852737,17.80729121943487,693.48,672.67,29.62,09:04:00,2
453.9849577570516,17.841323454569793,1456.03,1412.35,62.2,09:05:00,2
458.4009195463221,17.875661599704888,1469.15,1425.08,62.76,09:06:00,2
462.83408641250213,17.91030678939698,1482.3,1437.83,63.32,09:07:00,2
467.28412911453165,17.945260137524436,1495.48,1450.62,63.88,09:08:00,2
471.7507124065563,17.980522736871794,1508.69,1463.43,64.44,09:09:00,2
476.23349505515074,18.01609565871337,1521.92,1476.26,65.01,09:10:00,2
480.7321298583816,18.05197995239581,1535.18,1489.12,65.58,09:11:00,2
150.61848618390027,18.088176644919827,501.42,486.38,21.42,09:12:00,2
388.70471812834995,18.124686740521053,1255.68,1218.01,53.64,09:13:00,2
257.1618234273405,18.161511220250205,844.57,819.23,36.08,09:14:00,2
498.8780389044656,18.198651041552566,1588.42,1540.77,67.85,09:15:00,2
315.6134273914781,18.23610713784695,1028.61,997.76,43.94,09:16:00,2
508.0366442465272,18.273880418104152,1615.16,1566.71,68.99,09:17:00,2
215.08270716694707,18.311971766425046,709.68,688.39,30.31,09:18:00,2
282.03751633859855,18.350382041618357,922.67,894.99,39.41,09:19:00,2
188.77242711566325,18.389112076778268,624.72,605.98,26.69,09:20:00,2
526.5097419717814,18.428162678861888,1668.81,1618.74,71.28,09:21:00,2
531.1581528400606,18.46753462826671,1682.24,1631.78,71.86,09:22:00,2
168.61801058560494,18.507228678408147,559.16,542.39,23.88,09:23:00,2
540.4882414125966,18.547245555297252,1709.15,1657.87,73.01,09:24:00,2
234.47568666288782,18.587585957118677,770.94,747.81,32.93,09:25:00,2
549.8598436048973,18.628250553809035,1736.07,1683.98,74.16,09:26:00,2
554.5601260402839,18.6692399866357,1749.53,1697.05,74.73,09:27:00,2
559.2694725877429,18.710554867776175,1763.0,1710.11,75.31,09:28:00,2
326.88542622712845,18.752195779898152,1061.6,1029.76,45.35,09:29:00,2
568.7135558701921,18.794163275740285,1789.93,1736.23,76.46,09:30:00,2
573.4473784730718,18.836457877693896,1803.38,1749.28,77.03,09:31:00,2
348.3539474971365,18.879080077385602,1127.66,1093.83,48.17,09:32:00,2
582.9362617137471,18.922030335261045,1830.28,1775.38,78.18,09:33:00,2
392.7285240556293,18.96530908016979,1263.67,1225.76,53.98,09:34:00,2
592.450304984766,19.008916708951528,1857.15,1801.44,79.33,09:35:00,2
597.215559101552,19.05285358602366,1870.57,1814.45,79.9,09:36:00,2
601.9856504985612,19.097120042970367,1883.97,1827.45,80.48,09:37:00,2
606.7600849603878,19.141716378133346,1897.36,1840.44,81.05,09:38:00,2
611.5383636104227,19.18664285620421,1910.74,1853.42,81.62,09:39:00,2
616.3199829853376,19.23189970781872,1924.09,1866.37,82.19,09:40:00,2
376.80981767104475,19.27748712915301,1213.37,1176.97,51.83,09:41:00,2
625.8912075828651,19.323405281521804,1950.75,1892.22,83.33,09:42:00,2
325.4155984906564,19.369654290978843,1054.37,1022.74,45.04,09:43:00,2
635.4696422596958,19.416234247919544,1977.31,1917.99,84.46,09:44:00,2
640.2602582222825,19.463145206686093,1990.56,1930.84,85.03,09:45:00,2
645.0511022138039,19.51038718517501,2003.77,1943.66,85.59,09:46:00,2
361.11938907026854,19.55796016444736,1163.84,1128.93,49.71,09:47:00,2
654.631337041916,19.605864088341654,2030.12,1969.22,86.72,09:48:00,2
659.4196495370554,19.654098863089672,2043.25,1981.95,87.28,09:49:00,2
664.2060335616659,19.70266435693516,2056.34,1994.65,87.84,09:50:00,2
453.9495164246989,19.75156039975567,1444.48,1401.14,61.7,09:51:00,2
469.7123562847206,19.800786782687616,1491.28,1446.54,63.7,09:52:00,2
678.5481124006297,19.850343257754552,2095.41,2032.54,89.51,09:53:00,2
683.3212627699269,19.900229537499,2108.35,2045.1,90.06,09:54:00,2
688.0897077683686,19.950445294617744,2121.25,2057.62,90.61,09:55:00,2
692.8528821600215,20.00099016160081,2134.12,2070.09,91.16,09:56:00,2
551.2545563046931,20.051863730374297,1729.79,1677.9,73.89,09:57:00,2
702.361143055844,20.103065551946997,2159.7,2094.91,92.25,09:58:00,2
279.11831794288025,20.154595136061168,906.81,879.6,38.73,09:59:00,2
388.57022951637,20.206451950847345,1244.59,1207.25,53.16,10:00:00,2
236.04666614220503,20.258635422483486,770.74,747.62,32.92,10:01:00,2
721.2892222406261,20.311144934858476,2210.29,2143.98,94.41,10:02:00,2
508.3976319972644,20.363979829240108,1602.21,1554.14,68.44,10:03:00,2
730.6997516013417,20.417139403947733,2235.27,2168.21,95.48,10:04:00,2
735.3895879725331,20.470622914029633,2247.67,2180.24,96.01,10:05:00,2
407.29417985671813,20.52442957094523,1299.7,1260.71,55.52,10:06:00,2
744.7354504531708,20.5785585422523,2272.31,2204.14,97.06,10:07:00,2
749.3902894142198,20.63300895129929,2284.53,2216.0,97.59,10:08:00,2
754.0322725429654,20.68777987692284,2296.69,2227.79,98.1,10:09:00,2
443.6819793832267,20.74287035315063,1407.88,1365.64,60.14,10:10:00,2
763.2752790231403,20.79827936890971,2320.82,2251.2,99.14,10:11:00,2
767.8751027757097,20.854005867740398,2332.79,2262.8,99.65,10:12:00,2
772.4596717492499,20.910048747515834,2344.68,2274.34,100.15,10:13:00,2
777.0283832523509,20.96640686016739,2356.51,2285.81,100.66,10:14:00,2
781.5806336665268,21.023079011415977,2368.26,2297.21,101.16,10:15:00,2
786.1158185754481,21.080063960509413,2379.94,2308.54,101.66,10:16:00,2
790.6333328951573,21.137360419965923,2391.55,2319.8,102.16,10:17:00,2
453.7604880502851,21.194967055323943,1435.27,1392.21,61.31,10:18:00,2
799.6129268808394,21.252882484898308,2414.53,2342.09,103.14,10:19:00,2
443.7653331439927,21.31110527954292,1404.8,1362.66,60.01,10:20:00,2
808.514566605821,21.36963396242008,2437.19,2364.08,104.11,10:21:00,2
812.9346375840706,21.428467008776515,2448.4,2374.95,104.59,10:22:00,2
817.3334008554673,21.48760284572624,2459.53,2385.74,105.06,10:23:00,2
821.7102503831914,21.54703985204045,2470.57,2396.46,105.53,10:24:00,2
826.0645805352559,21.60677635794438,2481.53,2407.08,106.0,10:25:00,2
830.3957862218015,21.666810644921437,2492.4,2417.63,106.46,10:26:00,2
834.7032630329714,21.727140945524546,2503.18,2428.09,106.92,10:27:00,2
838.9864073773231,21.787765443194942,2513.87,2438.46,107.38,10:28:00,2
843.2446166207344,21.848682272088453,2524.47,2448.74,107.83,10:29:00,2
847.4772892257582,21.909889516909374,2534.98,2458.93,108.28,10:30:00,2
851.6838248913839,21.9713852127521,2545.39,2469.03,108.73,10:31:00,2
855.8636246931578,22.033167344950545,2555.71,2479.04,109.17,10:32:00,2
387.7064583580837,22.095233848935504,1232.29,1195.32,52.64,10:33:00,2
864.1406287330134,22.157582610100025,2576.06,2498.78,110.04,10:34:00,2
868.2366432702108,22.220211463672953,2586.08,2508.5,110.47,10:35:00,2
872.3035428238293,22.283118194600647,2596.01,2518.13,110.89,10:36:00,2
876.3407374634685,22.34630053743706,2605.83,2527.66,111.31,10:37:00,2
311.79863205808,22.409756176242247,999.49,969.51,42.69,10:38:00,2
884.3236635321286,22.473482744489377,2625.17,2546.42,112.14,10:39:00,2
888.2682267773566,22.537477824980364,2634.69,2555.65,112.54,10:40:00,2
892.1807490236768,22.601738949770215,2644.1,2564.77,112.94,10:41:00,2
451.53810502114993,22.666263600100194,1419.88,1377.29,60.65,10:42:00,2
899.9073638261085,22.731049206339833,2662.59,2582.71,113.73,10:43:00,2
491.6642437087046,22.796093147937967,1537.08,1490.97,65.66,10:44:00,2
408.955702583015,22.861392753382823,1292.11,1253.35,55.19,10:45:00,2
495.8184486410088,22.926945300171255,1548.36,1501.91,66.14,10:46:00,2
914.9508996961835,22.992748014787217,2698.26,2617.31,115.26,10:47:00,2
918.623141440133,23.058798072689566,2706.9,2625.69,115.63,10:48:00,2
922.258812808649,23.12509259830926,2715.42,2633.96,115.99,10:49:00,2
633.3150938981204,23.19162866505601,1939.61,1881.42,82.85,10:50:00,2
929.4182482635601,23.25840329533456,2732.12,2650.16,116.7,10:51:00,2
932.9409245239102,23.325413460570484,2740.3,2658.09,117.05,10:52:00,2
936.4248550311441,23.392656081245796,2748.35,2665.9,117.4,10:53:00,2
939.8695067403658,23.46012802694426,2756.29,2673.6,117.74,10:54:00,2
337.5008715690762,23.527826116406594,1073.32,1041.13,45.85,10:55:00,2
946.6388646790307,23.59574711759553,2771.8,2688.65,118.4,10:56:00,2
949.9625283157969,23.66388774777092,2779.38,2696.0,118.72,10:57:00,2
467.13501230492693,23.73224467357481,1459.35,1415.57,62.34,10:58:00,2
956.4852556926029,23.80081451112666,2794.16,2710.34,119.35,10:59:00,2
959.6833071947337,23.869593826128714,2801.37,2717.32,119.66,11:00:00,2
962.8384846384989,23.938579133981563,2808.45,2724.19,119.96,11:01:00,2
965.9502954356593,24.007766899910017,2815.4,2730.94,120.26,11:02:00,2
969.018252641628,24.077153539099253,2822.23,2737.56,120.55,11:03:00,2
555.5935007717054,24.146735416841377,1712.38,1661.01,73.15,11:04:00,2
975.0206874793214,24.216508848692378,2835.5,2750.44,121.12,11:05:00,2
977.9542205750109,24.286470100639562,2841.95,2756.69,121.4,11:06:00,2
980.8420112547886,24.35661538927947,2848.26,2762.81,121.67,11:07:00,2
983.6836026691677,24.42694088200637,2854.45,2768.81,121.93,11:08:00,2
986.4785443540022,24.497442697211333,2860.5,2774.69,122.19,11:09:00,2
989.2263923493695,24.568116904491916,2866.43,2780.43,122.44,11:10:00,2
991.9267093169814,24.63895952487248,2872.22,2786.05,122.69,11:11:00,2
684.1276547788676,24.709966531035256,2067.18,2005.16,88.3,11:12:00,2
997.1830346177828,24.781133847562064,2883.41,2796.9,123.17,11:13:00,2
999.7382024178141,24.85245735118679,2888.8,2802.14,123.4,11:14:00,2
573.4429932877302,24.923932871058618,1757.29,1704.57,75.06,11:15:00,2
1004.700499883745,24.995556189016067,2899.18,2812.21,123.84,11:16:00,2
1007.1068317955962,25.0673230398718,2904.17,2817.05,124.05,11:17:00,2
325.94355324016436,25.139229111708232,1031.19,1000.26,44.05,11:18:00,2
1011.7679229218653,25.21127004618401,2913.75,2826.33,124.46,11:19:00,2
707.9159906622193,25.28344143885129,2126.75,2062.95,90.85,11:20:00,2
1016.2244197177786,25.355738839483877,2922.77,2835.09,124.85,11:21:00,2
516.8702272023419,25.42815775241617,1592.55,1544.77,68.03,11:22:00,2
1020.4734334482217,25.500693636892994,2931.25,2843.32,125.21,11:23:00,2
1022.5192659120582,25.573341907430276,2935.29,2847.23,125.38,11:24:00,2
402.54893345877167,25.646097934186525,1258.13,1220.39,53.74,11:25:00,2
795.3104928215823,25.718957043345167,2356.06,2285.38,100.64,11:26:00,2
511.1075273434333,25.7919145175077,1573.55,1526.35,67.22,11:27:00,2
691.0635130471967,25.864965596097637,2075.62,2013.35,88.66,11:28:00,2
795.4423754535403,25.938105475775295,2354.11,2283.49,100.56,11:29:00,2
465.0027908775533,26.01132931086326,1439.11,1395.93,61.47,11:30:00,2
1035.3413686720037,26.084632213782708,2959.63,2870.84,126.42,11:31:00,2
1036.9553956440934,26.158009255500367,2962.55,2873.67,126.55,11:32:00,2
1038.5141617206064,26.231455465986244,2965.33,2876.37,126.67,11:33:00,2
1040.017410270019,26.30496583468193,2967.97,2878.93,126.78,11:34:00,2
1041.4648935545088,26.37853531097965,2970.47,2881.35,126.89,11:35:00,2
345.8664599652901,26.45215880471181,1085.38,1052.82,46.36,11:36:00,2
598.4279242993822,26.525831186651157,1815.04,1760.59,77.53,11:37:00,2
1045.4704092577606,26.59954728902141,2977.11,2887.8,127.17,11:38:00,2
1046.692534309226,26.673301906018388,2979.05,2889.67,127.25,11:39:00,2
1047.857791109127,26.74708979434157,2980.84,2891.41,127.33,11:40:00,2
1048.9659866259021,26.82090567373595,2982.49,2893.01,127.4,11:41:00,2
595.6188899002069,26.89474422754427,1804.31,1750.18,77.07,11:42:00,2
703.7544823832121,26.968600103269488,2099.8,2036.81,89.69,11:43:00,2
1051.9464152454696,27.042467913147416,2986.59,2897.0,127.57,11:44:00,2
764.6339885024619,27.116342234729508,2260.76,2192.93,96.57,11:45:00,2
1053.644943943195,27.190217611475695,2988.62,2898.96,127.66,11:46:00,2
1054.4072433592187,27.264088553357205,2989.42,2899.74,127.7,11:47:00,2
380.44211007467067,27.337949537469314,1184.01,1148.49,50.58,11:48:00,2
1055.7572782392408,27.411795008653925,2990.61,2900.89,127.75,11:49:00,2
1056.3447889465363,27.485619380131915,2990.98,2901.26,127.76,11:50:00,2
1056.8738281112505,27.559417034145138,2991.22,2901.49,127.77,11:51:00,2
1057.3443075726757,27.633182322608057,2991.32,2901.58,127.78,11:52:00,2
1057.7561489039192,27.706909567768854,2991.28,2901.54,127.77,11:53:00,2
448.09127996280347,27.780593062879944,1379.43,1338.05,58.92,11:54:00,2
1058.4036522653942,27.854227072877848,2990.77,2901.04,127.75,11:55:00,2
1058.6392062934835,27.927805835072235,2990.3,2900.59,127.73,11:56:00,2
1058.8159062171296,28.00132355984413,2989.69,2900.0,127.71,11:57:00,2
654.5480808817084,28.074774431353106,1956.71,1898.01,83.58,11:58:00,2
1058.9926356341696,28.14815260825341,2988.06,2898.42,127.64,11:59:00,2
1058.9926356341696,28.221452224418883,2987.04,2897.43,127.59,12:00:00,2
1058.9337225511422,28.294667389676547,2985.88,2896.3,127.54,12:01:00,2
1058.8159062171296,28.367792190548823,2984.57,2895.04,127.49,12:02:00,2
1058.6392062934835,28.44082069100414,2983.13,2893.64,127.43,12:03:00,2
1058.4036522653942,28.51374693321595,2981.55,2892.11,127.36,12:04:00,2
1058.1092834336923,28.586564938329857,2979.83,2890.44,127.29,12:05:00,2
1057.7561489039192,28.659268707238972,2977.98,2888.64,127.21,12:06:00,2
471.46231428747126,28.73185222136709,1440.91,1397.68,61.55,12:07:00,2
1056.8738281112505,28.804309443459772,2973.86,2884.64,127.03,12:08:00,2
554.5464280918626,28.876634318383086,1674.77,1624.53,71.54,12:09:00,2
781.0406893798131,28.94882077392993,2285.09,2216.54,97.61,12:10:00,2
1055.1113938594026,29.020862721633748,2966.65,2877.65,126.72,12:11:00,2
1054.4072433592187,29.092754057589502,2963.97,2875.05,126.61,12:12:00,2
533.9911010710674,29.164488663281798,1615.19,1566.74,68.99,12:13:00,2
1052.8246224356342,29.236060406419995,2958.22,2869.47,126.36,12:14:00,2
1051.9464152454696,29.307463141780104,2955.14,2866.49,126.23,12:15:00,2
1051.0104683284603,29.378690712053398,2951.93,2863.37,126.09,12:16:00,2
392.7884161550375,29.44973694870151,1209.49,1173.2,51.66,12:17:00,2
728.3462390887528,29.520595672817926,2141.25,2077.02,91.46,12:18:00,2
682.0836788578177,29.59126069599565,2017.63,1957.1,86.18,12:19:00,2
423.9674307055308,29.661725821200914,1298.86,1259.89,55.48,12:20:00,2
516.6956623214104,29.731984843652764,1562.69,1515.81,66.75,12:21:00,2
1044.1916182517766,29.80203155170834,2929.88,2841.98,125.15,12:22:00,2
1042.856372797994,29.871859727753705,2925.75,2837.97,124.98,12:23:00,2
457.5903931507902,29.941463149100038,1393.83,1352.01,59.54,12:24:00,2
1040.0174102700191,30.01083558888498,2917.09,2829.58,124.61,12:25:00,2
452.6237197552767,30.079970816979046,1378.8,1337.44,58.9,12:26:00,2
1036.9553956440934,30.148862600896805,2907.92,2820.69,124.21,12:27:00,2
492.900450061509,30.217504706712788,1492.41,1447.64,63.75,12:28:00,2
1033.6723462591497,30.285890899981773,2898.25,2811.3,123.8,12:29:00,2
1031.9486026108746,30.354014946663455,2893.22,2806.42,123.59,12:30:00,2
1030.1704206079803,30.421870614051127,2888.07,2801.43,123.37,12:31:00,2
1028.338091729366,30.48945167170432,2882.79,2796.31,123.14,12:32:00,2
1026.4519159724073,30.556751892385133,2877.39,2791.07,122.91,12:33:00,2
1024.5122017711083,30.623765052998113,2871.87,2785.71,122.67,12:34:00,2
1022.5192659120585,30.690484935533448,2866.22,2780.23,122.43,12:35:00,2
716.3370779173493,30.7569053280133,2097.81,2034.87,89.61,12:36:00,2
476.2750705311099,30.823020025441075,1441.53,1398.28,61.58,12:37:00,2
664.7218690796567,30.888822830753444,1959.65,1900.86,83.71,12:38:00,2
407.53485046662195,30.954307555774875,1244.32,1206.99,53.15,12:39:00,2
538.612588283363,31.019468022174536,1614.96,1566.51,68.98,12:40:00,2
1009.4627662513008,31.084298062425294,2829.81,2744.92,120.88,12:41:00,2
1007.1068317955965,31.148791520764668,2823.33,2738.63,120.6,12:42:00,2
582.6672173367704,31.212942254157497,1734.97,1682.92,74.11,12:43:00,2
781.9936416908241,31.276744133260113,2263.54,2195.63,96.69,12:44:00,2
999.7382024178144,31.34019104338581,2803.18,2719.09,119.74,12:45:00,2
997.183034617783,31.403276885471445,2796.24,2712.35,119.44,12:46:00,2
994.5790646560812,31.465995577044875,2789.18,2705.51,119.14,12:47:00,2
991.9267093169816,31.528341053193095,2782.01,2698.55,118.84,12:48:00,2
989.2263923493698,31.590307267530825,2774.73,2691.49,118.52,12:49:00,2
708.2888537936122,31.651888193169334,2068.22,2006.18,88.35,12:50:00,2
596.5109165721739,31.7130778236853,1768.85,1715.78,75.56,12:51:00,2
980.842011254789,31.77387017408948,2752.23,2669.66,117.56,12:52:00,2
977.9542205750112,31.834259281794978,2744.51,2662.18,117.23,12:53:00,2
314.11670004012353,31.89423920758488,967.3,938.28,41.32,12:54:00,2
972.0418750822404,31.95380403657906,2728.76,2646.89,116.56,12:55:00,2
969.0182526416284,32.012947879199935,2720.72,2639.1,116.22,12:56:00,2
361.66077212276815,32.07166487213691,1105.77,1072.59,47.23,12:57:00,2
962.8384846384993,32.12994917930938,2704.34,2623.21,115.52,12:58:00,2
959.683307194734,32.187794992827946,2695.99,2615.11,115.16,12:59:00,2
329.35074706801987,32.24519653395377,1010.61,980.3,43.17,13:00:00,2
953.244828236072,32.302148054055706,2679.0,2598.63,114.43,13:01:00,2
949.9625283157973,32.35864383556509,2670.35,2590.24,114.07,13:02:00,2
451.4648617542442,32.41467819292794,1361.57,1320.72,58.16,13:03:00,2
943.2743511985082,32.47024547355426,2652.76,2573.18,113.31,13:04:00,2
939.8695067403661,32.52534005876446,2643.82,2564.51,112.93,13:05:00,2
465.84465371272756,32.579956364732325,1401.16,1359.13,59.85,13:06:00,2
932.9409245239106,32.63408884342465,2625.66,2546.89,112.16,13:07:00,2
929.4182482635606,32.68773198353706,2616.44,2537.95,111.76,13:08:00,2
925.8573637513423,32.74088031142607,2607.13,2528.91,111.36,13:09:00,2
922.2588128086494,32.793528392036755,2597.72,2519.79,110.96,13:10:00,2
918.6231414401335,32.84567082982633,2588.23,2510.58,110.56,13:11:00,2
914.9508996961838,32.89730226968295,2578.64,2501.28,110.15,13:12:00,2
466.17405120581054,32.948417397839805,1399.82,1357.83,59.79,13:13:00,2
907.4989246830592,32.999010942784146,2559.21,2482.43,109.32,13:14:00,2
903.7203104977675,33.04907767616117,2549.37,2472.88,108.9,13:15:00,2
899.907363826109,33.09861241367233,2539.44,2463.25,108.47,13:16:00,2
896.060652865574,33.14761001596807,2529.42,2453.54,108.05,13:17:00,2
892.1807490236771,33.19606538953465,2519.33,2443.75,107.61,13:18:00,2
557.9914801216808,33.24397348757489,1652.22,1602.65,70.58,13:19:00,2
884.3236635321291,33.29132931088256,2498.9,2423.93,106.74,13:20:00,2
310.50430994311205,33.338127908710334,950.72,922.2,40.61,13:21:00,2
876.3407374634688,33.384364379630924,2478.15,2403.8,105.86,13:22:00,2
402.99360677452813,33.43003387239136,1218.04,1181.5,52.03,13:23:00,2
549.0021740916641,33.475131586760064,1625.96,1577.18,69.45,13:24:00,2
570.0228910618039,33.5196527743666,1682.94,1632.45,71.89,13:25:00,2
860.0160912236208,33.56359273953384,2435.74,2362.67,104.04,13:26:00,2
855.8636246931583,33.60694684010241,2424.96,2352.21,103.58,13:27:00,2
851.6838248913843,33.64971048824713,2414.1,2341.68,103.12,13:28:00,2
522.8122592614067,33.691879151285306,1552.55,1505.97,66.32,13:29:00,2
843.2446166207347,33.73344835247667,2392.18,2320.42,102.18,13:30:00,2
838.9864073773235,33.77441367181473,2381.12,2309.69,101.71,13:31:00,2
834.7032630329719,33.81477074680936,2370.0,2298.9,101.24,13:32:00,2
830.3957862218019,33.8545152732605,2358.81,2288.04,100.76,13:33:00,2
826.0645805352564,33.89364300602264,2347.55,2277.13,100.28,13:34:00,2
821.7102503831918,33.93214975975998,2336.24,2266.15,99.79,13:35:00,2
817.3334008554679,33.97003140969214,2324.86,2255.11,99.31,13:36:00,2
812.9346375840711,34.00728389233004,2313.42,2244.02,98.82,13:37:00,2
597.9773319251374,34.043903206202025,1754.44,1701.81,74.94,13:38:00,2
804.0737942256995,34.079885412569816,2290.38,2221.66,97.83,13:39:00,2
385.4974999368597,34.11522663613424,1164.46,1129.52,49.74,13:40:00,2
795.1325710052297,34.149923065730555,2267.1,2199.09,96.84,13:41:00,2
509.3109282524364,34.18397095501315,1511.98,1466.62,64.59,13:42:00,2
502.00721270989453,34.21736662312946,1491.59,1446.84,63.71,13:43:00,2
781.5806336665272,34.25010645538296,2231.8,2164.85,95.33,13:44:00,2
777.0283832523513,34.282186903885034,2219.93,2153.33,94.83,13:45:00,2
772.4596717492503,34.31360448819556,2208.01,2141.77,94.32,13:46:00,2
767.8751027757102,34.34435579595208,2196.05,2130.17,93.81,13:47:00,2
763.2752790231408,34.37443748348735,2184.04,2118.52,93.29,13:48:00,2
758.6608021276656,34.40384627643513,2171.99,2106.83,92.78,13:49:00,2
495.0023358929928,34.43257897032413,1470.8,1426.68,62.83,13:50:00,2
749.3902894142202,34.46063243115976,2147.75,2083.32,91.74,13:51:00,2
744.7354504531713,34.488003595993845,2135.57,2071.5,91.22,13:52:00,2
740.0683518143561,34.51468947348188,2123.35,2059.65,90.7,13:53:00,2
735.3895879725336,34.54068714442777,2111.09,2047.76,90.18,13:54:00,2
730.6997516013422,34.56599376231607,2098.8,2035.84,89.65,13:55:00,2
725.9994334532212,34.59060655383128,2086.47,2023.88,89.12,13:56:00,2
721.2892222406266,34.6145228193644,2074.11,2011.88,88.6,13:57:00,2
716.5697045185742,34.63773993350637,2061.71,1999.86,88.07,13:58:00,2
711.8414645685386,34.66025534552833,2049.28,1987.81,87.54,13:59:00,2
707.1050842837395,34.682066579848694,2036.83,1975.72,87.0,14:00:00,2
319.92788715917465,34.70317123648674,972.56,943.39,41.54,14:01:00,2
697.6102176631143,34.72356699150273,2011.83,1951.47,85.94,14:02:00,2
692.852882160022,34.74325159742436,1999.29,1939.31,85.4,14:03:00,2
688.0897077683691,34.76222288365954,1986.72,1927.12,84.86,14:04:00,2
683.3212627699274,34.78047875689527,1974.13,1914.91,84.33,14:05:00,2
678.5481124006303,34.79801720148257,1961.52,1902.68,83.79,14:06:00,2
673.7708187463389,34.81483627980742,1948.89,1890.42,83.25,14:07:00,2
338.5995323316152,34.8309341326475,1026.15,995.36,43.83,14:08:00,2
664.2060335616663,34.8463089795147,1923.57,1865.86,82.17,14:09:00,2
219.13519920389462,34.86095911898339,674.81,654.57,28.83,14:10:00,2
441.4705908837395,34.874882929004116,1318.91,1279.35,56.34,14:11:00,2
470.8846904770873,34.88807886720304,1400.99,1358.96,59.84,14:12:00,2
485.1564770032819,34.90054547116658,1440.52,1397.3,61.53,14:13:00,2
438.2917640607818,34.91228135871158,1309.77,1270.48,55.95,14:14:00,2
193.44769448597467,34.9232852281407,597.6,579.67,25.53,14:15:00,2
370.216859836422,34.93355585848302,1116.63,1083.14,47.7,14:16:00,2
465.00509113051396,34.94309210971986,1384.29,1342.76,59.13,14:17:00,2
621.1044351114368,34.95189292299568,1808.92,1754.66,77.27,14:18:00,2
304.88227783124205,34.95995732081401,927.69,899.85,39.63,14:19:00,2
611.5383636104233,34.96728440721837,1783.35,1729.85,76.18,14:20:00,2
606.7600849603882,34.97387336795825,1770.56,1717.44,75.63,14:21:00,2
601.9856504985618,34.979723470639826,1757.77,1705.03,75.08,14:22:00,2
382.89728795219924,34.9848340648617,1152.62,1118.04,49.23,14:23:00,2
592.4503049847666,34.989204582335404,1732.18,1680.22,73.99,14:24:00,2
587.6903776298046,34.9928345369907,1719.39,1667.81,73.44,14:25:00,2
582.9362617137474,34.99572352506571,1706.6,1655.4,72.9,14:26:00,2
304.3582968894294,34.99787122518174,926.0,898.22,39.55,14:27:00,2
573.4473784730724,34.99927739840285,1681.04,1630.61,71.81,14:28:00,2
568.7135558701926,34.99994188828021,1668.27,1618.22,71.26,14:29:00,2
563.9874340216103,34.999864620881056,1655.5,1605.84,70.72,14:30:00,2
368.6899963235998,34.99904560480244,1111.94,1078.58,47.5,14:31:00,2
260.41524605677284,34.9974849311696,797.03,773.12,34.05,14:32:00,2
549.8598436048978,34.99518277361909,1617.27,1568.76,69.08,14:33:00,2
545.1690692058542,34.99213938826658,1604.55,1556.42,68.54,14:34:00,2
540.4882414125971,34.98835511365934,1591.85,1544.09,68.0,14:35:00,2
428.6403671180644,34.98383037071352,1282.23,1243.77,54.77,14:36:00,2
531.1581528400611,34.97856566263607,1566.48,1519.49,66.91,14:37:00,2
526.5097419717819,34.972561574831545,1553.82,1507.21,66.37,14:38:00,2
281.4202588703281,34.965818774793505,859.0,833.23,36.69,14:39:00,2
517.2482703003394,34.95833801198094,1528.56,1482.71,65.29,14:40:00,2
512.6360259857514,34.95012011767941,1515.97,1470.49,64.76,14:41:00,2
508.03664424652766,34.94116600484704,1503.39,1458.29,64.22,14:42:00,2
503.4505191223943,34.931476667945546,1490.83,1446.11,63.68,14:43:00,2
498.87803890446605,34.921053182756104,1478.3,1433.95,63.15,14:44:00,2
494.3195861011251,34.90989670618035,1465.8,1421.82,62.61,14:45:00,2
489.7755374058124,34.898008476026284,1453.32,1409.72,62.08,14:46:00,2
485.2462636667201,34.88538981077949,1440.87,1397.64,61.55,14:47:00,2
266.89806102684963,34.87204210935934,816.6,792.1,34.88,14:48:00,2
228.80009072921172,34.85796685086056,703.67,682.56,30.06,14:49:00,2
471.7507124065568,34.84316559428005,1403.68,1361.57,59.96,14:50:00,2
174.5790814707226,34.82763997822912,540.89,524.66,23.1,14:51:00,2
462.8340864125026,34.81139172063112,1379.05,1337.68,58.91,14:52:00,2
197.73186199487492,34.79442261840466,610.82,592.5,26.09,14:53:00,2
453.98495775705203,34.77673454713238,1354.55,1313.91,57.86,14:54:00,2
449.586524265559,34.75832946071547,1342.35,1302.08,57.34,14:55:00,2
285.5604250412662,34.739209391013986,872.0,845.84,37.25,14:56:00,2
440.8435048787229,34.71937644747293,1318.06,1278.52,56.3,14:57:00,2
436.4995352109044,34.69883281673448,1305.97,1266.79,55.79,14:58:00,2
432.17432627769927,34.67758076223613,1293.92,1255.11,55.27,14:59:00,2
427.8681710310948,34.655622623795125,1281.91,1243.46,54.76,15:00:00,2
423.5813563481313,34.6329608171791,1269.95,1231.85,54.25,15:01:00,2
419.31416302791314,34.609597833663194,1258.02,1220.28,53.74,15:02:00,2
415.0668657903322,34.585536239573585,1246.14,1208.75,53.23,15:03:00,2
274.46977721616355,34.5607786758177,840.04,814.84,35.88,15:04:00,2
258.15052087247875,34.53532785740121,791.91,768.16,33.83,15:05:00,2
402.4470066046627,34.50918657293177,1210.75,1174.43,51.72,15:06:00,2
398.28191936206457,34.48235768410991,1199.04,1163.07,51.22,15:07:00,2
394.1380106863827,34.454844125206925,1187.39,1151.76,50.72,15:08:00,2
390.01551888912695,34.42664890253011,1175.77,1140.5,50.22,15:09:00,2
385.9146762401282,34.39777509387535,1164.21,1129.29,49.73,15:10:00,2
381.8357089793158,34.36822584796725,1152.7,1118.12,49.24,15:11:00,2
377.7788373300405,34.33800438388694,1141.23,1107.0,48.75,15:12:00,2
373.74427551392057,34.307113990487736,1129.82,1095.93,48.26,15:13:00,2
258.19642637675287,34.275558025798745,792.94,769.15,33.87,15:14:00,2
365.74290835853867,34.24333991641657,1107.15,1073.93,47.29,15:15:00,2
361.77650160838726,34.210463156885396,1095.89,1063.01,46.81,15:16:00,2
357.83320190963383,34.17693130906533,1084.68,1052.14,46.33,15:17:00,2
353.91319374978985,34.14274800148955,1073.53,1041.33,45.86,15:18:00,2
350.0166557345209,34.10791692871004,1062.44,1030.57,45.38,15:19:00,2
346.14376061255405,34.07244185063233,1051.4,1019.86,44.91,15:20:00,2
342.2946753019326,34.03632659183932,1040.41,1009.2,44.44,15:21:00,2
338.4695609175939,33.999575040904354,1029.48,998.6,43.98,15:22:00,2
236.9685298520309,33.96219114969371,730.8,708.88,31.22,15:23:00,2
330.891860546519,33.92417893265871,1007.8,977.57,43.05,15:24:00,2
197.9334285697463,33.88554246611767,613.8,595.39,26.22,15:25:00,2
323.4118334857122,33.8462858875277,986.35,956.76,42.13,15:26:00,2
319.70878944024406,33.806413394746755,975.71,946.44,41.68,15:27:00,2
232.65887616102935,33.765929245285975,718.52,696.97,30.69,15:28:00,2
212.42972601908085,33.72483775555253,657.94,638.2,28.1,15:29:00,2
138.7854227561422,33.68314330008322,434.14,421.12,18.54,15:30:00,2
121.56454819297201,33.64085031076892,381.2,369.77,16.28,15:31:00,2
205.43317335858674,33.597963276070104,637.21,618.09,27.22,15:32:00,2
298.0157467297638,33.55448674022373,913.16,885.77,39.01,15:33:00,2
294.48878121907654,33.51042530244154,902.96,875.87,38.57,15:34:00,2
290.98736785205307,33.46578361610004,892.81,866.03,38.14,15:35:00,2
287.51159007876595,33.42056638792236,882.73,856.25,37.71,15:36:00,2
284.0615261019464,33.374778377152225,872.72,846.53,37.28,15:37:00,2
280.637248922364,33.32842439472019,862.76,836.88,36.85,15:38:00,2
277.23882638510116,33.28150930240228,852.88,827.29,36.43,15:39:00,2
273.866321226696,33.23403801197147,843.05,817.76,36.01,15:40:00,2
270.5197911231289,33.18601548434195,833.3,808.3,35.59,15:41:00,2
267.1992887386249,33.13744672870651,823.61,798.9,35.18,15:42:00,2
263.904861775247,33.088336801667275,813.98,789.56,34.77,15:43:00,2
260.6365530232537,33.03869080635995,804.42,780.29,34.36,15:44:00,2
257.39440041219484,32.9885138915718,794.93,771.08,33.96,15:45:00,2
254.17843706272,32.93781125085355,785.51,761.94,33.55,15:46:00,2
250.9886913390727,32.88658812162553,776.15,752.86,33.15,15:47:00,2
189.92065309887087,32.83484978427811,592.22,574.45,25.3,15:48:00,2
244.68794276376707,32.7826015612668,757.64,734.91,32.36,15:49:00,2
241.57697334010473,32.729848816202086,748.48,726.03,31.97,15:50:00,2
238.49228850763996,32.6765969529344,739.4,717.21,31.58,15:51:00,2
235.43389365820912,32.622851414634226,730.38,708.47,31.2,15:52:00,2
232.40178975517273,32.56861768286774,721.43,699.79,30.82,15:53:00,2
229.39597338999147,32.513901276668136,712.55,691.17,30.44,15:54:00,2
226.41643683928353,32.4587077516028,703.74,682.62,30.06,15:55:00,2
223.46316812233823,32.403042698836664,694.99,674.14,29.69,15:56:00,2
220.5361510590601,32.346911744191885,686.32,665.73,29.32,15:57:00,2
217.63536532831972,32.290320547204075,677.72,657.38,28.95,15:58:00,2
214.760786526686,32.23327480017535,669.18,649.1,28.58,15:59:00,2
211.91238622751544,32.17578022722432,660.71,640.89,28.22,16:00:00,2
149.63037672900722,32.11784258333339,470.49,456.37,20.1,16:01:00,2
206.2939876707707,32.05946765339344,643.99,624.67,27.51,16:02:00,2
104.320202691367,32.000661251246214,330.13,320.22,14.1,16:03:00,2
200.77986404626415,31.941429218724565,627.55,608.72,26.81,16:04:00,2
91.25816139412947,31.881777424690846,289.43,280.74,12.36,16:05:00,2
195.36964920381487,31.821711764073562,611.38,593.04,26.12,16:06:00,2
192.70337707751378,31.7612381569027,603.4,585.3,25.77,16:07:00,2
132.61110712311313,31.700362547343687,418.63,406.07,17.88,16:08:00,2
187.44821122503592,31.63909090273038,587.66,570.03,25.1,16:09:00,2
125.10201990116393,31.57742921259732,395.52,383.65,16.89,16:10:00,2
182.29578668145365,31.515383487711347,572.19,555.02,24.44,16:11:00,2
179.75792860463443,31.452959759102892,564.56,547.62,24.12,16:12:00,2
177.2455407594568,31.390164077097054,557.0,540.29,23.79,16:13:00,2
174.7585447421534,31.32700251034484,549.51,533.02,23.47,16:14:00,2
96.46552137739214,31.26348114485468,306.52,297.33,13.09,16:15:00,2
169.86039908760227,31.1996060830244,534.74,518.7,22.84,16:16:00,2
97.52618696069462,31.135383442673895,310.01,300.71,13.24,16:17:00,2
165.06280331972133,31.070819356078797,520.24,504.63,22.22,16:18:00,2
162.7014836912672,31.005919969005273,513.1,497.7,21.92,16:19:00,2
160.36502231385927,30.940691439746114,506.02,490.84,21.61,16:20:00,2
158.05332030657033,30.875139938158398,499.01,484.04,21.32,16:21:00,2
155.76627610876872,30.809271644702932,492.08,477.31,21.02,16:22:00,2
153.50378554118365,30.743092749485726,485.21,470.65,20.73,16:23:00,2
50.76770534212347,30.676609451301527,162.67,157.79,6.95,16:24:00,2
107.4037626016644,30.60982795667975,341.72,331.47,14.6,16:25:00,2
96.26299691038015,30.54275447893308,306.8,297.6,13.11,16:26:00,2
144.69718774078757,30.475395237208787,458.41,444.65,19.58,16:27:00,2
54.35355326357839,30.407756455543012,174.27,169.04,7.44,16:28:00,2
140.43831969130608,30.339844361918242,445.41,432.05,19.03,16:29:00,2
138.34458029180388,30.27166518732416,439.02,425.84,18.75,16:30:00,2
136.27447408447637,30.203225164822104,432.69,419.71,18.48,16:31:00,2
134.22787603822323,30.134530528613208,426.42,413.63,18.21,16:32:00,2
132.204659102368,30.0655875131105,420.23,407.62,17.95,16:33:00,2
60.18413016188972,29.996402352015174,193.14,187.35,8.25,16:34:00,2
96.60270178594098,29.926981277397232,308.66,299.4,13.18,16:35:00,2
126.27399538058987,29.857330518780515,402.03,389.97,17.17,16:36:00,2
124.34299402448816,29.78745630223245,396.1,384.21,16.92,16:37:00,2
122.43471026328568,29.717364849458754,390.23,378.52,16.67,16:38:00,2
120.54900614273073,29.647062376903115,384.42,372.89,16.42,16:39:00,2
118.6857420901548,29.57655509485214,378.68,367.32,16.18,16:40:00,2
116.84477697021607,29.505849206545573,373.01,361.82,15.93,16:41:00,2
115.02596814021523,29.434950907292276,367.39,356.37,15.69,16:42:00,2
71.24619219733049,29.363866383591848,228.91,222.05,9.78,16:43:00,2
44.899103286669074,29.29260181226213,144.79,140.45,6.18,16:44:00,2
109.70103150169447,29.221163359572806,350.94,340.41,14.99,16:45:00,2
107.9693931683693,29.149557180385226,345.58,335.21,14.76,16:46:00,2
106.25917720570865,29.077789417298717,340.28,330.07,14.54,16:47:00,2
39.63270139414602,29.005866199803293,128.04,124.2,5.47,16:48:00,2
102.90240905664707,28.933793643439145,329.87,319.97,14.09,16:49:00,2
43.02219104183913,28.861577848963,139.02,134.85,5.94,16:50:00,2
99.6295093605473,28.789224901521514,319.7,310.11,13.66,16:51:00,2
98.02412509870763,28.71674086983175,314.71,305.27,13.44,16:52:00,2
96.43924392917299,28.644131805368968,309.77,300.48,13.23,16:53:00,2
94.87470926457365,28.571403741561912,304.9,295.75,13.02,16:54:00,2
93.33036368542228,28.49856269299567,300.09,291.08,12.82,16:55:00,2
91.80604898835666,28.425614654622215,295.33,286.47,12.62,16:56:00,2
90.30160623381484,28.35256560097878,290.64,281.92,12.41,16:57:00,2
88.81687579313763,28.279421485414282,286.0,277.42,12.22,16:58:00,2
87.35169739509038,28.206188239323865,281.42,272.97,12.02,16:59:00,2
27.963205359543032,28.132871771391628,90.8,88.08,3.88,17:00:00,2
84.47935270408283,28.059477966841694,272.43,264.25,11.64,17:01:00,2
83.07186306622009,27.986012686697837,268.02,259.98,11.45,17:02:00,2
81.68327887007315,27.91248176705171,263.66,255.75,11.26,17:03:00,2
80.31343730863436,27.8388910183397,259.36,251.58,11.08,17:04:00,2
78.96217519894958,27.76524622462867,255.12,247.47,10.9,17:05:00,2
77.62932902442991,27.691553142910607,250.93,243.4,10.72,17:06:00,2
76.31473497654443,27.617817502406382,246.8,239.4,10.54,17:07:00,2
75.01822899588993,27.544045003878566,242.72,235.44,10.37,17:08:00,2
73.73964681263544,27.470241318953473,238.69,231.53,10.2,17:09:00,2
72.47882398633992,27.396412089452618,234.72,227.68,10.03,17:10:00,2
71.23559594513941,27.32256292673362,230.8,223.88,9.86,17:11:00,2
70.00979802430051,27.24869941104053,226.93,220.12,9.69,17:12:00,2
68.801265504139,27.174827090863797,223.12,216.42,9.53,17:13:00,2
23.902484097069898,27.10095148230999,77.98,75.64,3.33,17:14:00,2
66.43533773542181,27.027078068481284,215.64,209.17,9.21,17:15:00,2
65.27761310510554,26.953212298864745,211.98,205.62,9.05,17:16:00,2
64.13649518331792,26.87935958873155,208.36,202.11,8.9,17:17:00,2
63.01181952210026,26.80552531854628,204.8,198.66,8.75,17:18:00,2
41.1206642813142,26.73171483338625,134.06,130.04,5.73,17:19:00,2
19.04360562375342,26.657933442370975,62.28,60.41,2.66,17:20:00,2
36.07664082552603,26.584186418101787,117.76,114.23,5.03,17:21:00,2
58.67425679238121,26.510478996111807,191.04,185.3,8.16,17:22:00,2
57.629332442526994,26.43681637432624,187.71,182.08,8.02,17:23:00,2
40.57251752915199,26.363203712532957,132.48,128.51,5.66,17:24:00,2
17.17920398246851,26.28964613186353,56.28,54.59,2.4,17:25:00,2
54.58666953810436,26.216148714284806,178.03,172.69,7.6,17:26:00,2
53.602611067325064,26.142716502100985,174.89,169.65,7.47,17:27:00,2
52.633364438990924,26.0693544974662,171.8,166.65,7.34,17:28:00,2
51.67876869001008,25.996067661907738,168.76,163.7,7.21,17:29:00,2
50.73866334927245,25.92286091585988,165.76,160.78,7.08,17:30:00,2
49.812888464110735,25.849739138208527,162.8,157.92,6.95,17:31:00,2
48.901284626137425,25.776707165846354,159.89,155.09,6.83,17:32:00,2
27.89679706187156,25.703769793238777,91.48,88.73,3.91,17:33:00,2
47.11995533028481,25.630931772000693,154.19,149.56,6.59,17:34:00,2
46.24991400089223,25.558197810483996,151.4,146.86,6.47,17:35:00,2
14.490703453271696,25.485572573375876,47.64,0.0,0.0,17:36:00,2
44.55029307561769,25.41306068130784,145.95,141.58,6.23,17:37:00,2
32.387496243053484,25.34066671047571,106.3,103.11,4.54,17:38:00,2
42.90358244150109,25.26839519227039,140.67,136.45,6.01,17:39:00,2
42.09968163023653,25.196250612919435,138.09,133.95,5.9,17:40:00,2
41.30854564168353,25.12423741313947,135.55,131.48,5.79,17:41:00,2
24.89325004220728,25.052359987799505,81.87,79.42,3.5,17:42:00,2
24.561721772683587,24.980622685595094,80.81,78.39,3.45,17:43:00,2
39.01020377745389,24.909029808733273,128.15,124.31,5.47,17:44:00,2
21.830474383580423,24.837585612628338,71.89,69.73,3.07,17:45:00,2
37.5390222342183,24.766294305608497,123.41,119.71,5.27,17:46:00,2
36.82129714200374,24.695160048633333,121.1,117.47,5.17,17:47:00,2
14.561090651265014,24.62418695502201,48.04,0.0,0.0,17:48:00,2
35.42083992255221,24.55337909019224,116.58,113.08,4.98,17:49:00,2
34.737815121222056,24.482740471410075,114.37,110.94,4.89,17:50:00,2
24.69830855148316,24.412275067550446,81.44,79.0,3.48,17:51:00,2
33.40544833855218,24.34198679886832,110.07,106.77,4.7,17:52:00,2
13.39340656940594,24.271879536780546,44.25,0.0,0.0,17:53:00,2
32.11703656514443,24.201957103658433,105.9,102.72,4.52,17:54:00,2
31.488959133921988,24.1322232726309,103.87,100.75,4.44,17:55:00,2
18.134782506319866,24.062681767398175,59.93,58.14,2.56,17:56:00,2
30.264360430376996,23.99333626205602,99.9,96.9,4.27,17:57:00,2
29.667561859703543,23.924190380930526,97.96,95.02,4.18,17:58:00,2
29.080913971030707,23.855247698423337,96.06,93.18,4.1,17:59:00,2
12.877051828207929,23.78651173886727,42.63,0.0,0.0,18:00:00,2
27.937526905553113,23.717985976392228,92.34,89.57,3.94,18:01:00,2
27.380518670893533,23.64967383480157,90.53,87.82,3.87,18:02:00,2
26.833123020318038,23.581578687458656,88.75,86.09,3.79,18:03:00,2
26.295208073328865,23.513703857183593,87.0,84.39,3.72,18:04:00,2
25.7666430231908,23.446052616160106,85.28,82.73,3.64,18:05:00,2
25.247298144221066,23.378628185852552,83.59,81.09,3.57,18:06:00,2
24.737044798635146,23.311433736932965,81.93,79.47,3.5,18:07:00,2
24.235755442954943,23.244472389218018,80.3,77.89,3.43,18:08:00,2
23.74330363398625,23.177747211615856,78.69,76.33,3.36,18:09:00,2
23.259564034372698,23.111261222082828,77.11,74.8,3.29,18:10:00,2
10.387383510919987,23.045017387589997,34.5,0.0,0.0,18:11:00,2
22.317725673385194,22.97901862409925,74.04,71.82,3.16,18:12:00,2
6.691792733304873,22.91326779654904,22.25,0.0,0.0,18:13:00,2
21.409259962886832,22.84776771884972,71.07,68.94,3.04,18:14:00,2
15.911760247565985,22.782521153888347,52.87,51.28,2.26,18:15:00,2
14.636769802940561,22.717530813542798,48.65,0.0,0.0,18:16:00,2
9.089624340875778,22.65279935870519,30.24,0.0,0.0,18:17:00,2
19.68861491241938,22.58832939931461,65.44,63.48,2.8,18:18:00,2
19.27782970313088,22.524123494398918,64.09,62.17,2.74,18:19:00,2
18.874565083039965,22.460184152125596,62.77,60.89,2.68,18:20:00,2
6.539827854281383,22.39651382986154,21.79,0.0,0.0,18:21:00,2
18.090147068231854,22.333114934241777,60.2,58.39,2.57,18:22:00,2
17.708771257804372,22.26998982124698,58.95,57.18,2.52,18:23:00,2
17.3344712061514,22.207140796289586,57.72,55.99,2.47,18:24:00,2
16.967138562493457,22.14457011430857,56.51,54.82,2.41,18:25:00,2
16.6066661186544,22.082279979872688,55.33,53.67,2.36,18:26:00,2
6.695799121374665,22.020272547292215,22.34,0.0,0.0,18:27:00,2
15.905878706784867,21.95854992073887,53.02,51.43,2.26,18:28:00,2
15.565355028430352,21.89711415437401,51.9,50.35,2.22,18:29:00,2
15.23127412654709,21.8359672524849,50.8,49.28,2.17,18:30:00,2
14.903534490902079,21.775111169629085,49.72,0.0,0.0,18:31:00,2
14.582035745820406,21.71454781078657,48.67,0.0,0.0,18:32:00,2
14.266678647867343,21.65427903151976,47.63,0.0,0.0,18:33:00,2
13.957365083268934,21.59430663814123,46.61,0.0,0.0,18:34:00,2
13.653998065077705,21.534632387889026,45.61,0.0,0.0,18:35:00,2
7.750409888378719,21.47525798910941,25.91,0.0,0.0,18:36:00,2
7.201320598403411,21.41618510144699,24.08,0.0,0.0,18:37:00,2
12.778623255429927,21.35741533604217,42.72,0.0,0.0,18:38:00,2
12.498094976964017,21.29895025573571,41.79,0.0,0.0,18:39:00,2
12.223045096305832,21.240791375280367,40.88,0.0,0.0,18:40:00,2
11.953383314462242,21.182940161559383,39.99,0.0,0.0,18:41:00,2
5.890485015211388,21.125398033811905,19.73,0.0,0.0,18:42:00,2
7.4782931466283245,21.068166363865064,25.04,0.0,0.0,18:43:00,2
11.17584004947955,21.011246476372662,37.42,0.0,0.0,18:44:00,2
10.926849609635276,20.95463964906029,36.59,0.0,0.0,18:45:00,2
10.682812183427687,20.898347112976868,35.78,0.0,0.0,18:46:00,2
7.844946313447274,20.84237005275245,26.29,0.0,0.0,18:47:00,2
10.20926236030096,20.786709606862125,34.22,0.0,0.0,18:48:00,2
9.979585625905614,20.731366867895897,33.45,0.0,0.0,18:49:00,2
9.754533218529376,20.67634288283456,32.71,0.0,0.0,18:50:00,2
9.5340256112415,20.621638653331328,31.98,0.0,0.0,18:51:00,2
9.31798432278277,20.56725513599909,31.26,0.0,0.0,18:52:00,2
9.10633191119343,20.513193242703224,30.56,0.0,0.0,18:53:00,2
8.898991967299711,20.459453840859876,29.87,0.0,0.0,18:54:00,2
5.784526609642344,20.406037753739557,19.43,0.0,0.0,18:55:00,2
8.496948969804542,20.352945760775885,28.53,0.0,0.0,18:56:00,2
8.302098201287794,20.300178597879395,27.88,0.0,0.0,18:57:00,2
8.111264456702585,20.24773695775636,27.25,0.0,0.0,18:58:00,2
5.733077552837088,20.195621490232455,19.27,0.0,0.0,18:59:00,2
7.741363640225936,20.143832802581052,26.02,0.0,0.0,19:00:00,2
7.562156838991361,20.092371459856174,25.42,0.0,0.0,19:01:00,2
7.386687588184184,20.0412379852299,24.84,0.0,0.0,19:02:00,2
5.123522362568257,19.990432860334195,17.24,0.0,0.0,19:03:00,2
7.046692986955891,19.939956525606892,23.7,0.0,0.0,19:04:00,2
6.88203565587107,19.889809380641807,23.16,0.0,0.0,19:05:00,2
6.720851898338367,19.839991784542896,22.62,0.0,0.0,19:06:00,2
6.563078083688661,19.790504056282302,22.09,0.0,0.0,19:07:00,2
6.408651510853944,19.741346475062105,21.58,0.0,0.0,19:08:00,2
6.257510400332916,19.692519280679743,21.07,0.0,0.0,19:09:00,2
3.5666822578404975,19.644022673896973,12.02,0.0,0.0,19:10:00,2
4.746445478153022,19.59585681681225,15.99,0.0,0.0,19:11:00,2
5.823195700649119,19.548021833236383,19.62,0.0,0.0,19:12:00,2
5.684596791011576,19.500517809071304,19.16,0.0,0.0,19:13:00,2
5.548987984201595,19.453344792692008,18.71,0.0,0.0,19:14:00,2
5.416312858076313,19.40650279533138,18.26,0.0,0.0,19:15:00,2
5.286515854243242,19.359991791467827,17.83,0.0,0.0,19:16:00,2
1.5774793515131311,19.313811719215618,5.32,0.0,0.0,19:17:00,2
5.035338247979508,19.267962480717856,16.99,0.0,0.0,19:18:00,2
4.913850771419554,19.222443942541936,16.58,0.0,0.0,19:19:00,2
4.795027651867763,19.177255936077316,16.18,0.0,0.0,19:20:00,2
1.6868845587485406,19.13239825793557,5.7,0.0,0.0,19:21:00,2
4.56516982926533,19.087870670352583,15.41,0.0,0.0,19:22:00,2
4.454034822124079,19.0436729015928,15.04,0.0,0.0,19:23:00,2
4.345363546630288,18.99980464635535,14.68,0.0,0.0,19:24:00,2
1.7352554167144725,18.956265566181976,5.86,0.0,0.0,19:25:00,2
2.1946363873389916,18.913055289866687,7.42,0.0,0.0,19:26:00,2
4.033654317468899,18.87017341386702,13.63,0.0,0.0,19:27:00,2
3.934364033060137,18.82761950271673,13.3,0.0,0.0,19:28:00,2
3.837304339452707,18.78539308943986,12.97,0.0,0.0,19:29:00,2
3.742430874474983,18.743493675966107,12.65,0.0,0.0,19:30:00,2
3.6497000112046787,18.70192073354735,12.34,0.0,0.0,19:31:00,2
1.502929278733903,18.66067370317519,5.08,0.0,0.0,19:32:00,2
3.4704952068132964,18.61975199599946,11.74,0.0,0.0,19:33:00,2
3.3839376108467554,18.5791549937476,11.45,0.0,0.0,19:34:00,2
3.299355289790753,18.538882049144778,11.16,0.0,0.0,19:35:00,2
3.2167081644089017,18.498932486334635,10.89,0.0,0.0,19:36:00,2
3.1359568394151776,18.459305601300557,10.62,0.0,0.0,19:37:00,2
1.7937161462949027,18.42000066228742,6.07,0.0,0.0,19:38:00,2
2.2275407450114795,18.381016910223735,7.54,0.0,0.0,19:39:00,2
2.9046937953490595,18.342353559143913,9.84,0.0,0.0,19:40:00,2
2.831145101969945,18.30400979661077,9.59,0.0,0.0,19:41:00,2
2.7593051961266744,18.265984784138073,9.35,0.0,0.0,19:42:00,2
2.689138609253294,18.228277657613084,9.11,0.0,0.0,19:43:00,2
1.8925388034792618,18.19088752771889,6.41,0.0,0.0,19:44:00,2
0.846439986861025,18.153813480356572,2.87,0.0,0.0,19:45:00,2
2.4883334062026314,18.117054577067048,8.44,0.0,0.0,19:46:00,2
2.4245177912376628,18.080609855452533,8.22,0.0,0.0,19:47:00,2
2.362207366968935,18.04447832959747,8.01,0.0,0.0,19:48:00,2
2.3013702935250704,18.008658990488904,7.8,0.0,0.0,19:49:00,2
2.24197530746006,17.973150806436166,7.6,0.0,0.0,19:50:00,2
2.183991713774936,17.937952723489886,7.41,0.0,0.0,19:51:00,2
2.1273893779890174,17.903063665860074,7.22,0.0,0.0,19:52:00,2
2.0721387182621105,17.868482536333325,7.03,0.0,0.0,19:53:00,2
2.018210697569002,17.83420821668904,6.85,0.0,0.0,19:54:00,2
0.8344710750329174,17.800239568114566,2.83,0.0,0.0,19:55:00,2
1.9142091026803805,17.766575431619167,6.5,0.0,0.0,19:56:00,2
1.864080108834802,17.733214628446742,6.33,0.0,0.0,19:57:00,2
1.176132112036419,17.70015596048727,3.99,0.0,0.0,19:58:00,2
1.7674310461222857,17.667398210686866,6.0,0.0,0.0,19:59:00,2
1.7208586194337292,17.634940143456348,5.84,0.0,0.0,20:00:00,2
1.6754201815865777,17.602780505078286,5.69,0.0,0.0,20:01:00,2
1.6310907790038809,17.57091802411243,5.54,0.0,0.0,20:02:00,2
1.123642878109562,17.539351411799533,3.82,0.0,0.0,20:03:00,2
1.545661642683153,17.50807936246333,5.25,0.0,0.0,20:04:00,2
1.504514357480469,17.477100553910763,5.11,0.0,0.0,20:05:00,2
1.4643809903140417,17.446413647830312,4.98,0.0,0.0,20:06:00,2
1.4252389004008033,17.416017290188435,4.85,0.0,0.0,20:07:00,2
1.0373386879387778,17.38591011162391,3.53,0.0,0.0,20:08:00,2
1.3498401889577147,17.35609072784017,4.59,0.0,0.0,20:09:00,2
1.313540464915123,17.326557739995494,4.47,0.0,0.0,20:10:00,2
0.6210489338880504,17.297309735091027,2.11,0.0,0.0,20:11:00,2
1.2436356899009926,17.268345286356535,4.23,0.0,0.0,20:12:00,2
1.2099900409747715,17.23966295363382,4.12,0.0,0.0,20:13:00,2
1.1771891581880614,17.211261283757846,4.01,0.0,0.0,20:14:00,2
0.6061223609030741,17.183138810935404,2.06,0.0,0.0,20:15:00,2
1.1140448780249137,17.155294057121335,3.79,0.0,0.0,20:16:00,2
0.40321715810298964,17.12772553239218,1.37,0.0,0.0,20:17:00,2
1.0540530634244987,17.10043173531733,3.59,0.0,0.0,20:18:00,2
1.0251941693924853,17.07341115332751,3.49,0.0,0.0,20:19:00,2
0.9970699310098485,17.04666226308062,3.39,0.0,0.0,20:20:00,2
0.969663280657584,17.020183530824823,3.3,0.0,0.0,20:21:00,2
0.9429575012809515,16.993973412758923,3.21,0.0,0.0,20:22:00,2
0.916936220422182,16.96803035538991,3.12,0.0,0.0,20:23:00,2
0.8915834043228305,16.942352795887665,3.04,0.0,0.0,20:24:00,2
0.8668833520957889,16.91693916243677,2.95,0.0,0.0,20:25:00,2
0.8428206899670226,16.891787874585383,2.87,0.0,0.0,20:26:00,2
0.4408728711421537,16.866897343591194,1.5,0.0,0.0,20:27:00,2
0.7965476424112643,16.842265972764316,2.71,0.0,0.0,20:28:00,2
0.5519648579862734,16.817892157807147,1.88,0.0,0.0,20:29:00,2
0.5668157618579199,16.793774287151184,1.93,0.0,0.0,20:30:00,2
0.7315523356939724,16.769910742290715,2.49,0.0,0.0,20:31:00,2
0.7110087752230487,16.74629989811335,2.42,0.0,0.0,20:32:00,2
0.34800260872975247,16.72294012322739,1.19,0.0,0.0,20:33:00,2
0.4269713444367018,16.69982978028599,1.46,0.0,0.0,20:34:00,2
0.6525573314387061,16.676967226308115,2.22,0.0,0.0,20:35:00,2
0.6340909995921836,16.654350812996178,2.16,0.0,0.0,20:36:00,2
0.6161129584483644,16.631978887050437,2.1,0.0,0.0,20:37:00,2
0.5986113356888301,16.609849790480062,2.04,0.0,0.0,20:38:00,2
0.5815745175436422,16.587961860910884,1.98,0.0,0.0,20:39:00,2
0.4182312736283016,16.566313431889746,1.43,0.0,0.0,20:40:00,2
0.5488501040444,16.544902833185503,1.87,0.0,0.0,20:41:00,2
0.5331405310545546,16.52372839108661,1.82,0.0,0.0,20:42:00,2
0.5178517981463971,16.502788428695304,1.77,0.0,0.0,20:43:00,2
0.5029735136700669,16.48208126621833,1.72,0.0,0.0,20:44:00,2
0.4884955167379447,16.46160522125418,1.67,0.0,0.0,20:45:00,2
0.17240113946361127,16.44135860907694,0.59,0.0,0.0,20:46:00,2
0.20409261076809096,16.421339742916572,0.7,0.0,0.0,20:47:00,2
0.2288719342046795,16.401546934235746,0.78,0.0,0.0,20:48:00,2
0.43439101869829533,16.381978493003103,1.48,0.0,0.0,20:49:00,2
0.3048746772563157,16.362632727963057,1.04,0.0,0.0,20:50:00,2
0.17829307053949434,16.343507946902026,0.61,0.0,0.0,20:51:00,2
0.26031148408349036,16.32460245691111,0.89,0.0,0.0,20:52:00,2
0.38593531120174324,16.305914564645228,1.32,0.0,0.0,20:53:00,2
0.2979618569910385,16.287442576578687,1.02,0.0,0.0,20:54:00,2
0.3636523425687764,16.269184799257218,1.24,0.0,0.0,20:55:00,2
0.3529686100042646,16.25113953954637,1.21,0.0,0.0,20:56:00,2
0.12144427280091989,16.233305104876386,0.41,0.0,0.0,20:57:00,2
0.16524538497574634,16.21567980348347,0.56,0.0,0.0,20:58:00,2
0.32265634063389104,16.198261944647495,1.1,0.0,0.0,20:59:00,2
0.3131073446252192,16.18104983892609,1.07,0.0,0.0,21:00:00,2
0.23040119946291676,16.164041798385163,0.79,0.0,0.0,21:01:00,2
0.29479958931293637,16.147236136825857,1.01,0.0,0.0,21:02:00,2
0.2860272707969617,16.130631170007884,0.98,0.0,0.0,21:03:00,2
0.11551098418788622,16.114225215869315,0.39,0.0,0.0,21:04:00,2
0.09659600403599175,16.098016594742752,0.33,0.0,0.0,21:05:00,2
0.26115850881097963,16.082003629567964,0.89,0.0,0.0,21:06:00,2
0.2533308638867693,16.066184646100954,0.87,0.0,0.0,21:07:00,2
0.24572416449096637,16.05055797311941,0.84,0.0,0.0,21:08:00,2
0.18054913639494202,16.035121942624674,0.62,0.0,0.0,21:09:00,2
0.2311505386912318,16.019874890040093,0.79,0.0,0.0,21:10:00,2
0.22417242496265874,16.00481515440589,0.77,0.0,0.0,21:11:00,2
0.15834931823733253,15.989941078570457,0.54,0.0,0.0,21:12:00,2
0.21080663044825876,15.975251009378137,0.72,0.0,0.0,21:13:00,2
0.20440855274948877,15.960743297853513,0.7,0.0,0.0,21:14:00,2
0.1981936332638452,15.946416299382179,0.68,0.0,0.0,21:15:00,2
0.19215698415101487,15.932268373888023,0.66,0.0,0.0,21:16:00,2
0.18629383701527621,15.918297886007037,0.64,0.0,0.0,21:17:00,2
0.18059954031231512,15.904503205257663,0.62,0.0,0.0,21:18:00,2
0.11107345266216183,15.890882706207707,0.38,0.0,0.0,21:19:00,2
0.16969946105412764,15.877434768637793,0.58,0.0,0.0,21:20:00,2
0.16448493698370575,15.864157777701408,0.56,0.0,0.0,21:21:00,2
0.12198214256614899,15.851050124081558,0.42,0.0,0.0,21:22:00,2
0.1545058719034009,15.838110204144034,0.53,0.0,0.0,21:23:00,2
0.07671730257243266,15.825336420087293,0.26,0.0,0.0,21:24:00,2
0.06975008304730229,15.812727180089013,0.24,0.0,0.0,21:25:00,2
0.14060218381894857,15.800280898449294,0.48,0.0,0.0,21:26:00,2
0.1362362778959545,15.787995995730583,0.47,0.0,0.0,21:27:00,2
0.0896101452067447,15.775870898894258,0.31,0.0,0.0,21:28:00,2
0.12788561430713835,15.76390404143398,0.44,0.0,0.0,21:29:00,2
0.07216448556923719,15.75209386350577,0.25,0.0,0.0,21:30:00,2
0.09397692594607787,15.740438812054874,0.32,0.0,0.0,21:31:00,2
0.11626095141583603,15.728937340939412,0.4,0.0,0.0,21:32:00,2
0.11261328056344556,15.717587911050826,0.39,0.0,0.0,21:33:00,2
0.10907398660672081,15.70638899043119,0.37,0.0,0.0,21:34:00,2
0.10564005099847597,15.695339054387375,0.36,0.0,0.0,21:35:00,2
0.10230853283514918,15.68443658560208,0.35,0.0,0.0,21:36:00,2
0.041424447923582165,15.673680074241789,0.14,0.0,0.0,21:37:00,2
0.09594136268115992,15.66306801806165,0.33,0.0,0.0,21:38:00,2
0.09290020107787304,15.65259892250733,0.32,0.0,0.0,21:39:00,2
0.08995043427122063,15.642271300813821,0.31,0.0,0.0,21:40:00,2
0.08708948328193733,15.632083674101285,0.3,0.0,0.0,21:41:00,2
0.08431483650088806,15.622034571467912,0.29,0.0,0.0,21:42:00,2
0.08162404809629664,15.61212253007986,0.28,0.0,0.0,21:43:00,2
0.07901473645366788,15.60234609525826,0.27,0.0,0.0,21:44:00,2
0.07648458264788074,15.59270382056335,0.26,0.0,0.0,21:45:00,2
0.07403132894692634,15.583194267875749,0.25,0.0,0.0,21:46:00,2
0.07165277734677009,15.5738160074749,0.25,0.0,0.0,21:47:00,2
0.03149853547951651,15.564567618114713,0.11,0.0,0.0,21:48:00,2
0.06711127849549128,15.555447687096425,0.23,0.0,0.0,21:49:00,2
0.0649442211153703,15.546454810338727,0.22,0.0,0.0,21:50:00,2
0.06284364285746118,15.53758759244517,0.22,0.0,0.0,21:51:00,2
0.020735359789596237,15.528844646768887,0.07,0.0,0.0,21:52:00,2
0.05883429411956478,15.520224595474636,0.2,0.0,0.0,21:53:00,2
0.05692183648932095,15.511726069598245,0.19,0.0,0.0,21:54:00,2
0.0550684811850521,15.503347709103448,0.19,0.0,0.0,21:55:00,2
0.05327250670736606,15.495088162936133,0.18,0.0,0.0,21:56:00,2
0.051532238234287826,15.486946089076072,0.18,0.0,0.0,21:57:00,2
0.04984604646554914,15.478920154586135,0.17,0.0,0.0,21:58:00,2
0.04821234649214631,15.471009035659018,0.17,0.0,0.0,21:59:00,2
0.0466295966907093,15.463211417661546,0.16,0.0,0.0,22:00:00,2
0.02237526502761552,15.455525995176519,0.08,0.0,0.0,22:01:00,2
0.04361099107475132,15.447951472042208,0.15,0.0,0.0,22:02:00,2
0.04217225882944266,15.440486561389479,0.14,0.0,0.0,22:03:00,2
0.04077872184985251,15.433129985676587,0.14,0.0,0.0,22:04:00,2
0.03942903919368799,15.42588047672168,0.14,0.0,0.0,22:05:00,2
0.038121907066834666,15.418736775733047,0.13,0.0,0.0,22:06:00,2
0.022139301073481596,15.411697633337123,0.08,0.0,0.0,22:07:00,2
0.03563025932165508,15.4047618096043,0.12,0.0,0.0,22:08:00,2
0.0170968490891203,15.39792807407256,0.06,0.0,0.0,22:09:00,2
0.020492066236866665,15.391195205768975,0.07,0.0,0.0,22:10:00,2
0.01886972798216943,15.384561993229108,0.06,0.0,0.0,22:11:00,2
0.011055992321806214,15.378027234514322,0.04,0.0,0.0,22:12:00,2
0.017029899511430715,15.37158973722705,0.06,0.0,0.0,22:13:00,2
0.029051744334052634,15.365248318524051,0.1,0.0,0.0,22:14:00,2
0.015107204811384875,15.3590018051277,0.05,0.0,0.0,22:15:00,2
0.008654411392132967,15.352849033335303,0.03,0.0,0.0,22:16:00,2
0.02621335777246044,15.346788849026495,0.09,0.0,0.0,22:17:00,2
0.015124666344309813,15.340820107668769,0.05,0.0,0.0,22:18:00,2
0.02447008497865063,15.334941674321133,0.08,0.0,0.0,22:19:00,2
0.012816629405809656,15.329152423635943,0.04,0.0,0.0,22:20:00,2
0.022837662787591466,15.323451239858937,0.08,0.0,0.0,22:21:00,2
0.012509553489876854,15.31783701682751,0.04,0.0,0.0,22:22:00,2
0.007356750894144884,15.312308657967268,0.03,0.0,0.0,22:23:00,2
0.008302864813060853,15.306865076286847,0.03,0.0,0.0,22:24:00,2
0.019878979268990876,15.301505194371089,0.07,0.0,0.0,22:25:00,2
0.019198587808411816,15.296227944372562,0.07,0.0,0.0,22:26:00,2
0.01854045240266695,15.291032268001489,0.06,0.0,0.0,22:27:00,2
0.006230156349600976,15.28591711651406,0.02,0.0,0.0,22:28:00,2
0.017288206020146035,15.280881450699233,0.06,0.0,0.0,22:29:00,2
0.016692773050371625,15.275924240863985,0.06,0.0,0.0,22:30:00,2
0.016116951071317182,15.271044466817095,0.06,0.0,0.0,22:31:00,2
0.011988670560184702,15.266241117851454,0.04,0.0,0.0,22:32:00,2
0.015021704052350615,15.261513192724943,0.05,0.0,0.0,22:33:00,2
0.014501105663006355,15.256859699639916,0.05,0.0,0.0,22:34:00,2
0.01071485032744219,15.252279656221317,0.04,0.0,0.0,22:35:00,2
0.013511154652007003,15.247772089493438,0.05,0.0,0.0,22:36:00,2
0.005433832041811362,15.243336035855373,0.02,0.0,0.0,22:37:00,2
0.004094083823885911,15.238970541055188,0.01,0.0,0.0,22:38:00,2
0.012146419588565988,15.23467466016284,0.04,0.0,0.0,22:39:00,2
0.011721554976577765,15.23044745754185,0.04,0.0,0.0,22:40:00,2
0.011310922253261347,15.226288006819797,0.04,0.0,0.0,22:41:00,2
0.01091406773094091,15.222195390857626,0.04,0.0,0.0,22:42:00,2
0.010530551368675282,15.218168701717829,0.04,0.0,0.0,22:43:00,2
0.010159946389648504,15.214207040631486,0.03,0.0,0.0,22:44:00,2
0.009801838908370445,15.210309517964243,0.03,0.0,0.0,22:45:00,2
0.009455827567464976,15.206475253181212,0.03,0.0,0.0,22:46:00,2
0.009121523183827394,15.202703374810843,0.03,0.0,0.0,22:47:00,2
0.008798548403936481,15.198993020407793,0.03,0.0,0.0,22:48:00,2
0.008486537368111195,15.1953433365148,0.03,0.0,0.0,22:49:00,2
0.0037040765023274216,15.191753478623621,0.01,0.0,0.0,22:50:00,2
0.007893998605644634,15.188222611135027,0.03,0.0,0.0,22:51:00,2
0.007612793728286467,15.184749907317906,0.03,0.0,0.0,22:52:00,2
0.007341197681443419,15.18133454926748,0.03,0.0,0.0,22:53:00,2
0.00405696232814149,15.17797572786267,0.01,0.0,0.0,22:54:00,2
0.0026226733775437105,15.174672642722657,0.01,0.0,0.0,22:55:00,2
0.006580979247368107,15.171424502162601,0.02,0.0,0.0,22:56:00,2
0.004351345834763005,15.168230523148624,0.01,0.0,0.0,22:57:00,2
0.004821777213858854,15.165089931252009,0.02,0.0,0.0,22:58:00,2
0.005896532202143085,15.162001960602693,0.02,0.0,0.0,22:59:00,2
0.005683952026325038,15.158965853842039,0.02,0.0,0.0,23:00:00,2
0.005478730927608561,15.155980862074937,0.02,0.0,0.0,23:01:00,2
0.005280625625119344,15.153046244821244,0.02,0.0,0.0,23:02:00,2
0.005089400462137663,15.150161269966588,0.02,0.0,0.0,23:03:00,2
0.004904827181906706,15.147325213712563,0.02,0.0,0.0,23:04:00,2
0.0014376612842900134,15.144537360526325,0.0,0.0,0.0,23:05:00,2
0.004554758939824975,15.14179700308964,0.02,0.0,0.0,23:06:00,2
0.004388842530939441,15.139103442247361,0.02,0.0,0.0,23:07:00,2
0.0042287347036660825,15.136455986955411,0.01,0.0,0.0,23:08:00,2
0.004074241046237112,15.13385395422823,0.01,0.0,0.0,23:09:00,2
0.00392517332450937,15.131296669085774,0.01,0.0,0.0,23:10:00,2
0.0018071813604747216,15.128783464500026,0.01,0.0,0.0,23:11:00,2
0.002286474120027654,15.126313681341088,0.01,0.0,0.0,23:12:00,2
0.0010555274495791566,15.12388666832284,0.0,0.0,0.0,23:13:00,2
0.001602243509096279,15.121501781948202,0.01,0.0,0.0,23:14:00,2
0.0032550451585202436,15.119158386454032,0.01,0.0,0.0,23:15:00,2
0.0031349034580052232,15.11685585375563,0.01,0.0,0.0,23:16:00,2
0.0017107764354474552,15.114593563390937,0.01,0.0,0.0,23:17:00,2
0.0008771450578520691,15.112370902464384,0.0,0.0,0.0,23:18:00,2
0.0027995012341024083,15.110187265590467,0.01,0.0,0.0,23:19:00,2
0.0026955734617513,15.108042054836991,0.01,0.0,0.0,23:20:00,2
0.0025953594790619223,15.105934679668103,0.01,0.0,0.0,23:21:00,2
0.00249873216037695,15.103864556887027,0.01,0.0,0.0,23:22:00,2
0.0024055685221764985,15.101831110578596,0.01,0.0,0.0,23:23:00,2
0.0023157495957196413,15.099833772051554,0.01,0.0,0.0,23:24:00,2
0.0022291603033351742,15.097871979780674,0.01,0.0,0.0,23:25:00,2
0.0021456893382660143,15.095945179348675,0.01,0.0,0.0,23:26:00,2
0.0009375771856775705,15.094052823387997,0.0,0.0,0.0,23:27:00,2
0.001987675320813711,15.092194371522407,0.01,0.0,0.0,23:28:00,2
0.001417665489067058,15.090369290308482,0.0,0.0,0.0,23:29:00,2
0.001044882193554405,15.088577053176977,0.0,0.0,0.0,23:30:00,2
0.001297949624488753,15.086817140374077,0.0,0.0,0.0,23:31:00,2
0.001278713444701384,15.085089038902584,0.0,0.0,0.0,23:32:00,2
0.0008937949503446985,15.083392242463004,0.0,0.0,0.0,23:33:00,2
0.0015779796128237453,15.081726251394599,0.01,0.0,0.0,23:34:00,2
0.0005586389364183845,15.080090572616385,0.0,0.0,0.0,23:35:00,2
0.0006130857079462303,15.078484719568092,0.0,0.0,0.0,23:36:00,2
0.0004872668035870485,15.076908212151128,0.0,0.0,0.0,23:37:00,2
0.00057647851817453,15.07536057666952,0.0,0.0,0.0,23:38:00,2
0.0012998709715786251,15.073841345770866,0.0,0.0,0.0,23:39:00,2
0.0006346389021054182,15.072350058387332,0.0,0.0,0.0,23:40:00,2
0.0008621854187716143,15.070886259676653,0.0,0.0,0.0,23:41:00,2
0.0003560410471061671,15.069449500963204,0.0,0.0,0.0,23:42:00,2
0.0011119990927241682,15.068039339679117,0.0,0.0,0.0,23:43:00,2
0.001069288946079087,15.066655339305479,0.0,0.0,0.0,23:44:00,2
0.0010281620282733288,15.065297069313605,0.0,0.0,0.0,23:45:00,2
0.000988561933153248,15.063964105106413,0.0,0.0,0.0,23:46:00,2
0.0009504341756536557,15.062656027959894,0.0,0.0,0.0,23:47:00,2
0.0009137261296967197,15.06137242496471,0.0,0.0,0.0,23:48:00,2
0.0008783869679772921,15.060112888967895,0.0,0.0,0.0,23:49:00,2
0.0008443676035816093,15.058877018514734,0.0,0.0,0.0,23:50:00,2
0.0008116206333876776,15.057664417790738,0.0,0.0,0.0,23:51:00,2
0.0007801002831968906,15.05647469656382,0.0,0.0,0.0,23:52:00,2
0.0007497623545478319,15.055307470126598,0.0,0.0,0.0,23:53:00,2
0.0007205641731644978,15.054162359238914,0.0,0.0,0.0,23:54:00,2
0.000692464538992223,15.053038990070494,0.0,0.0,0.0,23:55:00,2
0.0006654236777759767,15.051936994143835,0.0,0.0,0.0,23:56:00,2
0.0006394031941367918,15.050856008277282,0.0,0.0,0.0,23:57:00,2
0.0004501050926295106,15.0497956745283,0.0,0.0,0.0,23:58:00,2
0.0003382344157763064,15.04875564013699,0.0,0.0,0.0,23:59:00,2
0.0005183730434205973,15.000016355695166,0.0,0.0,0.0,00:00:00,3
0.0005395282382210208,15.000016891359769,0.0,0.0,0.0,00:01:00,3
0.0005615155529246563,15.000017443920918,0.0,0.0,0.0,00:02:00,3
0.0005843664025794675,15.000018013889683,0.0,0.0,0.0,00:03:00,3
0.0006081133345257482,15.000018601791883,0.0,0.0,0.0,00:04:00,3
0.0006327900670849663,15.000019208168471,0.0,0.0,0.0,00:05:00,3
0.0004360238420837257,15.000019833575962,0.0,0.0,0.0,00:06:00,3
0.0006850739030907501,15.000020478586844,0.0,0.0,0.0,00:07:00,3
0.00071275466388153,15.000021143790022,0.0,0.0,0.0,00:08:00,3
0.0005885765685571222,15.000021829791255,0.0,0.0,0.0,00:09:00,3
0.0007713879888752354,15.000022537213615,0.0,0.0,0.0,00:10:00,3
0.0008024223801869182,15.000023266697962,0.0,0.0,0.0,00:11:00,3
0.000834658907797828,15.00002401890341,0.0,0.0,0.0,00:12:00,3
0.0003495899376288916,15.000024794507828,0.0,0.0,0.0,00:13:00,3
0.0006756076683022656,15.000025594208342,0.0,0.0,0.0,00:14:00,3
0.0009390356183697347,15.000026418721852,0.0,0.0,0.0,00:15:00,3
0.0009765431125906293,15.00002726878556,0.0,0.0,0.0,00:16:00,3
0.0010154922562115867,15.000028145157517,0.0,0.0,0.0,00:17:00,3
0.0010559361290071018,15.000029048617172,0.0,0.0,0.0,00:18:00,3
0.0010979296718594204,15.000029979965953,0.0,0.0,0.0,00:19:00,3
0.0011415297484118237,15.000030940027841,0.0,0.0,0.0,00:20:00,3
0.001186795208630129,15.000031929649975,0.0,0.0,0.0,00:21:00,3
0.0012337869543266571,15.000032949703265,0.0,0.0,0.0,00:22:00,3
0.000488403252967652,15.000034001083021,0.0,0.0,0.0,00:23:00,3
0.0013332035759638606,15.000035084709594,0.0,0.0,0.0,00:24:00,3
0.0006325856476505678,15.000036201529047,0.0,0.0,0.0,00:25:00,3
0.0014403104836991924,15.000037352513814,0.0,0.0,0.0,00:26:00,3
0.0014969238444022717,15.00003853866341,0.01,0.0,0.0,00:27:00,3
0.0010415090768682194,15.000039761005135,0.0,0.0,0.0,00:28:00,3
0.0016166439902918894,15.000041020594796,0.01,0.0,0.0,00:29:00,3
0.0007819792019407423,15.000042318517464,0.0,0.0,0.0,00:30:00,3
0.0017455505650205332,15.000043655888224,0.01,0.0,0.0,00:31:00,3
0.0013679227523079958,15.000045033852967,0.0,0.0,0.0,00:32:00,3
0.001884316416040969,15.000046453589185,0.01,0.0,0.0,00:33:00,3
0.001176848517469087,15.000047916306798,0.0,0.0,0.0,00:34:00,3
0.0020336611180540726,15.000049423248983,0.01,0.0,0.0,00:35:00,3
0.0021125389288235543,15.000050975693043,0.01,0.0,0.0,00:36:00,3
0.001187410977590467,15.000052574951287,0.0,0.0,0.0,00:37:00,3
0.0022792108739637077,15.000054222371928,0.01,0.0,0.0,00:38:00,3
0.0023672174876569405,15.000055919340003,0.01,0.0,0.0,00:39:00,3
0.002458485503036109,15.00005766727833,0.01,0.0,0.0,00:40:00,3
0.0025531303129030162,15.00005946764847,0.01,0.0,0.0,00:41:00,3
0.0016949419202986532,15.000061321951708,0.01,0.0,0.0,00:42:00,3
0.002753031365387008,15.000063231730087,0.01,0.0,0.0,00:43:00,3
0.002858538241193415,15.000065198567428,0.01,0.0,0.0,00:44:00,3
0.0018968774541759902,15.000067224090403,0.01,0.0,0.0,00:45:00,3
0.003081322944417244,15.000069309969618,0.01,0.0,0.0,00:46:00,3
0.0031988772991096205,15.000071457920729,0.01,0.0,0.0,00:47:00,3
0.0033207316775945277,15.000073669705586,0.01,0.0,0.0,00:48:00,3
0.0024523683901640217,15.000075947133382,0.01,0.0,0.0,00:49:00,3
0.0035779453947124462,15.00007829206187,0.01,0.0,0.0,00:50:00,3
0.0037136197114347835,15.000080706398562,0.01,0.0,0.0,00:51:00,3
0.003854224318955317,15.000083192101993,0.01,0.0,0.0,00:52:00,3
0.003999929947155056,15.000085751182993,0.01,0.0,0.0,00:53:00,3
0.004150912917719484,15.000088385705997,0.01,0.0,0.0,00:54:00,3
0.004307355315555449,15.000091097790378,0.01,0.0,0.0,00:55:00,3
0.002078607229224196,15.000093889611826,0.01,0.0,0.0,00:56:00,3
0.004637376611294592,15.000096763403736,0.02,0.0,0.0,00:57:00,3
0.0048113501063984185,15.00009972145865,0.02,0.0,0.0,00:58:00,3
0.004991572601021971,15.000102766129716,0.02,0.0,0.0,00:59:00,3
0.0051782577412587995,15.000105899832189,0.02,0.0,0.0,01:00:00,3
0.005371626071001104,15.000109125044961,0.02,0.0,0.0,01:01:00,3
0.0023940827576763054,15.000112444312133,0.01,0.0,0.0,01:02:00,3
0.005779330217235428,15.000115860244614,0.02,0.0,0.0,01:03:00,3
0.005994143511311791,15.00011937552176,0.02,0.0,0.0,01:04:00,3
0.006216595395402051,15.00012299289305,0.02,0.0,0.0,01:05:00,3
0.0022083064661634058,15.000126715179801,0.01,0.0,0.0,01:06:00,3
0.006685456248636817,15.00013054527692,0.02,0.0,0.0,01:07:00,3
0.006932406707506619,15.000134486154689,0.02,0.0,0.0,01:08:00,3
0.003257773076973408,15.000138540860611,0.01,0.0,0.0,01:09:00,3
0.007452766527236406,15.000142712521262,0.03,0.0,0.0,01:10:00,3
0.007726770553032011,15.000147004344221,0.03,0.0,0.0,01:11:00,3
0.008010402795995727,15.000151419620018,0.03,0.0,0.0,01:12:00,3
0.008303984549331804,15.000155961724134,0.03,0.0,0.0,01:13:00,3
0.0032089728309440727,15.000160634119048,0.01,0.0,0.0,01:14:00,3
0.008922332523487323,15.000165440356318,0.03,0.0,0.0,01:15:00,3
0.006088517638785947,15.000170384078723,0.02,0.0,0.0,01:16:00,3
0.009584592058333343,15.000175469022437,0.03,0.0,0.0,01:17:00,3
0.009933104528359753,15.000180699019264,0.03,0.0,0.0,01:18:00,3
0.007895368833089065,15.00018607799891,0.03,0.0,0.0,01:19:00,3
0.010666827400723672,15.00019160999131,0.04,0.0,0.0,01:20:00,3
0.006639681591220086,15.000197299129008,0.02,0.0,0.0,01:21:00,3
0.011452199000038342,15.00020314964958,0.04,0.0,0.0,01:22:00,3
0.011865319949354528,15.000209165898122,0.04,0.0,0.0,01:23:00,3
0.012292659724932048,15.000215352329773,0.04,0.0,0.0,01:24:00,3
0.012734682027002705,15.00022171351232,0.04,0.0,0.0,01:25:00,3
0.006078378866355485,15.000228254128823,0.02,0.0,0.0,01:26:00,3
0.013664700377268156,15.000234978980329,0.05,0.0,0.0,01:27:00,3
0.014153696408238884,15.000241892988623,0.05,0.0,0.0,01:28:00,3
0.007126456334085812,15.000249001199048,0.02,0.0,0.0,01:29:00,3
0.009109043592643088,15.00025630878338,0.03,0.0,0.0,01:30:00,3
0.015722955930607328,15.000263821042761,0.05,0.0,0.0,01:31:00,3
0.016281983696393075,15.000271543410703,0.06,0.0,0.0,01:32:00,3
0.016859949633449438,15.00027948145615,0.06,0.0,0.0,01:33:00,3
0.01745746054783886,15.000287640886599,0.06,0.0,0.0,01:34:00,3
0.018075141448368453,15.000296027551293,0.06,0.0,0.0,01:35:00,3
0.012523820036695218,15.000304647444484,0.04,0.0,0.0,01:36:00,3
0.019373607290687333,15.00031350670875,0.07,0.0,0.0,01:37:00,3
0.02005573785879123,15.000322611638397,0.07,0.0,0.0,01:38:00,3
0.020760730736540868,15.000331968682923,0.07,0.0,0.0,01:39:00,3
0.021489309754622366,15.000341584450547,0.07,0.0,0.0,01:40:00,3
0.022242220161294287,15.000351465711828,0.08,0.0,0.0,01:41:00,3
0.013199988701341788,15.000361619403346,0.05,0.0,0.0,01:42:00,3
0.023824126732852474,15.000372052631452,0.08,0.0,0.0,01:43:00,3
0.024654725799476643,15.000382772676113,0.08,0.0,0.0,01:44:00,3
0.02551286329619344,15.000393786994827,0.09,0.0,0.0,01:45:00,3
0.009785784003852126,15.000405103226607,0.03,0.0,0.0,01:46:00,3
0.027315224186619916,15.000416729196056,0.09,0.0,0.0,01:47:00,3
0.02826124639154007,15.000428672917533,0.1,0.0,0.0,01:48:00,3
0.02923840601039492,15.00044094259938,0.1,0.0,0.0,01:49:00,3
0.030247669048256418,15.000453546648254,0.1,0.0,0.0,01:50:00,3
0.031290029432614774,15.000466493673539,0.11,0.0,0.0,01:51:00,3
0.03236650975223196,15.000479792491838,0.11,0.0,0.0,01:52:00,3
0.013731059651025213,15.00049345213157,0.05,0.0,0.0,01:53:00,3
0.03462606841372008,15.000507481837644,0.12,0.0,0.0,01:54:00,3
0.03581134213443125,15.000521891076238,0.12,0.0,0.0,01:55:00,3
0.03703512815050205,15.00053668953966,0.13,0.0,0.0,01:56:00,3
0.023815156976649408,15.000551887151307,0.08,0.0,0.0,01:57:00,3
0.03960298093227535,15.000567494070737,0.14,0.0,0.0,01:58:00,3
0.040949504175976856,15.00058352069882,0.14,0.0,0.0,01:59:00,3
0.03117418513791584,15.000599977682993,0.11,0.0,0.0,02:00:00,3
0.043774148454164816,15.000616875922633,0.15,0.0,0.0,02:01:00,3
0.04525494009243375,15.000634226574514,0.16,0.0,0.0,02:02:00,3
0.027263903193150293,15.000652041058375,0.09,0.0,0.0,02:03:00,3
0.04836042257044235,15.000670331062613,0.17,0.0,0.0,02:04:00,3
0.04998801504727875,15.000689108550056,0.17,0.0,0.0,02:05:00,3
0.03142137686394226,15.000708385763868,0.11,0.0,0.0,02:06:00,3
0.05340046250580718,15.000728175233562,0.18,0.0,0.0,02:07:00,3
0.03495339850105511,15.000748489781119,0.12,0.0,0.0,02:08:00,3
0.05703316868488578,15.000769342527237,0.2,0.0,0.0,02:09:00,3
0.058936250236833285,15.000790746897684,0.2,0.0,0.0,02:10:00,3
0.06089944567256077,15.000812716629785,0.21,0.0,0.0,02:11:00,3
0.06292453534702189,15.000835265779017,0.22,0.0,0.0,02:12:00,3
0.06501334836698891,15.00085840872574,0.22,0.0,0.0,02:13:00,3
0.06716776379842171,15.000882160182046,0.23,0.0,0.0,02:14:00,3
0.024723952740521818,15.000906535198732,0.08,0.0,0.0,02:15:00,3
0.07168117538201688,15.000931549172419,0.25,0.0,0.0,02:16:00,3
0.07404419069483074,15.000957217852784,0.25,0.0,0.0,02:17:00,3
0.05608770615453368,15.000983557349933,0.19,0.0,0.0,02:18:00,3
0.04183883023104653,15.001010584141916,0.14,0.0,0.0,02:19:00,3
0.02865398880768888,15.001038315082369,0.1,0.0,0.0,02:20:00,3
0.039981656185880385,15.001066767408293,0.14,0.0,0.0,02:21:00,3
0.08700775010625776,15.001095958748001,0.3,0.0,0.0,02:22:00,3
0.08984602033681624,15.001125907129168,0.31,0.0,0.0,02:23:00,3
0.05551784574815464,15.001156630987065,0.19,0.0,0.0,02:24:00,3
0.0957873536772899,15.001188149172913,0.33,0.0,0.0,02:25:00,3
0.04762882120406839,15.001220480962408,0.16,0.0,0.0,02:26:00,3
0.10209885251815612,15.001253646064383,0.35,0.0,0.0,02:27:00,3
0.10540008535235215,15.001287664629631,0.36,0.0,0.0,02:28:00,3
0.062319686015956416,15.001322557259892,0.21,0.0,0.0,02:29:00,3
0.11230747998643797,15.001358345016984,0.39,0.0,0.0,02:30:00,3
0.0757424305300129,15.001395049432109,0.26,0.0,0.0,02:31:00,3
0.09090642271085855,15.001432692515309,0.31,0.0,0.0,02:32:00,3
0.12347500562003938,15.001471296765107,0.42,0.0,0.0,02:33:00,3
0.12742486729137084,15.001510885178293,0.44,0.0,0.0,02:34:00,3
0.0856616929006407,15.001551481259906,0.29,0.0,0.0,02:35:00,3
0.13568504331460135,15.00159310903336,0.47,0.0,0.0,02:36:00,3
0.140002125752142,15.001635793050776,0.48,0.0,0.0,02:37:00,3
0.14444852822931564,15.001679558403463,0.5,0.0,0.0,02:38:00,3
0.0680590945110186,15.001724430732603,0.23,0.0,0.0,02:39:00,3
0.15374380342480767,15.001770436240104,0.53,0.0,0.0,02:40:00,3
0.15860016288050252,15.001817601699639,0.54,0.0,0.0,02:41:00,3
0.16360082004174284,15.001865954467876,0.56,0.0,0.0,02:42:00,3
0.168749759452732,15.001915522495903,0.58,0.0,0.0,02:43:00,3
0.17405106603907086,15.001966334340835,0.6,0.0,0.0,02:44:00,3
0.17950892734374305,15.002018419177615,0.62,0.0,0.0,02:45:00,3
0.18512763580441854,15.002071806811028,0.64,0.0,0.0,02:46:00,3
0.11600113699910322,15.002126527687896,0.4,0.0,0.0,02:47:00,3
0.19686530237513938,15.002182612909484,0.68,0.0,0.0,02:48:00,3
0.20299339091864477,15.002240094244119,0.7,0.0,0.0,02:49:00,3
0.16635749231114041,15.002299004139994,0.57,0.0,0.0,02:50:00,3
0.21579175918470098,15.002359375738212,0.74,0.0,0.0,02:51:00,3
0.2224718634699674,15.002421242886015,0.76,0.0,0.0,02:52:00,3
0.14205382813529718,15.002484640150241,0.49,0.0,0.0,02:53:00,3
0.23641938520166889,15.002549602831008,0.81,0.0,0.0,02:54:00,3
0.2436973674035645,15.002616166975598,0.84,0.0,0.0,02:55:00,3
0.2511854219463403,15.002684369392574,0.86,0.0,0.0,02:56:00,3
0.2588891577535693,15.002754247666136,0.89,0.0,0.0,02:57:00,3
0.2668143193847849,15.00282584017068,0.92,0.0,0.0,02:58:00,3
0.11249724351978889,15.002899186085607,0.39,0.0,0.0,02:59:00,3
0.28335259375780797,15.002974325410362,0.97,0.0,0.0,03:00:00,3
0.2919778998000622,15.0030512989797,1.0,0.0,0.0,03:01:00,3
0.3008490242361434,15.003130148479212,1.03,0.0,0.0,03:02:00,3
0.30997243371479216,15.003210916461063,1.06,0.0,0.0,03:03:00,3
0.1622392511105121,15.003293646360007,0.56,0.0,0.0,03:04:00,3
0.1567704756908215,15.003378382509624,0.54,0.0,0.0,03:05:00,3
0.33892336111201005,15.00346517015882,1.16,0.0,0.0,03:06:00,3
0.3491236959070718,15.003554055488582,1.2,0.0,0.0,03:07:00,3
0.1986535068042234,15.003645085628973,0.68,0.0,0.0,03:08:00,3
0.3703927583237562,15.0037383086764,1.27,0.0,0.0,03:09:00,3
0.38147653200133314,15.003833773711147,1.31,0.0,0.0,03:10:00,3
0.39287012366349816,15.003931530815146,1.35,0.0,0.0,03:11:00,3
0.40458150005963506,15.004031631090053,1.39,0.0,0.0,03:12:00,3
0.41661881182772115,15.00413412667555,1.43,0.0,0.0,03:13:00,3
0.42899039713530324,15.004239070767962,1.47,0.0,0.0,03:14:00,3
0.4417047853759779,15.00434651763911,1.52,0.0,0.0,03:15:00,3
0.21173102170482355,15.004456522655468,0.73,0.0,0.0,03:16:00,3
0.33418298503880006,15.004569142297598,1.15,0.0,0.0,03:17:00,3
0.48199300921745836,15.00468443417984,1.65,0.0,0.0,03:18:00,3
0.4961678601650948,15.004802457070333,1.7,0.0,0.0,03:19:00,3
0.32298491249150296,15.004923270911288,1.11,0.0,0.0,03:20:00,3
0.225338429444125,15.005046936839557,0.77,0.0,0.0,03:21:00,3
0.41319450442859074,15.00517351720752,1.42,0.0,0.0,03:22:00,3
0.21274228700484338,15.005303075604239,0.73,0.0,0.0,03:23:00,3
0.42094208373586894,15.005435676876926,1.44,0.0,0.0,03:24:00,3
0.24070840310674096,15.005571387152708,0.83,0.0,0.0,03:25:00,3
0.6068304258848438,15.005710273860705,2.08,0.0,0.0,03:26:00,3
0.6243986411307211,15.005852405754403,2.14,0.0,0.0,03:27:00,3
0.6424397282298341,15.005997852934339,2.2,0.0,0.0,03:28:00,3
0.6609653138286127,15.006146686871109,2.27,0.0,0.0,03:29:00,3
0.6799872781501258,15.00629898042868,2.33,0.0,0.0,03:30:00,3
0.69951775962462,15.006454807888016,2.4,0.0,0.0,03:31:00,3
0.7195691595805879,15.00661424497104,2.47,0.0,0.0,03:32:00,3
0.7401541469965335,15.006777368864908,2.54,0.0,0.0,03:33:00,3
0.7612856633135783,15.006944258246602,2.61,0.0,0.0,03:34:00,3
0.4584473864376684,15.007114993307859,1.57,0.0,0.0,03:35:00,3
0.8052414400308113,15.007289655780435,2.76,0.0,0.0,03:36:00,3
0.8280929897934672,15.00746832896169,2.84,0.0,0.0,03:37:00,3
0.851545657234701,15.00765109774051,2.92,0.0,0.0,03:38:00,3
0.8756138204335757,15.007838048623578,3.0,0.0,0.0,03:39:00,3
0.900312160089718,15.008029269761959,3.09,0.0,0.0,03:40:00,3
0.9256556647637216,15.008224850978063,3.18,0.0,0.0,03:41:00,3
0.9516596361786817,15.008424883792918,3.27,0.0,0.0,03:42:00,3
0.9783396945827827,15.008629461453806,3.36,0.0,0.0,03:43:00,3
1.0057117841728522,15.00883867896225,3.45,0.0,0.0,03:44:00,3
1.0337921785787483,15.009052633102344,3.55,0.0,0.0,03:45:00,3
0.3681757923816146,15.009271422469435,1.26,0.0,0.0,03:46:00,3
1.092144656853559,15.009495147499173,3.75,0.0,0.0,03:47:00,3
1.122450985355351,15.0097239104969,3.85,0.0,0.0,03:48:00,3
0.9113200296566129,15.009957815667411,3.13,0.0,0.0,03:49:00,3
1.1854120639571935,15.010196969145072,4.07,0.0,0.0,03:50:00,3
1.2181031880197746,15.010441479024301,4.18,0.0,0.0,03:51:00,3
0.5157813647701526,15.010691455390411,1.77,0.0,0.0,03:52:00,3
0.5463600020846751,15.010947010350826,1.87,0.0,0.0,03:53:00,3
1.3212449031698086,15.011208258066658,4.53,0.0,0.0,03:54:00,3
1.3573799128378927,15.011475314784663,4.66,0.0,0.0,03:55:00,3
0.601751797729756,15.01174829886956,2.06,0.0,0.0,03:56:00,3
1.4324026671138859,15.012027330836721,4.91,0.0,0.0,03:57:00,3
0.7901783241009575,15.012312533385256,2.71,0.0,0.0,03:58:00,3
1.511235614800155,15.012604031431446,5.19,0.0,0.0,03:59:00,3
1.5521349130252367,15.012901952142577,5.33,0.0,0.0,04:00:00,3
1.5940524046216704,15.013206424971141,5.47,0.0,0.0,04:01:00,3
1.6370108604498173,15.013517581689415,5.62,0.0,0.0,04:02:00,3
1.1157281189398611,15.013835556424437,3.83,0.0,0.0,04:03:00,3
1.7261439459985521,15.014160485693347,5.92,0.0,0.0,04:04:00,3
1.7723663349756045,15.014492508439119,6.08,0.0,0.0,04:05:00,3
1.4000966676726518,15.014831766066685,4.8,0.0,0.0,04:06:00,3
1.8682456293954477,15.015178402479428,6.41,0.0,0.0,04:07:00,3
1.9179530630884707,15.01553256411608,6.58,0.0,0.0,04:08:00,3
1.9688734994691695,15.015894399987992,6.76,0.0,0.0,04:09:00,3
2.0210334022458016,15.0162640617168,6.93,0.0,0.0,04:10:00,3
2.0744597273664813,15.01664170357248,7.12,0.0,0.0,04:11:00,3
2.1291799299820835,15.017027482511786,7.3,0.0,0.0,04:12:00,3
1.5038634244917837,15.017421558217082,5.16,0.0,0.0,04:13:00,3
2.2426143263966236,15.017824093135564,7.69,0.0,0.0,04:14:00,3
2.3013859897799946,15.018235252518869,7.9,0.0,0.0,04:15:00,3
2.361566484046802,15.018655204463073,8.1,0.0,0.0,04:16:00,3
2.4231858662868726,15.019084119949087,8.31,0.0,0.0,04:17:00,3
2.486274735441015,15.01952217288343,8.53,0.0,0.0,04:18:00,3
2.550864239541662,15.019969540139405,8.75,0.0,0.0,04:19:00,3
2.616986082987525,15.020426401598648,8.98,0.0,0.0,04:20:00,3
2.6846725338506814,15.02089294019309,9.21,0.0,0.0,04:21:00,3
2.7539564312144473,15.021369341947281,9.45,0.0,0.0,04:22:00,3
2.8248711925403875,15.021855796021121,9.69,0.0,0.0,04:23:00,3
1.8014941827052875,15.022352494752965,6.18,0.0,0.0,04:24:00,3
2.971729913208191,15.022859633703128,10.19,0.0,0.0,04:25:00,3
3.0477436660399864,15.023377411697755,10.46,0.0,0.0,04:26:00,3
1.717179323260162,15.0239060308731,5.89,0.0,0.0,04:27:00,3
3.2051189900097743,15.024445696720168,10.99,0.0,0.0,04:28:00,3
3.2865540257428973,15.024996618129745,11.27,0.0,0.0,04:29:00,3
3.3698706663748776,15.025559007437804,11.56,0.0,0.0,04:30:00,3
2.3673809119247324,15.02613308047131,8.12,0.0,0.0,04:31:00,3
3.542302658400449,15.02671905659436,12.15,0.0,0.0,04:32:00,3
1.4069346420371431,15.02731715875474,4.83,0.0,0.0,04:33:00,3
2.7113821181154756,15.02792761353083,9.3,0.0,0.0,04:34:00,3
3.816041641516677,15.028550651178884,13.09,0.0,0.0,04:35:00,3
3.9114753395423927,15.029186505680686,13.42,0.0,0.0,04:36:00,3
4.009072654595609,15.029835414791558,13.75,0.0,0.0,04:37:00,3
4.108876577848524,15.03049762008874,14.09,0.0,0.0,04:38:00,3
4.210930799090659,15.031173367020125,14.44,0.0,0.0,04:39:00,3
1.655916405609033,15.03186290495336,5.68,0.0,0.0,04:40:00,3
2.1106223717237897,15.032566487225289,7.24,0.0,0.0,04:41:00,3
4.531042786354518,15.033284371191753,15.54,0.0,0.0,04:42:00,3
1.4925612852304992,15.034016818277733,5.12,0.0,0.0,04:43:00,3
4.756535371115175,15.034764094027846,16.31,0.0,0.0,04:44:00,3
4.873048937967394,15.035526468157165,16.71,0.0,0.0,04:45:00,3
2.4414751573368907,15.036304214602396,8.38,0.0,0.0,04:46:00,3
5.113854581306578,15.03709761157336,17.54,0.0,0.0,04:47:00,3
5.23824652208627,15.037906941604827,17.96,0.0,0.0,04:48:00,3
5.365365735661802,15.038732491608659,18.4,0.0,0.0,04:49:00,3
5.495264090943891,15.039574552926274,18.84,0.0,0.0,04:50:00,3
5.627994244659257,15.040433421381422,19.3,0.0,0.0,04:51:00,3
5.763609648565113,15.041309397333277,19.76,0.0,0.0,04:52:00,3
5.902164556614414,15.042202785729819,20.24,0.0,0.0,04:53:00,3
2.699855788704558,15.043113896161525,9.26,0.0,0.0,04:54:00,3
6.188313954550484,15.044043042915343,21.22,0.0,0.0,04:55:00,3
6.336021027044978,15.044990545028963,21.72,0.0,0.0,04:56:00,3
6.4868927828246195,15.045956726345354,22.24,0.0,0.0,04:57:00,3
6.640987592315323,15.046941915567587,22.77,0.0,0.0,04:58:00,3
6.798364669886787,15.047946446313915,23.31,0.0,0.0,04:59:00,3
5.00965364214107,15.04897065717313,17.18,0.0,0.0,05:00:00,3
7.123206746679304,15.050014891760155,24.42,0.0,0.0,05:01:00,3
7.290794454388676,15.051079498771884,25.0,0.0,0.0,05:02:00,3
2.683734413441481,15.052164832043287,9.21,0.0,0.0,05:03:00,3
2.515003206587586,15.05327125060371,8.63,0.0,0.0,05:04:00,3
7.814978781481312,15.054399118733434,26.79,0.0,0.0,05:05:00,3
7.997062018328473,15.055548806020415,27.41,0.0,0.0,05:06:00,3
8.1829324081095,15.05672068741727,28.05,0.0,0.0,05:07:00,3
8.372657052365057,15.057915143298432,28.7,0.0,0.0,05:08:00,3
8.566303959615011,15.059132559517511,29.36,0.0,0.0,05:09:00,3
8.763942051078537,15.060373327464836,30.04,0.0,0.0,05:10:00,3
8.965641166269949,15.061637844125164,30.73,0.0,0.0,05:11:00,3
4.090494585568845,15.062926512135563,14.03,0.0,0.0,05:12:00,3
9.38150645003563,15.064239739843437,32.15,0.0,0.0,05:13:00,3
9.595816937639995,15.065577941364708,32.89,0.0,0.0,05:14:00,3
9.814477097276622,15.066941536642117,33.63,0.0,0.0,05:15:00,3
10.037561439183923,15.068330951503672,34.4,0.0,0.0,05:16:00,3
7.846410003946118,15.069746617721181,26.9,0.0,0.0,05:17:00,3
10.497305460292564,15.071188973068908,35.97,0.0,0.0,05:18:00,3
6.823062083216984,15.072658461382323,23.39,0.0,0.0,05:19:00,3
10.97566414407605,15.074155532616906,37.61,0.0,0.0,05:20:00,3
11.222020422615499,15.075680642907056,38.45,0.0,0.0,05:21:00,3
11.473268028357465,15.077234254625028,39.31,0.0,0.0,05:22:00,3
11.729488204894217,15.078816836439929,40.19,0.0,0.0,05:23:00,3
11.990763173297701,15.080428863376744,41.08,0.0,0.0,05:24:00,3
4.9409894065747215,15.08207081687538,16.94,0.0,0.0,05:25:00,3
12.5288112771639,15.083743184849714,42.92,0.0,0.0,05:26:00,3
12.805753771117049,15.085446461746653,43.87,0.0,0.0,05:27:00,3
10.036658506542267,15.087181148605138,34.39,0.0,0.0,05:28:00,3
10.040321376325279,15.08894775311516,34.41,0.0,0.0,05:29:00,3
5.560464194909763,15.090746789676693,19.06,0.0,0.0,05:30:00,3
13.968335408224645,15.092578779458583,47.84,0.0,0.0,05:31:00,3
5.2401795904803325,15.094444250457354,17.97,0.0,0.0,05:32:00,3
14.583757781254532,15.096343737555932,49.95,0.0,0.0,05:33:00,3
11.676216613448705,15.098277782582256,40.0,0.0,0.0,05:34:00,3
10.358189488637995,15.10024693436777,35.49,0.0,0.0,05:35:00,3
15.55161215274605,15.102251748805774,53.25,51.65,2.27,05:36:00,3
15.886531419693666,15.10429278890964,54.4,52.76,2.32,05:37:00,3
16.227760681718514,15.106370624870838,55.56,53.9,2.37,05:38:00,3
16.575397098420325,15.108485834116781,56.75,55.05,2.42,05:39:00,3
16.929538832777826,15.110639001368492,57.96,56.22,2.48,05:40:00,3
17.290285050566553,15.112830718698016,59.19,57.42,2.53,05:41:00,3
17.65773591948218,15.115061585585622,60.45,58.63,2.58,05:42:00,3
18.031992607963613,15.11733220897675,61.72,59.87,2.64,05:43:00,3
18.41315728370971,15.119643203338674,63.03,61.13,2.69,05:44:00,3
12.129620411141545,15.121995190716884,41.55,0.0,0.0,05:45:00,3
19.196624252998593,15.12438880079116,65.7,63.73,2.81,05:46:00,3
19.599135860479876,15.126824670931324,67.07,65.06,2.87,05:47:00,3
20.00897407789552,15.129303446252635,68.47,66.42,2.92,05:48:00,3
20.426246035851335,15.131825779670836,69.9,67.8,2.99,05:49:00,3
20.851059848543073,15.134392331956798,71.34,69.2,3.05,05:50:00,3
8.53542466907558,15.137003771790775,29.25,0.0,0.0,05:51:00,3
21.723750389736246,15.139660775816239,74.32,72.09,3.17,05:52:00,3
22.171848228636016,15.142364028693244,75.85,73.57,3.24,05:53:00,3
22.627930133680216,15.145114223151362,77.4,75.08,3.31,05:54:00,3
15.789248588753802,15.147912060042108,54.06,52.43,2.31,05:55:00,3
23.564498969684394,15.150758248390861,80.6,78.18,3.44,05:56:00,3
11.7365279025826,15.153653505448275,40.2,0.0,0.0,05:57:00,3
14.543672238329226,15.156598556741114,49.8,0.0,0.0,05:58:00,3
25.032087841227337,15.159594136122529,85.6,83.03,3.66,05:59:00,3
25.538479691273427,15.162640985821744,87.32,84.7,3.73,06:00:00,3
26.053666222402487,15.165739856493124,89.08,86.41,3.81,06:01:00,3
17.967505462051843,15.16889150726459,61.49,59.65,2.63,06:02:00,3
27.11090229511381,15.172096705785385,92.68,89.9,3.96,06:03:00,3
27.653193573699195,15.17535622827316,94.53,91.69,4.04,06:04:00,3
28.204762989220264,15.178670859560322,96.4,93.51,4.12,06:05:00,3
28.765733621976636,15.182041393139684,98.31,95.36,4.2,06:06:00,3
22.072384752468977,15.185468631209334,75.5,73.23,3.22,06:07:00,3
29.916375184066112,15.188953384716728,102.23,99.16,4.37,06:08:00,3
30.506296565379078,15.192496473401976,104.24,101.11,4.45,06:09:00,3
31.106120045300674,15.196098725840297,106.28,103.09,4.54,06:10:00,3
31.715972927742076,15.199760979483624,108.35,105.1,4.63,06:11:00,3
32.33598332583898,15.203484080701312,110.46,107.15,4.72,06:12:00,3
21.417761501253224,15.207268884819943,73.26,71.06,3.13,06:13:00,3
33.60699308965931,15.211116256162214,114.78,111.34,4.9,06:14:00,3
34.25825260909541,15.215027068084838,116.99,113.48,5.0,06:15:00,3
34.920189923367275,15.219002203015483,119.24,115.66,5.09,06:16:00,3
35.59293698830686,15.223042552488677,121.53,117.88,5.19,06:17:00,3
36.27662648419787,15.227149017180688,123.85,120.13,5.29,06:18:00,3
36.97139179992437,15.231322506943338,126.21,122.42,5.39,06:19:00,3
16.70149193406058,15.23556394083671,57.15,55.44,2.44,06:20:00,3
38.39468689078308,15.239874247160746,131.04,127.11,5.6,06:21:00,3
30.943999505588685,15.244254363485688,105.71,102.53,4.52,06:22:00,3
21.412214412754697,15.248705236681348,73.23,71.03,3.13,06:23:00,3
40.6160717854861,15.253227822945169,138.58,134.42,5.92,06:24:00,3
41.380130743309515,15.257823087829049,141.17,136.93,6.03,06:25:00,3
42.15621764561712,15.262492006264917,143.8,139.49,6.14,06:26:00,3
42.944470918137604,15.267235562588997,146.47,142.08,6.26,06:27:00,3
43.74502952938903,15.27205475056477,149.19,144.71,6.37,06:28:00,3
44.55803296961595,15.276950573404584,151.94,147.38,6.49,06:29:00,3
45.38362122918714,15.281924043789873,154.74,150.1,6.61,06:30:00,3
46.221934776450865,15.286976183889994,157.58,152.85,6.73,06:31:00,3
47.073114535044674,15.292108025379598,160.46,155.65,6.85,06:32:00,3
47.93730186065814,15.297320609454557,163.38,158.48,6.98,06:33:00,3
48.814638517245356,15.302614986846383,166.35,161.36,7.11,06:34:00,3
39.285129895193656,15.307992217835125,134.03,130.01,5.73,06:35:00,3
50.60932877389056,15.313453372260708,172.43,167.25,7.37,06:36:00,3
17.026736544334838,15.318999529532691,58.24,56.5,2.49,06:37:00,3
52.45832664314918,15.324631778638391,178.68,173.32,7.63,06:38:00,3
53.4035489683587,15.330351218149382,181.87,176.42,7.77,06:39:00,3
54.362778379955174,15.3361589562263,185.11,179.56,7.91,06:40:00,3
43.04015666989318,15.34205611062194,146.76,142.35,6.27,06:41:00,3
38.031486533452124,15.348043808682627,129.75,125.86,5.54,06:42:00,3
57.32594918578661,15.354123187347797,195.12,189.27,8.33,06:43:00,3
58.342647869633886,15.360295393147789,198.55,192.59,8.48,06:44:00,3
36.71839411614906,15.3665615821998,125.28,121.53,5.35,06:45:00,3
60.420374805334326,15.372922920201981,205.56,199.39,8.78,06:46:00,3
61.48169231595783,15.379380582425629,209.14,202.86,8.93,06:47:00,3
25.382941222571827,15.385935753705457,86.72,84.12,3.7,06:48:00,3
63.64995874154485,15.39258962842792,216.45,209.95,9.25,06:49:00,3
64.75719691761162,15.39934341051752,220.18,213.57,9.4,06:50:00,3
48.5189577477357,15.406198313421132,165.29,160.33,7.06,06:51:00,3
67.01860578676707,15.41315556009024,227.79,220.96,9.73,06:52:00,3
68.17306514893262,15.420216382961124,231.67,224.72,9.9,06:53:00,3
29.759516915657663,15.427382023932902,101.6,98.55,4.34,06:54:00,3
70.53021406707254,15.434653734343454,239.6,232.41,10.23,06:55:00,3
54.2946046818167,15.442032774943156,184.81,179.26,7.89,06:56:00,3
72.95262762189287,15.449520415866404,247.75,240.31,10.58,06:57:00,3
74.18866668063906,15.457117936600904,251.9,244.34,10.76,06:58:00,3
75.44145085908512,15.464826625954696,256.1,248.42,10.94,06:59:00,3
76.71112235829467,15.472647782020873,260.37,252.56,11.12,07:00:00,3
77.99782293448334,15.480582712139961,264.68,256.74,11.31,07:01:00,3
33.21278522260678,15.488632732859948,113.32,109.92,4.84,07:02:00,3
49.39317822776807,15.496799169893915,168.19,163.14,7.18,07:03:00,3
81.96150918549833,15.505083358075241,277.97,269.64,11.87,07:04:00,3
83.31773334849228,15.513486641310353,282.52,274.04,12.07,07:05:00,3
84.69168730323942,15.522010372528994,287.12,278.51,12.26,07:06:00,3
46.7883246815797,15.530655913631977,159.35,154.57,6.81,07:07:00,3
87.49333683220868,15.53942463543638,296.5,287.6,12.67,07:08:00,3
88.92130665879021,15.548317917618185,301.27,292.23,12.87,07:09:00,3
90.36755469563876,15.557337148652302,306.11,296.92,13.08,07:10:00,3
91.83221600438029,15.566483725749947,311.0,301.67,13.28,07:11:00,3
93.31542474155718,15.57575905479338,315.96,306.48,13.5,07:12:00,3
94.81731411386528,15.585164550267931,320.97,311.34,13.71,07:13:00,3
96.33801633293253,15.594701635191306,326.05,316.27,13.93,07:14:00,3
97.877662569648,15.604371741040149,331.18,321.25,14.15,07:15:00,3
99.43638290804857,15.614176307673812,336.38,326.29,14.37,07:16:00,3
101.0143062987724,15.624116783255335,341.64,331.39,14.59,07:17:00,3
67.7293123831243,15.634194624169574,229.99,223.09,9.82,07:18:00,3
104.22827209050408,15.644411294938472,352.34,341.77,15.05,07:19:00,3
105.86456630098166,15.654768268133438,357.79,347.06,15.28,07:20:00,3
67.23456615475313,15.665267024284812,228.29,221.45,9.75,07:21:00,3
109.19639701867199,15.675909051788379,368.87,357.8,15.76,07:22:00,3
110.89217724641023,15.686695846808913,374.5,363.27,16.0,07:23:00,3
112.60802744898693,15.697628913180738,380.2,368.8,16.24,07:24:00,3
66.36515108026597,15.70870976230524,225.33,218.57,9.63,07:25:00,3
116.10040884343896,15.719939913045355,391.79,380.04,16.74,07:26:00,3
117.87717159164062,15.731320891616978,397.68,385.75,16.99,07:27:00,3
119.67446732631069,15.742854231477262,403.64,391.53,17.24,07:28:00,3
121.49240762169725,15.754541473209818,409.66,397.37,17.5,07:29:00,3
87.71898094376967,15.766384164406752,296.99,288.08,12.69,07:30:00,3
125.19065927222972,15.77838385954754,421.9,409.25,18.02,07:31:00,3
127.0711847015415,15.790542119874722,428.12,415.28,18.29,07:32:00,3
128.97278273598513,15.802860513266362,434.41,421.37,18.56,07:33:00,3
130.89555556375697,15.815340614105297,440.76,427.53,18.83,07:34:00,3
51.30451624904191,15.827984003145115,174.43,169.2,7.45,07:35:00,3
134.80502412965137,15.840792267372862,453.66,440.05,19.38,07:36:00,3
136.7919138632244,15.853766999868453,460.21,446.4,19.66,07:37:00,3
138.8003662748914,15.866909799660766,466.83,452.82,19.94,07:38:00,3
140.83047285353064,15.880222271580397,473.51,459.31,20.23,07:39:00,3
142.88232278836497,15.893706026109076,480.27,465.86,20.51,07:40:00,3
144.95600291533577,15.907362679225688,487.09,472.47,20.81,07:41:00,3
98.70244430344685,15.921193852248924,333.53,323.52,14.25,07:42:00,3
57.40059846608904,15.935201171676532,194.93,189.08,8.33,07:43:00,3
151.30885637979503,15.949386269021115,507.95,492.71,21.7,07:44:00,3
153.47067668574354,15.963750780642536,515.04,499.59,22.0,07:45:00,3
102.80125031671096,15.978296347576833,347.13,336.71,14.83,07:46:00,3
157.86107044599603,15.993024615361694,529.43,513.55,22.61,07:47:00,3
110.0150071449997,16.007937233858442,371.12,359.98,15.85,07:48:00,3
97.52883477803616,16.023035857070532,329.48,319.59,14.07,07:49:00,3
50.092451004472736,16.038322142958545,170.2,165.09,7.27,07:50:00,3
69.02020401256043,16.053797753251676,233.95,226.93,9.99,07:51:00,3
169.2295946006495,16.06946435325567,566.59,549.6,24.2,07:52:00,3
105.89206768314622,16.08532361165726,357.28,346.56,15.26,07:53:00,3
173.93528583367296,16.101377200325047,581.94,564.48,24.86,07:54:00,3
176.32226021059995,16.11762679410681,589.71,572.02,25.19,07:55:00,3
178.73204822620957,16.134074070623296,597.56,579.63,25.52,07:56:00,3
181.16469172220633,16.150720710058412,605.47,587.3,25.86,07:57:00,3
183.6202292705836,16.167568394945864,613.45,595.04,26.2,07:58:00,3
186.0986961204807,16.18461880995222,621.49,602.85,26.55,07:59:00,3
188.600124145248,16.201873641656377,629.61,610.72,26.89,08:00:00,3
191.12454178974227,16.219334578325487,637.8,618.66,27.24,08:01:00,3
193.6719740178712,16.237003309687246,646.05,626.67,27.6,08:02:00,3
93.15953561129439,16.254881526698643,314.6,305.16,13.44,08:03:00,3
122.12521177402523,16.2729709213111,410.93,398.6,17.55,08:04:00,3
201.45255453511965,16.291273186232033,671.21,651.07,28.67,08:05:00,3
204.09222329774343,16.309790014682832,679.73,659.34,29.04,08:06:00,3
206.75497743355447,16.32852310015326,688.32,667.67,29.4,08:07:00,3
152.4425899604499,16.34747413615227,510.89,495.56,21.82,08:08:00,3
212.14974995873192,16.366644815955276,705.71,684.53,30.14,08:09:00,3
214.8817627670473,16.386036832347802,714.5,693.06,30.52,08:10:00,3
79.55633089363543,16.405651877365635,268.95,260.88,11.49,08:11:00,3
116.4207792371751,16.425491642031385,391.77,380.02,16.73,08:12:00,3
98.31261569936463,16.44555781608751,331.55,321.6,14.16,08:13:00,3
99.1072226599937,16.465852087725818,334.17,324.14,14.27,08:14:00,3
96.5794354153907,16.48637614331343,325.72,315.95,13.91,08:15:00,3
231.75781062415436,16.50713166711524,768.63,745.57,32.83,08:16:00,3
234.65093345318303,16.52812034101288,777.88,754.54,33.23,08:17:00,3
237.56695537725167,16.549343844220196,787.19,763.57,33.63,08:18:00,3
116.57949399448647,16.570803852995247,392.08,380.32,16.75,08:19:00,3
243.4675245874823,16.592502040348855,806.01,781.83,34.43,08:20:00,3
246.45197497431374,16.61444007574974,815.52,791.05,34.84,08:21:00,3
249.45913057111412,16.63661962482621,825.08,800.33,35.24,08:22:00,3
252.48893179721625,16.659042349064453,834.72,809.67,35.66,08:23:00,3
87.83878939551819,16.681709905503467,296.33,287.44,12.66,08:24:00,3
88.55474314693079,16.70462394642665,298.69,289.73,12.76,08:25:00,3
261.713545286761,16.727786119050002,863.98,838.06,36.91,08:26:00,3
264.83324206542534,16.751198065207085,873.85,847.64,37.33,08:27:00,3
267.9752178543692,16.774861421030653,883.79,857.28,37.75,08:28:00,3
271.13938531347907,16.798777816631056,893.79,866.97,38.18,08:29:00,3
211.38981568295358,16.82294887577139,701.97,680.91,29.99,08:30:00,3
277.53392204997925,16.847376215539494,913.96,886.54,39.04,08:31:00,3
280.7640927095624,16.872061446016712,924.13,896.4,39.47,08:32:00,3
284.01605773532765,16.897006169943573,934.36,906.33,39.91,08:33:00,3
287.2897056445175,16.92221198238236,944.64,916.3,40.35,08:34:00,3
290.58492002668766,16.947680470376586,954.99,926.34,40.79,08:35:00,3
293.9015795129634,16.97341321260745,965.38,936.42,41.24,08:36:00,3
297.2395577463285,16.999411779047307,975.84,946.56,41.68,08:37:00,3
154.1534971336469,17.025677730610155,515.13,499.68,22.0,08:38:00,3
303.97893991470715,17.052212618799224,996.9,967.0,42.58,08:39:00,3
307.38006594249674,17.07901798535167,1007.52,977.29,43.04,08:40:00,3
211.51129426941162,17.106095361880442,701.57,680.53,29.97,08:41:00,3
214.65371298406868,17.133446269513335,711.64,690.29,30.4,08:42:00,3
317.7074093444757,17.161072218529338,1039.67,1008.48,44.41,08:43:00,3
242.67367754923555,17.1889747079922,801.55,777.51,34.24,08:44:00,3
324.6940278975333,17.21715522538143,1061.36,1029.52,45.34,08:45:00,3
328.21735243432073,17.2456152462206,1072.28,1040.11,45.8,08:46:00,3
331.76045204621084,17.274356233703152,1083.24,1050.74,46.27,08:47:00,3
335.323143862855,17.303379638315675,1094.25,1061.42,46.74,08:48:00,3
104.69794566268108,17.332686897458707,351.58,341.03,15.02,08:49:00,3
164.129966979613,17.362279435065155,547.06,530.65,23.37,08:50:00,3
346.126864908721,17.39215866121636,1127.56,1093.73,48.16,08:51:00,3
349.76599150776167,17.42232597175586,1138.75,1104.59,48.64,08:52:00,3
353.423716848287,17.452782747900947,1149.98,1115.48,49.12,08:53:00,3
357.09982633354264,17.483530355851993,1161.26,1126.42,49.6,08:54:00,3
360.7941000445061,17.514570146399727,1172.57,1137.4,50.09,08:55:00,3
204.36567235905204,17.545903454530396,677.29,656.97,28.93,08:56:00,3
219.31693180416718,17.577531599028966,725.39,703.63,30.99,08:57:00,3
276.7218739551048,17.6094558820804,908.59,881.33,38.81,08:58:00,3
375.74825218028116,17.641677588869037,1218.23,1181.68,52.04,08:59:00,3
379.5298616036448,17.674197987176218,1229.73,1192.84,52.53,09:00:00,3
121.32853461191466,17.70701832697614,405.99,393.81,17.34,09:01:00,3
242.35084795143356,17.74013984003009,798.75,774.79,34.12,09:02:00,3
250.6813129671131,17.773563739479062,825.24,800.48,35.25,09:03:00,3
394.82102697541967,17.80729121943487,1276.09,1237.81,54.51,09:04:00,3
398.6836739509518,17.841323454569793,1287.76,1249.13,55.01,09:05:00,3
402.5617140491781,17.875661599704888,1299.46,1260.48,55.51,09:06:00,3
406.45486342174405,17.91030678939698,1311.19,1271.86,56.01,09:07:00,3
167.1958317383361,17.945260137524436,555.78,539.11,23.74,09:08:00,3
414.2853281757293,17.980522736871794,1334.73,1294.69,57.01,09:09:00,3
188.00278482626376,18.01609565871337,623.16,604.47,26.62,09:10:00,3
422.17269194362126,18.05197995239581,1358.37,1317.62,58.02,09:11:00,3
426.1369454296971,18.088176644919827,1370.22,1329.12,58.53,09:12:00,3
430.11449460567053,18.124686740521053,1382.1,1340.64,59.04,09:13:00,3
288.269872807815,18.161511220250205,943.03,914.74,40.28,09:14:00,3
438.10819280562134,18.198651041552566,1405.91,1363.74,60.05,09:15:00,3
274.2005434609757,18.23610713784695,898.33,871.38,38.37,09:16:00,3
446.15116066975474,18.273880418104152,1429.8,1386.91,61.07,09:17:00,3
450.19027777785493,18.311971766425046,1441.77,1398.52,61.59,09:18:00,3
454.2406906320257,18.350382041618357,1453.75,1410.14,62.1,09:19:00,3
458.30204817500464,18.389112076778268,1465.75,1421.78,62.61,09:20:00,3
462.3739943661537,18.428162678861888,1477.76,1433.42,63.12,09:21:00,3
466.4561682164838,18.46753462826671,1489.77,1445.08,63.64,09:22:00,3
470.54820382537525,18.507228678408147,1501.8,1456.75,64.15,09:23:00,3
474.6497304189942,18.547245555297252,1513.84,1468.42,64.66,09:24:00,3
478.76037239040977,18.587585957118677,1525.88,1480.11,65.18,09:25:00,3
482.87974934141124,18.628250553809035,1537.93,1491.79,65.69,09:26:00,3
300.99599321539915,18.6692399866357,981.07,951.64,41.91,09:27:00,3
491.14316289575163,18.710554867776175,1562.04,1515.18,66.72,09:28:00,3
495.2864151464562,18.752195779898152,1574.1,1526.88,67.24,09:29:00,3
384.8749440120944,18.794163275740285,1240.51,1203.3,52.99,09:30:00,3
503.5940150896665,18.836457877693896,1598.22,1550.27,68.27,09:31:00,3
507.75755094194005,18.879080077385602,1610.27,1561.97,68.78,09:32:00,3
160.63930642788281,18.922030335261045,532.35,516.38,22.74,09:33:00,3
185.68546518912942,18.96530908016979,613.33,594.93,26.2,09:34:00,3
520.2821375220325,19.008916708951528,1646.42,1597.02,70.33,09:35:00,3
524.4669215905981,19.05285358602366,1658.45,1608.69,70.84,09:36:00,3
300.94114999948636,19.097120042970367,979.2,949.82,41.83,09:37:00,3
278.52955061656354,19.141716378133346,908.68,881.42,38.82,09:38:00,3
537.0450218675101,19.18664285620421,1694.49,1643.65,72.38,09:39:00,3
325.74693162494935,19.23189970781872,1056.0,1024.32,45.11,09:40:00,3
307.49974410159365,19.27748712915301,998.97,969.0,42.67,09:41:00,3
416.31470489477033,19.323405281521804,1333.54,1293.53,56.96,09:42:00,3
553.8547675040177,19.369654290978843,1742.35,1690.08,74.43,09:43:00,3
395.83818453108967,19.416234247919544,1270.81,1232.68,54.28,09:44:00,3
562.2682154359987,19.463145206686093,1766.17,1713.18,75.44,09:45:00,3
566.4754721990912,19.51038718517501,1778.05,1724.71,75.95,09:46:00,3
230.31653319517517,19.55796016444736,754.71,732.07,32.24,09:47:00,3
574.8887095835523,19.605864088341654,1801.74,1747.68,76.96,09:48:00,3
579.0937432195104,19.654098863089672,1813.54,1759.14,77.47,09:49:00,3
583.2970832977802,19.70266435693516,1825.32,1770.56,77.97,09:50:00,3
587.498248154289,19.75156039975567,1837.07,1781.96,78.47,09:51:00,3
239.54543690605786,19.800786782687616,783.27,759.77,33.46,09:52:00,3
456.5927957445549,19.850343257754552,1451.8,1408.24,62.01,09:53:00,3
600.0838284948367,19.900229537499,1872.13,1815.97,79.97,09:54:00,3
604.2714147540914,19.950445294617744,1883.75,1827.24,80.47,09:55:00,3
608.4543724351464,20.00099016160081,1895.34,1838.48,80.96,09:56:00,3
612.6322024803549,20.051863730374297,1906.88,1849.68,81.45,09:57:00,3
616.8044032501746,20.103065551946997,1918.39,1860.84,81.95,09:58:00,3
353.88121099410125,20.154595136061168,1138.78,1104.62,48.64,09:59:00,3
625.1298980630221,20.206451950847345,1941.28,1883.05,82.92,10:00:00,3
629.2821767726851,20.258635422483486,1952.67,1894.09,83.41,10:01:00,3
633.4267957353941,20.311144934858476,1964.01,1905.09,83.89,10:02:00,3
637.5632418427717,20.363979829240108,1975.3,1916.04,84.38,10:03:00,3
473.63052092090095,20.417139403947733,1499.1,1454.13,64.03,10:04:00,3
645.809553177012,20.470622914029633,1997.74,1937.81,85.33,10:05:00,3
649.9183826131735,20.52442957094523,2008.89,1948.62,85.81,10:06:00,3
654.016967820065,20.5785585422523,2019.98,1959.38,86.28,10:07:00,3
658.1047867377001,20.63300895129929,2031.03,1970.1,86.76,10:08:00,3
662.1813158309328,20.68777987692284,2042.02,1980.76,87.23,10:09:00,3
666.2460301970996,20.74287035315063,2052.95,1991.36,87.69,10:10:00,3
315.1000104620085,20.79827936890971,1016.35,985.86,43.41,10:11:00,3
674.3379089531728,20.854005867740398,2074.64,2012.4,88.62,10:12:00,3
526.9999838340805,20.910048747515834,1652.99,1603.4,70.61,10:13:00,3
682.3762005898832,20.96640686016739,2096.1,2033.22,89.54,10:14:00,3
686.3739275825022,21.023079011415977,2106.73,2043.53,89.99,10:15:00,3
690.3566678707901,21.080063960509413,2117.3,2053.78,90.44,10:16:00,3
538.0802241529635,21.137360419965923,1683.67,1633.16,71.92,10:17:00,3
698.2750623558671,21.194967055323943,2138.25,2074.1,91.34,10:18:00,3
480.9178365156952,21.252882484898308,1515.41,1469.95,64.73,10:19:00,3
236.8492424162663,21.31110527954292,770.0,746.9,32.89,10:20:00,3
710.0269565093612,21.36963396242008,2169.16,2104.08,92.66,10:21:00,3
713.9086052438014,21.428467008776515,2179.32,2113.94,93.09,10:22:00,3
717.7715418277475,21.48760284572624,2189.41,2123.72,93.52,10:23:00,3
453.7595115936301,21.54703985204045,1433.16,1390.16,61.22,10:24:00,3
317.64194906981487,21.60677635794438,1020.83,990.2,43.61,10:25:00,3
729.2427584384092,21.666810644921437,2219.22,2152.64,94.8,10:26:00,3
733.0255284425529,21.727140945524546,2229.01,2162.13,95.21,10:27:00,3
736.7869299914169,21.787765443194942,2238.71,2171.55,95.63,10:28:00,3
740.5264338595684,21.848682272088453,2248.33,2180.88,96.04,10:29:00,3
744.2435117846602,21.909889516909374,2257.88,2190.14,96.45,10:30:00,3
747.9376365901671,21.9713852127521,2267.34,2199.32,96.85,10:31:00,3
751.6082823084389,22.033167344950545,2276.71,2208.41,97.25,10:32:00,3
299.54684532893145,22.095233848935504,962.98,934.09,41.13,10:33:00,3
758.8770393972638,22.157582610100025,2295.21,2226.35,98.04,10:34:00,3
491.7288491897818,22.220211463672953,1541.01,1494.78,65.83,10:35:00,3
766.0456041795668,22.283118194600647,2313.36,2243.96,98.82,10:36:00,3
524.0334759011217,22.34630053743706,1634.39,1585.36,69.81,10:37:00,3
773.1098250400062,22.409756176242247,2331.15,2261.21,99.58,10:38:00,3
776.6015175494615,22.473482744489377,2339.9,2269.7,99.95,10:39:00,3
347.17981965653763,22.537477824980364,1107.26,1074.04,47.3,10:40:00,3
783.5015076411893,22.601738949770215,2357.14,2286.42,100.69,10:41:00,3
350.807034412771,22.666263600100194,1117.71,1084.17,47.74,10:42:00,3
790.2869200739196,22.731049206339833,2373.99,2302.77,101.41,10:43:00,3
256.26675464660747,22.796093147937967,826.05,801.26,35.29,10:44:00,3
796.953729891638,22.861392753382823,2390.45,2318.74,102.11,10:45:00,3
800.2414132458772,22.926945300171255,2398.54,2326.58,102.45,10:46:00,3
803.4979572402744,22.992748014787217,2406.52,2334.32,102.8,10:47:00,3
806.7228720862358,23.058798072689566,2414.4,2341.97,103.13,10:48:00,3
361.3595872045924,23.12509259830926,1147.57,1113.14,49.02,10:49:00,3
813.0758718496204,23.19162866505601,2429.86,2356.96,103.79,10:50:00,3
816.2029942257894,23.25840329533456,2437.43,2364.31,104.12,10:51:00,3
819.2965626130657,23.325413460570484,2444.9,2371.55,104.44,10:52:00,3
822.3561049848574,23.392656081245796,2452.26,2378.69,104.75,10:53:00,3
825.3811532280832,23.46012802694426,2459.52,2385.73,105.06,10:54:00,3
828.3712432621458,23.527826116406594,2466.67,2392.67,105.37,10:55:00,3
831.3259151572224,23.59574711759553,2473.71,2399.49,105.67,10:56:00,3
405.87333716601364,23.66388774777092,1278.59,1240.23,54.62,10:57:00,3
837.127186269638,23.73224467357481,2487.46,2412.83,106.25,10:58:00,3
566.1312058256217,23.80081451112666,1744.99,1692.64,74.54,10:59:00,3
842.7813745902761,23.869593826128714,2500.76,2425.74,106.82,11:00:00,3
299.83257158458014,23.938579133981563,956.56,927.87,40.86,11:01:00,3
516.9705900775306,24.007766899910017,1602.53,1554.45,68.45,11:02:00,3
850.9792020365572,24.077153539099253,2519.88,2444.28,107.64,11:03:00,3
853.6345078625905,24.146735416841377,2526.02,2450.24,107.9,11:04:00,3
608.0101988571315,24.216508848692378,1860.23,1804.42,79.46,11:05:00,3
858.826652629613,24.286470100639562,2537.96,2461.82,108.41,11:06:00,3
861.3626727733272,24.35661538927947,2543.76,2467.45,108.66,11:07:00,3
863.8581213241984,24.42694088200637,2549.44,2472.95,108.9,11:08:00,3
514.2021424864162,24.497442697211333,1591.21,1543.48,67.97,11:09:00,3
416.7635978752029,24.568116904491916,1306.05,1266.87,55.79,11:10:00,3
871.0971101650545,24.63895952487248,2565.76,2488.79,109.6,11:11:00,3
451.1373849215328,24.709966531035256,1406.53,1364.33,60.08,11:12:00,3
875.7131465481946,24.781133847562064,2576.05,2498.77,110.04,11:13:00,3
877.9570616133778,24.85245735118679,2581.01,2503.58,110.25,11:14:00,3
880.1577594554109,24.923932871058618,2585.85,2508.27,110.46,11:15:00,3
882.3148865834588,24.995556189016067,2590.57,2512.85,110.66,11:16:00,3
884.4280959111468,25.0673230398718,2595.16,2517.31,110.85,11:17:00,3
886.497046849584,25.139229111708232,2599.64,2521.65,111.05,11:18:00,3
888.5214053988052,25.21127004618401,2603.99,2525.87,111.23,11:19:00,3
890.5008442375926,25.28344143885129,2608.21,2529.97,111.41,11:20:00,3
892.4350428116469,25.355738839483877,2612.31,2533.94,111.59,11:21:00,3
650.5035506905646,25.42815775241617,1968.43,1909.38,84.08,11:22:00,3
896.166471300138,25.500693636892994,2620.14,2541.54,111.92,11:23:00,3
897.9630947103061,25.573341907430276,2623.87,2545.15,112.08,11:24:00,3
899.7132650114547,25.646097934186525,2627.47,2548.64,112.23,11:25:00,3
327.31072410793337,25.718957043345167,1032.83,1001.84,44.12,11:26:00,3
903.0731117170069,25.7919145175077,2634.29,2555.26,112.53,11:27:00,3
904.6822390608324,25.864965596097637,2637.51,2558.39,112.66,11:28:00,3
906.2438153239973,25.938105475775295,2640.61,2561.39,112.8,11:29:00,3
907.7575845335307,26.01132931086326,2643.57,2564.26,112.92,11:30:00,3
665.9298788786003,26.084632213782708,2005.11,1944.95,85.65,11:31:00,3
910.6407157214418,26.158009255500367,2649.12,2569.65,113.16,11:32:00,3
549.1283977779053,26.231455465986244,1678.81,1628.45,71.71,11:33:00,3
913.3297370643226,26.30496583468193,2654.16,2574.54,113.37,11:34:00,3
914.6008980223731,26.37853531097965,2656.49,2576.79,113.47,11:35:00,3
915.8228769614111,26.45215880471181,2658.68,2578.92,113.57,11:36:00,3
916.9954721191237,26.525831186651157,2660.75,2580.93,113.66,11:37:00,3
918.118489716447,26.59954728902141,2662.69,2582.81,113.74,11:38:00,3
919.1917440109348,26.673301906018388,2664.5,2584.57,113.82,11:39:00,3
920.2150573479586,26.74708979434157,2666.18,2586.2,113.89,11:40:00,3
921.1882602097157,26.82090567373595,2667.74,2587.71,113.95,11:41:00,3
922.1111912620312,26.89474422754427,2669.16,2589.09,114.01,11:42:00,3
922.9836973989312,26.968600103269488,2670.45,2590.34,114.07,11:43:00,3
923.8056337849732,27.042467913147416,2671.62,2591.47,114.12,11:44:00,3
924.576863895316,27.116342234729508,2672.65,2592.47,114.16,11:45:00,3
925.297259553514,27.190217611475695,2673.56,2593.35,114.2,11:46:00,3
925.9667009670192,27.264088553357205,2674.33,2594.1,114.24,11:47:00,3
471.1014636419581,27.337949537469314,1448.55,1405.09,61.88,11:48:00,3
927.152284006132,27.411795008653925,2675.5,2595.23,114.29,11:49:00,3
927.668228253332,27.485619380131915,2675.88,2595.61,114.3,11:50:00,3
928.1328235537894,27.559417034145138,2676.14,2595.86,114.31,11:51:00,3
508.84057259443205,27.633182322608057,1554.68,1508.04,66.41,11:52:00,3
471.7666696086786,27.706909567768854,1448.17,1404.72,61.86,11:53:00,3
929.2177843185398,27.780593062879944,2676.14,2595.86,114.31,11:54:00,3
602.7856620575443,27.854227072877848,1816.6,1762.1,77.6,11:55:00,3
310.6861679140155,27.927805835072235,973.44,944.24,41.58,11:56:00,3
364.53633719938205,28.00132355984413,1133.71,1099.7,48.43,11:57:00,3
929.9417960080851,28.074774431353106,2674.34,2594.11,114.24,11:58:00,3
706.7146954890002,28.14815260825341,2096.77,2033.87,89.56,11:59:00,3
929.993532709894,28.221452224418883,2672.67,2592.49,114.16,12:00:00,3
597.4939791132206,28.294667389676547,1798.48,1744.53,76.82,12:01:00,3
929.8383312388391,28.367792190548823,2670.48,2590.37,114.07,12:02:00,3
929.6831556684983,28.44082069100414,2669.2,2589.13,114.02,12:03:00,3
929.4762951905728,28.51374693321595,2667.79,2587.76,113.96,12:04:00,3
423.6311791187,28.586564938329857,1303.9,1264.78,55.7,12:05:00,3
726.74127513145,28.659268707238972,2145.28,2080.92,91.64,12:06:00,3
928.5459924859192,28.73185222136709,2662.8,2582.92,113.74,12:07:00,3
928.1328235537894,28.804309443459772,2660.89,2581.06,113.66,12:08:00,3
927.668228253332,28.876634318383086,2658.85,2579.08,113.57,12:09:00,3
927.152284006132,28.94882077392993,2656.69,2576.98,113.48,12:10:00,3
926.585076760382,29.020862721633748,2654.4,2574.76,113.38,12:11:00,3
925.9667009670193,29.092754057589502,2651.98,2572.42,113.28,12:12:00,3
925.2972595535141,29.164488663281798,2649.44,2569.96,113.17,12:13:00,3
924.5768638953161,29.236060406419995,2646.78,2567.38,113.06,12:14:00,3
494.141350767832,29.307463141780104,1501.85,1456.79,64.15,12:15:00,3
922.9836973989312,29.378690712053398,2641.09,2561.86,112.82,12:16:00,3
922.1111912620313,29.44973694870151,2638.06,2558.92,112.69,12:17:00,3
921.1882602097158,29.520595672817926,2634.91,2555.86,112.55,12:18:00,3
388.7213825209067,29.59126069599565,1196.89,1160.98,51.13,12:19:00,3
919.1917440109349,29.661725821200914,2628.24,2549.4,112.27,12:20:00,3
408.6920241428711,29.731984843652764,1254.26,1216.63,53.58,12:21:00,3
916.9954721191239,29.80203155170834,2621.1,2542.46,111.96,12:22:00,3
403.66541059421417,29.871859727753705,1238.92,1201.75,52.92,12:23:00,3
914.6008980223733,29.941463149100038,2613.47,2535.07,111.64,12:24:00,3
913.3297370643227,30.01083558888498,2609.48,2531.2,111.47,12:25:00,3
912.009603777303,30.079970816979046,2605.37,2527.21,111.29,12:26:00,3
910.6407157214419,30.148862600896805,2601.15,2523.12,111.11,12:27:00,3
643.8874678740141,30.217504706712788,1909.46,1852.18,81.56,12:28:00,3
907.7575845335309,30.285890899981773,2592.35,2514.58,110.73,12:29:00,3
366.80505859975347,30.354014946663455,1129.03,1095.16,48.23,12:30:00,3
904.6822390608326,30.421870614051127,2583.09,2505.6,110.34,12:31:00,3
903.073111717007,30.48945167170432,2578.29,2500.94,110.13,12:32:00,3
901.4166967463066,30.556751892385133,2573.38,2496.18,109.92,12:33:00,3
899.713265011455,30.623765052998113,2568.35,2491.3,109.71,12:34:00,3
897.9630947103063,30.690484935533448,2563.21,2486.32,109.49,12:35:00,3
701.0345929585521,30.7569053280133,2057.42,1995.7,87.88,12:36:00,3
894.3236874200713,30.823020025441075,2552.6,2476.03,109.04,12:37:00,3
440.8681452887015,30.888822830753444,1340.42,1300.21,57.26,12:38:00,3
319.34333263115275,30.954307555774875,986.67,957.07,42.15,12:39:00,3
583.7406787309277,31.019468022174536,1739.4,1687.22,74.3,12:40:00,3
886.4970468495842,31.084298062425294,2530.07,2454.17,108.07,12:41:00,3
884.428095911147,31.148791520764668,2524.17,2448.44,107.82,12:42:00,3
882.3148865834592,31.212942254157497,2518.16,2442.61,107.56,12:43:00,3
584.0284855105989,31.276744133260113,1738.21,1686.06,74.25,12:44:00,3
877.9570616133781,31.34019104338581,2505.82,2430.65,107.04,12:45:00,3
381.13093016554154,31.403276885471445,1165.6,1130.63,49.79,12:46:00,3
873.4263740605812,31.465995577044875,2493.07,2418.28,106.49,12:47:00,3
871.0971101650547,31.528341053193095,2486.55,2411.95,106.21,12:48:00,3
612.1709888524158,31.590307267530825,1812.32,1757.95,77.41,12:49:00,3
866.3126026904838,31.651888193169334,2473.18,2398.99,105.64,12:50:00,3
863.8581213241986,31.7130778236853,2466.35,2392.36,105.35,12:51:00,3
383.4204908591212,31.77387017408948,1170.36,1135.25,49.99,12:52:00,3
858.8266526296132,31.834259281794978,2452.4,2378.83,104.76,12:53:00,3
856.2504620923222,31.89423920758488,2445.27,2371.92,104.45,12:54:00,3
853.6345078625907,31.95380403657906,2438.05,2364.91,104.14,12:55:00,3
850.9792020365575,32.012947879199935,2430.74,2357.82,103.83,12:56:00,3
377.8954189951668,32.07166487213691,1152.87,1118.29,49.25,12:57:00,3
284.5425904331916,32.12994917930938,878.81,852.45,37.54,12:58:00,3
432.77708173855467,32.187794992827946,1309.84,1270.55,55.95,12:59:00,3
839.9728874354306,32.24519653395377,2400.54,2328.52,102.54,13:00:00,3
508.20816228579304,32.302148054055706,1521.56,1475.92,64.99,13:01:00,3
834.2447132518332,32.35864383556509,2384.89,2313.34,101.87,13:02:00,3
401.2833839505414,32.41467819292794,1218.54,1181.98,52.05,13:03:00,3
588.2885100134681,32.47024547355426,1740.58,1688.37,74.35,13:04:00,3
825.3811532280836,32.52534005876446,2360.75,2289.93,100.84,13:05:00,3
556.1180460449004,32.579956364732325,1651.97,1602.41,70.57,13:06:00,3
473.81470992690566,32.63408884342465,1423.24,1380.54,60.79,13:07:00,3
302.9215015549544,32.68773198353706,931.05,903.12,39.77,13:08:00,3
813.0758718496207,32.74088031142607,2327.37,2257.55,99.41,13:09:00,3
809.9156713050462,32.793528392036755,2318.82,2249.25,99.05,13:10:00,3
806.7228720862362,32.84567082982633,2310.18,2240.88,98.68,13:11:00,3
803.4979572402747,32.89730226968295,2301.47,2232.43,98.31,13:12:00,3
579.3520025885659,32.948417397839805,1712.62,1661.24,73.16,13:13:00,3
355.99987805328396,32.999010942784146,1084.93,1052.38,46.34,13:14:00,3
312.7807701417531,33.04907767616117,958.59,929.83,40.95,13:15:00,3
790.28692007392,33.09861241367233,2265.84,2197.86,96.79,13:16:00,3
786.9087886354898,33.14761001596807,2256.74,2189.04,96.4,13:17:00,3
262.04419820788564,33.19606538953465,808.07,783.83,34.52,13:18:00,3
780.0655815891804,33.24397348757489,2238.32,2171.17,95.61,13:19:00,3
599.1447331810848,33.29132931088256,1763.53,1710.62,75.33,13:20:00,3
773.1098250400065,33.338127908710334,2219.62,2153.03,94.81,13:21:00,3
325.29642509687176,33.384364379630924,993.83,964.01,42.45,13:22:00,3
766.0456041795671,33.43003387239136,2200.64,2134.62,94.0,13:23:00,3
245.02856543796588,33.475131586760064,756.42,733.72,32.31,13:24:00,3
758.8770393972643,33.5196527743666,2181.39,2115.95,93.18,13:25:00,3
755.2549243040296,33.56359273953384,2171.67,2106.52,92.76,13:26:00,3
282.4388633052504,33.60694684010241,867.05,841.04,37.04,13:27:00,3
747.9376365901675,33.64971048824713,2152.04,2087.48,91.93,13:28:00,3
744.2435117846607,33.691879151285306,2142.13,2077.87,91.5,13:29:00,3
587.7523115237408,33.73344835247667,1729.33,1677.45,73.87,13:30:00,3
317.4258598829739,33.77441367181473,969.18,940.1,41.4,13:31:00,3
733.0255284425532,33.81477074680936,2112.05,2048.68,90.22,13:32:00,3
729.2427584384096,33.8545152732605,2101.9,2038.85,89.78,13:33:00,3
725.439150045126,33.89364300602264,2091.7,2028.95,89.35,13:34:00,3
266.04298691752433,33.93214975975998,817.38,792.86,34.91,13:35:00,3
717.7715418277479,33.97003140969214,2071.14,2009.01,88.47,13:36:00,3
713.9086052438018,34.00728389233004,2060.78,1998.96,88.03,13:37:00,3
710.0269565093616,34.043903206202025,2050.37,1988.86,87.58,13:38:00,3
435.9936052555338,34.079885412569816,1308.11,1268.87,55.88,13:39:00,3
213.76414993890313,34.11522663613424,660.85,641.03,28.23,13:40:00,3
538.6848367087581,34.149923065730555,1592.9,1545.11,68.04,13:41:00,3
694.3238900779006,34.18397095501315,2008.24,1947.99,85.78,13:42:00,3
244.7116311872519,34.21736662312946,753.07,730.48,32.17,13:43:00,3
686.3739275825027,34.25010645538296,1986.89,1927.29,84.87,13:44:00,3
682.3762005898836,34.282186903885034,1976.16,1916.87,84.41,13:45:00,3
678.3640176834776,34.31360448819556,1965.38,1906.42,83.95,13:46:00,3
674.3379089531732,34.34435579595208,1954.56,1895.92,83.49,13:47:00,3
670.2984036747129,34.37443748348735,1943.7,1885.39,83.03,13:48:00,3
451.05141015477784,34.40384627643513,1348.56,1308.1,57.6,13:49:00,3
662.1813158309332,34.43257897032413,1921.88,1864.22,82.09,13:50:00,3
658.1047867377005,34.46063243115976,1910.91,1853.58,81.63,13:51:00,3
231.25917525033728,34.488003595993845,712.13,690.77,30.42,13:52:00,3
219.65679336066844,34.51468947348188,677.38,657.06,28.93,13:53:00,3
645.8095531770125,34.54068714442777,1877.8,1821.46,80.21,13:54:00,3
641.6909999898472,34.56599376231607,1866.7,1810.7,79.74,13:55:00,3
234.31391584600223,34.59060655383128,720.93,699.3,30.79,13:56:00,3
250.50066852111289,34.6145228193644,768.98,745.91,32.85,13:57:00,3
629.2821767726856,34.63773993350637,1833.23,1778.23,78.31,13:58:00,3
359.63046485356864,34.66025534552833,1087.57,1054.94,46.46,13:59:00,3
620.9704706174483,34.682066579848694,1810.78,1756.46,77.35,14:00:00,3
337.62003304522466,34.70317123648674,1023.88,993.17,43.74,14:01:00,3
612.6322024803554,34.72356699150273,1788.24,1734.59,76.39,14:02:00,3
608.4543724351468,34.74325159742436,1776.93,1723.62,75.9,14:03:00,3
415.0559764100658,34.76222288365954,1245.14,1207.78,53.19,14:04:00,3
600.0838284948371,34.78047875689527,1754.26,1701.64,74.93,14:05:00,3
595.8921100402135,34.79801720148257,1742.9,1690.61,74.45,14:06:00,3
375.9855364632941,34.81483627980742,1133.73,1099.72,48.43,14:07:00,3
587.4982481542895,34.8309341326475,1720.13,1668.53,73.48,14:08:00,3
583.2970832977807,34.8463089795147,1708.72,1657.46,72.99,14:09:00,3
243.35285059122882,34.86095911898339,746.96,724.55,31.91,14:10:00,3
574.8887095835528,34.874882929004116,1685.87,1635.29,72.01,14:11:00,3
570.68246085139,34.88807886720304,1674.42,1624.19,71.52,14:12:00,3
566.4754721990917,34.90054547116658,1662.97,1613.08,71.03,14:13:00,3
562.2682154359993,34.91228135871158,1651.51,1601.96,70.55,14:14:00,3
558.0611589249457,34.9232852281407,1640.04,1590.84,70.06,14:15:00,3
324.84458555390046,34.93355585848302,985.86,956.29,42.11,14:16:00,3
203.43627477908353,34.94309210971986,627.57,608.74,26.81,14:17:00,3
545.4458212026782,34.95189292299568,1605.6,1557.43,68.58,14:18:00,3
225.27203320057274,34.95995732081401,692.85,672.06,29.6,14:19:00,3
537.0450218675105,34.96728440721837,1582.62,1535.14,67.6,14:20:00,3
326.71532461642124,34.97387336795825,991.12,961.38,42.34,14:21:00,3
528.6559536956208,34.979723470639826,1559.64,1512.85,66.62,14:22:00,3
524.4669215905985,34.9848340648617,1548.15,1501.71,66.13,14:23:00,3
520.2821375220329,34.989204582335404,1536.67,1490.57,65.64,14:24:00,3
269.61838993030887,34.9928345369907,824.19,799.46,35.21,14:25:00,3
511.9270287004581,34.99572352506571,1513.71,1468.3,64.66,14:26:00,3
507.7575509419405,34.99787122518174,1502.24,1457.17,64.17,14:27:00,3
503.5940150896669,34.99927739840285,1490.78,1446.05,63.68,14:28:00,3
342.01114855607096,34.99994188828021,1035.24,1004.18,44.22,14:29:00,3
259.13318992584277,34.999864620881056,793.24,769.44,33.88,14:30:00,3
202.62623776200144,34.99904560480244,624.99,606.24,26.7,14:31:00,3
286.16913600678816,34.9974849311696,872.81,846.63,37.28,14:32:00,3
482.87974934141175,34.99518277361909,1433.61,1390.6,61.24,14:33:00,3
167.5878449075467,34.99213938826658,519.35,503.77,22.18,14:34:00,3
474.6497304189946,34.98835511365934,1410.83,1368.51,60.26,14:35:00,3
470.54820382537565,34.98383037071352,1399.46,1357.48,59.78,14:36:00,3
466.4561682164843,34.97856566263607,1388.11,1346.47,59.29,14:37:00,3
462.3739943661541,34.972561574831545,1376.78,1335.48,58.81,14:38:00,3
248.32013766796234,34.965818774793505,761.35,738.51,32.52,14:39:00,3
454.24069063202614,34.95833801198094,1354.17,1313.55,57.84,14:40:00,3
450.19027777785533,34.95012011767941,1342.9,1302.61,57.36,14:41:00,3
446.1511606697552,34.94116600484704,1331.64,1291.7,56.88,14:42:00,3
442.12368534827834,34.931476667945546,1320.41,1280.8,56.4,14:43:00,3
438.10819280562174,34.921053182756104,1309.21,1269.93,55.92,14:44:00,3
434.1050189556623,34.90989670618035,1298.03,1259.09,55.45,14:45:00,3
299.34901484156893,34.898008476026284,911.78,884.42,38.95,14:46:00,3
426.13694542969756,34.88538981077949,1275.74,1237.47,54.49,14:47:00,3
168.95349661894596,34.87204210935934,523.76,508.04,22.37,14:48:00,3
418.22204948186084,34.85796685086056,1253.56,1215.95,53.55,14:49:00,3
293.01781977801676,34.84316559428005,893.47,866.67,38.17,14:50:00,3
297.8774934751505,34.82763997822912,907.75,880.52,38.78,14:51:00,3
406.45486342174445,34.81139172063112,1220.51,1183.9,52.13,14:52:00,3
402.5617140491785,34.79442261840466,1209.56,1173.27,51.67,14:53:00,3
398.6836739509522,34.77673454713238,1198.64,1162.68,51.2,14:54:00,3
120.78461326472672,34.75832946071547,377.01,365.7,16.1,14:55:00,3
390.9740516721543,34.739209391013986,1176.9,1141.59,50.27,14:56:00,3
387.14302128159807,34.71937644747293,1166.08,1131.1,49.81,14:57:00,3
383.32820372629,34.69883281673448,1155.29,1120.64,49.35,14:58:00,3
379.52986160364526,34.67758076223613,1144.55,1110.21,48.89,14:59:00,3
375.74825218028155,34.655622623795125,1133.84,1099.82,48.43,15:00:00,3
371.98362738787733,34.6329608171791,1123.17,1089.47,47.98,15:01:00,3
368.23623382054694,34.609597833663194,1112.54,1079.16,47.52,15:02:00,3
364.5063127337195,34.585536239573585,1101.94,1068.89,47.07,15:03:00,3
360.7941000445065,34.5607786758177,1091.39,1058.65,46.62,15:04:00,3
357.099826333543,34.53532785740121,1080.88,1048.45,46.17,15:05:00,3
353.42371684828737,34.50918657293177,1070.41,1038.3,45.72,15:06:00,3
133.162807472665,34.48235768410991,415.46,402.99,17.75,15:07:00,3
346.12686490872136,34.454844125206925,1049.6,1018.11,44.83,15:08:00,3
342.5065463332277,34.42664890253011,1039.26,1008.08,44.39,15:09:00,3
338.90523975761965,34.39777509387535,1028.97,998.1,43.95,15:10:00,3
164.61218616953633,34.36822584796725,511.69,496.34,21.86,15:11:00,3
331.76045204621124,34.33800438388694,1008.51,978.26,43.08,15:12:00,3
328.2173524343212,34.307113990487736,998.36,968.41,42.65,15:13:00,3
324.6940278975337,34.275558025798745,988.25,958.6,42.21,15:14:00,3
321.19065606557217,34.24333991641657,978.19,948.84,41.78,15:15:00,3
317.7074093444761,34.210463156885396,968.17,939.13,41.36,15:16:00,3
314.2444549348059,34.17693130906533,958.21,929.46,40.93,15:17:00,3
310.8019548510902,34.14274800148955,948.29,919.84,40.51,15:18:00,3
218.9793699927795,34.10791692871004,676.53,656.23,28.9,15:19:00,3
158.09117615055305,34.07244185063233,492.46,477.69,21.04,15:20:00,3
300.598723352972,34.03632659183932,918.85,891.28,39.25,15:21:00,3
138.3696031226467,33.999575040904354,432.28,419.32,18.47,15:22:00,3
293.9015795129637,33.96219114969371,899.48,872.49,38.42,15:23:00,3
290.5849200266881,33.92417893265871,889.87,863.17,38.01,15:24:00,3
198.2540746379708,33.88554246611767,614.77,596.33,26.26,15:25:00,3
114.19310713995708,33.8462858875277,358.12,347.38,15.3,15:26:00,3
280.76409270956276,33.806413394746755,861.37,835.53,36.79,15:27:00,3
118.32293006346714,33.765929245285975,371.0,359.87,15.85,15:28:00,3
274.325652343405,33.72483775555253,842.64,817.36,35.99,15:29:00,3
271.1393853134794,33.68314330008322,833.36,808.36,35.6,15:30:00,3
267.97521785436953,33.64085031076892,824.13,799.41,35.2,15:31:00,3
158.89217455224215,33.597963276070104,495.9,481.02,21.18,15:32:00,3
88.24937720629549,33.55448674022373,278.05,269.7,11.88,15:33:00,3
97.29500205388136,33.51042530244154,306.24,297.05,13.08,15:34:00,3
255.5413145442959,33.46578361610004,787.79,764.16,33.65,15:35:00,3
110.81239861143787,33.42056638792236,348.3,337.85,14.88,15:36:00,3
93.71053876518778,33.374778377152225,295.26,286.41,12.61,15:37:00,3
246.451974974314,33.32842439472019,761.14,738.31,32.51,15:38:00,3
243.46752458748261,33.28150930240228,752.38,729.81,32.14,15:39:00,3
240.5058345050305,33.23403801197147,743.67,721.36,31.77,15:40:00,3
237.56695537725204,33.18601548434195,735.02,712.97,31.4,15:41:00,3
234.65093345318334,33.13744672870651,726.43,704.64,31.03,15:42:00,3
231.75781062415462,33.088336801667275,717.9,696.36,30.67,15:43:00,3
228.8876244680132,33.03869080635995,709.43,688.15,30.3,15:44:00,3
226.04040829399548,32.9885138915718,701.02,679.99,29.94,15:45:00,3
223.21619118822437,32.93781125085355,692.67,671.89,29.59,15:46:00,3
153.24457374460818,32.88658812162553,480.07,465.66,20.51,15:47:00,3
217.6368496875239,32.83484978427811,676.16,655.87,28.88,15:48:00,3
214.88176276704758,32.7826015612668,667.99,647.95,28.53,15:49:00,3
212.1497499587322,32.729848816202086,659.88,640.09,28.19,15:50:00,3
209.44081993588776,32.6765969529344,651.84,632.28,27.84,15:51:00,3
206.75497743355473,32.622851414634226,643.85,624.54,27.5,15:52:00,3
204.09222329774377,32.56861768286774,635.93,616.85,27.16,15:53:00,3
201.45255453512,32.513901276668136,628.07,609.23,26.83,15:54:00,3
198.83596436311018,32.4587077516028,620.27,601.67,26.5,15:55:00,3
71.5992001955823,32.403042698836664,227.17,220.35,9.7,15:56:00,3
193.67197401787146,32.346911744191885,604.86,586.72,25.84,15:57:00,3
191.12454178974252,32.290320547204075,597.25,579.33,25.51,15:58:00,3
68.82861709829119,32.23327480017535,218.61,212.05,9.34,15:59:00,3
107.41241122598653,32.17578022722432,339.53,329.34,14.5,16:00:00,3
183.62022927058408,32.11784258333339,574.79,557.54,24.55,16:01:00,3
91.25992941291098,32.05946765339344,289.22,280.54,12.35,16:02:00,3
178.73204822620957,32.000661251246214,560.12,543.32,23.93,16:03:00,3
176.32226021060023,31.941429218724565,552.88,536.3,23.62,16:04:00,3
173.93528583367345,31.881777424690846,545.71,529.34,23.31,16:05:00,3
171.5710800373445,31.821711764073562,538.59,522.43,23.01,16:06:00,3
107.04061093586176,31.7612381569027,338.95,328.79,14.48,16:07:00,3
109.49311824489666,31.700362547343687,346.7,336.3,14.81,16:08:00,3
164.61457642991823,31.63909090273038,517.62,502.1,22.11,16:09:00,3
91.3323059233309,31.57742921259732,290.03,281.33,12.39,16:10:00,3
160.08978433782048,31.515383487711347,503.96,488.84,21.53,16:11:00,3
122.36740450883262,31.452959759102892,387.21,375.6,16.54,16:12:00,3
155.65472417969292,31.390164077097054,490.54,475.82,20.95,16:13:00,3
153.47067668574377,31.32700251034484,483.92,469.4,20.67,16:14:00,3
151.30885637979503,31.26348114485468,477.37,463.04,20.39,16:15:00,3
149.1691890004439,31.1996060830244,470.87,456.75,20.11,16:16:00,3
147.05159766335444,31.135383442673895,464.44,450.51,19.84,16:17:00,3
68.79431742299566,31.070819356078797,219.56,212.97,9.38,16:18:00,3
142.88232278836497,31.005919969005273,451.76,438.21,19.3,16:19:00,3
140.8304728535308,30.940691439746114,445.52,432.15,19.03,16:20:00,3
138.8003662748918,30.875139938158398,439.33,426.15,18.77,16:21:00,3
136.79191386322464,30.809271644702932,433.21,420.21,18.5,16:22:00,3
134.80502412965137,30.743092749485726,427.14,414.33,18.25,16:23:00,3
132.83960333912452,30.676609451301527,421.14,408.5,17.99,16:24:00,3
63.47534331018856,30.60982795667975,203.11,197.01,8.68,16:25:00,3
96.84836608211943,30.54275447893308,308.64,299.39,13.18,16:26:00,3
127.0711847015415,30.475395237208787,403.49,391.39,17.24,16:27:00,3
55.80746431451453,30.407756455543012,178.9,173.53,7.64,16:28:00,3
66.35313586018248,30.339844361918242,212.47,206.1,9.08,16:29:00,3
121.49240762169747,30.27166518732416,386.38,374.79,16.5,16:30:00,3
119.67446732631069,30.203225164822104,380.8,369.37,16.27,16:31:00,3
90.50658095431518,30.134530528613208,289.16,280.48,12.35,16:32:00,3
48.75121455952267,30.0655875131105,156.64,151.94,6.69,16:33:00,3
114.3440657851695,29.996402352015174,364.4,353.47,15.57,16:34:00,3
112.60802744898693,29.926981277397232,359.05,348.28,15.34,16:35:00,3
110.89217724641037,29.857330518780515,353.76,343.15,15.11,16:36:00,3
109.19639701867233,29.78745630223245,348.53,338.07,14.89,16:37:00,3
107.52056708673813,29.717364849458754,343.35,333.05,14.67,16:38:00,3
72.8549677094765,29.647062376903115,233.76,226.75,9.99,16:39:00,3
104.22827209050422,29.57655509485214,333.18,323.18,14.23,16:40:00,3
102.61156051208778,29.505849206545573,328.17,318.33,14.02,16:41:00,3
101.01430629877258,29.434950907292276,323.22,313.53,13.81,16:42:00,3
99.43638290804857,29.363866383591848,318.33,308.78,13.6,16:43:00,3
97.87766256964817,29.29260181226213,313.5,304.09,13.39,16:44:00,3
96.33801633293282,29.221163359572806,308.72,299.46,13.19,16:45:00,3
94.8173141138654,29.149557180385226,304.0,294.88,12.99,16:46:00,3
93.31542474155718,29.077789417298717,299.33,290.35,12.79,16:47:00,3
91.83221600438046,29.005866199803293,294.71,285.87,12.59,16:48:00,3
90.36755469563907,28.933793643439145,290.15,281.45,12.39,16:49:00,3
88.92130665879037,28.861577848963,285.65,277.08,12.2,16:50:00,3
87.49333683220868,28.789224901521514,281.19,272.76,12.01,16:51:00,3
86.08350929348262,28.71674086983175,276.8,268.49,11.82,16:52:00,3
84.69168730323973,28.644131805368968,272.45,264.28,11.64,16:53:00,3
83.31773334849244,28.571403741561912,268.16,260.11,11.45,16:54:00,3
55.09845042797798,28.49856269299567,178.03,172.69,7.6,16:55:00,3
52.07381901603622,28.425614654622215,168.37,163.32,7.19,16:56:00,3
79.30169385972408,28.35256560097878,255.59,247.92,10.92,16:57:00,3
77.99782293448347,28.279421485414282,251.51,243.96,10.74,16:58:00,3
76.71112235829467,28.206188239323865,247.47,240.05,10.57,16:59:00,3
42.56112343789849,28.132871771391628,137.94,133.81,5.89,17:00:00,3
74.18866668063932,28.059477966841694,239.56,232.37,10.23,17:01:00,3
26.08766650234756,27.986012686697837,84.78,82.24,3.62,17:02:00,3
71.73319107570163,27.91248176705171,231.84,224.88,9.9,17:03:00,3
70.53021406707266,27.8388910183397,228.05,221.21,9.74,17:04:00,3
69.34355329086225,27.76524622462867,224.32,217.59,9.58,17:05:00,3
68.17306514893278,27.691553142910607,220.63,214.01,9.42,17:06:00,3
67.01860578676707,27.617817502406382,216.99,210.48,9.27,17:07:00,3
65.88003112953506,27.544045003878566,213.4,207.0,9.12,17:08:00,3
64.75719691761186,27.470241318953473,209.86,203.56,8.96,17:09:00,3
63.649958741544964,27.396412089452618,206.36,200.17,8.81,17:10:00,3
62.55817207646803,27.32256292673362,202.91,196.82,8.67,17:11:00,3
61.48169231595795,27.24869941104053,199.51,193.52,8.52,17:12:00,3
25.280919980950866,27.174827090863797,82.44,79.96,3.52,17:13:00,3
59.374074874402666,27.10095148230999,192.83,187.05,8.24,17:14:00,3
58.342647869633886,27.027078068481284,189.57,183.88,8.1,17:15:00,3
57.32594918578674,26.953212298864745,186.34,180.75,7.96,17:16:00,3
30.092991684955265,26.87935958873155,98.19,95.24,4.19,17:17:00,3
55.33615878711355,26.80552531854628,180.03,174.63,7.69,17:18:00,3
21.260762426029803,26.73171483338625,69.49,67.4,2.97,17:19:00,3
39.73759806917244,26.657933442370975,129.61,125.72,5.54,17:20:00,3
52.45832664314937,26.584186418101787,170.88,165.75,7.3,17:21:00,3
25.7921493530818,26.510478996111807,84.33,81.8,3.6,17:22:00,3
50.60932877389056,26.43681637432624,164.99,160.04,7.05,17:23:00,3
49.705266652685815,26.363203712532957,162.11,157.25,6.92,17:24:00,3
48.81463851724555,26.28964613186353,159.27,154.5,6.8,17:25:00,3
47.937301860658216,26.216148714284806,156.48,151.78,6.68,17:26:00,3
47.073114535044674,26.142716502100985,153.72,149.11,6.57,17:27:00,3
46.22193477645095,26.0693544974662,151.0,146.47,6.45,17:28:00,3
45.38362122918733,25.996067661907738,148.32,143.87,6.34,17:29:00,3
13.7611036238892,25.92286091585988,45.17,0.0,0.0,17:30:00,3
16.998227588530106,25.849739138208527,55.78,54.11,2.38,17:31:00,3
29.76367580894401,25.776707165846354,97.55,94.62,4.17,17:32:00,3
42.15621764561729,25.703769793238777,137.99,133.85,5.89,17:33:00,3
30.95284754857619,25.630931772000693,101.49,98.45,4.34,17:34:00,3
40.6160717854861,25.558197810483996,133.05,129.06,5.68,17:35:00,3
18.92914615596342,25.485572573375876,62.2,60.33,2.66,17:36:00,3
39.123486836944714,25.41306068130784,128.26,124.41,5.48,17:37:00,3
38.39468689078316,25.34066671047571,125.92,122.14,5.38,17:38:00,3
37.67736701661568,25.26839519227039,123.62,119.91,5.28,17:39:00,3
26.92983563457779,25.196250612919435,88.5,85.84,3.78,17:40:00,3
36.276626484198,25.12423741313947,119.11,115.54,5.09,17:41:00,3
35.592936988306946,25.052359987799505,116.91,113.4,4.99,17:42:00,3
34.920189923367275,24.980622685595094,114.74,111.3,4.9,17:43:00,3
34.258252609095486,24.909029808733273,112.61,109.23,4.81,17:44:00,3
33.60699308965943,24.837585612628338,110.51,107.19,4.72,17:45:00,3
32.96628014903024,24.766294305608497,108.44,105.19,4.63,17:46:00,3
32.33598332583898,24.695160048633333,106.41,103.22,4.55,17:47:00,3
31.715972927742147,24.62418695502201,104.41,101.27,4.46,17:48:00,3
20.923589452444705,24.55337909019224,68.99,66.92,2.95,17:49:00,3
30.50629656537914,24.482740471410075,100.5,97.48,4.29,17:50:00,3
29.916375184066112,24.412275067550446,98.59,95.63,4.21,17:51:00,3
18.331382459720842,24.34198679886832,60.51,58.7,2.58,17:52:00,3
28.765733621976754,24.271879536780546,94.86,92.02,4.05,17:53:00,3
28.204762989220324,24.201957103658433,93.04,90.25,3.97,17:54:00,3
21.961336806152474,24.1322232726309,72.53,70.35,3.1,17:55:00,3
27.110902295113867,24.062681767398175,89.5,86.81,3.82,17:56:00,3
8.899507198793309,23.99333626205602,29.45,0.0,0.0,17:57:00,3
26.053666222402548,23.924190380930526,86.07,83.49,3.68,17:58:00,3
18.741993649055964,23.855247698423337,61.99,60.13,2.65,17:59:00,3
25.032087841227394,23.78651173886727,82.75,80.27,3.53,18:00:00,3
24.53437207003248,23.717985976392228,81.13,78.7,3.47,18:01:00,3
9.690538585043388,23.64967383480157,32.11,0.0,0.0,18:02:00,3
15.437687783591034,23.581578687458656,51.14,49.6,2.18,18:03:00,3
7.870711690439432,23.513703857183593,26.1,0.0,0.0,18:04:00,3
22.627930133680305,23.446052616160106,74.93,72.68,3.2,18:05:00,3
12.863176408627265,23.378628185852552,42.66,0.0,0.0,18:06:00,3
16.236090329636383,23.311433736932965,53.83,52.22,2.3,18:07:00,3
21.28352460996043,23.244472389218018,70.54,68.43,3.01,18:08:00,3
10.161818670298489,23.177747211615856,33.74,0.0,0.0,18:09:00,3
20.426246035851378,23.111261222082828,67.74,65.71,2.89,18:10:00,3
20.00897407789552,23.045017387589997,66.38,64.39,2.84,18:11:00,3
19.599135860479915,22.97901862409925,65.04,63.09,2.78,18:12:00,3
10.028746186063849,22.91326779654904,33.33,0.0,0.0,18:13:00,3
12.797412690163942,22.84776771884972,42.53,0.0,0.0,18:14:00,3
18.41315728370971,22.782521153888347,61.16,59.33,2.61,18:15:00,3
11.281395276711486,22.717530813542798,37.52,0.0,0.0,18:16:00,3
17.65773591948225,22.65279935870519,58.69,56.93,2.51,18:17:00,3
17.29028505056659,22.58832939931461,57.49,55.76,2.46,18:18:00,3
10.652865254290768,22.524123494398918,35.46,0.0,0.0,18:19:00,3
16.575397098420364,22.460184152125596,55.14,53.49,2.36,18:20:00,3
16.22776068171859,22.39651382986154,54.0,52.38,2.31,18:21:00,3
15.886531419693696,22.333114934241777,52.88,51.29,2.26,18:22:00,3
15.55161215274605,22.26998982124698,51.78,50.23,2.21,18:23:00,3
15.22290672494882,22.207140796289586,50.7,49.18,2.17,18:24:00,3
9.769820676362523,22.14457011430857,32.57,0.0,0.0,18:25:00,3
4.819262776155608,22.082279979872688,16.08,0.0,0.0,18:26:00,3
14.273126970594891,22.020272547292215,47.58,0.0,0.0,18:27:00,3
13.968335408224672,21.95854992073887,46.58,0.0,0.0,18:28:00,3
13.669291951312774,21.89711415437401,45.59,0.0,0.0,18:29:00,3
13.37590645674107,21.8359672524849,44.63,0.0,0.0,18:30:00,3
13.088089779545735,21.775111169629085,43.68,0.0,0.0,18:31:00,3
5.4427381956533365,21.71454781078657,18.18,0.0,0.0,18:32:00,3
12.528811277163955,21.65427903151976,41.83,0.0,0.0,18:33:00,3
12.257176135448638,21.59430663814123,40.94,0.0,0.0,18:34:00,3
7.776307290617925,21.534632387889026,25.99,0.0,0.0,18:35:00,3
7.309763183113678,21.47525798910941,24.44,0.0,0.0,18:36:00,3
11.473268028357515,21.41618510144699,38.35,0.0,0.0,18:37:00,3
11.222020422615516,21.35741533604217,37.52,0.0,0.0,18:38:00,3
10.97566414407605,21.29895025573571,36.71,0.0,0.0,18:39:00,3
3.8719389127518986,21.240791375280367,12.96,0.0,0.0,18:40:00,3
10.49730546029262,21.182940161559383,35.12,0.0,0.0,18:41:00,3
10.265145422588242,21.125398033811905,34.36,0.0,0.0,18:42:00,3
3.69968023548223,21.068166363865064,12.4,0.0,0.0,18:43:00,3
9.814477097276658,21.011246476372662,32.86,0.0,0.0,18:44:00,3
9.595816937640045,20.95463964906029,32.14,0.0,0.0,18:45:00,3
6.867354046280999,20.898347112976868,23.01,0.0,0.0,18:46:00,3
9.171472068465388,20.84237005275245,30.73,0.0,0.0,18:47:00,3
8.965641166269965,20.786709606862125,30.05,0.0,0.0,18:48:00,3
3.613392772681732,20.731366867895897,12.12,0.0,0.0,18:49:00,3
8.566303959615034,20.67634288283456,28.73,0.0,0.0,18:50:00,3
6.318267868591952,20.621638653331328,21.2,0.0,0.0,18:51:00,3
8.182932408109515,20.56725513599909,27.45,0.0,0.0,18:52:00,3
7.997062018328508,20.513193242703224,26.84,0.0,0.0,18:53:00,3
2.919361743574552,20.459453840859876,9.81,0.0,0.0,18:54:00,3
7.636616497166782,20.406037753739557,25.64,0.0,0.0,18:55:00,3
7.461909860168294,20.352945760775885,25.06,0.0,0.0,18:56:00,3
7.290794454388715,20.300178597879395,24.49,0.0,0.0,18:57:00,3
7.123206746679323,20.24773695775636,23.93,0.0,0.0,18:58:00,3
6.959084080567433,20.195621490232455,23.39,0.0,0.0,18:59:00,3
3.8920265011670323,20.143832802581052,13.09,0.0,0.0,19:00:00,3
6.6409875923153585,20.092371459856174,22.33,0.0,0.0,19:01:00,3
6.486892782824637,20.0412379852299,21.81,0.0,0.0,19:02:00,3
6.336021027044978,19.990432860334195,21.31,0.0,0.0,19:03:00,3
6.1883139545505,19.939956525606892,20.82,0.0,0.0,19:04:00,3
4.5091368860049235,19.889809380641807,15.18,0.0,0.0,19:05:00,3
5.902164556614429,19.839991784542896,19.86,0.0,0.0,19:06:00,3
2.0674275153803623,19.790504056282302,6.96,0.0,0.0,19:07:00,3
5.627994244659272,19.741346475062105,18.95,0.0,0.0,19:08:00,3
5.4952640909439205,19.692519280679743,18.51,0.0,0.0,19:09:00,3
5.365365735661811,19.644022673896973,18.07,0.0,0.0,19:10:00,3
2.5839450288025527,19.59585681681225,8.71,0.0,0.0,19:11:00,3
5.113854581306592,19.548021833236383,17.23,0.0,0.0,19:12:00,3
4.9921388249676735,19.500517809071304,16.83,0.0,0.0,19:13:00,3
4.873048937967407,19.453344792692008,16.43,0.0,0.0,19:14:00,3
4.756535371115175,19.40650279533138,16.04,0.0,0.0,19:15:00,3
4.642549333754689,19.359991791467827,15.66,0.0,0.0,19:16:00,3
4.531042786354542,19.313811719215618,15.28,0.0,0.0,19:17:00,3
4.421968433069823,19.267962480717856,14.92,0.0,0.0,19:18:00,3
1.7204447496379534,19.222443942541936,5.81,0.0,0.0,19:19:00,3
4.2109307990906695,19.177255936077316,14.21,0.0,0.0,19:20:00,3
2.750536591766717,19.13239825793557,9.29,0.0,0.0,19:21:00,3
4.009072654595616,19.087870670352583,13.54,0.0,0.0,19:22:00,3
1.4907970013127214,19.0436729015928,5.04,0.0,0.0,19:23:00,3
3.816041641516683,18.99980464635535,12.89,0.0,0.0,19:24:00,3
3.7227292604062177,18.956265566181976,12.58,0.0,0.0,19:25:00,3
3.631496579595638,18.913055289866687,12.27,0.0,0.0,19:26:00,3
3.542302658400449,18.87017341386702,11.97,0.0,0.0,19:27:00,3
3.4551072245004035,18.82761950271673,11.68,0.0,0.0,19:28:00,3
3.3698706663748985,18.78539308943986,11.39,0.0,0.0,19:29:00,3
3.2865540257429027,18.743493675966107,11.11,0.0,0.0,19:30:00,3
3.2051189900097743,18.70192073354735,10.84,0.0,0.0,19:31:00,3
3.1255278847230934,18.66067370317519,10.57,0.0,0.0,19:32:00,3
3.047743666040005,18.61975199599946,10.31,0.0,0.0,19:33:00,3
1.0519101608282564,18.5791549937476,3.56,0.0,0.0,19:34:00,3
1.0614836487685915,18.538882049144778,3.59,0.0,0.0,19:35:00,3
2.8248711925403955,18.498932486334635,9.56,0.0,0.0,19:36:00,3
2.7539564312144615,18.459305601300557,9.32,0.0,0.0,19:37:00,3
2.684672533850688,18.42000066228742,9.09,0.0,0.0,19:38:00,3
2.616986082987525,18.381016910223735,8.86,0.0,0.0,19:39:00,3
2.5508642395416667,18.342353559143913,8.64,0.0,0.0,19:40:00,3
2.4862747354410284,18.30400979661077,8.42,0.0,0.0,19:41:00,3
0.918597206006396,18.265984784138073,3.11,0.0,0.0,19:42:00,3
2.361566484046802,18.228277657613084,8.0,0.0,0.0,19:43:00,3
0.8623866626278109,18.19088752771889,2.92,0.0,0.0,19:44:00,3
1.104026998627006,18.153813480356572,3.74,0.0,0.0,19:45:00,3
2.185221971452736,18.117054577067048,7.41,0.0,0.0,19:46:00,3
2.1291799299820835,18.080609855452533,7.22,0.0,0.0,19:47:00,3
2.074459727366487,18.04447832959747,7.03,0.0,0.0,19:48:00,3
0.9798649281268603,18.008658990488904,3.32,0.0,0.0,19:49:00,3
1.9688734994691748,17.973150806436166,6.68,0.0,0.0,19:50:00,3
0.6770805033573577,17.937952723489886,2.3,0.0,0.0,19:51:00,3
1.8682456293954546,17.903063665860074,6.34,0.0,0.0,19:52:00,3
1.819725220003553,17.868482536333325,6.18,0.0,0.0,19:53:00,3
1.772366334975611,17.83420821668904,6.02,0.0,0.0,19:54:00,3
0.6872487944710295,17.800239568114566,2.33,0.0,0.0,19:55:00,3
1.3189242348399854,17.766575431619167,4.48,0.0,0.0,19:56:00,3
1.2333940443518652,17.733214628446742,4.19,0.0,0.0,19:57:00,3
1.5940524046216746,17.70015596048727,5.41,0.0,0.0,19:58:00,3
1.5521349130252367,17.667398210686866,5.27,0.0,0.0,19:59:00,3
1.5112356148001589,17.634940143456348,5.13,0.0,0.0,20:00:00,3
0.4880795531355377,17.602780505078286,1.66,0.0,0.0,20:01:00,3
1.4324026671138899,17.57091802411243,4.87,0.0,0.0,20:02:00,3
1.0322488174602937,17.539351411799533,3.51,0.0,0.0,20:03:00,3
1.3573799128378965,17.50807936246333,4.61,0.0,0.0,20:04:00,3
0.7185463643142714,17.477100553910763,2.44,0.0,0.0,20:05:00,3
1.2860003031086487,17.446413647830312,4.37,0.0,0.0,20:06:00,3
1.2516262298137366,17.416017290188435,4.26,0.0,0.0,20:07:00,3
1.218103188019778,17.38591011162391,4.14,0.0,0.0,20:08:00,3
1.1854120639572,17.35609072784017,4.03,0.0,0.0,20:09:00,3
1.1535341193305613,17.326557739995494,3.92,0.0,0.0,20:10:00,3
0.8871485029979869,17.297309735091027,3.02,0.0,0.0,20:11:00,3
0.34362190734371467,17.268345286356535,1.17,0.0,0.0,20:12:00,3
1.0625974864084395,17.23966295363382,3.61,0.0,0.0,20:13:00,3
0.359424982453313,17.211261283757846,1.22,0.0,0.0,20:14:00,3
1.0057117841728522,17.183138810935404,3.42,0.0,0.0,20:15:00,3
0.34851595984948786,17.155294057121335,1.19,0.0,0.0,20:16:00,3
0.9516596361786869,17.12772553239218,3.24,0.0,0.0,20:17:00,3
0.9256556647637241,17.10043173531733,3.15,0.0,0.0,20:18:00,3
0.900312160089718,17.07341115332751,3.06,0.0,0.0,20:19:00,3
0.875613820433578,17.04666226308062,2.98,0.0,0.0,20:20:00,3
0.8515456572347055,17.020183530824823,2.9,0.0,0.0,20:21:00,3
0.42290366787851,16.993973412758923,1.44,0.0,0.0,20:22:00,3
0.8052414400308113,16.96803035538991,2.74,0.0,0.0,20:23:00,3
0.7829769273090013,16.942352795887665,2.67,0.0,0.0,20:24:00,3
0.7612856633135824,16.91693916243677,2.59,0.0,0.0,20:25:00,3
0.26270264630630485,16.891787874585383,0.9,0.0,0.0,20:26:00,3
0.528848346667768,16.866897343591194,1.8,0.0,0.0,20:27:00,3
0.699517759624623,16.842265972764316,2.38,0.0,0.0,20:28:00,3
0.67998727815013,16.817892157807147,2.32,0.0,0.0,20:29:00,3
0.30970813240788214,16.793774287151184,1.06,0.0,0.0,20:30:00,3
0.6424397282298341,16.769910742290715,2.19,0.0,0.0,20:31:00,3
0.4601907882534989,16.74629989811335,1.57,0.0,0.0,20:32:00,3
0.6068304258848476,16.72294012322739,2.07,0.0,0.0,20:33:00,3
0.4672457868425731,16.69982978028599,1.59,0.0,0.0,20:34:00,3
0.403672121274078,16.676967226308115,1.38,0.0,0.0,20:35:00,3
0.43423102827529864,16.654350812996178,1.48,0.0,0.0,20:36:00,3
0.5410623714419065,16.631978887050437,1.85,0.0,0.0,20:37:00,3
0.5256926744009556,16.609849790480062,1.79,0.0,0.0,20:38:00,3
0.340234725367558,16.587961860910884,1.16,0.0,0.0,20:39:00,3
0.49616786016509606,16.566313431889746,1.69,0.0,0.0,20:40:00,3
0.4819930092174618,16.544902833185503,1.64,0.0,0.0,20:41:00,3
0.2945210239670645,16.52372839108661,1.0,0.0,0.0,20:42:00,3
0.45477070092176514,16.502788428695304,1.55,0.0,0.0,20:43:00,3
0.13620087781518805,16.48208126621833,0.46,0.0,0.0,20:44:00,3
0.42899039713530557,16.46160522125418,1.46,0.0,0.0,20:45:00,3
0.30453585209651696,16.44135860907694,1.04,0.0,0.0,20:46:00,3
0.40458150005963506,16.421339742916572,1.38,0.0,0.0,20:47:00,3
0.1362308317572889,16.401546934235746,0.47,0.0,0.0,20:48:00,3
0.2219238380348597,16.381978493003103,0.76,0.0,0.0,20:49:00,3
0.3703927583237571,16.362632727963057,1.26,0.0,0.0,20:50:00,3
0.3596110161840756,16.343507946902026,1.23,0.0,0.0,20:51:00,3
0.3491236959070734,16.32460245691111,1.19,0.0,0.0,20:52:00,3
0.3389233611120125,16.305914564645228,1.16,0.0,0.0,20:53:00,3
0.32900274528946477,16.287442576578687,1.12,0.0,0.0,20:54:00,3
0.31935474843150335,16.269184799257218,1.09,0.0,0.0,20:55:00,3
0.30997243371479327,16.25113953954637,1.06,0.0,0.0,20:56:00,3
0.30084902423614557,16.233305104876386,1.03,0.0,0.0,20:57:00,3
0.2919778998000633,16.21567980348347,1.0,0.0,0.0,20:58:00,3
0.12229682523480857,16.198261944647495,0.42,0.0,0.0,20:59:00,3
0.21027183833572105,16.18104983892609,0.72,0.0,0.0,21:00:00,3
0.2668143193847868,16.164041798385163,0.91,0.0,0.0,21:01:00,3
0.11172084972752011,16.147236136825857,0.38,0.0,0.0,21:02:00,3
0.2511854219463403,16.130631170007884,0.86,0.0,0.0,21:03:00,3
0.24369736740356496,16.114225215869315,0.83,0.0,0.0,21:04:00,3
0.23641938520167055,16.098016594742752,0.81,0.0,0.0,21:05:00,3
0.2293459992391039,16.082003629567964,0.78,0.0,0.0,21:06:00,3
0.1456789242619076,16.066184646100954,0.5,0.0,0.0,21:07:00,3
0.21579175918470134,16.05055797311941,0.74,0.0,0.0,21:08:00,3
0.10291271659639264,16.035121942624674,0.35,0.0,0.0,21:09:00,3
0.2029933909186455,16.019874890040093,0.69,0.0,0.0,21:10:00,3
0.19686530237513938,16.00481515440589,0.67,0.0,0.0,21:11:00,3
0.10261886516135248,15.989941078570457,0.35,0.0,0.0,21:12:00,3
0.10091005026836222,15.975251009378137,0.35,0.0,0.0,21:13:00,3
0.08666468052096596,15.960743297853513,0.3,0.0,0.0,21:14:00,3
0.17405106603907086,15.946416299382179,0.6,0.0,0.0,21:15:00,3
0.1687497594527326,15.932268373888023,0.58,0.0,0.0,21:16:00,3
0.163600820041744,15.918297886007037,0.56,0.0,0.0,21:17:00,3
0.06207441562130844,15.904503205257663,0.21,0.0,0.0,21:18:00,3
0.15374380342480767,15.890882706207707,0.53,0.0,0.0,21:19:00,3
0.09279655032540261,15.877434768637793,0.32,0.0,0.0,21:20:00,3
0.14444852822931667,15.864157777701408,0.49,0.0,0.0,21:21:00,3
0.054221371736846956,15.851050124081558,0.19,0.0,0.0,21:22:00,3
0.13568504331460135,15.838110204144034,0.46,0.0,0.0,21:23:00,3
0.1314937661489989,15.825336420087293,0.45,0.0,0.0,21:24:00,3
0.12742486729137173,15.812727180089013,0.44,0.0,0.0,21:25:00,3
0.06837105984805475,15.800280898449294,0.23,0.0,0.0,21:26:00,3
0.1196409239312915,15.787995995730583,0.41,0.0,0.0,21:27:00,3
0.11591944705168251,15.775870898894258,0.4,0.0,0.0,21:28:00,3
0.0724166474439312,15.76390404143398,0.25,0.0,0.0,21:29:00,3
0.10880200610345153,15.75209386350577,0.37,0.0,0.0,21:30:00,3
0.10540008535235215,15.740438812054874,0.36,0.0,0.0,21:31:00,3
0.04255683768136459,15.728937340939412,0.15,0.0,0.0,21:32:00,3
0.038845093355269186,15.717587911050826,0.13,0.0,0.0,21:33:00,3
0.02988071389851298,15.70638899043119,0.1,0.0,0.0,21:34:00,3
0.09277171617429901,15.695339054387375,0.32,0.0,0.0,21:35:00,3
0.08984602033681656,15.68443658560208,0.31,0.0,0.0,21:36:00,3
0.06229788954467372,15.673680074241789,0.21,0.0,0.0,21:37:00,3
0.0842544544792056,15.66306801806165,0.29,0.0,0.0,21:38:00,3
0.03165997782359389,15.65259892250733,0.11,0.0,0.0,21:39:00,3
0.07899329921835238,15.642271300813821,0.27,0.0,0.0,21:40:00,3
0.049329993320008474,15.632083674101285,0.17,0.0,0.0,21:41:00,3
0.07404419069483088,15.622034571467912,0.25,0.0,0.0,21:42:00,3
0.05407382459775751,15.61212253007986,0.19,0.0,0.0,21:43:00,3
0.06938971189982165,15.60234609525826,0.24,0.0,0.0,21:44:00,3
0.06716776379842218,15.59270382056335,0.23,0.0,0.0,21:45:00,3
0.06501334836698913,15.583194267875749,0.22,0.0,0.0,21:46:00,3
0.028780911007856624,15.5738160074749,0.1,0.0,0.0,21:47:00,3
0.060899445672560996,15.564567618114713,0.21,0.0,0.0,21:48:00,3
0.0589362502368337,15.555447687096425,0.2,0.0,0.0,21:49:00,3
0.05703316868488609,15.546454810338727,0.2,0.0,0.0,21:50:00,3
0.05518846823176477,15.53758759244517,0.19,0.0,0.0,21:51:00,3
0.040027419699153896,15.528844646768887,0.14,0.0,0.0,21:52:00,3
0.05166751041661496,15.520224595474636,0.18,0.0,0.0,21:53:00,3
0.04998801504727902,15.511726069598245,0.17,0.0,0.0,21:54:00,3
0.04836042257044235,15.503347709103448,0.17,0.0,0.0,21:55:00,3
0.046783221187771895,15.495088162936133,0.16,0.0,0.0,21:56:00,3
0.04525494009243407,15.486946089076072,0.16,0.0,0.0,21:57:00,3
0.04377414845416497,15.478920154586135,0.15,0.0,0.0,21:58:00,3
0.0296348338323739,15.471009035659018,0.1,0.0,0.0,21:59:00,3
0.040949504175977,15.463211417661546,0.14,0.0,0.0,22:00:00,3
0.039602980932275635,15.455525995176519,0.14,0.0,0.0,22:01:00,3
0.02007492931959757,15.447951472042208,0.07,0.0,0.0,22:02:00,3
0.03703512815050205,15.440486561389479,0.13,0.0,0.0,22:03:00,3
0.035811342134431386,15.433129985676587,0.12,0.0,0.0,22:04:00,3
0.022636708188584716,15.42588047672168,0.08,0.0,0.0,22:05:00,3
0.025174567026142968,15.418736775733047,0.09,0.0,0.0,22:06:00,3
0.03236650975223196,15.411697633337123,0.11,0.0,0.0,22:07:00,3
0.03129002943261494,15.4047618096043,0.11,0.0,0.0,22:08:00,3
0.030247669048256633,15.39792807407256,0.1,0.0,0.0,22:09:00,3
0.029238406010395075,15.391195205768975,0.1,0.0,0.0,22:10:00,3
0.02826124639154007,15.384561993229108,0.1,0.0,0.0,22:11:00,3
0.027315224186620014,15.378027234514322,0.09,0.0,0.0,22:12:00,3
0.010897691742055333,15.37158973722705,0.04,0.0,0.0,22:13:00,3
0.02551286329619353,15.365248318524051,0.09,0.0,0.0,22:14:00,3
0.0104232595688772,15.3590018051277,0.04,0.0,0.0,22:15:00,3
0.02382412673285256,15.352849033335303,0.08,0.0,0.0,22:16:00,3
0.02302022920527687,15.346788849026495,0.08,0.0,0.0,22:17:00,3
0.02224222016129441,15.340820107668769,0.08,0.0,0.0,22:18:00,3
0.021489309754622366,15.334941674321133,0.07,0.0,0.0,22:19:00,3
0.02076073073654094,15.329152423635943,0.07,0.0,0.0,22:20:00,3
0.020055737858791372,15.323451239858937,0.07,0.0,0.0,22:21:00,3
0.019373607290687402,15.31783701682751,0.07,0.0,0.0,22:22:00,3
0.01871363605014846,15.312308657967268,0.06,0.0,0.0,22:23:00,3
0.01807514144836852,15.306865076286847,0.06,0.0,0.0,22:24:00,3
0.01390389244768643,15.301505194371089,0.05,0.0,0.0,22:25:00,3
0.009122257647342194,15.296227944372562,0.03,0.0,0.0,22:26:00,3
0.016281983696393075,15.291032268001489,0.06,0.0,0.0,22:27:00,3
0.008785040203776602,15.28591711651406,0.03,0.0,0.0,22:28:00,3
0.008483680516117732,15.280881450699233,0.03,0.0,0.0,22:29:00,3
0.014659375766615306,15.275924240863985,0.05,0.0,0.0,22:30:00,3
0.014153696408238884,15.271044466817095,0.05,0.0,0.0,22:31:00,3
0.013664700377268205,15.266241117851454,0.05,0.0,0.0,22:32:00,3
0.013191864748523203,15.261513192724943,0.05,0.0,0.0,22:33:00,3
0.012734682027002748,15.256859699639916,0.04,0.0,0.0,22:34:00,3
0.007938217432860386,15.252279656221317,0.03,0.0,0.0,22:35:00,3
0.004019989067581475,15.247772089493438,0.01,0.0,0.0,22:36:00,3
0.011452199000038422,15.243336035855373,0.04,0.0,0.0,22:37:00,3
0.004248653477597554,15.238970541055188,0.01,0.0,0.0,22:38:00,3
0.010666827400723672,15.23467466016284,0.04,0.0,0.0,22:39:00,3
0.010293716834954978,15.23044745754185,0.04,0.0,0.0,22:40:00,3
0.007788731138143902,15.226288006819797,0.03,0.0,0.0,22:41:00,3
0.009584592058333377,15.222195390857626,0.03,0.0,0.0,22:42:00,3
0.009247792986655345,15.218168701717829,0.03,0.0,0.0,22:43:00,3
0.003021085438832439,15.214207040631486,0.01,0.0,0.0,22:44:00,3
0.0067063963478978935,15.210309517964243,0.02,0.0,0.0,22:45:00,3
0.008303984549331848,15.206475253181212,0.03,0.0,0.0,22:46:00,3
0.008010402795995727,15.202703374810843,0.03,0.0,0.0,22:47:00,3
0.007726770553032038,15.198993020407793,0.03,0.0,0.0,22:48:00,3
0.00745276652723646,15.1953433365148,0.03,0.0,0.0,22:49:00,3
0.0050591938514766635,15.191753478623621,0.02,0.0,0.0,22:50:00,3
0.002607956681074682,15.188222611135027,0.01,0.0,0.0,22:51:00,3
0.0066854562486368405,15.184749907317906,0.02,0.0,0.0,22:52:00,3
0.006446944139511218,15.18133454926748,0.02,0.0,0.0,22:53:00,3
0.006216595395402084,15.17797572786267,0.02,0.0,0.0,22:54:00,3
0.004523153985196032,15.174672642722657,0.02,0.0,0.0,22:55:00,3
0.0032116899167348193,15.171424502162601,0.01,0.0,0.0,22:56:00,3
0.005571905239925119,15.168230523148624,0.02,0.0,0.0,22:57:00,3
0.005371626071001123,15.165089931252009,0.02,0.0,0.0,22:58:00,3
0.003030286212687706,15.162001960602693,0.01,0.0,0.0,22:59:00,3
0.002866161630432087,15.158965853842039,0.01,0.0,0.0,23:00:00,3
0.004811350106398453,15.155980862074937,0.02,0.0,0.0,23:01:00,3
0.004637376611294608,15.153046244821244,0.02,0.0,0.0,23:02:00,3
0.004469445165050072,15.150161269966588,0.02,0.0,0.0,23:03:00,3
0.0034008726982246397,15.147325213712563,0.01,0.0,0.0,23:04:00,3
0.004150912917719514,15.144537360526325,0.01,0.0,0.0,23:05:00,3
0.0013705648623423793,15.14179700308964,0.0,0.0,0.0,23:06:00,3
0.003854224318955317,15.139103442247361,0.01,0.0,0.0,23:07:00,3
0.003713619711434803,15.136455986955411,0.01,0.0,0.0,23:08:00,3
0.0024888447871713915,15.13385395422823,0.01,0.0,0.0,23:09:00,3
0.0034470360640167265,15.131296669085774,0.01,0.0,0.0,23:10:00,3
0.002504054797404758,15.128783464500026,0.01,0.0,0.0,23:11:00,3
0.0031988772991096374,15.126313681341088,0.01,0.0,0.0,23:12:00,3
0.0009606651437002636,15.12388666832284,0.0,0.0,0.0,23:13:00,3
0.002967923432605188,15.121501781948202,0.01,0.0,0.0,23:14:00,3
0.001861909877598361,15.119158386454032,0.01,0.0,0.0,23:15:00,3
0.002753031365387023,15.11685585375563,0.01,0.0,0.0,23:16:00,3
0.0026512711812790623,15.114593563390937,0.01,0.0,0.0,23:17:00,3
0.0010198040729632446,15.112370902464384,0.0,0.0,0.0,23:18:00,3
0.002458485503036109,15.110187265590467,0.01,0.0,0.0,23:19:00,3
0.002367217487656949,15.108042054836991,0.01,0.0,0.0,23:20:00,3
0.001461184930893821,15.105934679668103,0.01,0.0,0.0,23:21:00,3
0.001528853923861825,15.103864556887027,0.01,0.0,0.0,23:22:00,3
0.0021125389288235543,15.101831110578596,0.01,0.0,0.0,23:23:00,3
0.0006158513987622451,15.099833772051554,0.0,0.0,0.0,23:24:00,3
0.001957619529841088,15.097871979780674,0.01,0.0,0.0,23:25:00,3
0.000983500201750537,15.095945179348675,0.0,0.0,0.0,23:26:00,3
0.0018136572375975677,15.094052823387997,0.01,0.0,0.0,23:27:00,3
0.0017455505650205395,15.092194371522407,0.01,0.0,0.0,23:28:00,3
0.001679907981744439,15.090369290308482,0.01,0.0,0.0,23:29:00,3
0.0016166439902918952,15.088577053176977,0.01,0.0,0.0,23:30:00,3
0.001001775974151014,15.086817140374077,0.0,0.0,0.0,23:31:00,3
0.0014969238444022743,15.085089038902584,0.01,0.0,0.0,23:32:00,3
0.0007750430235364707,15.083392242463004,0.0,0.0,0.0,23:33:00,3
0.001385761133074677,15.081726251394599,0.0,0.0,0.0,23:34:00,3
0.0013332035759638606,15.080090572616385,0.0,0.0,0.0,23:35:00,3
0.0012825680067023281,15.078484719568092,0.0,0.0,0.0,23:36:00,3
0.001233786954326668,15.076908212151128,0.0,0.0,0.0,23:37:00,3
0.0011867952086301353,15.07536057666952,0.0,0.0,0.0,23:38:00,3
0.0011415297484118237,15.073841345770866,0.0,0.0,0.0,23:39:00,3
0.0010979296718594224,15.072350058387332,0.0,0.0,0.0,23:40:00,3
0.0010559361290071114,15.070886259676653,0.0,0.0,0.0,23:41:00,3
0.0010154922562115936,15.069449500963204,0.0,0.0,0.0,23:42:00,3
0.00034119929378020593,15.068039339679117,0.0,0.0,0.0,23:43:00,3
0.0009390356183697366,15.066655339305479,0.0,0.0,0.0,23:44:00,3
0.00039754625573767244,15.065297069313605,0.0,0.0,0.0,23:45:00,3
0.000590834992074606,15.063964105106413,0.0,0.0,0.0,23:46:00,3
0.000834658907797828,15.062656027959894,0.0,0.0,0.0,23:47:00,3
0.000802422380186921,15.06137242496471,0.0,0.0,0.0,23:48:00,3
0.000394363900876152,15.060112888967895,0.0,0.0,0.0,23:49:00,3
0.00025280972587448937,15.058877018514734,0.0,0.0,0.0,23:50:00,3
0.00071275466388153,15.057664417790738,0.0,0.0,0.0,23:51:00,3
0.0006850739030907537,15.05647469656382,0.0,0.0,0.0,23:52:00,3
0.0006584315294895974,15.055307470126598,0.0,0.0,0.0,23:53:00,3
0.0006327900670849697,15.054162359238914,0.0,0.0,0.0,23:54:00,3
0.00044116904070833204,15.053038990070494,0.0,0.0,0.0,23:55:00,3
0.00040675922620121035,15.051936994143835,0.0,0.0,0.0,23:56:00,3
0.0005615155529246614,15.050856008277282,0.0,0.0,0.0,23:57:00,3
0.0005395282382210227,15.0497956745283,0.0,0.0,0.0,23:58:00,3
0.0005183730434205973,15.04875564013699,0.0,0.0,0.0,23:59:00,3
0.0005261765085903698,15.000016355695166,0.0,0.0,0.0,00:00:00,4
0.0005476501686888641,15.000016891359769,0.0,0.0,0.0,00:01:00,4
0.0005699684752267479,15.000017443920918,0.0,0.0,0.0,00:02:00,4
0.0005931633161666853,15.000018013889683,0.0,0.0,0.0,00:03:00,4
0.0004797702785372371,15.000018601791883,0.0,0.0,0.0,00:04:00,4
0.0006423159390625895,15.000019208168471,0.0,0.0,0.0,00:05:00,4
0.00022548888666191292,15.000019833575962,0.0,0.0,0.0,00:06:00,4
0.00036077972837811854,15.000020478586844,0.0,0.0,0.0,00:07:00,4
0.0005599239458246942,15.000021143790022,0.0,0.0,0.0,00:08:00,4
0.0007526751820406387,15.000021829791255,0.0,0.0,0.0,00:09:00,4
0.0007830002811808841,15.000022537213615,0.0,0.0,0.0,00:10:00,4
0.0004618534285356827,15.000023266697962,0.0,0.0,0.0,00:11:00,4
0.000344808648302713,15.00002401890341,0.0,0.0,0.0,00:12:00,4
0.000669634163033414,15.000024794507828,0.0,0.0,0.0,00:13:00,4
0.0009165108165155954,15.000025594208342,0.0,0.0,0.0,00:14:00,4
0.0009531716384312146,15.000026418721852,0.0,0.0,0.0,00:15:00,4
0.00099124376159737,15.00002726878556,0.0,0.0,0.0,00:16:00,4
0.0010307792364126211,15.000028145157517,0.0,0.0,0.0,00:17:00,4
0.0010718319417018325,15.000029048617172,0.0,0.0,0.0,00:18:00,4
0.0011144576454142933,15.000029979965953,0.0,0.0,0.0,00:19:00,4
0.0011587140672051199,15.000030940027841,0.0,0.0,0.0,00:20:00,4
0.0004572899267369205,15.000031929649975,0.0,0.0,0.0,00:21:00,4
0.0007526071461781654,15.000032949703265,0.0,0.0,0.0,00:22:00,4
0.0009462592796182961,15.000034001083021,0.0,0.0,0.0,00:23:00,4
0.0013532733072149296,15.000035084709594,0.0,0.0,0.0,00:24:00,4
0.0005064116891300135,15.000036201529047,0.0,0.0,0.0,00:25:00,4
0.001461992577002191,15.000037352513814,0.01,0.0,0.0,00:26:00,4
0.0015194581818448866,15.00003853866341,0.01,0.0,0.0,00:27:00,4
0.0006745571372356766,15.000039761005135,0.0,0.0,0.0,00:28:00,4
0.0016409805664898318,15.000041020594796,0.01,0.0,0.0,00:29:00,4
0.0017051969191040175,15.000042318517464,0.01,0.0,0.0,00:30:00,4
0.0006847570032065788,15.000043655888224,0.0,0.0,0.0,00:31:00,4
0.0018409596046151655,15.000045033852967,0.01,0.0,0.0,00:32:00,4
0.0008951533228780709,15.000046453589185,0.0,0.0,0.0,00:33:00,4
0.001987089071150506,15.000047916306798,0.01,0.0,0.0,00:34:00,4
0.0020642753714441337,15.000049423248983,0.01,0.0,0.0,00:35:00,4
0.0009810305175217773,15.000050975693043,0.0,0.0,0.0,00:36:00,4
0.002227387308211366,15.000052574951287,0.01,0.0,0.0,00:37:00,4
0.002313521575292194,15.000054222371928,0.01,0.0,0.0,00:38:00,4
0.0011724592971461838,15.000055919340003,0.0,0.0,0.0,00:39:00,4
0.0024954949622215993,15.00005766727833,0.01,0.0,0.0,00:40:00,4
0.0008303672188771703,15.00005946764847,0.0,0.0,0.0,00:41:00,4
0.002023715468343562,15.000061321951708,0.01,0.0,0.0,00:42:00,4
0.0019402785407013217,15.000063231730087,0.01,0.0,0.0,00:43:00,4
0.0029015699996629936,15.000065198567428,0.01,0.0,0.0,00:44:00,4
0.0014980340234578824,15.000067224090403,0.01,0.0,0.0,00:45:00,4
0.003127708451107396,15.000069309969618,0.01,0.0,0.0,00:46:00,4
0.0012242883671776002,15.000071457920729,0.0,0.0,0.0,00:47:00,4
0.0012408521756257002,15.000073669705586,0.0,0.0,0.0,00:48:00,4
0.0034989269294965295,15.000075947133382,0.01,0.0,0.0,00:49:00,4
0.0036318069382887627,15.00007829206187,0.01,0.0,0.0,00:50:00,4
0.001215593847781003,15.000080706398562,0.0,0.0,0.0,00:51:00,4
0.003912244900100881,15.000083192101993,0.01,0.0,0.0,00:52:00,4
0.0014282505619378164,15.000085751182993,0.0,0.0,0.0,00:53:00,4
0.004213399778846444,15.000088385705997,0.01,0.0,0.0,00:54:00,4
0.004372197223531552,15.000091097790378,0.02,0.0,0.0,00:55:00,4
0.004536727135276633,15.000093889611826,0.02,0.0,0.0,00:56:00,4
0.004707186581787199,15.000096763403736,0.02,0.0,0.0,00:57:00,4
0.004883779032731298,15.00009972145865,0.02,0.0,0.0,00:58:00,4
0.0050667145541556345,15.000102766129716,0.02,0.0,0.0,00:59:00,4
0.0052562100083315124,15.000105899832189,0.02,0.0,0.0,01:00:00,4
0.002521232899800141,15.000109125044961,0.01,0.0,0.0,01:01:00,4
0.002343992825027717,15.000112444312133,0.01,0.0,0.0,01:02:00,4
0.005866330887172305,15.000115860244614,0.02,0.0,0.0,01:03:00,4
0.0026943108867122497,15.00011937552176,0.01,0.0,0.0,01:04:00,4
0.0063101785518919744,15.00012299289305,0.02,0.0,0.0,01:05:00,4
0.0051326669058058905,15.000126715179801,0.02,0.0,0.0,01:06:00,4
0.005422369313243847,15.00013054527692,0.02,0.0,0.0,01:07:00,4
0.004607769552563213,15.000134486154689,0.02,0.0,0.0,01:08:00,4
0.0072962868763266865,15.000138540860611,0.03,0.0,0.0,01:09:00,4
0.0041921650549295595,15.000142712521262,0.01,0.0,0.0,01:10:00,4
0.0025733148731104686,15.000147004344221,0.01,0.0,0.0,01:11:00,4
0.008130989504752653,15.000151419620018,0.03,0.0,0.0,01:12:00,4
0.008428990768354003,15.000155961724134,0.03,0.0,0.0,01:13:00,4
0.008737427695468949,15.000160634119048,0.03,0.0,0.0,01:14:00,4
0.004761577415003345,15.000165440356318,0.02,0.0,0.0,01:15:00,4
0.009387007074626502,15.000170384078723,0.03,0.0,0.0,01:16:00,4
0.004338694017577095,15.000175469022437,0.01,0.0,0.0,01:17:00,4
0.0032589454647167474,15.000180699019264,0.01,0.0,0.0,01:18:00,4
0.005051866356573241,15.00018607799891,0.02,0.0,0.0,01:19:00,4
0.010827403297078653,15.00019160999131,0.04,0.0,0.0,01:20:00,4
0.011219233921218456,15.000197299129008,0.04,0.0,0.0,01:21:00,4
0.011624597694662574,15.00020314964958,0.04,0.0,0.0,01:22:00,4
0.012043937669022231,15.000209165898122,0.04,0.0,0.0,01:23:00,4
0.012477710516490164,15.000215352329773,0.04,0.0,0.0,01:24:00,4
0.012926386917731778,15.00022171351232,0.04,0.0,0.0,01:25:00,4
0.0102173953868392,15.000228254128823,0.04,0.0,0.0,01:26:00,4
0.013870405544237784,15.000234978980329,0.05,0.0,0.0,01:27:00,4
0.0068922890697176,15.000241892988623,0.02,0.0,0.0,01:28:00,4
0.0050763987145294644,15.000249001199048,0.02,0.0,0.0,01:29:00,4
0.011285816049451667,15.00025630878338,0.04,0.0,0.0,01:30:00,4
0.01595964558977776,15.000263821042761,0.05,0.0,0.0,01:31:00,4
0.0074643749516871225,15.000271543410703,0.03,0.0,0.0,01:32:00,4
0.012721818015102956,15.00027948145615,0.04,0.0,0.0,01:33:00,4
0.017720261029204175,15.000287640886599,0.06,0.0,0.0,01:34:00,4
0.01834724035189228,15.000296027551293,0.06,0.0,0.0,01:35:00,4
0.018995346700365748,15.000304647444484,0.07,0.0,0.0,01:36:00,4
0.013043672864026901,15.00031350670875,0.04,0.0,0.0,01:37:00,4
0.014828858337350261,15.000322611638397,0.05,0.0,0.0,01:38:00,4
0.02107325786590815,15.000331968682923,0.07,0.0,0.0,01:39:00,4
0.01389839655814351,15.000341584450547,0.05,0.0,0.0,01:40:00,4
0.022577049282001944,15.000351465711828,0.08,0.0,0.0,01:41:00,4
0.023366770290087324,15.000361619403346,0.08,0.0,0.0,01:42:00,4
0.02418276950087391,15.000372052631452,0.08,0.0,0.0,01:43:00,4
0.025025872209361238,15.000382772676113,0.09,0.0,0.0,01:44:00,4
0.011471595127716405,15.000393786994827,0.04,0.0,0.0,01:45:00,4
0.017317637134191547,15.000405103226607,0.06,0.0,0.0,01:46:00,4
0.013015747313484566,15.000416729196056,0.04,0.0,0.0,01:47:00,4
0.028686684509262178,15.000428672917533,0.1,0.0,0.0,01:48:00,4
0.029678554057863227,15.00044094259938,0.1,0.0,0.0,01:49:00,4
0.0307030103027463,15.000453546648254,0.11,0.0,0.0,01:50:00,4
0.014850148758045337,15.000466493673539,0.05,0.0,0.0,01:51:00,4
0.03285374753344835,15.000479792491838,0.11,0.0,0.0,01:52:00,4
0.03398213434475146,15.00049345213157,0.12,0.0,0.0,01:53:00,4
0.035147321056507266,15.000507481837644,0.12,0.0,0.0,01:54:00,4
0.018249141370336907,15.000521891076238,0.06,0.0,0.0,01:55:00,4
0.03759264620868165,15.00053668953966,0.13,0.0,0.0,01:56:00,4
0.03887514218561395,15.000551887151307,0.13,0.0,0.0,01:57:00,4
0.027737357452922554,15.000567494070737,0.1,0.0,0.0,01:58:00,4
0.04156594832486253,15.00058352069882,0.14,0.0,0.0,01:59:00,4
0.026130936345890178,15.000599977682993,0.09,0.0,0.0,02:00:00,4
0.04443311412981891,15.000616875922633,0.15,0.0,0.0,02:01:00,4
0.045936197255115545,15.000634226574514,0.16,0.0,0.0,02:02:00,4
0.0474874847325338,15.000652041058375,0.16,0.0,0.0,02:03:00,4
0.028463299106168103,15.000670331062613,0.1,0.0,0.0,02:04:00,4
0.050740522800678645,15.000689108550056,0.17,0.0,0.0,02:05:00,4
0.052445300896004486,15.000708385763868,0.18,0.0,0.0,02:06:00,4
0.05420434043600213,15.000728175233562,0.19,0.0,0.0,02:07:00,4
0.0400724379915578,15.000748489781119,0.14,0.0,0.0,02:08:00,4
0.05789173251455073,15.000769342527237,0.2,0.0,0.0,02:09:00,4
0.05982346260598992,15.000790746897684,0.21,0.0,0.0,02:10:00,4
0.06181621152139501,15.000812716629785,0.21,0.0,0.0,02:11:00,4
0.06387178641676201,15.000835265779017,0.22,0.0,0.0,02:12:00,4
0.0659920439338038,15.00085840872574,0.23,0.0,0.0,02:13:00,4
0.06817889142549471,15.000882160182046,0.23,0.0,0.0,02:14:00,4
0.030874092651700026,15.000906535198732,0.11,0.0,0.0,02:15:00,4
0.07276024683938058,15.000931549172419,0.25,0.0,0.0,02:16:00,4
0.07515883442572066,15.000957217852784,0.26,0.0,0.0,02:17:00,4
0.07763217395481421,15.000983557349933,0.27,0.0,0.0,02:18:00,4
0.0801824456581984,15.001010584141916,0.28,0.0,0.0,02:19:00,4
0.08281188840180562,15.001038315082369,0.28,0.0,0.0,02:20:00,4
0.085522801105774,15.001066767408293,0.29,0.0,0.0,02:21:00,4
0.08831754419387884,15.001095958748001,0.3,0.0,0.0,02:22:00,4
0.09119854107306939,15.001125907129168,0.31,0.0,0.0,02:23:00,4
0.09416827964358952,15.001156630987065,0.32,0.0,0.0,02:24:00,4
0.09722931384017383,15.001188149172913,0.33,0.0,0.0,02:25:00,4
0.033279845111918276,15.001220480962408,0.11,0.0,0.0,02:26:00,4
0.10363582449154772,15.001253646064383,0.36,0.0,0.0,02:27:00,4
0.03615112497067237,15.001287664629631,0.12,0.0,0.0,02:28:00,4
0.06531491632386013,15.001322557259892,0.22,0.0,0.0,02:29:00,4
0.11399813022279295,15.001358345016984,0.39,0.0,0.0,02:30:00,4
0.11766447098579345,15.001395049432109,0.4,0.0,0.0,02:31:00,4
0.1214419700979991,15.001432692515309,0.42,0.0,0.0,02:32:00,4
0.12533376914550234,15.001471296765107,0.43,0.0,0.0,02:33:00,4
0.12934309110005815,15.001510885178293,0.44,0.0,0.0,02:34:00,4
0.13347324219855325,15.001551481259906,0.46,0.0,0.0,02:35:00,4
0.13772761385912224,15.00159310903336,0.47,0.0,0.0,02:36:00,4
0.1421096846344323,15.001635793050776,0.49,0.0,0.0,02:37:00,4
0.14662302220266019,15.001679558403463,0.5,0.0,0.0,02:38:00,4
0.07082829961744057,15.001724430732603,0.24,0.0,0.0,02:39:00,4
0.15605822627206284,15.001770436240104,0.54,0.0,0.0,02:40:00,4
0.0990406412869797,15.001817601699639,0.34,0.0,0.0,02:41:00,4
0.10867974652833351,15.001865954467876,0.37,0.0,0.0,02:42:00,4
0.17129007841223548,15.001915522495903,0.59,0.0,0.0,02:43:00,4
0.1766711896138526,15.001966334340835,0.61,0.0,0.0,02:44:00,4
0.1822112122714983,15.002018419177615,0.63,0.0,0.0,02:45:00,4
0.18791450344018398,15.002071806811028,0.64,0.0,0.0,02:46:00,4
0.11149518391717861,15.002126527687896,0.38,0.0,0.0,02:47:00,4
0.19982886606680816,15.002182612909484,0.69,0.0,0.0,02:48:00,4
0.2060492054055921,15.002240094244119,0.71,0.0,0.0,02:49:00,4
0.21245135394239073,15.002299004139994,0.73,0.0,0.0,02:50:00,4
0.21904023727995453,15.002359375738212,0.75,0.0,0.0,02:51:00,4
0.22582090227489163,15.002421242886015,0.77,0.0,0.0,02:52:00,4
0.23279851965775628,15.002484640150241,0.8,0.0,0.0,02:53:00,4
0.23997838669932842,15.002549602831008,0.82,0.0,0.0,02:54:00,4
0.24736592992361817,15.002616166975598,0.85,0.0,0.0,02:55:00,4
0.1379882850139818,15.002684369392574,0.47,0.0,0.0,02:56:00,4
0.2627864138917951,15.002754247666136,0.9,0.0,0.0,02:57:00,4
0.17700615287022076,15.00282584017068,0.61,0.0,0.0,02:58:00,4
0.27910607490670997,15.002899186085607,0.96,0.0,0.0,02:59:00,4
0.2876181166745922,15.002974325410362,0.99,0.0,0.0,03:00:00,4
0.22275108986023898,15.0030512989797,0.76,0.0,0.0,03:01:00,4
0.20808813952695865,15.003130148479212,0.71,0.0,0.0,03:02:00,4
0.3146386854051224,15.003210916461063,1.08,0.0,0.0,03:03:00,4
0.3241622392681066,15.003293646360007,1.11,0.0,0.0,03:04:00,4
0.3339554747884448,15.003378382509624,1.15,0.0,0.0,03:05:00,4
0.34402543321477147,15.00346517015882,1.18,0.0,0.0,03:06:00,4
0.35437932143685574,15.003554055488582,1.22,0.0,0.0,03:07:00,4
0.365024515352438,15.003645085628973,1.25,0.0,0.0,03:08:00,4
0.2936835310839697,15.0037383086764,1.01,0.0,0.0,03:09:00,4
0.387219189472321,15.003833773711147,1.33,0.0,0.0,03:10:00,4
0.39878429756810996,15.003931530815146,1.37,0.0,0.0,03:11:00,4
0.20765298997587495,15.004031631090053,0.71,0.0,0.0,03:12:00,4
0.30654134068590605,15.00413412667555,1.05,0.0,0.0,03:13:00,4
0.4354483170921788,15.004239070767962,1.49,0.0,0.0,03:14:00,4
0.4483541047257238,15.00434651763911,1.54,0.0,0.0,03:15:00,4
0.2188043210359454,15.004456522655468,0.75,0.0,0.0,03:16:00,4
0.47524519482105587,15.004569142297598,1.63,0.0,0.0,03:17:00,4
0.48924881795836633,15.00468443417984,1.68,0.0,0.0,03:18:00,4
0.5036370537589779,15.004802457070333,1.73,0.0,0.0,03:19:00,4
0.16322887523709018,15.004923270911288,0.56,0.0,0.0,03:20:00,4
0.5336063275639793,15.005046936839557,1.83,0.0,0.0,03:21:00,4
0.18669213416370412,15.00517351720752,0.64,0.0,0.0,03:22:00,4
0.565233147889537,15.005303075604239,1.94,0.0,0.0,03:23:00,4
0.5816941651351638,15.005435676876926,2.0,0.0,0.0,03:24:00,4
0.4455591230726316,15.005571387152708,1.53,0.0,0.0,03:25:00,4
0.6159655075648307,15.005710273860705,2.11,0.0,0.0,03:26:00,4
0.6337981905670975,15.005852405754403,2.17,0.0,0.0,03:27:00,4
0.2953877646564425,15.005997852934339,1.01,0.0,0.0,03:28:00,4
0.6709153293056025,15.006146686871109,2.3,0.0,0.0,03:29:00,4
0.6902236457781923,15.00629898042868,2.37,0.0,0.0,03:30:00,4
0.7100481345006896,15.006454807888016,2.44,0.0,0.0,03:31:00,4
0.7304013834882527,15.00661424497104,2.51,0.0,0.0,03:32:00,4
0.5463784118343232,15.006777368864908,1.87,0.0,0.0,03:33:00,4
0.5401112668405095,15.006944258246602,1.85,0.0,0.0,03:34:00,4
0.30857728513773675,15.007114993307859,1.06,0.0,0.0,03:35:00,4
0.8173633541818128,15.007289655780435,2.8,0.0,0.0,03:36:00,4
0.8405589057688527,15.00746832896169,2.88,0.0,0.0,03:37:00,4
0.864364624117804,15.00765109774051,2.97,0.0,0.0,03:38:00,4
0.8887951037519306,15.007838048623578,3.05,0.0,0.0,03:39:00,4
0.9138652463706385,15.008029269761959,3.14,0.0,0.0,03:40:00,4
0.6117262766839348,15.008224850978063,2.1,0.0,0.0,03:41:00,4
0.9659856952179307,15.008424883792918,3.31,0.0,0.0,03:42:00,4
0.9930673889098354,15.008629461453806,3.41,0.0,0.0,03:43:00,4
0.34051624091139193,15.00883867896225,1.17,0.0,0.0,03:44:00,4
1.0493546414820842,15.009052633102344,3.6,0.0,0.0,03:45:00,4
1.0785935776016793,15.009271422469435,3.7,0.0,0.0,03:46:00,4
0.7875179674372844,15.009495147499173,2.7,0.0,0.0,03:47:00,4
0.9099172189168142,15.0097239104969,3.12,0.0,0.0,03:48:00,4
1.1708991490839213,15.009957815667411,4.02,0.0,0.0,03:49:00,4
1.2032569767479468,15.010196969145072,4.13,0.0,0.0,03:50:00,4
1.2364402252587818,15.010441479024301,4.24,0.0,0.0,03:51:00,4
1.2704679149937284,15.010691455390411,4.36,0.0,0.0,03:52:00,4
1.305359447456516,15.010947010350826,4.48,0.0,0.0,03:53:00,4
1.3411346113895692,15.011208258066658,4.6,0.0,0.0,03:54:00,4
1.37781358894513,15.011475314784663,4.73,0.0,0.0,03:55:00,4
0.6416019186534673,15.01174829886956,2.2,0.0,0.0,03:56:00,4
1.4539657180166756,15.012027330836721,4.99,0.0,0.0,03:57:00,4
1.4934812572405296,15.012312533385256,5.12,0.0,0.0,03:58:00,4
1.5339853982487592,15.012604031431446,5.26,0.0,0.0,03:59:00,4
1.5755003848342188,15.012901952142577,5.41,0.0,0.0,04:00:00,4
1.2009940942579838,15.013206424971141,4.12,0.0,0.0,04:01:00,4
1.6616540346931479,15.013517581689415,5.7,0.0,0.0,04:02:00,4
1.7063393700946863,15.013835556424437,5.85,0.0,0.0,04:03:00,4
1.7521289086264875,15.014160485693347,6.01,0.0,0.0,04:04:00,4
1.056771904968326,15.014492508439119,3.63,0.0,0.0,04:05:00,4
1.8471189329928424,15.014831766066685,6.34,0.0,0.0,04:06:00,4
1.8963697571497877,15.015178402479428,6.51,0.0,0.0,04:07:00,4
1.9468254747908778,15.01553256411608,6.68,0.0,0.0,04:08:00,4
1.5209784418141081,15.015894399987992,5.22,0.0,0.0,04:09:00,4
0.7758296174590448,15.0162640617168,2.66,0.0,0.0,04:10:00,4
2.1056881533698477,15.01664170357248,7.22,0.0,0.0,04:11:00,4
2.161232100971061,15.017027482511786,7.41,0.0,0.0,04:12:00,4
2.21811778607675,15.017421558217082,7.61,0.0,0.0,04:13:00,4
1.4656624555418607,15.017824093135564,5.03,0.0,0.0,04:14:00,4
2.3360305100562524,15.018235252518869,8.01,0.0,0.0,04:15:00,4
2.3971169472475067,15.018655204463073,8.22,0.0,0.0,04:16:00,4
2.4596639330911914,15.019084119949087,8.44,0.0,0.0,04:17:00,4
2.5237025271573312,15.01952217288343,8.66,0.0,0.0,04:18:00,4
2.589264346373472,15.019969540139405,8.88,0.0,0.0,04:19:00,4
0.8467034708045476,15.020426401598648,2.91,0.0,0.0,04:20:00,4
2.725086959091444,15.02089294019309,9.35,0.0,0.0,04:21:00,4
2.7954138398563853,15.021369341947281,9.59,0.0,0.0,04:22:00,4
2.8673961352237916,15.021855796021121,9.84,0.0,0.0,04:23:00,4
2.941068360304505,15.022352494752965,10.09,0.0,0.0,04:24:00,4
1.8358127578651398,15.022859633703128,6.3,0.0,0.0,04:25:00,4
3.0936236782169324,15.023377411697755,10.61,0.0,0.0,04:26:00,4
3.172578842127518,15.0239060308731,10.88,0.0,0.0,04:27:00,4
3.2533680930851903,15.024445696720168,11.16,0.0,0.0,04:28:00,4
3.3360290325820374,15.024996618129745,11.44,0.0,0.0,04:29:00,4
3.420599902212779,15.025559007437804,11.73,0.0,0.0,04:30:00,4
1.6190408238767695,15.02613308047131,5.55,0.0,0.0,04:31:00,4
3.5956276446559396,15.02671905659436,12.33,0.0,0.0,04:32:00,4
3.686164270041151,15.02731715875474,12.64,0.0,0.0,04:33:00,4
2.354390539986145,15.02792761353083,8.08,0.0,0.0,04:34:00,4
3.8734874296685406,15.028550651178884,13.29,0.0,0.0,04:35:00,4
1.967764110132327,15.029186505680686,6.75,0.0,0.0,04:36:00,4
4.069424285955112,15.029835414791558,13.96,0.0,0.0,04:37:00,4
2.353225616014801,15.03049762008874,8.07,0.0,0.0,04:38:00,4
4.274321155206002,15.031173367020125,14.66,0.0,0.0,04:39:00,4
3.316418959606668,15.03186290495336,11.38,0.0,0.0,04:40:00,4
3.213380745836365,15.032566487225289,11.02,0.0,0.0,04:41:00,4
3.136553156223345,15.033284371191753,10.76,0.0,0.0,04:42:00,4
2.5792182354712927,15.034016818277733,8.85,0.0,0.0,04:43:00,4
1.5213117457596486,15.034764094027846,5.22,0.0,0.0,04:44:00,4
4.94640666391529,15.035526468157165,16.96,0.0,0.0,04:45:00,4
5.067289301902644,15.036304214602396,17.38,0.0,0.0,04:46:00,4
5.190837338444527,15.03709761157336,17.8,0.0,0.0,04:47:00,4
5.317101846074666,15.037906941604827,18.23,0.0,0.0,04:48:00,4
5.446134682220151,15.038732491608659,18.68,0.0,0.0,04:49:00,4
5.577988496614014,15.039574552926274,19.13,0.0,0.0,04:50:00,4
5.71271673866488,15.040433421381422,19.59,0.0,0.0,04:51:00,4
2.439294498235469,15.041309397333277,8.37,0.0,0.0,04:52:00,4
3.9530737867844614,15.042202785729819,13.56,0.0,0.0,04:53:00,4
3.33042187141268,15.043113896161525,11.42,0.0,0.0,04:54:00,4
6.2814713689200605,15.044043042915343,21.54,0.0,0.0,04:55:00,4
4.259755223725642,15.044990545028963,14.61,0.0,0.0,04:56:00,4
4.5408477516427235,15.045956726345354,15.57,0.0,0.0,04:57:00,4
6.740959448543726,15.046941915567587,23.11,0.0,0.0,04:58:00,4
6.900705643411965,15.047946446313915,23.66,0.0,0.0,04:59:00,4
7.0638444860813525,15.04897065717313,24.22,0.0,0.0,05:00:00,4
7.230437815984154,15.050014891760155,24.79,0.0,0.0,05:01:00,4
7.400548349400979,15.051079498771884,25.37,0.0,0.0,05:02:00,4
7.574239686020277,15.052164832043287,25.97,0.0,0.0,05:03:00,4
7.7515763154037005,15.05327125060371,26.57,0.0,0.0,05:04:00,4
5.755358286060609,15.054399118733434,19.73,0.0,0.0,05:05:00,4
8.117447898174278,15.055548806020415,27.83,0.0,0.0,05:06:00,4
8.306116336833728,15.05672068741727,28.47,0.0,0.0,05:07:00,4
8.49869705100281,15.057915143298432,29.13,0.0,0.0,05:08:00,4
8.695259072985559,15.059132559517511,29.8,0.0,0.0,05:09:00,4
3.3086919912275277,15.060373327464836,11.35,0.0,0.0,05:10:00,4
6.385835222346683,15.061637844125164,21.89,0.0,0.0,05:11:00,4
9.309537239388522,15.062926512135563,31.91,0.0,0.0,05:12:00,4
3.4974465559238075,15.064239739843437,12.0,0.0,0.0,05:13:00,4
9.740270095841026,15.065577941364708,33.38,0.0,0.0,05:14:00,4
9.962221913794766,15.066941536642117,34.14,0.0,0.0,05:15:00,4
10.188664514612498,15.068330951503672,34.92,0.0,0.0,05:16:00,4
10.419674493465887,15.069746617721181,35.71,0.0,0.0,05:17:00,4
7.606709609267376,15.071188973068908,26.08,0.0,0.0,05:18:00,4
5.936810656691113,15.072658461382323,20.35,0.0,0.0,05:19:00,4
11.140889195707302,15.074155532616906,38.17,0.0,0.0,05:20:00,4
11.390954063386054,15.075680642907056,39.03,0.0,0.0,05:21:00,4
11.645983891149942,15.077234254625028,39.9,0.0,0.0,05:22:00,4
11.906061145613053,15.078816836439929,40.79,0.0,0.0,05:23:00,4
5.248151130517077,15.080428863376744,17.99,0.0,0.0,05:24:00,4
12.441692765444616,15.08207081687538,42.62,0.0,0.0,05:25:00,4
8.51205694694016,15.083743184849714,29.17,0.0,0.0,05:26:00,4
12.998528559069348,15.085446461746653,44.53,0.0,0.0,05:27:00,4
7.060587806431451,15.087181148605138,24.2,0.0,0.0,05:28:00,4
13.57726418834789,15.08894775311516,46.51,0.0,0.0,05:29:00,4
9.195822929521372,15.090746789676693,31.51,0.0,0.0,05:30:00,4
14.17861142512265,15.092578779458583,48.56,0.0,0.0,05:31:00,4
14.487991247571587,15.094444250457354,49.62,0.0,0.0,05:32:00,4
5.9556476911368295,15.096343737555932,20.42,0.0,0.0,05:33:00,4
5.0723327895723935,15.098277782582256,17.39,0.0,0.0,05:34:00,4
15.452068761668437,15.10024693436777,52.91,51.33,2.26,05:35:00,4
15.785722443217495,15.102251748805774,54.05,52.43,2.31,05:36:00,4
12.019137993454015,15.10429278890964,41.17,0.0,0.0,05:37:00,4
16.472049552195998,15.106370624870838,56.4,54.71,2.41,05:38:00,4
16.824919205278263,15.108485834116781,57.6,55.87,2.46,05:39:00,4
17.184392105529323,15.110639001368492,58.83,57.07,2.51,05:40:00,4
12.590172517572103,15.112830718698016,43.13,0.0,0.0,05:41:00,4
13.637463444556069,15.115061585585622,46.71,0.0,0.0,05:42:00,4
18.303441959051238,15.11733220897675,62.65,60.77,2.68,05:43:00,4
18.69034459765803,15.119643203338674,63.97,62.05,2.73,05:44:00,4
14.900642580862383,15.121995190716884,51.02,49.49,2.18,05:45:00,4
19.485605693366313,15.12438880079116,66.69,64.69,2.85,05:46:00,4
19.89417661536882,15.126824670931324,68.08,66.04,2.91,05:47:00,4
15.679401914898293,15.129303446252635,53.68,52.07,2.29,05:48:00,4
20.733737911659848,15.131825779670836,70.94,68.82,3.03,05:49:00,4
11.055201663816167,15.134392331956798,37.87,0.0,0.0,05:50:00,4
8.915319813134365,15.137003771790775,30.55,0.0,0.0,05:51:00,4
8.238694696628109,15.139660775816239,28.23,0.0,0.0,05:52:00,4
8.298889256115599,15.142364028693244,28.44,0.0,0.0,05:53:00,4
22.96856564106895,15.145114223151362,78.57,76.21,3.36,05:54:00,4
23.439732220228898,15.147912060042108,80.17,77.77,3.42,05:55:00,4
10.385084226290147,15.150758248390861,35.58,0.0,0.0,05:56:00,4
24.407185670749236,15.153653505448275,83.47,80.97,3.57,05:57:00,4
24.903706703344685,15.156598556741114,85.16,82.61,3.64,05:58:00,4
10.677091890075246,15.159594136122529,36.57,0.0,0.0,05:59:00,4
25.92292992318507,15.162640985821744,88.63,85.98,3.79,06:00:00,4
26.445871950481664,15.165739856493124,90.42,87.7,3.86,06:01:00,4
26.977862366643784,15.16889150726459,92.23,89.46,3.94,06:02:00,4
27.519023404932728,15.172096705785385,94.07,91.25,4.02,06:03:00,4
11.511120001319398,15.17535622827316,39.42,0.0,0.0,06:04:00,4
28.629350819165513,15.178670859560322,97.85,94.91,4.18,06:05:00,4
29.198766171124674,15.182041393139684,99.79,96.79,4.26,06:06:00,4
10.97955351725072,15.185468631209334,37.61,0.0,0.0,06:07:00,4
30.366729219095063,15.188953384716728,103.76,100.65,4.43,06:08:00,4
30.96553113733102,15.192496473401976,105.8,102.63,4.52,06:09:00,4
31.57438421802563,15.196098725840297,107.87,104.63,4.61,06:10:00,4
32.19341768149303,15.199760979483624,109.98,106.68,4.7,06:11:00,4
12.221247921223897,15.203484080701312,41.85,0.0,0.0,06:12:00,4
33.462546731918806,15.207268884819943,114.29,110.86,4.88,06:13:00,4
34.112904813589665,15.211116256162214,116.5,113.01,4.98,06:14:00,4
34.773968239769964,15.215027068084838,118.75,115.18,5.07,06:15:00,4
35.445870201783556,15.219002203015483,121.03,117.4,5.17,06:16:00,4
19.846279582184533,15.223042552488677,67.89,65.85,2.9,06:17:00,4
36.82272623772343,15.227149017180688,125.71,121.93,5.37,06:18:00,4
37.52795038615979,15.231322506943338,128.1,124.26,5.47,06:19:00,4
17.5458735419262,15.23556394083671,60.04,58.23,2.56,06:20:00,4
38.972671424622824,15.239874247160746,133.0,129.01,5.68,06:21:00,4
13.06854320702289,15.244254363485688,44.74,0.0,0.0,06:22:00,4
30.56538319907383,15.248705236681348,104.41,101.28,4.46,06:23:00,4
41.227496522041804,15.253227822945169,140.65,136.43,6.01,06:24:00,4
42.003057442671164,15.257823087829049,143.28,138.99,6.12,06:25:00,4
42.790827373615656,15.262492006264917,145.95,141.58,6.23,06:26:00,4
30.280752033682624,15.267235562588997,103.44,100.34,4.42,06:27:00,4
44.403556855637895,15.27205475056477,151.42,146.88,6.47,06:28:00,4
45.228799057330605,15.276950573404584,154.22,149.59,6.59,06:29:00,4
46.06681552726093,15.281924043789873,157.05,152.34,6.71,06:30:00,4
46.91774884835443,15.286976183889994,159.94,155.14,6.83,06:31:00,4
47.78174206567975,15.292108025379598,162.86,157.98,6.96,06:32:00,4
48.658938662861594,15.297320609454557,165.83,160.85,7.08,06:33:00,4
49.54948253793507,15.302614986846383,168.84,163.78,7.21,06:34:00,4
27.457324368913135,15.307992217835125,93.81,91.0,4.01,06:35:00,4
21.34969883653926,15.313453372260708,73.0,70.81,3.12,06:36:00,4
52.302642504256625,15.318999529532691,178.15,172.81,7.61,06:37:00,4
53.248021882938524,15.324631778638391,181.35,175.91,7.75,06:38:00,4
54.207473361430765,15.330351218149382,184.59,179.05,7.88,06:39:00,4
55.18114278567493,15.3361589562263,187.88,182.24,8.03,06:40:00,4
56.16917623122053,15.34205611062194,191.22,185.48,8.17,06:41:00,4
57.171719974553234,15.348043808682627,194.6,188.76,8.31,06:42:00,4
58.18892046385221,15.354123187347797,198.04,192.09,8.46,06:43:00,4
59.220924289176764,15.360295393147789,201.52,195.47,8.61,06:44:00,4
60.267878152081714,15.3665615821998,205.05,198.9,8.76,06:45:00,4
61.32992883466194,15.372922920201981,208.63,202.37,8.91,06:46:00,4
46.93711985380736,15.379380582425629,159.94,155.15,6.83,06:47:00,4
63.49990800019981,15.385935753705457,215.94,209.47,9.22,06:48:00,4
26.123251516898865,15.39258962842792,89.24,86.56,3.81,06:49:00,4
65.73203644110255,15.39934341051752,223.46,216.76,9.55,06:50:00,4
24.69926755276332,15.406198313421132,84.38,81.85,3.6,06:51:00,4
68.02748802441732,15.41315556009024,231.19,224.25,9.88,06:52:00,4
69.199326344723,15.420216382961124,235.13,228.08,10.04,06:53:00,4
70.3874347382513,15.427382023932902,239.13,231.96,10.21,06:54:00,4
22.702969363574237,15.434653734343454,77.57,75.25,3.31,06:55:00,4
72.81304556501327,15.442032774943156,247.28,239.86,10.56,06:56:00,4
32.93837061504119,15.449520415866404,112.4,109.03,4.8,06:57:00,4
75.30548531884223,15.457117936600904,255.65,247.99,10.92,06:58:00,4
46.346917892347754,15.464826625954696,157.89,153.16,6.74,06:59:00,4
77.86591344755932,15.472647782020873,264.25,256.32,11.29,07:00:00,4
79.17198370984116,15.480582712139961,268.63,260.57,11.47,07:01:00,4
80.49548279954759,15.488632732859948,273.07,264.88,11.66,07:02:00,4
81.83655358357746,15.496799169893915,277.56,269.24,11.86,07:03:00,4
83.1953383560327,15.505083358075241,282.12,273.65,12.05,07:04:00,4
40.824593035052075,15.513486641310353,139.15,134.97,5.94,07:05:00,4
85.9666159293097,15.522010372528994,291.4,282.65,12.45,07:06:00,4
87.37939007854564,15.530655913631977,296.12,287.24,12.65,07:07:00,4
88.81044082753225,15.53942463543638,300.91,291.88,12.85,07:08:00,4
90.25990697408383,15.548317917618185,305.76,296.59,13.06,07:09:00,4
91.7279264867559,15.557337148652302,310.66,301.34,13.27,07:10:00,4
41.28493047024605,15.566483725749947,140.68,136.46,6.01,07:11:00,4
94.72017307099998,15.57575905479338,320.66,311.04,13.7,07:12:00,4
61.35279423690038,15.585164550267931,208.54,202.28,8.91,07:13:00,4
97.78826604117022,15.594701635191306,330.9,320.97,14.13,07:14:00,4
99.35108974811581,15.604371741040149,336.11,326.03,14.36,07:15:00,4
100.93327469376113,15.614176307673812,341.38,331.14,14.58,07:16:00,4
102.53495176993671,15.624116783255335,346.72,336.32,14.81,07:17:00,4
104.15625067033388,15.634194624169574,352.12,341.55,15.04,07:18:00,4
36.529806928426765,15.644411294938472,124.51,120.77,5.32,07:19:00,4
53.09257555127668,15.654768268133438,180.59,175.17,7.71,07:20:00,4
38.37830304088765,15.665267024284812,130.77,126.85,5.59,07:21:00,4
110.84021374798533,15.675909051788379,374.35,363.12,15.99,07:22:00,4
112.56152185011963,15.686695846808913,380.06,368.66,16.23,07:23:00,4
114.30320205574587,15.697628913180738,385.85,374.27,16.48,07:24:00,4
39.08044269318194,15.70870976230524,133.13,129.13,5.69,07:25:00,4
117.84815693355525,15.719939913045355,397.61,385.68,16.98,07:26:00,4
119.65166664785887,15.731320891616978,403.58,391.48,17.24,07:27:00,4
46.66996532903942,15.742854231477262,158.82,154.05,6.78,07:28:00,4
84.02197557906918,15.754541473209818,284.61,276.08,12.16,07:29:00,4
125.18769951708452,15.766384164406752,421.91,409.26,18.02,07:30:00,4
55.387188042850426,15.77838385954754,188.25,182.61,8.04,07:31:00,4
99.94617644083398,15.790542119874722,337.85,327.72,14.43,07:32:00,4
130.91430849760212,15.802860513266362,440.84,427.62,18.83,07:33:00,4
96.13801352701698,15.815340614105297,325.1,315.35,13.89,07:34:00,4
60.72589819702657,15.827984003145115,206.23,200.04,8.81,07:35:00,4
106.8695894485223,15.840792267372862,360.88,350.05,15.42,07:36:00,4
138.85114697514393,15.853766999868453,467.02,453.01,19.95,07:37:00,4
77.02656057219765,15.866909799660766,261.03,253.2,11.15,07:38:00,4
142.95050147713218,15.880222271580397,480.52,466.1,20.53,07:39:00,4
145.03323947550166,15.893706026109076,487.37,472.75,20.82,07:40:00,4
50.40744468896729,15.907362679225688,171.35,166.21,7.32,07:41:00,4
45.89574570251711,15.921193852248924,156.09,151.4,6.67,07:42:00,4
151.41474668432133,15.935201171676532,508.33,493.08,21.71,07:43:00,4
153.58662411024355,15.949386269021115,515.45,499.99,22.02,07:44:00,4
155.78098794767945,15.963750780642536,522.65,506.97,22.33,07:45:00,4
157.99791357594594,15.978296347576833,529.91,514.01,22.64,07:46:00,4
160.23747365701104,15.993024615361694,537.24,521.13,22.95,07:47:00,4
162.49973808054037,16.007937233858442,544.64,528.31,23.26,07:48:00,4
164.78477390893948,16.023035857070532,552.12,535.55,23.58,07:49:00,4
167.09264532241113,16.038322142958545,559.65,542.87,23.91,07:50:00,4
169.42341356404498,16.053797753251676,567.26,550.25,24.23,07:51:00,4
62.45107429541659,16.06946435325567,211.84,205.49,9.05,07:52:00,4
61.54918537881732,16.08532361165726,208.79,202.53,8.92,07:53:00,4
117.36182151285665,16.101377200325047,395.4,383.54,16.89,07:54:00,4
178.97657380516813,16.11762679410681,598.39,580.44,25.56,07:55:00,4
83.11189003279081,16.134074070623296,281.15,272.71,12.01,07:56:00,4
183.89190213522878,16.150720710058412,614.37,595.94,26.24,07:57:00,4
186.38440476497945,16.167568394945864,622.47,603.79,26.59,07:58:00,4
188.90018186853095,16.18461880995222,630.63,611.71,26.94,07:59:00,4
191.43926579904743,16.201873641656377,638.86,619.7,27.29,08:00:00,4
127.85731663093651,16.219334578325487,430.01,417.1,18.37,08:01:00,4
196.58746609986068,16.237003309687246,655.54,635.87,28.0,08:02:00,4
199.19662956325496,16.254881526698643,663.98,644.06,28.36,08:03:00,4
201.82919393416748,16.2729709213111,672.48,652.31,28.73,08:04:00,4
204.48517363564832,16.291273186232033,681.06,660.63,29.09,08:05:00,4
207.16457934738688,16.309790014682832,689.7,669.01,29.46,08:06:00,4
124.83436490221145,16.32852310015326,419.81,407.22,17.93,08:07:00,4
212.59369249406214,16.34747413615227,707.2,685.98,30.21,08:08:00,4
215.34340210864832,16.366644815955276,716.05,694.56,30.59,08:09:00,4
173.16138502169343,16.386036832347802,578.75,561.39,24.72,08:10:00,4
85.65275875498745,16.405651877365635,289.34,280.66,12.36,08:11:00,4
223.73307329941855,16.425491642031385,742.99,720.7,31.74,08:12:00,4
91.6054350818782,16.44555781608751,309.18,299.9,13.21,08:13:00,4
229.44316712852847,16.465852087725818,761.29,738.45,32.52,08:14:00,4
75.30595968535634,16.48637614331343,254.63,246.99,10.88,08:15:00,4
127.20056920160934,16.50713166711524,427.35,414.53,18.25,08:16:00,4
238.1833130965643,16.52812034101288,789.24,765.56,33.71,08:17:00,4
241.14323212486622,16.549343844220196,798.68,774.72,34.12,08:18:00,4
244.1263524438156,16.570803852995247,808.2,783.95,34.52,08:19:00,4
188.6912910208808,16.592502040348855,628.94,610.07,26.87,08:20:00,4
94.13139190059754,16.61444007574974,317.4,307.88,13.56,08:21:00,4
198.25848129963114,16.63661962482621,659.93,640.13,28.19,08:22:00,4
256.289840447927,16.659042349064453,846.88,821.47,36.17,08:23:00,4
259.3881730428119,16.681709905503467,856.71,831.01,36.59,08:24:00,4
262.5093573850877,16.70462394642665,866.6,840.6,37.02,08:25:00,4
265.6533190867768,16.727786119050002,876.55,850.26,37.44,08:26:00,4
268.8199790427543,16.751198065207085,886.57,859.97,37.87,08:27:00,4
272.00925339196186,16.774861421030653,896.64,869.74,38.3,08:28:00,4
275.22105347948843,16.798777816631056,906.78,879.58,38.73,08:29:00,4
278.4552858195419,16.82294887577139,916.97,889.46,39.17,08:30:00,4
281.7118520593338,16.847376215539494,927.23,899.41,39.61,08:31:00,4
284.99064894389994,16.872061446016712,937.54,909.42,40.05,08:32:00,4
288.291568281881,16.897006169943573,947.91,919.48,40.49,08:33:00,4
291.6144969122844,16.92221198238236,958.34,929.59,40.94,08:34:00,4
167.09814548927167,16.947680470376586,557.67,540.94,23.82,08:35:00,4
165.42375325704472,16.97341321260745,552.14,535.57,23.58,08:36:00,4
301.71413173390766,16.999411779047307,989.97,960.27,42.29,08:37:00,4
305.1238654249519,17.025677730610155,1000.62,970.6,42.74,08:38:00,4
308.5549669671866,17.052212618799224,1011.33,980.99,43.2,08:39:00,4
312.0072927416311,17.07901798535167,1022.09,991.43,43.66,08:40:00,4
223.8276853252882,17.106095361880442,741.29,719.05,31.66,08:41:00,4
318.9750166219962,17.133446269513335,1043.77,1012.46,44.59,08:42:00,4
322.490101528156,17.161072218529338,1054.69,1023.05,45.05,08:43:00,4
326.02578422139766,17.1889747079922,1065.65,1033.68,45.52,08:44:00,4
329.58189498416283,17.21715522538143,1076.67,1044.37,45.99,08:45:00,4
184.93957903648362,17.2456152462206,615.12,596.67,26.28,08:46:00,4
336.7546954103474,17.274356233703152,1098.85,1065.89,46.94,08:47:00,4
340.37101914681193,17.303379638315675,1110.02,1076.71,47.41,08:48:00,4
344.0070390657985,17.332686897458707,1121.22,1087.59,47.89,08:49:00,4
347.6625588586737,17.362279435065155,1132.48,1098.5,48.37,08:50:00,4
351.33737685358346,17.39215866121636,1143.78,1109.46,48.86,08:51:00,4
355.0312860035774,17.42232597175586,1155.12,1120.47,49.34,08:52:00,4
358.7440738761107,17.452782747900947,1166.51,1131.51,49.83,08:53:00,4
112.49046108050263,17.483530355851993,377.16,365.84,16.11,08:54:00,4
366.2254090774341,17.514570146399727,1189.4,1153.72,50.81,08:55:00,4
369.9935045383127,17.545903454530396,1200.91,1164.89,51.3,08:56:00,4
373.7795749748343,17.577531599028966,1212.46,1176.09,51.79,08:57:00,4
169.7920956523645,17.6094558820804,564.99,548.04,24.13,08:58:00,4
381.4046774819198,17.641677588869037,1235.68,1198.6,52.78,08:59:00,4
385.2432143589685,17.674197987176218,1247.34,1209.92,53.28,09:00:00,4
389.098735825395,17.70701832697614,1259.03,1221.26,53.78,09:01:00,4
392.9709807417507,17.74013984003009,1270.76,1232.64,54.28,09:02:00,4
276.1774736760866,17.773563739479062,906.27,879.08,38.71,09:03:00,4
400.7645693169851,17.80729121943487,1294.32,1255.49,55.29,09:04:00,4
404.6853636663425,17.841323454569793,1306.15,1266.96,55.79,09:05:00,4
408.6217828628216,17.875661599704888,1318.0,1278.46,56.3,09:06:00,4
412.5735387850821,17.91030678939698,1329.89,1289.99,56.81,09:07:00,4
196.20728417314683,17.945260137524436,649.88,630.38,27.76,09:08:00,4
420.5218815031059,17.980522736871794,1353.74,1313.13,57.83,09:09:00,4
424.51786528051207,18.01609565871337,1365.71,1324.73,58.34,09:10:00,4
428.5279797793317,18.05197995239581,1377.69,1336.36,58.85,09:11:00,4
432.55191019960654,18.088176644919827,1389.71,1348.02,59.36,09:12:00,4
436.58933645994944,18.124686740521053,1401.74,1359.69,59.88,09:13:00,4
440.63993321951057,18.161511220250205,1413.8,1371.38,60.39,09:14:00,4
444.7033699016199,18.198651041552566,1425.87,1383.09,60.91,09:15:00,4
448.77931071911223,18.23610713784695,1437.96,1394.82,61.42,09:16:00,4
333.3261700155411,18.273880418104152,1083.74,1051.23,46.29,09:17:00,4
456.96733572289793,18.311971766425046,1462.2,1418.33,62.46,09:18:00,4
461.07872253401314,18.350382041618357,1474.34,1430.11,62.98,09:19:00,4
465.2012187926929,18.389112076778268,1486.49,1441.89,63.5,09:20:00,4
277.6824336601581,18.428162678861888,908.63,881.37,38.81,09:21:00,4
186.06272434440376,18.46753462826671,615.77,597.3,26.3,09:22:00,4
477.6317251732841,18.507228678408147,1523.02,1477.32,65.06,09:23:00,4
481.7949951779898,18.547245555297252,1535.21,1489.15,65.58,09:24:00,4
172.4239053936655,18.587585957118677,571.33,554.19,24.4,09:25:00,4
158.91774880399578,18.628250553809035,527.38,511.56,22.53,09:26:00,4
494.33877146555994,18.6692399866357,1571.82,1524.67,67.14,09:27:00,4
389.96899733509656,18.710554867776175,1256.54,1218.85,53.67,09:28:00,4
396.40184158358136,18.752195779898152,1276.0,1237.72,54.51,09:29:00,4
506.95523771620526,18.794163275740285,1608.47,1560.21,68.71,09:30:00,4
246.60456063206152,18.836457877693896,808.77,784.51,34.55,09:31:00,4
515.4012129991305,18.879080077385602,1632.89,1583.9,69.75,09:32:00,4
519.6334570894969,18.922030335261045,1645.1,1595.74,70.27,09:33:00,4
223.93369732799363,18.96530908016979,736.13,714.05,31.44,09:34:00,4
528.1143417427943,19.008916708951528,1669.49,1619.41,71.31,09:35:00,4
420.79251865659785,19.05285358602366,1348.61,1308.15,57.61,09:36:00,4
323.65163862487435,19.097120042970367,1050.06,1018.56,44.85,09:37:00,4
540.8701796058602,19.141716378133346,1706.02,1654.84,72.87,09:38:00,4
545.1295705837952,19.18664285620421,1718.18,1666.63,73.39,09:39:00,4
549.391939507232,19.23189970781872,1730.32,1678.41,73.91,09:40:00,4
386.88539987200227,19.27748712915301,1244.2,1206.88,53.15,09:41:00,4
557.9237959945465,19.323405281521804,1754.55,1701.92,74.95,09:42:00,4
562.1923661546158,19.369654290978843,1766.64,1713.64,75.46,09:43:00,4
566.4620795969337,19.416234247919544,1778.71,1725.35,75.98,09:44:00,4
570.732468141487,19.463145206686093,1790.76,1737.04,76.49,09:45:00,4
575.0030599526259,19.51038718517501,1802.79,1748.71,77.01,09:46:00,4
452.66334382562,19.55796016444736,1441.78,1398.53,61.59,09:47:00,4
583.5429482224445,19.605864088341654,1826.78,1771.97,78.03,09:48:00,4
587.8112834400191,19.654098863089672,1838.73,1783.57,78.54,09:49:00,4
380.5922046814727,19.70266435693516,1222.82,1186.13,52.23,09:50:00,4
596.3423078039234,19.75156039975567,1862.55,1806.67,79.56,09:51:00,4
400.6720466777821,19.800786782687616,1283.49,1244.99,54.83,09:52:00,4
439.9626646107358,19.850343257754552,1401.94,1359.88,59.88,09:53:00,4
609.1173484936837,19.900229537499,1898.04,1841.1,81.08,09:54:00,4
613.3679736858735,19.950445294617744,1909.81,1852.51,81.58,09:55:00,4
417.3526661481486,20.00099016160081,1332.95,1292.96,56.94,09:56:00,4
225.91588032681665,20.051863730374297,739.23,717.05,31.58,09:57:00,4
626.0896308259837,20.103065551946997,1944.87,1886.52,83.08,09:58:00,4
630.3184131858826,20.154595136061168,1956.48,1897.78,83.57,09:59:00,4
426.0884232673242,20.206451950847345,1358.16,1317.42,58.01,10:00:00,4
638.7552417993708,20.258635422483486,1979.57,1920.18,84.56,10:01:00,4
642.9622528754968,20.311144934858476,1991.04,1931.31,85.05,10:02:00,4
647.1609680640607,20.363979829240108,2002.47,1942.4,85.54,10:03:00,4
651.3508645058231,20.417139403947733,2013.85,1953.44,86.02,10:04:00,4
655.5314174183865,20.470622914029633,2025.19,1964.43,86.51,10:05:00,4
236.33142015035105,20.52442957094523,770.82,747.69,32.93,10:06:00,4
663.8623845399369,20.5785585422523,2047.7,1986.27,87.47,10:07:00,4
668.0117405165472,20.63300895129929,2058.87,1997.11,87.95,10:08:00,4
672.1496367144092,20.68777987692284,2069.99,2007.89,88.42,10:09:00,4
676.2755403290989,20.74287035315063,2081.06,2018.62,88.89,10:10:00,4
680.3889172784178,20.79827936890971,2092.06,2029.3,89.36,10:11:00,4
684.4892323137582,20.854005867740398,2103.01,2039.92,89.83,10:12:00,4
688.5759491324758,20.910048747515834,2113.89,2050.48,90.3,10:13:00,4
692.6485304912363,20.96640686016739,2124.72,2060.98,90.76,10:14:00,4
696.7064383203034,21.023079011415977,2135.48,2071.41,91.22,10:15:00,4
451.07773919874825,21.080063960509413,1427.96,1385.13,61.0,10:16:00,4
704.7760776704707,21.137360419965923,2156.8,2092.1,92.13,10:17:00,4
708.7867299612242,21.194967055323943,2167.36,2102.34,92.58,10:18:00,4
712.7805504962345,21.252882484898308,2177.86,2112.52,93.03,10:19:00,4
340.09627026032405,21.31110527954292,1091.17,1058.43,46.61,10:20:00,4
720.715534349287,21.36963396242008,2198.63,2132.67,93.92,10:21:00,4
232.14879851569614,21.428467008776515,754.8,732.16,32.24,10:22:00,4
728.5767048230039,21.48760284572624,2219.12,2152.54,94.79,10:23:00,4
230.6149534503904,21.54703985204045,749.6,727.11,32.02,10:24:00,4
736.3597394006435,21.60677635794438,2239.3,2172.12,95.65,10:25:00,4
566.470098908477,21.666810644921437,1761.91,1709.05,75.26,10:26:00,4
744.0603213438385,21.727140945524546,2259.17,2191.4,96.5,10:27:00,4
747.8783461418252,21.787765443194942,2268.99,2200.92,96.92,10:28:00,4
751.6741436165942,21.848682272088453,2278.72,2210.36,97.34,10:29:00,4
232.77141410716803,21.909889516909374,755.29,732.63,32.26,10:30:00,4
759.1969128399115,21.9713852127521,2297.94,2229.01,98.16,10:31:00,4
762.9228155905014,22.033167344950545,2307.43,2238.2,98.56,10:32:00,4
766.6243532720468,22.095233848935504,2316.82,2247.32,98.96,10:33:00,4
770.3009948290506,22.157582610100025,2326.13,2256.35,99.36,10:34:00,4
261.37361164045734,22.220211463672953,843.94,818.62,36.05,10:35:00,4
537.6113078298299,22.283118194600647,1674.17,1623.95,71.51,10:36:00,4
781.1762570023742,22.34630053743706,2353.52,2282.92,100.53,10:37:00,4
342.9047186125823,22.409756176242247,1094.81,1061.96,46.77,10:38:00,4
788.2922930824641,22.473482744489377,2371.32,2300.18,101.29,10:39:00,4
791.8085043227805,22.537477824980364,2380.08,2308.68,101.67,10:40:00,4
514.215321313527,22.601738949770215,1604.12,1555.99,68.52,10:41:00,4
262.8378335921988,22.666263600100194,846.96,821.56,36.18,10:42:00,4
802.1837124191184,22.731049206339833,2405.79,2333.61,102.76,10:43:00,4
805.5825997260549,22.796093147937967,2414.16,2341.74,103.12,10:44:00,4
808.9508828147378,22.861392753382823,2422.43,2349.76,103.48,10:45:00,4
812.2880581764603,22.926945300171255,2430.61,2357.69,103.82,10:46:00,4
815.5936254137839,22.992748014787217,2438.68,2365.52,104.17,10:47:00,4
818.8670873649534,23.058798072689566,2446.64,2373.25,104.51,10:48:00,4
379.3805705523519,23.12509259830926,1201.97,1165.91,51.34,10:49:00,4
375.9451849452877,23.19162866505601,1191.29,1155.55,50.89,10:50:00,4
828.4899210205862,23.25840329533456,2469.92,2395.83,105.5,10:51:00,4
831.6300592545526,23.325413460570484,2477.47,2403.15,105.83,10:52:00,4
274.73698414299724,23.392656081245796,881.33,854.89,37.65,10:53:00,4
837.8062458573232,23.46012802694426,2492.25,2417.48,106.46,10:54:00,4
840.8413479994254,23.527826116406594,2499.47,2424.49,106.77,10:55:00,4
494.3028045392035,23.59574711759553,1539.57,1493.39,65.76,10:56:00,4
846.8032358169144,23.66388774777092,2513.59,2438.18,107.37,10:57:00,4
849.7291009016541,23.73224467357481,2520.48,2444.87,107.66,10:58:00,4
852.6176405796195,23.80081451112666,2527.26,2451.45,107.95,10:59:00,4
855.4684060357212,23.869593826128714,2533.93,2457.91,108.24,11:00:00,4
316.05876666096657,23.938579133981563,1006.22,976.03,42.98,11:01:00,4
861.054843145668,24.007766899910017,2546.92,2470.52,108.79,11:02:00,4
863.7896416371075,24.077153539099253,2553.25,2476.65,109.06,11:03:00,4
866.484919808909,24.146735416841377,2559.46,2482.67,109.33,11:04:00,4
869.140253994787,24.216508848692378,2565.55,2488.58,109.59,11:05:00,4
871.7552258950051,24.286470100639562,2571.52,2494.38,109.84,11:06:00,4
429.6127539446814,24.35661538927947,1345.24,1304.88,57.46,11:07:00,4
876.8624371290787,24.42694088200637,2583.11,2505.62,110.34,11:08:00,4
879.3538676772221,24.497442697211333,2588.73,2511.07,110.58,11:09:00,4
881.8033185814965,24.568116904491916,2594.23,2516.4,110.81,11:10:00,4
884.2103999954961,24.63895952487248,2599.6,2521.62,111.04,11:11:00,4
327.1051279198811,24.709966531035256,1036.56,1005.47,44.28,11:12:00,4
888.8959250983825,24.781133847562064,2609.99,2531.69,111.49,11:13:00,4
647.0536608842652,24.85245735118679,1963.83,1904.92,83.89,11:14:00,4
693.9626659132573,24.923932871058618,2092.12,2029.36,89.37,11:15:00,4
895.5970461664356,24.995556189016067,2624.66,2545.92,112.11,11:16:00,4
897.7420672474436,25.0673230398718,2629.3,2550.42,112.31,11:17:00,4
899.8421636838789,25.139229111708232,2633.82,2554.8,112.51,11:18:00,4
640.2153381166974,25.21127004618401,1941.85,1883.6,82.95,11:19:00,4
903.9062332906316,25.28344143885129,2642.48,2563.2,112.87,11:20:00,4
339.3128445905615,25.355738839483877,1070.65,1038.53,45.73,11:21:00,4
907.7866246500507,25.42815775241617,2650.63,2571.11,113.22,11:22:00,4
909.6571493627208,25.500693636892994,2654.52,2574.89,113.39,11:23:00,4
641.8294430960658,25.573341907430276,1943.25,1884.95,83.01,11:24:00,4
913.2573356675412,25.646097934186525,2661.92,2582.06,113.71,11:25:00,4
914.986410460767,25.718957043345167,2665.43,2585.46,113.86,11:26:00,4
520.1739248041448,25.7919145175077,1599.52,1551.54,68.32,11:27:00,4
918.301111476802,25.864965596097637,2672.06,2591.9,114.14,11:28:00,4
919.8861953396273,25.938105475775295,2675.18,2594.92,114.27,11:29:00,4
603.4795634825812,26.01132931086326,1833.2,1778.2,78.31,11:30:00,4
478.6161710643672,26.084632213782708,1478.09,1433.75,63.14,11:31:00,4
924.349285635528,26.158009255500367,2683.77,2603.26,114.64,11:32:00,4
925.7387806083591,26.231455465986244,2686.38,2605.79,114.75,11:33:00,4
927.078786869592,26.30496583468193,2688.86,2608.19,114.86,11:34:00,4
928.3690835840002,26.37853531097965,2691.2,2610.47,114.96,11:35:00,4
929.6094579049163,26.45215880471181,2693.42,2612.62,115.05,11:36:00,4
930.799705032745,26.525831186651157,2695.51,2614.64,115.14,11:37:00,4
638.5536366483584,26.59954728902141,1925.55,1867.78,82.25,11:38:00,4
746.0590984824494,26.673301906018388,2215.92,2149.44,94.65,11:39:00,4
934.0677571359923,26.74708979434157,2700.98,2619.95,115.37,11:40:00,4
519.1315865032956,26.82090567373595,1589.49,1541.8,67.9,11:41:00,4
716.2172785863005,26.89474422754427,2134.01,2069.98,91.16,11:42:00,4
936.8780756393452,26.968600103269488,2705.28,2624.13,115.56,11:43:00,4
590.227765255745,27.042467913147416,1788.14,1734.49,76.38,11:44:00,4
728.4762312665285,27.116342234729508,2164.72,2099.78,92.47,11:45:00,4
939.2264656113088,27.190217611475695,2708.41,2627.16,115.69,11:46:00,4
939.9059846374904,27.264088553357205,2709.19,2627.91,115.72,11:47:00,4
940.533669313764,27.337949537469314,2709.84,2628.54,115.75,11:48:00,4
941.1094151632136,27.411795008653925,2710.35,2629.04,115.77,11:49:00,4
941.6331263130596,27.485619380131915,2710.74,2629.42,115.79,11:50:00,4
739.1178399403798,27.559417034145138,2188.77,2123.11,93.49,11:51:00,4
942.5241042007609,27.633182322608057,2711.12,2629.79,115.81,11:52:00,4
942.891222441265,27.706909567768854,2711.12,2629.79,115.81,11:53:00,4
943.2060090287114,27.780593062879944,2710.99,2629.66,115.8,11:54:00,4
943.4684114622588,27.854227072877848,2710.72,2629.4,115.79,11:55:00,4
943.6783859688843,27.927805835072235,2710.33,2629.02,115.77,11:56:00,4
943.8358975155528,28.00132355984413,2709.8,2628.51,115.75,11:57:00,4
753.2181507236199,28.074774431353106,2221.02,2154.39,94.87,11:58:00,4
943.9934353528387,28.14815260825341,2708.36,2627.11,115.69,11:59:00,4
943.9934353528387,28.221452224418883,2707.45,2626.22,115.65,12:00:00,4
560.3977754396041,28.294667389676547,1695.4,1644.54,72.42,12:01:00,4
416.97946537120964,28.367792190548823,1285.77,1247.2,54.92,12:02:00,4
524.2852956640795,28.44082069100414,1592.94,1545.15,68.04,12:03:00,4
943.4684114622588,28.51374693321595,2702.51,2621.43,115.44,12:04:00,4
943.2060090287115,28.586564938329857,2700.95,2619.92,115.37,12:05:00,4
942.891222441265,28.659268707238972,2699.27,2618.29,115.3,12:06:00,4
942.524104200761,28.73185222136709,2697.46,2616.53,115.22,12:07:00,4
942.1047155212658,28.804309443459772,2695.52,2614.65,115.14,12:08:00,4
941.6331263130596,28.876634318383086,2693.45,2612.65,115.05,12:09:00,4
679.657961770966,28.94882077392993,2016.9,1956.39,86.15,12:10:00,4
734.0067588441511,29.020862721633748,2161.02,2096.19,92.31,12:11:00,4
939.9059846374905,29.092754057589502,2686.5,2605.9,114.76,12:12:00,4
939.2264656113089,29.164488663281798,2683.93,2603.41,114.65,12:13:00,4
340.5656559887904,29.236060406419995,1056.98,1025.27,45.15,12:14:00,4
712.3243701021245,29.307463141780104,2100.86,2037.84,89.74,12:15:00,4
602.6816110465115,29.378690712053398,1804.18,1750.06,77.07,12:16:00,4
648.4408756182576,29.44973694870151,1928.32,1870.47,82.37,12:17:00,4
935.0556103634106,29.520595672817926,2669.23,2589.15,114.02,12:18:00,4
934.0677571359925,29.59126069599565,2665.92,2585.94,113.88,12:19:00,4
933.0290390820674,29.661725821200914,2662.48,2582.61,113.73,12:20:00,4
931.9396282713184,29.731984843652764,2658.93,2579.16,113.58,12:21:00,4
437.3291939981591,29.80203155170834,1336.57,1296.47,57.09,12:22:00,4
392.34877160399134,29.871859727753705,1206.02,1169.84,51.52,12:23:00,4
928.3690835840004,29.941463149100038,2647.54,2568.12,113.09,12:24:00,4
371.2263189044977,30.01083558888498,1143.65,1109.34,48.85,12:25:00,4
925.7387806083592,30.079970816979046,2639.35,2560.17,112.74,12:26:00,4
517.3505425975424,30.148862600896805,1561.69,1514.84,66.71,12:27:00,4
437.9742422760716,30.217504706712788,1336.02,1295.94,57.07,12:28:00,4
921.4227524727454,30.285890899981773,2626.18,2547.4,112.18,12:29:00,4
919.8861953396275,30.354014946663455,2621.56,2542.91,111.98,12:30:00,4
918.3011114768021,30.421870614051127,2616.82,2538.32,111.78,12:31:00,4
916.6677607105963,30.48945167170432,2611.97,2533.61,111.57,12:32:00,4
476.7140640572854,30.556751892385133,1444.45,1401.11,61.7,12:33:00,4
913.2573356675414,30.623765052998113,2601.91,2523.86,111.14,12:34:00,4
911.4808187166981,30.690484935533448,2596.72,2518.82,110.92,12:35:00,4
909.6571493627209,30.7569053280133,2591.41,2513.67,110.69,12:36:00,4
399.0104573766966,30.823020025441075,1220.39,1183.78,52.13,12:37:00,4
279.9191189472791,30.888822830753444,869.65,843.56,37.15,12:38:00,4
302.1189526429324,30.954307555774875,935.6,907.53,39.96,12:39:00,4
398.36111332716075,31.019468022174536,1217.48,1180.95,52.01,12:40:00,4
899.842163683879,31.084298062425294,2563.2,2486.31,109.49,12:41:00,4
465.92385051121,31.148791520764668,1410.18,1367.88,60.24,12:42:00,4
895.5970461664359,31.212942254157497,2551.16,2474.62,108.97,12:43:00,4
893.4074461568904,31.276744133260113,2544.98,2468.63,108.71,12:44:00,4
568.2403866694261,31.34019104338581,1694.44,1643.61,72.38,12:45:00,4
888.8959250983827,31.403276885471445,2532.29,2456.32,108.17,12:46:00,4
886.5747280786975,31.465995577044875,2525.8,2450.02,107.89,12:47:00,4
271.1821660904531,31.528341053193095,841.2,815.96,35.93,12:48:00,4
455.2997679212935,31.590307267530825,1377.37,1336.05,58.84,12:49:00,4
879.3538676772222,31.651888193169334,2505.69,2430.51,107.03,12:50:00,4
876.8624371290789,31.7130778236853,2498.78,2423.82,106.74,12:51:00,4
874.3294226860442,31.77387017408948,2491.77,2417.02,106.44,12:52:00,4
871.7552258950053,31.834259281794978,2484.67,2410.13,106.13,12:53:00,4
510.2091074362525,31.89423920758488,1529.88,1483.98,65.35,12:54:00,4
866.4849198089092,31.95380403657906,2470.16,2396.06,105.51,12:55:00,4
863.7896416371078,32.012947879199935,2462.76,2388.88,105.2,12:56:00,4
861.0548431456683,32.07166487213691,2455.27,2381.61,104.88,12:57:00,4
858.2809532566037,32.12994917930938,2447.68,2374.25,104.55,12:58:00,4
364.4355696289286,32.187794992827946,1113.27,1079.88,47.55,12:59:00,4
852.6176405796199,32.24519653395377,2432.23,2359.26,103.89,13:00:00,4
849.7291009016543,32.302148054055706,2424.36,2351.63,103.56,13:01:00,4
846.8032358169146,32.35864383556509,2416.4,2343.91,103.22,13:02:00,4
843.8404988262562,32.41467819292794,2408.36,2336.11,102.87,13:03:00,4
840.8413479994256,32.47024547355426,2400.22,2328.21,102.53,13:04:00,4
583.027670115214,32.52534005876446,1725.86,1674.08,73.72,13:05:00,4
576.4002592720543,32.579956364732325,1707.4,1656.18,72.93,13:06:00,4
831.630059254553,32.63408884342465,2375.29,2304.03,101.46,13:07:00,4
828.4899210205866,32.68773198353706,2366.81,2295.8,101.1,13:08:00,4
825.3157236839161,32.74088031142607,2358.24,2287.49,100.73,13:09:00,4
822.1079502279179,32.793528392036755,2349.59,2279.1,100.36,13:10:00,4
818.8670873649537,32.84567082982633,2340.86,2270.63,99.99,13:11:00,4
815.5936254137843,32.89730226968295,2332.05,2262.08,99.61,13:12:00,4
812.2880581764606,32.948417397839805,2323.15,2253.46,99.23,13:13:00,4
808.9508828147383,32.999010942784146,2314.18,2244.76,98.85,13:14:00,4
805.5825997260553,33.04907767616117,2305.13,2235.98,98.47,13:15:00,4
438.7966535226825,33.09861241367233,1321.7,1282.05,56.46,13:16:00,4
798.7547273891424,33.14761001596807,2286.81,2218.2,97.68,13:17:00,4
367.2480814183319,33.19606538953465,1116.55,1083.06,47.69,13:18:00,4
791.808504322781,33.24397348757489,2268.18,2200.14,96.89,13:19:00,4
788.2922930824644,33.29132931088256,2258.76,2191.0,96.48,13:20:00,4
784.7480374599636,33.338127908710334,2249.27,2181.79,96.08,13:21:00,4
781.1762570023744,33.384364379630924,2239.7,2172.51,95.67,13:22:00,4
608.8249981269752,33.43003387239136,1788.47,1734.82,76.4,13:23:00,4
773.9522108093291,33.475131586760064,2220.37,2153.76,94.84,13:24:00,4
770.3009948290511,33.5196527743666,2210.6,2144.29,94.43,13:25:00,4
766.6243532720473,33.56359273953384,2200.77,2134.75,94.01,13:26:00,4
762.9228155905018,33.60694684010241,2190.87,2125.15,93.58,13:27:00,4
759.196912839912,33.64971048824713,2180.91,2115.48,93.16,13:28:00,4
289.36337783345243,33.691879151285306,887.16,860.55,37.9,13:29:00,4
751.6741436165945,33.73344835247667,2160.8,2095.98,92.3,13:30:00,4
410.32358472666397,33.77441367181473,1237.09,1199.98,52.84,13:31:00,4
744.060321343839,33.81477074680936,2140.45,2076.24,91.43,13:32:00,4
740.2206064149018,33.8545152732605,2130.19,2066.29,90.99,13:33:00,4
736.359739400644,33.89364300602264,2119.87,2056.28,90.55,13:34:00,4
732.4782590762352,33.93214975975998,2109.5,2046.21,90.11,13:35:00,4
728.5767048230043,33.97003140969214,2099.07,2036.1,89.66,13:36:00,4
724.6556165055365,34.00728389233004,2088.59,2025.93,89.22,13:37:00,4
518.6738029970338,34.043903206202025,1538.73,1492.57,65.73,13:38:00,4
716.7569988187539,34.079885412569816,2067.47,2005.45,88.31,13:39:00,4
712.7805504962349,34.11522663613424,2056.84,1995.14,87.86,13:40:00,4
708.7867299612245,34.149923065730555,2046.16,1984.77,87.4,13:41:00,4
704.7760776704712,34.18397095501315,2035.43,1974.37,86.94,13:42:00,4
700.7491338387379,34.21736662312946,2024.65,1963.92,86.48,13:43:00,4
696.7064383203037,34.25010645538296,2013.83,1953.42,86.02,13:44:00,4
692.6485304912367,34.282186903885034,2002.97,1942.88,85.56,13:45:00,4
688.5759491324762,34.31360448819556,1992.07,1932.3,85.09,13:46:00,4
520.4621857457113,34.34435579595208,1541.59,1495.34,65.85,13:47:00,4
680.3889172784183,34.37443748348735,1970.13,1911.03,84.16,13:48:00,4
676.2755403290995,34.40384627643513,1959.11,1900.33,83.68,13:49:00,4
672.1496367144096,34.43257897032413,1948.04,1889.6,83.21,13:50:00,4
441.0804133168717,34.46063243115976,1320.23,1280.62,56.39,13:51:00,4
320.75743093731535,34.488003595993845,975.89,946.61,41.69,13:52:00,4
659.7021002008992,34.51468947348188,1914.64,1857.2,81.78,13:53:00,4
655.5314174183868,34.54068714442777,1903.44,1846.33,81.31,13:54:00,4
651.3508645058234,34.56599376231607,1892.2,1835.44,80.83,13:55:00,4
647.1609680640612,34.59060655383128,1880.94,1824.51,80.35,13:56:00,4
208.46272137212193,34.6145228193644,643.54,624.24,27.49,13:57:00,4
638.7552417993712,34.63773993350637,1858.33,1802.58,79.38,13:58:00,4
634.5404556682723,34.66025534552833,1846.98,1791.57,78.89,13:59:00,4
630.3184131858831,34.682066579848694,1835.61,1780.54,78.41,14:00:00,4
626.089630825984,34.70317123648674,1824.21,1769.48,77.92,14:01:00,4
621.8546227327479,34.72356699150273,1812.79,1758.41,77.43,14:02:00,4
617.6139006223426,34.74325159742436,1801.35,1747.31,76.95,14:03:00,4
465.76025355098716,34.76222288365954,1387.51,1345.88,59.27,14:04:00,4
609.1173484936841,34.78047875689527,1778.4,1725.05,75.97,14:05:00,4
203.12299688402993,34.79801720148257,627.02,608.21,26.78,14:06:00,4
600.6040159551878,34.81483627980742,1755.38,1702.72,74.98,14:07:00,4
596.342307803924,34.8309341326475,1743.85,1691.53,74.49,14:08:00,4
592.0778996054892,34.8463089795147,1732.3,1680.33,74.0,14:09:00,4
298.9449455185043,34.86095911898339,910.74,883.42,38.9,14:10:00,4
583.5429482224449,34.874882929004116,1709.16,1657.89,73.01,14:11:00,4
356.2421751641596,34.88807886720304,1076.75,1044.45,45.99,14:12:00,4
575.0030599526264,34.90054547116658,1685.98,1635.4,72.02,14:13:00,4
570.7324681414874,34.91228135871158,1674.38,1624.14,71.52,14:14:00,4
566.4620795969341,34.9232852281407,1662.76,1612.88,71.03,14:15:00,4
562.1923661546163,34.93355585848302,1651.14,1601.61,70.53,14:16:00,4
557.9237959945469,34.94309210971986,1639.52,1590.33,70.03,14:17:00,4
553.6568335648691,34.95189292299568,1627.89,1579.05,69.54,14:18:00,4
435.64400886708006,34.95995732081401,1302.06,1263.0,55.62,14:19:00,4
545.1295705837956,34.96728440721837,1604.62,1556.49,68.54,14:20:00,4
540.8701796058607,34.97387336795825,1592.99,1545.2,68.05,14:21:00,4
536.6142153641571,34.979723470639826,1581.36,1533.92,67.55,14:22:00,4
532.3621225607795,34.9848340648617,1569.72,1522.63,67.05,14:23:00,4
528.1143417427947,34.989204582335404,1558.09,1511.35,66.55,14:24:00,4
523.8713092375218,34.9928345369907,1546.47,1500.07,66.06,14:25:00,4
519.6334570894973,34.99572352506571,1534.85,1488.8,65.56,14:26:00,4
381.19074649704146,34.99787122518174,1147.68,1113.25,49.02,14:27:00,4
511.17500026305976,34.99927739840285,1511.62,1466.27,64.57,14:28:00,4
506.95523771620566,34.99994188828021,1500.02,1455.02,64.07,14:29:00,4
312.85971119861176,34.999864620881056,950.76,922.24,40.61,14:30:00,4
498.5367158855807,34.99904560480244,1476.85,1432.54,63.08,14:31:00,4
494.33877146556034,34.9974849311696,1465.28,1421.32,62.59,14:32:00,4
237.81760345595364,34.99518277361909,730.09,708.19,31.19,14:33:00,4
485.96751778123354,34.99213938826658,1442.18,1398.91,61.6,14:34:00,4
379.46544297108807,34.98835511365934,1142.81,1108.52,48.82,14:35:00,4
244.51785631334985,34.98383037071352,750.02,727.52,32.04,14:36:00,4
473.4780890283454,34.97856566263607,1407.64,1365.41,60.13,14:37:00,4
264.7498504496529,34.972561574831545,809.91,785.61,34.6,14:38:00,4
465.20121879269334,34.965818774793505,1384.7,1343.16,59.15,14:39:00,4
302.3824956879721,34.95833801198094,920.4,892.79,39.32,14:40:00,4
456.9673357228983,34.95012011767941,1361.84,1320.98,58.17,14:41:00,4
452.8674147013429,34.94116600484704,1350.44,1309.92,57.68,14:42:00,4
448.77931071911263,34.931476667945546,1339.06,1298.89,57.2,14:43:00,4
444.70336990162036,34.921053182756104,1327.71,1287.88,56.71,14:44:00,4
308.2829957985881,34.90989670618035,937.8,909.67,40.06,14:45:00,4
436.5893364599499,34.898008476026284,1305.08,1265.92,55.75,14:46:00,4
432.551910199607,34.88538981077949,1293.8,1254.99,55.27,14:47:00,4
238.38229645852238,34.87204210935934,732.16,710.19,31.27,14:48:00,4
424.5178652805125,34.85796685086056,1271.33,1233.19,54.31,14:49:00,4
420.52188150310633,34.84316559428005,1260.14,1222.33,53.83,14:50:00,4
416.54033794534314,34.82763997822912,1248.98,1211.51,53.35,14:51:00,4
412.5735387850826,34.81139172063112,1237.85,1200.71,52.88,14:52:00,4
147.66792867843893,34.79442261840466,459.22,445.44,19.62,14:53:00,4
404.6853636663429,34.77673454713238,1215.68,1179.21,51.93,14:54:00,4
400.7645693169855,34.75832946071547,1204.65,1168.51,51.46,14:55:00,4
396.85968255754153,34.739209391013986,1193.65,1157.84,50.99,14:56:00,4
225.42608840198213,34.71937644747293,694.02,673.2,29.65,14:57:00,4
389.09873582539547,34.69883281673448,1171.76,1136.61,50.05,14:58:00,4
385.24321435896894,34.67758076223613,1160.87,1126.04,49.59,14:59:00,4
237.50750490332607,34.655622623795125,730.23,708.33,31.19,15:00:00,4
377.5833809184475,34.6329608171791,1139.2,1105.03,48.66,15:01:00,4
208.87313551351926,34.609597833663194,644.79,625.45,27.54,15:02:00,4
187.92488152449022,34.585536239573585,581.81,564.35,24.85,15:03:00,4
194.21335972788336,34.5607786758177,600.83,582.81,25.67,15:04:00,4
200.64527611855667,34.53532785740121,620.27,601.66,26.5,15:05:00,4
358.74407387611103,34.50918657293177,1085.74,1053.17,46.38,15:06:00,4
355.03128600357786,34.48235768410991,1075.17,1042.92,45.93,15:07:00,4
351.3373768535838,34.454844125206925,1064.65,1032.71,45.48,15:08:00,4
170.33197687546414,34.42664890253011,528.93,513.06,22.59,15:09:00,4
344.0070390657989,34.39777509387535,1043.73,1012.42,44.58,15:10:00,4
340.3710191468122,34.36822584796725,1033.34,1002.34,44.14,15:11:00,4
336.7546954103477,34.33800438388694,1023.0,992.31,43.7,15:12:00,4
131.8325949102008,34.307113990487736,411.68,399.33,17.59,15:13:00,4
329.5818949841632,34.275558025798745,1002.46,972.39,42.82,15:14:00,4
326.025784221398,34.24333991641657,992.26,962.49,42.38,15:15:00,4
322.4901015281564,34.210463156885396,982.11,952.65,41.95,15:16:00,4
155.16057193114943,34.17693130906533,483.3,468.8,20.64,15:17:00,4
231.9538511849947,34.14274800148955,715.26,693.8,30.55,15:18:00,4
312.0072927416315,34.10791692871004,951.96,923.4,40.66,15:19:00,4
308.554966967187,34.07244185063233,942.01,913.75,40.24,15:20:00,4
184.29752385742495,34.03632659183932,572.19,555.02,24.44,15:21:00,4
301.71413173390806,33.999575040904354,922.26,894.6,39.4,15:22:00,4
158.0574977458967,33.96219114969371,492.59,477.81,21.04,15:23:00,4
294.95931667225113,33.92417893265871,902.73,875.65,38.56,15:24:00,4
291.6144969122848,33.88554246611767,893.05,866.25,38.15,15:25:00,4
288.2915682818813,33.8462858875277,883.41,856.91,37.74,15:26:00,4
284.9906489439003,33.806413394746755,873.84,847.62,37.33,15:27:00,4
281.7118520593341,33.765929245285975,864.32,838.39,36.92,15:28:00,4
278.4552858195423,33.72483775555253,854.85,829.2,36.52,15:29:00,4
161.31969367132447,33.68314330008322,503.13,488.04,21.49,15:30:00,4
272.0092533919622,33.64085031076892,836.08,811.0,35.71,15:31:00,4
268.81997904275465,33.597963276070104,826.79,801.98,35.32,15:32:00,4
265.6533190867772,33.55448674022373,817.55,793.02,34.92,15:33:00,4
262.5093573850881,33.51042530244154,808.37,784.11,34.53,15:34:00,4
259.3881730428122,33.46578361610004,799.24,775.26,34.14,15:35:00,4
256.28984044792736,33.42056638792236,790.17,766.47,33.75,15:36:00,4
253.21442931089464,33.374778377152225,781.17,757.73,33.37,15:37:00,4
76.38509338394222,33.32842439472019,241.27,234.03,10.31,15:38:00,4
109.92739403128571,33.28150930240228,345.76,335.39,14.77,15:39:00,4
244.1263524438159,33.23403801197147,754.5,731.86,32.23,15:40:00,4
241.14323212486659,33.18601548434195,745.73,723.36,31.85,15:41:00,4
87.93731898844607,33.13744672870651,277.56,269.23,11.86,15:42:00,4
181.04879120010912,33.088336801667275,564.61,547.67,24.12,15:43:00,4
232.3332446212951,33.03869080635995,719.78,698.19,30.75,15:44:00,4
229.44316712852876,32.9885138915718,711.25,689.91,30.38,15:45:00,4
226.57643492654174,32.93781125085355,702.79,681.7,30.02,15:46:00,4
223.7330732994189,32.88658812162553,694.38,673.55,29.66,15:47:00,4
173.53694483850882,32.83484978427811,542.3,526.03,23.16,15:48:00,4
131.8620539897411,32.7826015612668,414.43,401.99,17.7,15:49:00,4
215.3434021086486,32.729848816202086,669.53,649.45,28.6,15:50:00,4
90.31489775673326,32.6765969529344,285.52,276.96,12.2,15:51:00,4
102.00794287432078,32.622851414634226,322.07,312.41,13.76,15:52:00,4
71.74693195449048,32.56861768286774,227.47,220.65,9.72,15:53:00,4
163.31702440319927,32.513901276668136,511.75,496.39,21.86,15:54:00,4
201.82919393416776,32.4587077516028,629.36,610.48,26.88,15:55:00,4
199.19662956325521,32.403042698836664,621.52,602.87,26.55,15:56:00,4
137.60885259342248,32.346911744191885,432.95,419.96,18.49,15:57:00,4
75.628526025619,32.290320547204075,239.94,232.74,10.25,15:58:00,4
191.43926579904775,32.23327480017535,598.35,580.4,25.56,15:59:00,4
64.3853454533039,32.17578022722432,204.66,198.52,8.74,16:00:00,4
79.9931362115062,32.11784258333339,253.82,246.21,10.84,16:01:00,4
183.89190213522903,32.05946765339344,575.76,558.49,24.59,16:02:00,4
88.1923703845512,32.000661251246214,279.68,271.29,11.95,16:03:00,4
178.9765738051684,31.941429218724565,561.01,544.18,23.96,16:04:00,4
79.14265748100043,31.881777424690846,251.4,243.86,10.74,16:05:00,4
174.15387048951956,31.821711764073562,546.51,530.12,23.34,16:06:00,4
171.77713688496036,31.7612381569027,539.36,523.18,23.04,16:07:00,4
169.42341356404526,31.700362547343687,532.27,516.3,22.74,16:08:00,4
167.09264532241164,31.63909090273038,525.25,509.49,22.44,16:09:00,4
164.78477390893974,31.57742921259732,518.28,502.73,22.14,16:10:00,4
162.49973808054037,31.515383487711347,511.38,496.04,21.84,16:11:00,4
160.23747365701124,31.452959759102892,504.54,489.41,21.55,16:12:00,4
99.07129442691036,31.390164077097054,314.53,305.09,13.44,16:13:00,4
155.7809879476797,31.32700251034484,491.06,476.32,20.98,16:14:00,4
88.83830494970815,31.26348114485468,282.57,274.09,12.07,16:15:00,4
151.41474668432156,31.1996060830244,477.82,463.49,20.41,16:16:00,4
149.26527762817915,31.135383442673895,471.3,457.16,20.13,16:17:00,4
147.1381362925561,31.070819356078797,464.83,450.89,19.86,16:18:00,4
145.03323947550166,31.005919969005273,458.43,444.68,19.58,16:19:00,4
61.0179444353271,30.940691439746114,195.04,189.19,8.33,16:20:00,4
140.88983415429877,30.875139938158398,445.82,432.45,19.04,16:21:00,4
55.75325291053597,30.809271644702932,178.43,173.08,7.62,16:22:00,4
136.8343470735386,30.743092749485726,433.46,420.45,18.52,16:23:00,4
134.8393393033694,30.676609451301527,427.37,414.55,18.26,16:24:00,4
42.37913977181161,30.60982795667975,135.97,131.89,5.81,16:25:00,4
130.91430849760235,30.54275447893308,415.37,402.91,17.74,16:26:00,4
92.93112906707208,30.475395237208787,296.39,287.5,12.66,16:27:00,4
52.48043019110841,30.407756455543012,168.3,163.25,7.19,16:28:00,4
125.18769951708491,30.339844361918242,397.83,385.9,16.99,16:29:00,4
123.32132558589507,30.27166518732416,392.11,380.34,16.75,16:30:00,4
121.47601844735193,30.203225164822104,386.44,374.85,16.51,16:31:00,4
39.209087434603596,30.134530528613208,126.1,122.32,5.39,16:32:00,4
117.84815693355561,30.0655875131105,375.29,364.03,16.03,16:33:00,4
116.0653743023656,29.996402352015174,369.8,358.71,15.8,16:34:00,4
114.30320205574587,29.926981277397232,364.38,353.45,15.56,16:35:00,4
112.56152185011977,29.857330518780515,359.01,348.24,15.34,16:36:00,4
110.84021374798567,29.78745630223245,353.7,343.09,15.11,16:37:00,4
109.13915626868902,29.717364849458754,348.45,338.0,14.88,16:38:00,4
107.4582264388459,29.647062376903115,343.26,332.96,14.66,16:39:00,4
105.79729984240429,29.57655509485214,338.12,327.98,14.44,16:40:00,4
76.14444844002252,29.505849206545573,244.36,237.03,10.44,16:41:00,4
102.5349517699369,29.434950907292276,328.03,318.19,14.01,16:42:00,4
100.93327469376113,29.363866383591848,323.06,313.37,13.8,16:43:00,4
99.35108974811598,29.29260181226213,318.16,308.61,13.59,16:44:00,4
44.64102539759408,29.221163359572806,144.01,139.69,6.15,16:45:00,4
52.420047767411596,29.149557180385226,168.98,163.91,7.22,16:46:00,4
94.72017307099998,29.077789417298717,303.78,294.66,12.98,16:47:00,4
93.21463646036037,29.005866199803293,299.1,290.12,12.78,16:48:00,4
91.72792648675622,28.933793643439145,294.47,285.63,12.58,16:49:00,4
90.25990697408399,28.861577848963,289.9,281.2,12.38,16:50:00,4
46.275741120974196,28.789224901521514,149.51,145.03,6.39,16:51:00,4
87.3793900785458,28.71674086983175,280.92,272.49,12.0,16:52:00,4
30.091186892545668,28.644131805368968,97.48,94.56,4.16,16:53:00,4
84.57197879674932,28.571403741561912,272.15,263.99,11.63,16:54:00,4
60.6473841770326,28.49856269299567,195.82,189.94,8.36,16:55:00,4
81.83655358357761,28.425614654622215,263.6,255.69,11.26,16:56:00,4
58.46189549070155,28.35256560097878,188.93,183.26,8.07,16:57:00,4
79.17198370984129,28.279421485414282,255.25,247.6,10.9,16:58:00,4
77.86591344755932,28.206188239323865,251.16,243.63,10.73,16:59:00,4
54.222877844117924,28.132871771391628,175.48,170.22,7.5,17:00:00,4
75.30548531884249,28.059477966841694,243.13,235.83,10.39,17:01:00,4
74.05083922050214,27.986012686697837,239.19,232.01,10.22,17:02:00,4
72.81304556501327,27.91248176705171,235.3,228.24,10.05,17:03:00,4
71.5919592250716,27.8388910183397,231.46,224.51,9.89,17:04:00,4
70.38743473825157,27.76524622462867,227.67,220.84,9.72,17:05:00,4
45.319594134368934,27.691553142910607,147.1,142.68,6.28,17:06:00,4
68.02748802441732,27.617817502406382,220.23,213.62,9.41,17:07:00,4
25.020878204450998,27.544045003878566,81.47,79.03,3.48,17:08:00,4
65.73203644110279,27.470241318953473,212.99,206.6,9.1,17:09:00,4
64.6081301634607,27.396412089452618,209.44,203.16,8.95,17:10:00,4
63.49990800019981,27.32256292673362,205.94,199.76,8.8,17:11:00,4
22.374143035755456,27.24869941104053,72.96,70.78,3.12,17:12:00,4
40.87971883650977,27.174827090863797,133.04,129.05,5.68,17:13:00,4
36.91068141571404,27.10095148230999,120.22,116.61,5.14,17:14:00,4
38.088682106567695,27.027078068481284,124.08,120.35,5.3,17:15:00,4
58.18892046385235,26.953212298864745,189.13,183.45,8.08,17:16:00,4
57.17171997455346,26.87935958873155,185.9,180.32,7.94,17:17:00,4
56.16917623122063,26.80552531854628,182.72,177.24,7.8,17:18:00,4
55.18114278567493,26.73171483338625,179.58,174.19,7.67,17:19:00,4
54.207473361430885,26.657933442370975,176.49,171.19,7.54,17:20:00,4
53.248021882938716,26.584186418101787,173.44,168.23,7.41,17:21:00,4
30.843882432477546,26.510478996111807,100.78,97.75,4.3,17:22:00,4
51.371189637153435,26.43681637432624,167.46,162.44,7.15,17:23:00,4
50.45351797864023,26.363203712532957,164.54,159.6,7.03,17:24:00,4
49.54948253793527,26.28964613186353,161.66,156.81,6.91,17:25:00,4
36.413075845403,26.216148714284806,119.03,115.46,5.08,17:26:00,4
47.78174206567975,26.142716502100985,156.02,151.34,6.66,17:27:00,4
46.91774884835451,26.0693544974662,153.26,148.66,6.55,17:28:00,4
25.479778214027096,25.996067661907738,83.48,80.98,3.57,17:29:00,4
14.21113053879371,25.92286091585988,46.64,0.0,0.0,17:30:00,4
32.337404929291495,25.849739138208527,105.92,102.74,4.52,17:31:00,4
14.614324466338056,25.776707165846354,47.99,0.0,0.0,17:32:00,4
42.790827373615826,25.703769793238777,140.06,135.86,5.98,17:33:00,4
24.488006709988923,25.630931772000693,80.36,77.95,3.43,17:34:00,4
41.227496522041804,25.558197810483996,135.05,130.99,5.77,17:35:00,4
40.4640046739658,25.485572573375876,132.6,128.62,5.66,17:36:00,4
39.71244255276969,25.41306068130784,130.18,126.28,5.56,17:37:00,4
38.97267142462291,25.34066671047571,127.81,123.97,5.46,17:38:00,4
14.723078615633835,25.26839519227039,48.44,0.0,0.0,17:39:00,4
37.52795038615985,25.196250612919435,123.16,119.47,5.26,17:40:00,4
23.858643943581136,25.12423741313947,78.46,76.11,3.35,17:41:00,4
36.12874464189436,25.052359987799505,118.66,115.1,5.07,17:42:00,4
35.445870201783556,24.980622685595094,116.46,112.97,4.97,17:43:00,4
34.77396823977004,24.909029808733273,114.3,110.87,4.88,17:44:00,4
19.104116367491343,24.837585612628338,62.93,61.05,2.69,17:45:00,4
16.23164381870432,24.766294305608497,53.51,51.9,2.29,17:46:00,4
24.18449928517213,24.695160048633333,79.66,77.27,3.4,17:47:00,4
32.1934176814931,24.62418695502201,105.97,102.79,4.53,17:48:00,4
10.925243132665145,24.55337909019224,36.07,0.0,0.0,17:49:00,4
30.965531137331087,24.482740471410075,102.0,98.94,4.36,17:50:00,4
15.618295183088609,24.412275067550446,51.56,50.01,2.2,17:51:00,4
9.987810584553419,24.34198679886832,33.01,0.0,0.0,17:52:00,4
13.544674513613959,24.271879536780546,44.75,0.0,0.0,17:53:00,4
20.03552990756526,24.201957103658433,66.16,64.18,2.83,17:54:00,4
28.06947820814198,24.1322232726309,92.63,89.85,3.96,17:55:00,4
27.519023404932785,24.062681767398175,90.84,88.12,3.88,17:56:00,4
19.129209204103038,23.99333626205602,63.23,61.33,2.7,17:57:00,4
11.186351593224265,23.924190380930526,37.02,0.0,0.0,17:58:00,4
10.007183000295207,23.855247698423337,33.13,0.0,0.0,17:59:00,4
25.408914970020064,23.78651173886727,83.99,81.47,3.59,18:00:00,4
24.903706703344795,23.717985976392228,82.35,79.88,3.52,18:01:00,4
24.40718567074929,23.64967383480157,80.73,78.31,3.45,18:02:00,4
23.919233362776417,23.581578687458656,79.15,76.77,3.38,18:03:00,4
23.43973222022894,23.513703857183593,77.58,75.26,3.31,18:04:00,4
22.96856564106904,23.446052616160106,76.05,73.77,3.25,18:05:00,4
22.505617986916604,23.378628185852552,74.54,72.31,3.18,18:06:00,4
22.05077458915163,23.311433736932965,73.06,70.87,3.12,18:07:00,4
21.6039217546265,23.244472389218018,71.6,69.45,3.06,18:08:00,4
11.652796893160557,23.177747211615856,38.68,0.0,0.0,18:09:00,4
20.733737911659894,23.111261222082828,68.76,66.7,2.94,18:10:00,4
7.1882505844726605,23.045017387589997,23.89,0.0,0.0,18:11:00,4
19.894176615368863,22.97901862409925,66.02,64.04,2.82,18:12:00,4
19.48560569336639,22.91326779654904,64.68,62.74,2.76,18:13:00,4
14.46771884120694,22.84776771884972,48.07,0.0,0.0,18:14:00,4
13.428880572408165,22.782521153888347,44.63,0.0,0.0,18:15:00,4
18.30344195905128,22.717530813542798,60.81,58.99,2.6,18:16:00,4
14.261575681132166,22.65279935870519,47.42,0.0,0.0,18:17:00,4
17.550568911542864,22.58832939931461,58.35,56.6,2.49,18:18:00,4
11.312886680851495,22.524123494398918,37.65,0.0,0.0,18:19:00,4
11.059302614493504,22.460184152125596,36.82,0.0,0.0,18:20:00,4
12.348226969230643,22.39651382986154,41.11,0.0,0.0,18:21:00,4
16.12568350558156,22.333114934241777,53.68,52.06,2.29,18:22:00,4
15.785722443217495,22.26998982124698,52.56,50.98,2.25,18:23:00,4
15.45206876166848,22.207140796289586,51.46,49.92,2.2,18:24:00,4
5.486891947232254,22.14457011430857,18.3,0.0,0.0,18:25:00,4
14.803298220972382,22.082279979872688,49.33,0.0,0.0,18:26:00,4
4.711492660540689,22.020272547292215,15.72,0.0,0.0,18:27:00,4
14.178611425122677,21.95854992073887,47.28,0.0,0.0,18:28:00,4
13.875066238751891,21.89711415437401,46.28,0.0,0.0,18:29:00,4
13.577264188347925,21.8359672524849,45.3,0.0,0.0,18:30:00,4
13.285114786979756,21.775111169629085,44.33,0.0,0.0,18:31:00,4
12.99852855906937,21.71454781078657,43.39,0.0,0.0,18:32:00,4
5.328639125889414,21.65427903151976,17.81,0.0,0.0,18:33:00,4
12.441692765444639,21.59430663814123,41.55,0.0,0.0,18:34:00,4
12.171269285583902,21.534632387889026,40.66,0.0,0.0,18:35:00,4
11.906061145613075,21.47525798910941,39.79,0.0,0.0,18:36:00,4
11.645983891149994,21.41618510144699,38.93,0.0,0.0,18:37:00,4
11.390954063386074,21.35741533604217,38.08,0.0,0.0,18:38:00,4
6.7854762260297266,21.29895025573571,22.7,0.0,0.0,18:39:00,4
3.765089909003562,21.240791375280367,12.61,0.0,0.0,18:40:00,4
10.655329413458317,21.182940161559383,35.65,0.0,0.0,18:41:00,4
10.419674493465916,21.125398033811905,34.87,0.0,0.0,18:42:00,4
6.0311464965159365,21.068166363865064,20.2,0.0,0.0,18:43:00,4
7.836653596402665,21.011246476372662,26.25,0.0,0.0,18:44:00,4
9.740270095841078,20.95463964906029,32.62,0.0,0.0,18:45:00,4
9.522733428853387,20.898347112976868,31.9,0.0,0.0,18:46:00,4
3.2462087433197095,20.84237005275245,10.89,0.0,0.0,18:47:00,4
9.100607807482632,20.786709606862125,30.5,0.0,0.0,18:48:00,4
8.895872361524928,20.731366867895897,29.82,0.0,0.0,18:49:00,4
6.6726124977921,20.67634288283456,22.38,0.0,0.0,18:50:00,4
8.49869705100281,20.621638653331328,28.51,0.0,0.0,18:51:00,4
8.306116336833744,20.56725513599909,27.87,0.0,0.0,18:52:00,4
8.117447898174314,20.513193242703224,27.24,0.0,0.0,18:53:00,4
7.932623623353095,20.459453840859876,26.63,0.0,0.0,18:54:00,4
4.663957323523683,20.406037753739557,15.66,0.0,0.0,18:55:00,4
7.574239686020291,20.352945760775885,25.44,0.0,0.0,18:56:00,4
7.400548349401018,20.300178597879395,24.86,0.0,0.0,18:57:00,4
4.60865199187633,20.24773695775636,15.49,0.0,0.0,18:58:00,4
7.0638444860813525,20.195621490232455,23.74,0.0,0.0,18:59:00,4
6.900705643411977,20.143832802581052,23.2,0.0,0.0,19:00:00,4
4.395699046192874,20.092371459856174,14.78,0.0,0.0,19:01:00,4
6.584544932243503,20.0412379852299,22.14,0.0,0.0,19:02:00,4
6.431401988742429,19.990432860334195,21.63,0.0,0.0,19:03:00,4
6.281471368920077,19.939956525606892,21.13,0.0,0.0,19:04:00,4
1.9490369036500916,19.889809380641807,6.56,0.0,0.0,19:05:00,4
2.6004438829523933,19.839991784542896,8.76,0.0,0.0,19:06:00,4
5.850373664780072,19.790504056282302,19.69,0.0,0.0,19:07:00,4
5.712716738664895,19.741346475062105,19.24,0.0,0.0,19:08:00,4
5.577988496614044,19.692519280679743,18.79,0.0,0.0,19:09:00,4
5.446134682220161,19.644022673896973,18.35,0.0,0.0,19:10:00,4
2.5046880778353833,19.59585681681225,8.44,0.0,0.0,19:11:00,4
5.190837338444541,19.548021833236383,17.49,0.0,0.0,19:12:00,4
5.067289301902671,19.500517809071304,17.08,0.0,0.0,19:13:00,4
4.946406663915304,19.453344792692008,16.68,0.0,0.0,19:14:00,4
2.895971633916572,19.40650279533138,9.77,0.0,0.0,19:15:00,4
4.7124371731875545,19.359991791467827,15.89,0.0,0.0,19:16:00,4
4.59925203260074,19.313811719215618,15.51,0.0,0.0,19:17:00,4
4.488535699804207,19.267962480717856,15.14,0.0,0.0,19:18:00,4
4.380240914277676,19.222443942541936,14.78,0.0,0.0,19:19:00,4
2.894681870772782,19.177255936077316,9.77,0.0,0.0,19:20:00,4
4.170730633859169,19.13239825793557,14.08,0.0,0.0,19:21:00,4
4.069424285955119,19.087870670352583,13.74,0.0,0.0,19:22:00,4
1.9837481674546138,19.0436729015928,6.7,0.0,0.0,19:23:00,4
3.8734874296685473,18.99980464635535,13.08,0.0,0.0,19:24:00,4
2.534891067005098,18.956265566181976,8.56,0.0,0.0,19:25:00,4
1.9827225268449153,18.913055289866687,6.7,0.0,0.0,19:26:00,4
3.5956276446559396,18.87017341386702,12.15,0.0,0.0,19:27:00,4
3.5071195913208397,18.82761950271673,11.85,0.0,0.0,19:28:00,4
3.4205999022128,18.78539308943986,11.56,0.0,0.0,19:29:00,4
1.9915195709620614,18.743493675966107,6.73,0.0,0.0,19:30:00,4
2.485123489972361,18.70192073354735,8.4,0.0,0.0,19:31:00,4
1.8025918605423417,18.66067370317519,6.1,0.0,0.0,19:32:00,4
3.0936236782169515,18.61975199599946,10.47,0.0,0.0,19:33:00,4
3.016465632331763,18.5791549937476,10.21,0.0,0.0,19:34:00,4
2.941068360304505,18.538882049144778,9.95,0.0,0.0,19:35:00,4
2.867396135223799,18.498932486334635,9.71,0.0,0.0,19:36:00,4
2.7954138398564,18.459305601300557,9.46,0.0,0.0,19:37:00,4
2.7250869590914513,18.42000066228742,9.23,0.0,0.0,19:38:00,4
2.6563815724088427,18.381016910223735,9.0,0.0,0.0,19:39:00,4
2.589264346373477,18.342353559143913,8.77,0.0,0.0,19:40:00,4
2.523702527157345,18.30400979661077,8.55,0.0,0.0,19:41:00,4
2.4596639330912,18.265984784138073,8.33,0.0,0.0,19:42:00,4
2.3971169472475067,18.228277657613084,8.12,0.0,0.0,19:43:00,4
1.0815973979110896,18.19088752771889,3.67,0.0,0.0,19:44:00,4
2.2763741119552945,18.153813480356572,7.72,0.0,0.0,19:45:00,4
2.2181177860767556,18.117054577067048,7.52,0.0,0.0,19:46:00,4
2.161232100971061,18.080609855452533,7.33,0.0,0.0,19:47:00,4
2.1056881533698535,18.04447832959747,7.14,0.0,0.0,19:48:00,4
2.0514575609892978,18.008658990488904,6.96,0.0,0.0,19:49:00,4
1.9985124553751623,17.973150806436166,6.78,0.0,0.0,19:50:00,4
1.9468254747908778,17.937952723489886,6.6,0.0,0.0,19:51:00,4
1.4689964598082885,17.903063665860074,4.98,0.0,0.0,19:52:00,4
0.9188576447901439,17.868482536333325,3.12,0.0,0.0,19:53:00,4
1.0870493116694075,17.83420821668904,3.69,0.0,0.0,19:54:00,4
1.7521289086264875,17.800239568114566,5.95,0.0,0.0,19:55:00,4
1.7063393700946923,17.766575431619167,5.79,0.0,0.0,19:56:00,4
1.6616540346931568,17.733214628446742,5.64,0.0,0.0,19:57:00,4
0.7240241859466384,17.70015596048727,2.46,0.0,0.0,19:58:00,4
0.9642353540416662,17.667398210686866,3.27,0.0,0.0,19:59:00,4
1.5339853982487635,17.634940143456348,5.21,0.0,0.0,20:00:00,4
0.7739906958719176,17.602780505078286,2.63,0.0,0.0,20:01:00,4
1.0709602205345228,17.57091802411243,3.64,0.0,0.0,20:02:00,4
1.4154169619147532,17.539351411799533,4.81,0.0,0.0,20:03:00,4
1.3778135889451335,17.50807936246333,4.68,0.0,0.0,20:04:00,4
1.3411346113895777,17.477100553910763,4.56,0.0,0.0,20:05:00,4
1.3053594474565207,17.446413647830312,4.44,0.0,0.0,20:06:00,4
1.2704679149937284,17.416017290188435,4.32,0.0,0.0,20:07:00,4
1.2364402252587852,17.38591011162391,4.2,0.0,0.0,20:08:00,4
1.2032569767479533,17.35609072784017,4.09,0.0,0.0,20:09:00,4
0.5843504935335886,17.326557739995494,1.99,0.0,0.0,20:10:00,4
0.5754746884056131,17.297309735091027,1.96,0.0,0.0,20:11:00,4
0.6782158772836294,17.268345286356535,2.31,0.0,0.0,20:12:00,4
1.0785935776016848,17.23966295363382,3.67,0.0,0.0,20:13:00,4
1.049354641482087,17.211261283757846,3.57,0.0,0.0,20:14:00,4
0.7024606768704127,17.183138810935404,2.39,0.0,0.0,20:15:00,4
0.993067388909838,17.155294057121335,3.38,0.0,0.0,20:16:00,4
0.4148433006136402,17.12772553239218,1.41,0.0,0.0,20:17:00,4
0.5700858139470986,17.10043173531733,1.94,0.0,0.0,20:18:00,4
0.9138652463706385,17.07341115332751,3.11,0.0,0.0,20:19:00,4
0.685933523917828,17.04666226308062,2.34,0.0,0.0,20:20:00,4
0.5779804241275656,17.020183530824823,1.97,0.0,0.0,20:21:00,4
0.502030025852719,16.993973412758923,1.71,0.0,0.0,20:22:00,4
0.8173633541818128,16.96803035538991,2.78,0.0,0.0,20:23:00,4
0.7947636767523626,16.942352795887665,2.71,0.0,0.0,20:24:00,4
0.7727458776000233,16.91693916243677,2.63,0.0,0.0,20:25:00,4
0.2529098627662111,16.891787874585383,0.86,0.0,0.0,20:26:00,4
0.7304013834882527,16.866897343591194,2.49,0.0,0.0,20:27:00,4
0.7100481345006927,16.842265972764316,2.42,0.0,0.0,20:28:00,4
0.5466570528230322,16.817892157807147,1.86,0.0,0.0,20:29:00,4
0.6709153293056044,16.793774287151184,2.29,0.0,0.0,20:30:00,4
0.6521108639236165,16.769910742290715,2.22,0.0,0.0,20:31:00,4
0.6337981905670992,16.74629989811335,2.16,0.0,0.0,20:32:00,4
0.6159655075648346,16.72294012322739,2.1,0.0,0.0,20:33:00,4
0.5986012660005737,16.69982978028599,2.04,0.0,0.0,20:34:00,4
0.5816941651351638,16.676967226308115,1.98,0.0,0.0,20:35:00,4
0.5652331478895386,16.654350812996178,1.93,0.0,0.0,20:36:00,4
0.5492073963883438,16.631978887050437,1.87,0.0,0.0,20:37:00,4
0.5336063275639807,16.609849790480062,1.82,0.0,0.0,20:38:00,4
0.5184195888207727,16.587961860910884,1.77,0.0,0.0,20:39:00,4
0.5036370537589793,16.566313431889746,1.72,0.0,0.0,20:40:00,4
0.48924881795836983,16.544902833185503,1.67,0.0,0.0,20:41:00,4
0.2757988710091005,16.52372839108661,0.94,0.0,0.0,20:42:00,4
0.4616167114732756,16.502788428695304,1.58,0.0,0.0,20:43:00,4
0.34305474340309206,16.48208126621833,1.17,0.0,0.0,20:44:00,4
0.28726917994097184,16.46160522125418,0.98,0.0,0.0,20:45:00,4
0.3339842873765741,16.44135860907694,1.14,0.0,0.0,20:46:00,4
0.4106719742540812,16.421339742916572,1.4,0.0,0.0,20:47:00,4
0.398784297568111,16.401546934235746,1.36,0.0,0.0,20:48:00,4
0.1819953923897038,16.381978493003103,0.62,0.0,0.0,20:49:00,4
0.24860501474874294,16.362632727963057,0.85,0.0,0.0,20:50:00,4
0.17904343733181446,16.343507946902026,0.61,0.0,0.0,20:51:00,4
0.22530612933139882,16.32460245691111,0.77,0.0,0.0,20:52:00,4
0.34402543321477397,16.305914564645228,1.17,0.0,0.0,20:53:00,4
0.33395547478844595,16.287442576578687,1.14,0.0,0.0,20:54:00,4
0.3241622392681066,16.269184799257218,1.11,0.0,0.0,20:55:00,4
0.3146386854051235,16.25113953954637,1.07,0.0,0.0,20:56:00,4
0.3053779342784101,16.233305104876386,1.04,0.0,0.0,20:57:00,4
0.2963732660336126,16.21567980348347,1.01,0.0,0.0,20:58:00,4
0.2876181166745922,16.198261944647495,0.98,0.0,0.0,20:59:00,4
0.21263469733285534,16.18104983892609,0.73,0.0,0.0,21:00:00,4
0.2708308790314395,16.164041798385163,0.93,0.0,0.0,21:01:00,4
0.26278641389179597,16.147236136825857,0.9,0.0,0.0,21:02:00,4
0.25496670786811315,16.130631170007884,0.87,0.0,0.0,21:03:00,4
0.24736592992361864,16.114225215869315,0.85,0.0,0.0,21:04:00,4
0.2399783866993301,16.098016594742752,0.82,0.0,0.0,21:05:00,4
0.08036382426873165,16.082003629567964,0.27,0.0,0.0,21:06:00,4
0.17742441661749042,16.066184646100954,0.61,0.0,0.0,21:07:00,4
0.11076088934547033,16.05055797311941,0.38,0.0,0.0,21:08:00,4
0.10414705111203951,16.035121942624674,0.36,0.0,0.0,21:09:00,4
0.20604920540559285,16.019874890040093,0.7,0.0,0.0,21:10:00,4
0.10458179561717162,16.00481515440589,0.36,0.0,0.0,21:11:00,4
0.1937855290027262,15.989941078570457,0.66,0.0,0.0,21:12:00,4
0.18791450344018534,15.975251009378137,0.64,0.0,0.0,21:13:00,4
0.18221121227149895,15.960743297853513,0.62,0.0,0.0,21:14:00,4
0.1766711896138526,15.946416299382179,0.6,0.0,0.0,21:15:00,4
0.1712900784122361,15.932268373888023,0.59,0.0,0.0,21:16:00,4
0.13219352134498982,15.918297886007037,0.45,0.0,0.0,21:17:00,4
0.16098769221418835,15.904503205257663,0.55,0.0,0.0,21:18:00,4
0.15605822627206284,15.890882706207707,0.53,0.0,0.0,21:19:00,4
0.15127128539669168,15.877434768637793,0.52,0.0,0.0,21:20:00,4
0.1466230222026612,15.864157777701408,0.5,0.0,0.0,21:21:00,4
0.14210968463443277,15.851050124081558,0.49,0.0,0.0,21:22:00,4
0.048391520688013785,15.838110204144034,0.17,0.0,0.0,21:23:00,4
0.13347324219855375,15.825336420087293,0.46,0.0,0.0,21:24:00,4
0.12934309110005904,15.812727180089013,0.44,0.0,0.0,21:25:00,4
0.12533376914550276,15.800280898449294,0.43,0.0,0.0,21:26:00,4
0.05002441762866579,15.787995995730583,0.17,0.0,0.0,21:27:00,4
0.11766447098579387,15.775870898894258,0.4,0.0,0.0,21:28:00,4
0.11399813022279376,15.76390404143398,0.39,0.0,0.0,21:29:00,4
0.08652126150760793,15.75209386350577,0.3,0.0,0.0,21:30:00,4
0.03339230570812262,15.740438812054874,0.11,0.0,0.0,21:31:00,4
0.05022568417470046,15.728937340939412,0.17,0.0,0.0,21:32:00,4
0.10038426520480889,15.717587911050826,0.34,0.0,0.0,21:33:00,4
0.09722931384017418,15.70638899043119,0.33,0.0,0.0,21:34:00,4
0.09416827964358952,15.695339054387375,0.32,0.0,0.0,21:35:00,4
0.054281824753058094,15.68443658560208,0.19,0.0,0.0,21:36:00,4
0.04817978603041866,15.673680074241789,0.16,0.0,0.0,21:37:00,4
0.08552280110577429,15.66306801806165,0.29,0.0,0.0,21:38:00,4
0.04299147102666915,15.65259892250733,0.15,0.0,0.0,21:39:00,4
0.08018244565819856,15.642271300813821,0.27,0.0,0.0,21:40:00,4
0.057611345124038274,15.632083674101285,0.2,0.0,0.0,21:41:00,4
0.0751588344257208,15.622034571467912,0.26,0.0,0.0,21:42:00,4
0.07276024683938058,15.61212253007986,0.25,0.0,0.0,21:43:00,4
0.07043428820799101,15.60234609525826,0.24,0.0,0.0,21:44:00,4
0.0681788914254952,15.59270382056335,0.23,0.0,0.0,21:45:00,4
0.06599204393380402,15.583194267875749,0.23,0.0,0.0,21:46:00,4
0.06387178641676201,15.5738160074749,0.22,0.0,0.0,21:47:00,4
0.06181621152139524,15.564567618114713,0.21,0.0,0.0,21:48:00,4
0.05982346260599034,15.555447687096425,0.2,0.0,0.0,21:49:00,4
0.05789173251455104,15.546454810338727,0.2,0.0,0.0,21:50:00,4
0.030824144648373287,15.53758759244517,0.11,0.0,0.0,21:51:00,4
0.05420434043600242,15.528844646768887,0.19,0.0,0.0,21:52:00,4
0.05244530089600486,15.520224595474636,0.18,0.0,0.0,21:53:00,4
0.050740522800678915,15.511726069598245,0.17,0.0,0.0,21:54:00,4
0.04908842893171783,15.503347709103448,0.17,0.0,0.0,21:55:00,4
0.04748748473253405,15.495088162936133,0.16,0.0,0.0,21:56:00,4
0.04593619725511587,15.486946089076072,0.16,0.0,0.0,21:57:00,4
0.04443311412981906,15.478920154586135,0.15,0.0,0.0,21:58:00,4
0.042976822557682835,15.471009035659018,0.15,0.0,0.0,21:59:00,4
0.04156594832486268,15.463211417661546,0.14,0.0,0.0,22:00:00,4
0.02172841146714736,15.455525995176519,0.07,0.0,0.0,22:01:00,4
0.03887514218561401,15.447951472042208,0.13,0.0,0.0,22:02:00,4
0.01337480084683297,15.440486561389479,0.05,0.0,0.0,22:03:00,4
0.03635043760742282,15.433129985676587,0.12,0.0,0.0,22:04:00,4
0.035147321056507516,15.42588047672168,0.12,0.0,0.0,22:05:00,4
0.03398213434475158,15.418736775733047,0.12,0.0,0.0,22:06:00,4
0.03285374753344835,15.411697633337123,0.11,0.0,0.0,22:07:00,4
0.02429111873814967,15.4047618096043,0.08,0.0,0.0,22:08:00,4
0.030703010302746515,15.39792807407256,0.11,0.0,0.0,22:09:00,4
0.029678554057863387,15.391195205768975,0.1,0.0,0.0,22:10:00,4
0.028686684509262178,15.384561993229108,0.1,0.0,0.0,22:11:00,4
0.027726421109859456,15.378027234514322,0.1,0.0,0.0,22:12:00,4
0.026796810922644798,15.37158973722705,0.09,0.0,0.0,22:13:00,4
0.019181392288250953,15.365248318524051,0.07,0.0,0.0,22:14:00,4
0.010888792803994393,15.3590018051277,0.04,0.0,0.0,22:15:00,4
0.024182769500874,15.352849033335303,0.08,0.0,0.0,22:16:00,4
0.02336677029008749,15.346788849026495,0.08,0.0,0.0,22:17:00,4
0.022577049282002066,15.340820107668769,0.08,0.0,0.0,22:18:00,4
0.02181280474017582,15.334941674321133,0.07,0.0,0.0,22:19:00,4
0.01287429089229661,15.329152423635943,0.04,0.0,0.0,22:20:00,4
0.00989870112492179,15.323451239858937,0.03,0.0,0.0,22:21:00,4
0.019665252991837537,15.31783701682751,0.07,0.0,0.0,22:22:00,4
0.018995346700365748,15.312308657967268,0.07,0.0,0.0,22:23:00,4
0.018347240351892346,15.306865076286847,0.06,0.0,0.0,22:24:00,4
0.01772026102920433,15.301505194371089,0.06,0.0,0.0,22:25:00,4
0.017113755326856234,15.296227944372562,0.06,0.0,0.0,22:26:00,4
0.016527088827306517,15.291032268001489,0.06,0.0,0.0,22:27:00,4
0.005419460371968893,15.28591711651406,0.02,0.0,0.0,22:28:00,4
0.015410827651574935,15.280881450699233,0.05,0.0,0.0,22:29:00,4
0.005700443991391733,15.275924240863985,0.02,0.0,0.0,22:30:00,4
0.008876595462155818,15.271044466817095,0.03,0.0,0.0,22:31:00,4
0.013870405544237832,15.266241117851454,0.05,0.0,0.0,22:32:00,4
0.008613871360403943,15.261513192724943,0.03,0.0,0.0,22:33:00,4
0.012926386917731823,15.256859699639916,0.04,0.0,0.0,22:34:00,4
0.012477710516490164,15.252279656221317,0.04,0.0,0.0,22:35:00,4
0.012043937669022295,15.247772089493438,0.04,0.0,0.0,22:36:00,4
0.011624597694662656,15.243336035855373,0.04,0.0,0.0,22:37:00,4
0.0039178996466708495,15.238970541055188,0.01,0.0,0.0,22:38:00,4
0.010827403297078653,15.23467466016284,0.04,0.0,0.0,22:39:00,4
0.01044867601311559,15.23044745754185,0.04,0.0,0.0,22:40:00,4
0.0062439410270801075,15.226288006819797,0.02,0.0,0.0,22:41:00,4
0.009728876239856675,15.222195390857626,0.03,0.0,0.0,22:42:00,4
0.009387007074626502,15.218168701717829,0.03,0.0,0.0,22:43:00,4
0.009056647206636627,15.214207040631486,0.03,0.0,0.0,22:44:00,4
0.008737427695469029,15.210309517964243,0.03,0.0,0.0,22:45:00,4
0.008428990768354048,15.206475253181212,0.03,0.0,0.0,22:46:00,4
0.008130989504752653,15.202703374810843,0.03,0.0,0.0,22:47:00,4
0.007843087529099187,15.198993020407793,0.03,0.0,0.0,22:48:00,4
0.007564958711517439,15.1953433365148,0.03,0.0,0.0,22:49:00,4
0.0072962868763267125,15.191753478623621,0.03,0.0,0.0,22:50:00,4
0.007036765518157256,15.188222611135027,0.02,0.0,0.0,22:51:00,4
0.003962523965920544,15.184749907317906,0.01,0.0,0.0,22:52:00,4
0.004131662822035667,15.18133454926748,0.01,0.0,0.0,22:53:00,4
0.006310178551892007,15.17797572786267,0.02,0.0,0.0,22:54:00,4
0.002415942559866637,15.174672642722657,0.01,0.0,0.0,22:55:00,4
0.00341820449640117,15.171424502162601,0.01,0.0,0.0,22:56:00,4
0.005655783383321841,15.168230523148624,0.02,0.0,0.0,22:57:00,4
0.005452489259166732,15.165089931252009,0.02,0.0,0.0,22:58:00,4
0.0052562100083315124,15.162001960602693,0.02,0.0,0.0,22:59:00,4
0.0030954718065090464,15.158965853842039,0.01,0.0,0.0,23:00:00,4
0.004883779032731334,15.155980862074937,0.02,0.0,0.0,23:01:00,4
0.0027521192379559283,15.153046244821244,0.01,0.0,0.0,23:02:00,4
0.004536727135276633,15.150161269966588,0.02,0.0,0.0,23:03:00,4
0.004372197223531568,15.147325213712563,0.01,0.0,0.0,23:04:00,4
0.001296224386527607,15.144537360526325,0.0,0.0,0.0,23:05:00,4
0.0040601439463595615,15.14179700308964,0.01,0.0,0.0,23:06:00,4
0.003912244900100881,15.139103442247361,0.01,0.0,0.0,23:07:00,4
0.0024494814781797804,15.136455986955411,0.01,0.0,0.0,23:08:00,4
0.003631806938288795,15.13385395422823,0.01,0.0,0.0,23:09:00,4
0.003498926929496548,15.131296669085774,0.01,0.0,0.0,23:10:00,4
0.001584985266914399,15.128783464500026,0.01,0.0,0.0,23:11:00,4
0.001115826203907445,15.126313681341088,0.0,0.0,0.0,23:12:00,4
0.0031277084511074187,15.12388666832284,0.01,0.0,0.0,23:13:00,4
0.0030126018498702126,15.121501781948202,0.01,0.0,0.0,23:14:00,4
0.0029015699996629936,15.119158386454032,0.01,0.0,0.0,23:15:00,4
0.002794474848306828,15.11685585375563,0.01,0.0,0.0,23:16:00,4
0.0026911827904596074,15.114593563390937,0.01,0.0,0.0,23:17:00,4
0.0025915645326671614,15.112370902464384,0.01,0.0,0.0,23:18:00,4
0.0024954949622215993,15.110187265590467,0.01,0.0,0.0,23:19:00,4
0.0024028530197292043,15.108042054836991,0.01,0.0,0.0,23:20:00,4
0.0008808910464451426,15.105934679668103,0.0,0.0,0.0,23:21:00,4
0.0014226273375762951,15.103864556887027,0.0,0.0,0.0,23:22:00,4
0.0007501406589421154,15.101831110578596,0.0,0.0,0.0,23:23:00,4
0.002064275371444137,15.099833772051554,0.01,0.0,0.0,23:24:00,4
0.001987089071150524,15.097871979780674,0.01,0.0,0.0,23:25:00,4
0.0019126824696157861,15.095945179348675,0.01,0.0,0.0,23:26:00,4
0.0018409596046151655,15.094052823387997,0.01,0.0,0.0,23:27:00,4
0.0017718276703004186,15.092194371522407,0.01,0.0,0.0,23:28:00,4
0.0017051969191040327,15.090369290308482,0.01,0.0,0.0,23:29:00,4
0.0016409805664898377,15.088577053176977,0.01,0.0,0.0,23:30:00,4
0.001579094698474362,15.086817140374077,0.01,0.0,0.0,23:31:00,4
0.0005722519750612855,15.085089038902584,0.0,0.0,0.0,23:32:00,4
0.0007596293508066322,15.083392242463004,0.0,0.0,0.0,23:33:00,4
0.0010734807777155644,15.081726251394599,0.0,0.0,0.0,23:34:00,4
0.0013532733072149296,15.080090572616385,0.0,0.0,0.0,23:35:00,4
0.0013018754820720406,15.078484719568092,0.0,0.0,0.0,23:36:00,4
0.0012523600912735212,15.076908212151128,0.0,0.0,0.0,23:37:00,4
0.0012046609429536,15.07536057666952,0.0,0.0,0.0,23:38:00,4
0.0006134834042842047,15.073841345770866,0.0,0.0,0.0,23:39:00,4
0.0008810420701881466,15.072350058387332,0.0,0.0,0.0,23:40:00,4
0.001071831941701842,15.070886259676653,0.0,0.0,0.0,23:41:00,4
0.0010307792364126285,15.069449500963204,0.0,0.0,0.0,23:42:00,4
0.00099124376159737,15.068039339679117,0.0,0.0,0.0,23:43:00,4
0.0009531716384312164,15.066655339305479,0.0,0.0,0.0,23:44:00,4
0.00040466348997084616,15.065297069313605,0.0,0.0,0.0,23:45:00,4
0.0008812110150110163,15.063964105106413,0.0,0.0,0.0,23:46:00,4
0.0004158806740824461,15.062656027959894,0.0,0.0,0.0,23:47:00,4
0.0006031116699640622,15.06137242496471,0.0,0.0,0.0,23:48:00,4
0.0007830002811808911,15.060112888967895,0.0,0.0,0.0,23:49:00,4
0.0004868455350641336,15.058877018514734,0.0,0.0,0.0,23:50:00,4
0.0007234843039829723,15.057664417790738,0.0,0.0,0.0,23:51:00,4
0.0002934072177826882,15.05647469656382,0.0,0.0,0.0,23:52:00,4
0.0006683434019765375,15.055307470126598,0.0,0.0,0.0,23:53:00,4
0.0003755183588178623,15.054162359238914,0.0,0.0,0.0,23:54:00,4
0.0006172677288089316,15.053038990070494,0.0,0.0,0.0,23:55:00,4
0.0003924938587526521,15.051936994143835,0.0,0.0,0.0,23:56:00,4
0.00035910509570243076,15.050856008277282,0.0,0.0,0.0,23:57:00,4
0.0005476501686888662,15.0497956745283,0.0,0.0,0.0,23:58:00,4
0.0005261765085903698,15.04875564013699,0.0,0.0,0.0,23:59:00,4
0.0005306356315445254,15.000016355695166,0.0,0.0,0.0,00:00:00,5
0.000552291271813346,15.000016891359769,0.0,0.0,0.0,00:01:00,5
0.00022813809426514473,15.000017443920918,0.0,0.0,0.0,00:02:00,5
0.0005981901239308097,15.000018013889683,0.0,0.0,0.0,00:03:00,5
0.00020860141275936422,15.000018601791883,0.0,0.0,0.0,00:04:00,5
0.0006477592944783741,15.000019208168471,0.0,0.0,0.0,00:05:00,5
0.0004011935266705295,15.000019833575962,0.0,0.0,0.0,00:06:00,5
0.00044759791393839143,15.000020478586844,0.0,0.0,0.0,00:07:00,5
0.0005072855855604469,15.000021143790022,0.0,0.0,0.0,00:08:00,5
0.0007590537852782712,15.000021829791255,0.0,0.0,0.0,00:09:00,5
0.0007896358767841119,15.000022537213615,0.0,0.0,0.0,00:10:00,5
0.0008214044149870388,15.000023266697962,0.0,0.0,0.0,00:11:00,5
0.0004841756112337079,15.00002401890341,0.0,0.0,0.0,00:12:00,5
0.0006659373445631673,15.000024794507828,0.0,0.0,0.0,00:13:00,5
0.0009242778573335242,15.000025594208342,0.0,0.0,0.0,00:14:00,5
0.0009612493641806317,15.000026418721852,0.0,0.0,0.0,00:15:00,5
0.0009996441324583646,15.00002726878556,0.0,0.0,0.0,00:16:00,5
0.0003826779213913655,15.000028145157517,0.0,0.0,0.0,00:17:00,5
0.0004326219235039199,15.000029048617172,0.0,0.0,0.0,00:18:00,5
0.0011239022017313636,15.000029979965953,0.0,0.0,0.0,00:19:00,5
0.0011685336779441464,15.000030940027841,0.0,0.0,0.0,00:20:00,5
0.0004145188935524407,15.000031929649975,0.0,0.0,0.0,00:21:00,5
0.0012629733123859974,15.000032949703265,0.0,0.0,0.0,00:22:00,5
0.0013129083251404382,15.000034001083021,0.0,0.0,0.0,00:23:00,5
0.0013647417250726831,15.000035084709594,0.0,0.0,0.0,00:24:00,5
0.0014185425792334306,15.000036201529047,0.0,0.0,0.0,00:25:00,5
0.0014743823446039046,15.000037352513814,0.01,0.0,0.0,00:26:00,5
0.0008697544539619981,15.00003853866341,0.0,0.0,0.0,00:27:00,5
0.0015924768569360091,15.000039761005135,0.01,0.0,0.0,00:28:00,5
0.0016548871814600847,15.000041020594796,0.01,0.0,0.0,00:29:00,5
0.0017196477404523567,15.000042318517464,0.01,0.0,0.0,00:30:00,5
0.0017868431590317717,15.000043655888224,0.01,0.0,0.0,00:31:00,5
0.0012561632579233958,15.000045033852967,0.0,0.0,0.0,00:32:00,5
0.0019288916430870995,15.000046453589185,0.01,0.0,0.0,00:33:00,5
0.0020039288090416122,15.000047916306798,0.01,0.0,0.0,00:34:00,5
0.0020817692305241686,15.000049423248983,0.01,0.0,0.0,00:35:00,5
0.0021625129680000253,15.000050975693043,0.01,0.0,0.0,00:36:00,5
0.0007429368347004236,15.000052574951287,0.0,0.0,0.0,00:37:00,5
0.0023331276903370427,15.000054222371928,0.01,0.0,0.0,00:38:00,5
0.002423216180913341,15.000055919340003,0.01,0.0,0.0,00:39:00,5
0.0013485090627259483,15.00005766727833,0.0,0.0,0.0,00:40:00,5
0.0018979672359212896,15.00005946764847,0.01,0.0,0.0,00:41:00,5
0.001142820342840674,15.000061321951708,0.0,0.0,0.0,00:42:00,5
0.002818156838546701,15.000063231730087,0.01,0.0,0.0,00:43:00,5
0.0022296986226482346,15.000065198567428,0.01,0.0,0.0,00:44:00,5
0.003038132374021639,15.000067224090403,0.01,0.0,0.0,00:45:00,5
0.00315421445493034,15.000069309969618,0.01,0.0,0.0,00:46:00,5
0.003274549665325117,15.000071457920729,0.01,0.0,0.0,00:47:00,5
0.0033992866205053663,15.000073669705586,0.01,0.0,0.0,00:48:00,5
0.001302643841618235,15.000075947133382,0.0,0.0,0.0,00:49:00,5
0.002216922985167582,15.00007829206187,0.01,0.0,0.0,00:50:00,5
0.0038014687798773265,15.000080706398562,0.01,0.0,0.0,00:51:00,5
0.0013798825379717744,15.000083192101993,0.0,0.0,0.0,00:52:00,5
0.0014800945852708604,15.000085751182993,0.01,0.0,0.0,00:53:00,5
0.004249106556633278,15.000088385705997,0.01,0.0,0.0,00:54:00,5
0.0031258041992550368,15.000091097790378,0.01,0.0,0.0,00:55:00,5
0.004575173975406096,15.000093889611826,0.02,0.0,0.0,00:56:00,5
0.004747077993497259,15.000096763403736,0.02,0.0,0.0,00:57:00,5
0.0025080617526078448,15.00009972145865,0.01,0.0,0.0,00:58:00,5
0.0017763264872906253,15.000102766129716,0.01,0.0,0.0,00:59:00,5
0.00181895863771384,15.000105899832189,0.01,0.0,0.0,01:00:00,5
0.0054986967952613455,15.000109125044961,0.02,0.0,0.0,01:01:00,5
0.00570371375097706,15.000112444312133,0.02,0.0,0.0,01:02:00,5
0.005916045555707663,15.000115860244614,0.02,0.0,0.0,01:03:00,5
0.006135940454590135,15.00011937552176,0.02,0.0,0.0,01:04:00,5
0.004089663650239345,15.00012299289305,0.01,0.0,0.0,01:05:00,5
0.004781633566608284,15.000126715179801,0.02,0.0,0.0,01:06:00,5
0.006843606826561559,15.00013054527692,0.02,0.0,0.0,01:07:00,5
0.007096399124243335,15.000134486154689,0.02,0.0,0.0,01:08:00,5
0.0055542669974264665,15.000138540860611,0.02,0.0,0.0,01:09:00,5
0.007629068531106515,15.000142712521262,0.03,0.0,0.0,01:10:00,5
0.0079095543725661,15.000147004344221,0.03,0.0,0.0,01:11:00,5
0.008199896195470896,15.000151419620018,0.03,0.0,0.0,01:12:00,5
0.00454092319366212,15.000155961724134,0.02,0.0,0.0,01:13:00,5
0.0036224815725072346,15.000160634119048,0.01,0.0,0.0,01:14:00,5
0.007100441398744434,15.000165440356318,0.02,0.0,0.0,01:15:00,5
0.009466557982038592,15.000170384078723,0.03,0.0,0.0,01:16:00,5
0.007844270235114463,15.000175469022437,0.03,0.0,0.0,01:17:00,5
0.010168081194622028,15.000180699019264,0.03,0.0,0.0,01:18:00,5
0.010537224114921619,15.00018607799891,0.04,0.0,0.0,01:19:00,5
0.010919160952138641,15.00019160999131,0.04,0.0,0.0,01:20:00,5
0.011314312174788104,15.000197299129008,0.04,0.0,0.0,01:21:00,5
0.011723111234447851,15.00020314964958,0.04,0.0,0.0,01:22:00,5
0.012146004937403776,15.000209165898122,0.04,0.0,0.0,01:23:00,5
0.012583453825951945,15.000215352329773,0.04,0.0,0.0,01:24:00,5
0.013035932569576962,15.00022171351232,0.04,0.0,0.0,01:25:00,5
0.013503930366230108,15.000228254128823,0.05,0.0,0.0,01:26:00,5
0.008774133615981344,15.000234978980329,0.03,0.0,0.0,01:27:00,5
0.01096437993876996,15.000241892988623,0.04,0.0,0.0,01:28:00,5
0.015006156698728736,15.000249001199048,0.05,0.0,0.0,01:29:00,5
0.00750635496835535,15.00025630878338,0.03,0.0,0.0,01:30:00,5
0.005759904767767622,15.000263821042761,0.02,0.0,0.0,01:31:00,5
0.0166671489021142,15.000271543410703,0.06,0.0,0.0,01:32:00,5
0.01725878715166007,15.00027948145615,0.06,0.0,0.0,01:33:00,5
0.017870432732841498,15.000287640886599,0.06,0.0,0.0,01:34:00,5
0.01850272543962018,15.000296027551293,0.06,0.0,0.0,01:35:00,5
0.019156324214775627,15.000304647444484,0.07,0.0,0.0,01:36:00,5
0.0101576362497757,15.00031350670875,0.03,0.0,0.0,01:37:00,5
0.020530174668354034,15.000322611638397,0.07,0.0,0.0,01:38:00,5
0.02125184479697517,15.000331968682923,0.07,0.0,0.0,01:39:00,5
0.021997659017634938,15.000341584450547,0.08,0.0,0.0,01:40:00,5
0.022768380208120605,15.000351465711828,0.08,0.0,0.0,01:41:00,5
0.008827571159879973,15.000361619403346,0.03,0.0,0.0,01:42:00,5
0.018436774777449694,15.000372052631452,0.06,0.0,0.0,01:43:00,5
0.025237955872152436,15.000382772676113,0.09,0.0,0.0,01:44:00,5
0.026116393395673287,15.000393786994827,0.09,0.0,0.0,01:45:00,5
0.02702390254063312,15.000405103226607,0.09,0.0,0.0,01:46:00,5
0.027961390780281894,15.000416729196056,0.1,0.0,0.0,01:47:00,5
0.028929792005103382,15.000428672917533,0.1,0.0,0.0,01:48:00,5
0.02993006722784512,15.00044094259938,0.1,0.0,0.0,01:49:00,5
0.030963205305311946,15.000453546648254,0.11,0.0,0.0,01:50:00,5
0.032030223677257275,15.000466493673539,0.11,0.0,0.0,01:51:00,5
0.011054408074907762,15.000479792491838,0.04,0.0,0.0,01:52:00,5
0.03427011853411376,15.00049345213157,0.12,0.0,0.0,01:53:00,5
0.03544517970952852,15.000507481837644,0.12,0.0,0.0,01:54:00,5
0.02196833646028826,15.000521891076238,0.08,0.0,0.0,01:55:00,5
0.03791122795621285,15.00053668953966,0.13,0.0,0.0,01:56:00,5
0.024188403300758356,15.000551887151307,0.08,0.0,0.0,01:57:00,5
0.04053982564250122,15.000567494070737,0.14,0.0,0.0,01:58:00,5
0.04191820212422577,15.00058352069882,0.14,0.0,0.0,01:59:00,5
0.026323855400550215,15.000599977682993,0.09,0.0,0.0,02:00:00,5
0.04480966594447839,15.000616875922633,0.15,0.0,0.0,02:01:00,5
0.04632548706236229,15.000634226574514,0.16,0.0,0.0,02:02:00,5
0.04788992104382646,15.000652041058375,0.16,0.0,0.0,02:03:00,5
0.017544095706967175,15.000670331062613,0.06,0.0,0.0,02:04:00,5
0.0278455994315226,15.000689108550056,0.1,0.0,0.0,02:05:00,5
0.052889752598512994,15.000708385763868,0.18,0.0,0.0,02:06:00,5
0.01998434562130171,15.000728175233562,0.07,0.0,0.0,02:07:00,5
0.056494001888860286,15.000748489781119,0.19,0.0,0.0,02:08:00,5
0.05838234041721642,15.000769342527237,0.2,0.0,0.0,02:09:00,5
0.06033044110265085,15.000790746897684,0.21,0.0,0.0,02:10:00,5
0.06234007772072887,15.000812716629785,0.21,0.0,0.0,02:11:00,5
0.06441307274232778,15.000835265779017,0.22,0.0,0.0,02:12:00,5
0.0665512985434123,15.00085840872574,0.23,0.0,0.0,02:13:00,5
0.06875667864096502,15.000882160182046,0.24,0.0,0.0,02:14:00,5
0.0710311889555161,15.000906535198732,0.24,0.0,0.0,02:15:00,5
0.07337685910073126,15.000931549172419,0.25,0.0,0.0,02:16:00,5
0.0757957737005149,15.000957217852784,0.26,0.0,0.0,02:17:00,5
0.0782900737340923,15.000983557349933,0.27,0.0,0.0,02:18:00,5
0.08086195790953908,15.001010584141916,0.28,0.0,0.0,02:19:00,5
0.08351368406622771,15.001038315082369,0.29,0.0,0.0,02:20:00,5
0.032293523658767254,15.001066767408293,0.11,0.0,0.0,02:21:00,5
0.05697402425972248,15.001095958748001,0.2,0.0,0.0,02:22:00,5
0.09197141006521405,15.001125907129168,0.32,0.0,0.0,02:23:00,5
0.09496631591175554,15.001156630987065,0.33,0.0,0.0,02:24:00,5
0.06850887841437364,15.001188149172913,0.24,0.0,0.0,02:25:00,5
0.07859110464286558,15.001220480962408,0.27,0.0,0.0,02:26:00,5
0.05551991396020782,15.001253646064383,0.19,0.0,0.0,02:27:00,5
0.10789342070477338,15.001287664629631,0.37,0.0,0.0,02:28:00,5
0.11137581700052203,15.001322557259892,0.38,0.0,0.0,02:29:00,5
0.11496421607213866,15.001358345016984,0.39,0.0,0.0,02:30:00,5
0.11866162751957136,15.001395049432109,0.41,0.0,0.0,02:31:00,5
0.04331931027307676,15.001432692515309,0.15,0.0,0.0,02:32:00,5
0.12639591973148118,15.001471296765107,0.43,0.0,0.0,02:33:00,5
0.1304392189907366,15.001510885178293,0.45,0.0,0.0,02:34:00,5
0.13460437136972744,15.001551481259906,0.46,0.0,0.0,02:35:00,5
0.1388947970274199,15.00159310903336,0.48,0.0,0.0,02:36:00,5
0.14331400399574104,15.001635793050776,0.49,0.0,0.0,02:37:00,5
0.08248743077987923,15.001679558403463,0.28,0.0,0.0,02:38:00,5
0.15255324544242607,15.001724430732603,0.52,0.0,0.0,02:39:00,5
0.1573807536133515,15.001770436240104,0.54,0.0,0.0,02:40:00,5
0.16235199469057893,15.001817601699639,0.56,0.0,0.0,02:41:00,5
0.16747094696746148,15.001865954467876,0.57,0.0,0.0,02:42:00,5
0.12082729951614792,15.001915522495903,0.41,0.0,0.0,02:43:00,5
0.1781684030851564,15.001966334340835,0.61,0.0,0.0,02:44:00,5
0.18375537508735848,15.002018419177615,0.63,0.0,0.0,02:45:00,5
0.18950699923204994,15.002071806811028,0.65,0.0,0.0,02:46:00,5
0.19542777924851132,15.002126527687896,0.67,0.0,0.0,02:47:00,5
0.0814450413410654,15.002182612909484,0.28,0.0,0.0,02:48:00,5
0.20779538511241916,15.002240094244119,0.71,0.0,0.0,02:49:00,5
0.21425178914529233,15.002299004139994,0.74,0.0,0.0,02:50:00,5
0.2208965104772423,15.002359375738212,0.76,0.0,0.0,02:51:00,5
0.10772254143603183,15.002421242886015,0.37,0.0,0.0,02:52:00,5
0.1339732835898744,15.002484640150241,0.46,0.0,0.0,02:53:00,5
0.19194638411789053,15.002549602831008,0.66,0.0,0.0,02:54:00,5
0.13564801697615472,15.002616166975598,0.47,0.0,0.0,02:55:00,5
0.12637576931688158,15.002684369392574,0.43,0.0,0.0,02:56:00,5
0.26501341739935264,15.002754247666136,0.91,0.0,0.0,02:57:00,5
0.27312605597238193,15.00282584017068,0.94,0.0,0.0,02:58:00,5
0.2191277280549648,15.002899186085607,0.75,0.0,0.0,02:59:00,5
0.290055558341326,15.002974325410362,1.0,0.0,0.0,03:00:00,5
0.298884903881354,15.0030512989797,1.03,0.0,0.0,03:01:00,5
0.30796588287398763,15.003130148479212,1.06,0.0,0.0,03:02:00,5
0.31730511494245395,15.003210916461063,1.09,0.0,0.0,03:03:00,5
0.13496282626400746,15.003293646360007,0.46,0.0,0.0,03:04:00,5
0.3367856059307197,15.003378382509624,1.16,0.0,0.0,03:05:00,5
0.346940902987778,15.00346517015882,1.19,0.0,0.0,03:06:00,5
0.119365319397432,15.003554055488582,0.41,0.0,0.0,03:07:00,5
0.3681179434486451,15.003645085628973,1.26,0.0,0.0,03:08:00,5
0.20310158854633825,15.0037383086764,0.7,0.0,0.0,03:09:00,5
0.39050070802717113,15.003833773711147,1.34,0.0,0.0,03:10:00,5
0.4021638255136024,15.003931530815146,1.38,0.0,0.0,03:11:00,5
0.41415224522233607,15.004031631090053,1.42,0.0,0.0,03:12:00,5
0.42647431060214036,15.00413412667555,1.46,0.0,0.0,03:13:00,5
0.43913855706753624,15.004239070767962,1.51,0.0,0.0,03:14:00,5
0.45215371578272145,15.00434651763911,1.55,0.0,0.0,03:15:00,5
0.46552871750271013,15.004456522655468,1.6,0.0,0.0,03:16:00,5
0.23727727834963908,15.004569142297598,0.81,0.0,0.0,03:17:00,5
0.49339499438174234,15.00468443417984,1.69,0.0,0.0,03:18:00,5
0.2037879583966451,15.004802457070333,0.7,0.0,0.0,03:19:00,5
0.5228129751667114,15.004923270911288,1.79,0.0,0.0,03:20:00,5
0.5381284150857079,15.005046936839557,1.85,0.0,0.0,03:21:00,5
0.5538616963577331,15.00517351720752,1.9,0.0,0.0,03:22:00,5
0.4405964977040409,15.005303075604239,1.51,0.0,0.0,03:23:00,5
0.5866237767041059,15.005435676876926,2.01,0.0,0.0,03:24:00,5
0.6036741580853228,15.005571387152708,2.07,0.0,0.0,03:25:00,5
0.6211855542391089,15.005710273860705,2.13,0.0,0.0,03:26:00,5
0.2835390476380018,15.005852405754403,0.97,0.0,0.0,03:27:00,5
0.6576372271772065,15.005997852934339,2.26,0.0,0.0,03:28:00,5
0.676601052435311,15.006146686871109,2.32,0.0,0.0,03:29:00,5
0.23001002479851598,15.00629898042868,0.79,0.0,0.0,03:30:00,5
0.2898507310884336,15.006454807888016,0.99,0.0,0.0,03:31:00,5
0.3341614852985946,15.00661424497104,1.15,0.0,0.0,03:32:00,5
0.7576631698287095,15.006777368864908,2.6,0.0,0.0,03:33:00,5
0.24472163738265648,15.006944258246602,0.84,0.0,0.0,03:34:00,5
0.6404304292808317,15.007114993307859,2.2,0.0,0.0,03:35:00,5
0.5578886831755512,15.007289655780435,1.91,0.0,0.0,03:36:00,5
0.6530376009199789,15.00746832896169,2.24,0.0,0.0,03:37:00,5
0.26732451050060035,15.00765109774051,0.92,0.0,0.0,03:38:00,5
0.8963272656481335,15.007838048623578,3.08,0.0,0.0,03:39:00,5
0.6770840194135712,15.008029269761959,2.32,0.0,0.0,03:40:00,5
0.40737195188641384,15.008224850978063,1.4,0.0,0.0,03:41:00,5
0.5301120487861297,15.008424883792918,1.82,0.0,0.0,03:42:00,5
1.0014832142395798,15.008629461453806,3.44,0.0,0.0,03:43:00,5
1.0295028156264037,15.00883867896225,3.53,0.0,0.0,03:44:00,5
1.0582474774268475,15.009052633102344,3.63,0.0,0.0,03:45:00,5
0.45786370705482204,15.009271422469435,1.57,0.0,0.0,03:46:00,5
1.1179803369081593,15.009495147499173,3.84,0.0,0.0,03:47:00,5
1.1490035893099937,15.0097239104969,3.94,0.0,0.0,03:48:00,5
1.1808220232287003,15.009957815667411,4.05,0.0,0.0,03:49:00,5
1.2134540697712346,15.010196969145072,4.16,0.0,0.0,03:50:00,5
1.2469185322525005,15.010441479024301,4.28,0.0,0.0,03:51:00,5
1.281234592239438,15.010691455390411,4.4,0.0,0.0,03:52:00,5
1.3164218156553,15.010947010350826,4.52,0.0,0.0,03:53:00,5
1.3525001589437182,15.011208258066658,4.64,0.0,0.0,03:54:00,5
1.3894899752921226,15.011475314784663,4.77,0.0,0.0,03:55:00,5
1.4274120209140309,15.01174829886956,4.9,0.0,0.0,03:56:00,5
1.4662874613896983,15.012027330836721,5.03,0.0,0.0,03:57:00,5
0.6135751354783938,15.012312533385256,2.11,0.0,0.0,03:58:00,5
0.7271291740462579,15.012604031431446,2.5,0.0,0.0,03:59:00,5
0.5534396484717022,15.012901952142577,1.9,0.0,0.0,04:00:00,5
1.6317611711826132,15.013206424971141,5.6,0.0,0.0,04:01:00,5
1.6757358485464797,15.013517581689415,5.75,0.0,0.0,04:02:00,5
0.5288023102156056,15.013835556424437,1.81,0.0,0.0,04:03:00,5
1.0948851105664115,15.014160485693347,3.76,0.0,0.0,04:04:00,5
1.8142932805341672,15.014492508439119,6.22,0.0,0.0,04:05:00,5
1.8627724832724426,15.014831766066685,6.39,0.0,0.0,04:06:00,5
1.912440687295125,15.015178402479428,6.56,0.0,0.0,04:07:00,5
1.9633239957636817,15.01553256411608,6.74,0.0,0.0,04:08:00,5
2.01544900160715,15.015894399987992,6.91,0.0,0.0,04:09:00,5
0.8285441821158033,15.0162640617168,2.84,0.0,0.0,04:10:00,5
2.1235329682289144,15.01664170357248,7.29,0.0,0.0,04:11:00,5
2.179547627250477,15.017027482511786,7.48,0.0,0.0,04:12:00,5
1.4696709959748147,15.017421558217082,5.04,0.0,0.0,04:13:00,5
2.2956654179888014,15.017824093135564,7.88,0.0,0.0,04:14:00,5
2.355827378785543,15.018235252518869,8.08,0.0,0.0,04:15:00,5
2.417431497647909,15.018655204463073,8.29,0.0,0.0,04:16:00,5
1.6537003645269783,15.019084119949087,5.67,0.0,0.0,04:17:00,5
2.545089836709512,15.01952217288343,8.73,0.0,0.0,04:18:00,5
2.6112072645630775,15.019969540139405,8.96,0.0,0.0,04:19:00,5
2.678893280649596,15.020426401598648,9.19,0.0,0.0,04:20:00,5
1.2538733344737027,15.02089294019309,4.3,0.0,0.0,04:21:00,5
2.819103787651778,15.021369341947281,9.67,0.0,0.0,04:22:00,5
1.9449601099553087,15.021855796021121,6.67,0.0,0.0,04:23:00,5
2.9659926684426785,15.022352494752965,10.17,0.0,0.0,04:24:00,5
3.0420289004023635,15.022859633703128,10.44,0.0,0.0,04:25:00,5
3.1198408280323298,15.023377411697755,10.7,0.0,0.0,04:26:00,5
2.4306797200687265,15.0239060308731,8.34,0.0,0.0,04:27:00,5
3.2809390091282853,15.024445696720168,11.25,0.0,0.0,04:28:00,5
3.3643004650615462,15.024996618129745,11.54,0.0,0.0,04:29:00,5
3.449588036977294,15.025559007437804,11.83,0.0,0.0,04:30:00,5
3.5368409437896537,15.02613308047131,12.13,0.0,0.0,04:31:00,5
3.6260990653733627,15.02671905659436,12.44,0.0,0.0,04:32:00,5
3.7174029502957366,15.02731715875474,12.75,0.0,0.0,04:33:00,5
2.596938403854085,15.02792761353083,8.91,0.0,0.0,04:34:00,5
3.9063135943267486,15.028550651178884,13.4,0.0,0.0,04:35:00,5
1.2562919850502676,15.029186505680686,4.31,0.0,0.0,04:36:00,5
3.0796973882669625,15.029835414791558,10.56,0.0,0.0,04:37:00,5
4.20607580872236,15.03049762008874,14.43,0.0,0.0,04:38:00,5
4.310544215843342,15.031173367020125,14.78,0.0,0.0,04:39:00,5
4.417361599991894,15.03186290495336,15.15,0.0,0.0,04:40:00,5
4.52657413793813,15.032566487225289,15.52,0.0,0.0,04:41:00,5
4.638228744741399,15.033284371191753,15.91,0.0,0.0,04:42:00,5
3.062460496924893,15.034016818277733,10.51,0.0,0.0,04:43:00,5
4.869055562689943,15.034764094027846,16.7,0.0,0.0,04:44:00,5
4.988325364456945,15.035526468157165,17.11,0.0,0.0,04:45:00,5
5.110232431579785,15.036304214602396,17.53,0.0,0.0,04:46:00,5
3.190392393238466,15.03709761157336,10.94,0.0,0.0,04:47:00,5
5.362162031210892,15.037906941604827,18.39,0.0,0.0,04:48:00,5
1.7362054391593464,15.038732491608659,5.96,0.0,0.0,04:49:00,5
5.6252595855683705,15.039574552926274,19.29,0.0,0.0,04:50:00,5
5.761129592382379,15.040433421381422,19.76,0.0,0.0,04:51:00,5
5.899953102617191,15.041309397333277,20.23,0.0,0.0,04:52:00,5
6.041785653652605,15.042202785729819,20.72,0.0,0.0,04:53:00,5
6.186683611321274,15.043113896161525,21.21,0.0,0.0,04:54:00,5
6.334704177131248,15.044043042915343,21.72,0.0,0.0,04:55:00,5
6.485905395426688,15.044990545028963,22.24,0.0,0.0,04:56:00,5
4.16594285699249,15.045956726345354,14.29,0.0,0.0,04:57:00,5
4.312664963761627,15.046941915567587,14.79,0.0,0.0,04:58:00,5
6.959186199712066,15.047946446313915,23.86,0.0,0.0,04:59:00,5
7.123707574946448,15.04897065717313,24.42,0.0,0.0,05:00:00,5
7.291712712729782,15.050014891760155,25.0,0.0,0.0,05:01:00,5
7.46326486083658,15.051079498771884,25.59,0.0,0.0,05:02:00,5
7.638428157935704,15.052164832043287,26.19,0.0,0.0,05:03:00,5
7.8172676401105115,15.05327125060371,26.8,0.0,0.0,05:04:00,5
7.999849247279794,15.054399118733434,27.42,0.0,0.0,05:05:00,5
8.186239829514738,15.055548806020415,28.06,0.0,0.0,05:06:00,5
8.376507153247573,15.05672068741727,28.71,0.0,0.0,05:07:00,5
8.570719907367241,15.057915143298432,29.38,0.0,0.0,05:08:00,5
4.244809815633292,15.059132559517511,14.56,0.0,0.0,05:09:00,5
8.971261110351364,15.060373327464836,30.75,0.0,0.0,05:10:00,5
4.059003602584971,15.061637844125164,13.92,0.0,0.0,05:11:00,5
9.38843162277317,15.062926512135563,32.18,0.0,0.0,05:12:00,5
9.603434559606365,15.064239739843437,32.91,0.0,0.0,05:13:00,5
9.822814757670189,15.065577941364708,33.66,0.0,0.0,05:14:00,5
10.046647523233704,15.066941536642117,34.43,0.0,0.0,05:15:00,5
10.275009129143111,15.068330951503672,35.21,0.0,0.0,05:16:00,5
10.5079768196817,15.069746617721181,36.01,0.0,0.0,05:17:00,5
10.745628815267228,15.071188973068908,36.82,0.0,0.0,05:18:00,5
10.988044316981227,15.072658461382323,37.65,0.0,0.0,05:19:00,5
11.23530351092516,15.074155532616906,38.5,0.0,0.0,05:20:00,5
11.4874875723978,15.075680642907056,39.36,0.0,0.0,05:21:00,5
8.934947708574308,15.077234254625028,30.62,0.0,0.0,05:22:00,5
8.800206428109595,15.078816836439929,30.16,0.0,0.0,05:23:00,5
12.274415635461732,15.080428863376744,42.05,0.0,0.0,05:24:00,5
12.547130839728046,15.08207081687538,42.98,0.0,0.0,05:25:00,5
12.825191758989282,15.083743184849714,43.93,0.0,0.0,05:26:00,5
13.108685580756376,15.085446461746653,44.9,0.0,0.0,05:27:00,5
5.160306050614477,15.087181148605138,17.69,0.0,0.0,05:28:00,5
13.692325749266091,15.08894775311516,46.9,0.0,0.0,05:29:00,5
8.598646684608758,15.090746789676693,29.47,0.0,0.0,05:30:00,5
14.298769149064368,15.092578779458583,48.97,0.0,0.0,05:31:00,5
14.610770834415415,15.094444250457354,50.04,48.54,2.14,05:32:00,5
14.928749900811091,15.096343737555932,51.12,49.59,2.18,05:33:00,5
9.993041626281885,15.098277782582256,34.24,0.0,0.0,05:34:00,5
15.583018496936813,15.10024693436777,53.36,51.76,2.28,05:35:00,5
15.919499752058321,15.102251748805774,54.51,52.87,2.33,05:36:00,5
16.262341840374592,15.10429278890964,55.68,54.01,2.38,05:37:00,5
16.611643192468843,15.106370624870838,56.87,55.17,2.43,05:38:00,5
16.967503266339943,15.108485834116781,58.09,56.35,2.48,05:39:00,5
17.330022547101603,15.110639001368492,59.33,57.55,2.53,05:40:00,5
17.69930254638641,15.112830718698016,60.59,58.77,2.59,05:41:00,5
9.041183960496054,15.115061585585622,30.98,0.0,0.0,05:42:00,5
18.458555873958453,15.11733220897675,63.18,61.29,2.7,05:43:00,5
13.358710454760955,15.119643203338674,45.75,0.0,0.0,05:44:00,5
19.246095830659318,15.121995190716884,65.87,63.89,2.81,05:45:00,5
19.650737945005012,15.12438880079116,67.25,65.23,2.87,05:46:00,5
20.062771332448214,15.126824670931324,68.66,66.6,2.93,05:47:00,5
20.482304647480145,15.129303446252635,70.09,67.98,2.99,05:48:00,5
20.909447554979,15.131825779670836,71.54,69.4,3.06,05:49:00,5
8.799820082844468,15.134392331956798,30.15,0.0,0.0,05:50:00,5
21.78700583729278,15.137003771790775,74.54,72.3,3.18,05:51:00,5
22.237645560246136,15.139660775816239,76.07,73.79,3.25,05:52:00,5
22.696343563076866,15.142364028693244,77.64,75.31,3.32,05:53:00,5
23.16321450243394,15.145114223151362,79.23,76.85,3.38,05:54:00,5
23.638374018705413,15.147912060042108,80.85,78.42,3.45,05:55:00,5
24.121938730257575,15.150758248390861,82.5,80.02,3.52,05:56:00,5
24.61402622728101,15.153653505448275,84.18,81.65,3.6,05:57:00,5
25.114755065237436,15.156598556741114,85.88,83.31,3.67,05:58:00,5
25.624244757901533,15.159594136122529,87.62,84.99,3.74,05:59:00,5
26.14261576999172,15.162640985821744,89.38,86.7,3.82,06:00:00,5
26.669989509384052,15.165739856493124,91.18,88.44,3.89,06:01:00,5
27.206488318903478,15.16889150726459,93.01,90.22,3.97,06:02:00,5
27.752235467686393,15.172096705785385,94.86,92.02,4.05,06:03:00,5
28.307355142109284,15.17535622827316,96.75,93.85,4.13,06:04:00,5
28.871972436277087,15.178670859560322,98.68,95.72,4.22,06:05:00,5
29.446213342066407,15.182041393139684,100.63,97.61,4.3,06:06:00,5
30.030204738717288,15.185468631209334,102.62,99.54,4.38,06:07:00,5
30.62407438196875,15.188953384716728,104.64,101.5,4.47,06:08:00,5
31.22795089273213,15.192496473401976,106.69,103.49,4.56,06:09:00,5
25.044988755992627,15.196098725840297,85.63,83.06,3.66,06:10:00,5
32.46624325506501,15.199760979483624,110.9,107.58,4.74,06:11:00,5
33.10092056580507,15.203484080701312,113.06,109.67,4.83,06:12:00,5
33.74612763642659,15.207268884819943,115.25,111.8,4.92,06:13:00,5
34.401997227264154,15.211116256162214,117.48,113.96,5.02,06:14:00,5
15.53726262469343,15.215027068084838,53.18,51.58,2.27,06:15:00,5
25.517833183026305,15.219002203015483,87.23,84.62,3.73,06:16:00,5
36.43492044394423,15.223042552488677,124.39,120.66,5.31,06:17:00,5
37.134783239738034,15.227149017180688,126.77,122.96,5.41,06:18:00,5
37.8459838640086,15.231322506943338,129.18,125.31,5.52,06:19:00,5
38.56865956969691,15.23556394083671,131.63,127.69,5.62,06:20:00,5
39.302948301102674,15.239874247160746,134.13,130.1,5.73,06:21:00,5
40.04898867609808,15.244254363485688,136.66,132.56,5.84,06:22:00,5
40.80691996781288,15.248705236681348,139.23,135.05,5.95,06:23:00,5
31.992664031104038,15.253227822945169,109.27,105.99,4.67,06:24:00,5
21.423602142451916,15.257823087829049,73.26,71.07,3.13,06:25:00,5
43.15346150390054,15.262492006264917,147.18,142.77,6.29,06:26:00,5
43.960361628029034,15.267235562588997,149.92,145.42,6.4,06:27:00,5
44.779858184922965,15.27205475056477,152.7,148.12,6.52,06:28:00,5
45.61209396459611,15.276950573404584,155.52,150.85,6.64,06:29:00,5
23.886268718299757,15.281924043789873,81.65,79.2,3.49,06:30:00,5
26.882818261378965,15.286976183889994,91.86,89.11,3.92,06:31:00,5
29.760383947652876,15.292108025379598,101.66,98.61,4.34,06:32:00,5
49.071302549834996,15.297320609454557,167.23,162.21,7.14,06:33:00,5
49.96939340690062,15.302614986846383,170.27,165.16,7.27,06:34:00,5
22.508774106359997,15.307992217835125,76.95,74.64,3.29,06:35:00,5
51.80653870187507,15.313453372260708,176.48,171.18,7.54,06:36:00,5
52.74588523734354,15.318999529532691,179.65,174.26,7.67,06:37:00,5
23.192028133994274,15.324631778638391,79.27,76.9,3.39,06:38:00,5
54.666858728900515,15.330351218149382,186.15,180.56,7.95,06:39:00,5
21.32211405984939,15.3361589562263,72.9,70.71,3.11,06:40:00,5
56.645186199281724,15.34205611062194,192.83,187.04,8.24,06:41:00,5
57.6562260760325,15.348043808682627,196.24,190.35,8.38,06:42:00,5
24.88375517656337,15.354123187347797,85.03,82.48,3.63,06:43:00,5
59.72279652891555,15.360295393147789,203.21,197.12,8.68,06:44:00,5
32.44841589656965,15.3665615821998,110.77,107.45,4.73,06:45:00,5
28.528222028375428,15.372922920201981,97.43,94.51,4.16,06:46:00,5
62.9360979406364,15.379380582425629,214.05,207.63,9.14,06:47:00,5
64.03804281376082,15.385935753705457,217.76,211.23,9.3,06:48:00,5
65.15565669026957,15.39258962842792,221.53,214.88,9.46,06:49:00,5
66.28908759738309,15.39934341051752,225.34,218.58,9.63,06:50:00,5
67.43848347883578,15.406198313421132,229.21,222.33,9.79,06:51:00,5
68.60399216021747,15.41315556009024,233.13,226.14,9.96,06:52:00,5
69.78576131374608,15.420216382961124,237.11,230.0,10.13,06:53:00,5
55.24466490679334,15.427382023932902,188.03,182.39,8.03,06:54:00,5
30.869869766871894,15.434653734343454,105.38,102.21,4.5,06:55:00,5
73.43010527319134,15.442032774943156,249.36,241.88,10.65,06:56:00,5
52.305011671416324,15.449520415866404,178.07,172.73,7.61,06:57:00,5
75.94366739781546,15.457117936600904,257.8,250.07,11.01,06:58:00,5
77.22608733102048,15.464826625954696,262.11,254.24,11.2,06:59:00,5
78.52579406999627,15.472647782020873,266.47,258.47,11.38,07:00:00,5
79.84293272433133,15.480582712139961,270.88,262.76,11.57,07:01:00,5
81.17764790801833,15.488632732859948,275.36,267.1,11.76,07:02:00,5
82.53008369869252,15.496799169893915,279.89,271.5,11.96,07:03:00,5
65.72273603411492,15.505083358075241,223.34,216.64,9.54,07:04:00,5
85.28869048146737,15.513486641310353,289.13,280.46,12.35,07:05:00,5
86.69514657277841,15.522010372528994,293.84,285.02,12.55,07:06:00,5
88.11989338429603,15.530655913631977,298.61,289.65,12.76,07:07:00,5
89.56307168200286,15.53942463543638,303.43,294.33,12.96,07:08:00,5
91.02482143996589,15.548317917618185,308.32,299.07,13.17,07:09:00,5
92.5052817959657,15.557337148652302,313.27,303.87,13.38,07:10:00,5
94.00459100663444,15.566483725749947,318.28,308.73,13.6,07:11:00,5
95.52288640211015,15.57575905479338,323.34,313.64,13.81,07:12:00,5
97.06030434021477,15.585164550267931,328.48,318.62,14.03,07:13:00,5
98.6169801601632,15.594701635191306,333.67,323.66,14.25,07:14:00,5
39.96879424991163,15.604371741040149,136.2,132.11,5.82,07:15:00,5
50.10728171279566,15.614176307673812,170.53,165.41,7.28,07:16:00,5
66.16591796194525,15.624116783255335,224.73,217.99,9.6,07:17:00,5
105.03893076076044,15.634194624169574,355.06,344.41,15.17,07:18:00,5
62.23460278415962,15.644411294938472,211.46,205.12,9.03,07:19:00,5
108.36888937476832,15.654768268133438,366.14,355.16,15.64,07:20:00,5
110.06406437266077,15.665267024284812,371.78,360.62,15.88,07:21:00,5
111.77953759330724,15.675909051788379,377.48,366.15,16.12,07:22:00,5
113.51543305223929,15.686695846808913,383.24,371.74,16.37,07:23:00,5
115.27187325960813,15.697628913180738,389.07,377.4,16.62,07:24:00,5
52.95524906683828,15.70870976230524,180.09,174.69,7.69,07:25:00,5
118.84687012790741,15.719939913045355,400.93,388.9,17.13,07:26:00,5
120.66566382284073,15.731320891616978,406.95,394.75,17.38,07:27:00,5
122.50547623080406,15.742854231477262,413.05,400.66,17.64,07:28:00,5
124.36642156543634,15.754541473209818,419.21,406.63,17.91,07:29:00,5
126.24861222485643,15.766384164406752,425.43,412.67,18.17,07:30:00,5
99.84118401294639,15.77838385954754,337.52,327.39,14.42,07:31:00,5
130.07716971598657,15.790542119874722,438.09,424.95,18.71,07:32:00,5
132.02375178995467,15.802860513266362,444.52,431.18,18.99,07:33:00,5
133.99200956634047,15.815340614105297,451.01,437.48,19.27,07:34:00,5
135.98204556865196,15.827984003145115,457.58,443.85,19.55,07:35:00,5
87.11837132498933,15.840792267372862,294.89,286.05,12.6,07:36:00,5
77.0510423433902,15.853766999868453,261.12,253.29,11.15,07:37:00,5
142.08381579967377,15.866909799660766,477.68,463.35,20.4,07:38:00,5
144.16194640490448,15.880222271580397,484.52,469.98,20.7,07:39:00,5
146.26233472529404,15.893706026109076,491.42,476.68,20.99,07:40:00,5
148.38506965096738,15.907362679225688,498.4,483.45,21.29,07:41:00,5
150.53023760807852,15.921193852248924,505.44,490.28,21.59,07:42:00,5
152.69792250368,15.935201171676532,512.56,497.18,21.89,07:43:00,5
154.88820567049984,15.949386269021115,519.74,504.15,22.2,07:44:00,5
157.10116581164283,15.963750780642536,526.99,511.18,22.51,07:45:00,5
91.41016791849646,15.978296347576833,309.09,299.82,13.2,07:46:00,5
125.51063658663023,15.993024615361694,422.61,409.93,18.05,07:47:00,5
79.18037606915473,16.007937233858442,268.11,260.06,11.45,07:48:00,5
166.181255043761,16.023035857070532,556.7,540.0,23.78,07:49:00,5
168.50868468955022,16.038322142958545,564.3,547.37,24.1,07:50:00,5
170.85920520441823,16.053797753251676,571.97,554.81,24.43,07:51:00,5
173.23287533313797,16.06946435325567,579.71,562.32,24.76,07:52:00,5
175.62975074790506,16.08532361165726,587.52,569.9,25.1,07:53:00,5
178.0498839931792,16.101377200325047,595.4,577.54,25.43,07:54:00,5
180.49332443063565,16.11762679410681,603.35,585.25,25.77,07:55:00,5
182.96011818424893,16.134074070623296,611.37,593.03,26.12,07:56:00,5
101.29391007427634,16.150720710058412,341.87,331.61,14.6,07:57:00,5
79.39848892606544,16.167568394945864,268.67,260.61,11.48,07:58:00,5
190.5010308674168,16.18461880995222,635.85,616.78,27.16,07:59:00,5
146.75400350327138,16.201873641656377,492.45,477.67,21.04,08:00:00,5
195.64576750949962,16.219334578325487,652.52,632.94,27.87,08:01:00,5
198.2534615752832,16.237003309687246,660.96,641.13,28.23,08:02:00,5
200.88473659345203,16.254881526698643,669.46,649.38,28.6,08:03:00,5
203.53961083191467,16.2729709213111,678.04,657.7,28.96,08:04:00,5
206.21809883595043,16.291273186232033,686.68,666.08,29.33,08:05:00,5
208.92021137575455,16.309790014682832,695.4,674.54,29.7,08:06:00,5
73.40977001374931,16.32852310015326,248.43,240.98,10.61,08:07:00,5
214.39533395587623,16.34747413615227,713.03,691.64,30.46,08:08:00,5
217.16834619431484,16.366644815955276,721.95,700.29,30.84,08:09:00,5
219.96498726261186,16.386036832347802,730.94,709.01,31.22,08:10:00,5
222.78524828228228,16.405651877365635,739.99,717.79,31.61,08:11:00,5
225.62911629348142,16.425491642031385,749.11,726.64,32.0,08:12:00,5
116.4109025136595,16.44555781608751,391.71,379.96,16.73,08:13:00,5
231.38760074826175,16.465852087725818,767.56,744.53,32.79,08:14:00,5
234.3021704231702,16.48637614331343,776.88,753.58,33.19,08:15:00,5
237.24025345612358,16.50713166711524,786.27,762.68,33.59,08:16:00,5
240.201815749925,16.52812034101288,795.73,771.86,33.99,08:17:00,5
103.1117504243718,16.549343844220196,347.39,336.96,14.84,08:18:00,5
195.52484550752843,16.570803852995247,651.22,631.68,27.82,08:19:00,5
249.2269714056808,16.592502040348855,824.49,799.75,35.22,08:20:00,5
252.2820216941362,16.61444007574974,834.2,809.18,35.63,08:21:00,5
255.36031430505446,16.63661962482621,843.98,818.66,36.05,08:22:00,5
112.01813565942321,16.659042349064453,376.82,365.51,16.1,08:23:00,5
173.71260546215058,16.681709905503467,579.88,562.48,24.77,08:24:00,5
264.73401295614775,16.70462394642665,873.7,847.49,37.32,08:25:00,5
267.9046184010715,16.727786119050002,883.73,857.22,37.75,08:26:00,5
271.09811445837084,16.751198065207085,893.83,867.01,38.18,08:27:00,5
274.3144165563005,16.774861421030653,903.98,876.86,38.61,08:28:00,5
277.55343528863665,16.798777816631056,914.2,886.77,39.05,08:29:00,5
280.81507637733466,16.82294887577139,924.47,896.74,39.49,08:30:00,5
284.0992406361078,16.847376215539494,934.81,906.76,39.93,08:31:00,5
287.4058239349499,16.872061446016712,945.2,916.85,40.37,08:32:00,5
131.14223123374953,16.897006169943573,439.7,426.51,18.78,08:33:00,5
209.1026989711585,16.92221198238236,694.3,673.47,29.66,08:34:00,5
142.7714363989648,16.947680470376586,477.91,463.58,20.41,08:35:00,5
300.85408999606574,16.97341321260745,987.36,957.74,42.18,08:36:00,5
304.2710311553814,16.999411779047307,998.04,968.1,42.63,08:37:00,5
307.70966089465486,17.025677730610155,1008.77,978.51,43.09,08:38:00,5
311.16983956860344,17.052212618799224,1019.56,988.98,43.55,08:39:00,5
167.10398371611265,17.07901798535167,557.4,540.67,23.81,08:40:00,5
318.1542591593953,17.106095361880442,1041.31,1010.07,44.48,08:41:00,5
321.67819472896224,17.133446269513335,1052.26,1020.69,44.95,08:42:00,5
325.22306849025904,17.161072218529338,1063.26,1031.36,45.42,08:43:00,5
169.88787346130516,17.1889747079922,566.24,549.25,24.19,08:44:00,5
332.37496189080827,17.21715522538143,1085.41,1052.85,46.36,08:45:00,5
268.07107105469146,17.2456152462206,882.43,855.96,37.69,08:46:00,5
146.53283207558724,17.274356233703152,489.64,474.96,20.92,08:47:00,5
343.255519309073,17.303379638315675,1119.01,1085.44,47.8,08:48:00,5
346.92235295618667,17.332686897458707,1130.31,1096.4,48.28,08:49:00,5
350.6088517303574,17.362279435065155,1141.65,1107.4,48.77,08:50:00,5
161.10087356295412,17.39215866121636,537.11,520.99,22.94,08:51:00,5
358.04002571547215,17.42232597175586,1164.47,1129.53,49.74,08:52:00,5
361.7842778920099,17.452782747900947,1175.94,1140.66,50.23,08:53:00,5
365.5473491070243,17.483530355851993,1187.45,1151.83,50.72,08:54:00,5
231.06672193710068,17.514570146399727,763.33,740.43,32.61,08:55:00,5
200.54377977258036,17.545903454530396,664.94,644.99,28.4,08:56:00,5
376.9471984915702,17.577531599028966,1222.25,1185.58,52.21,08:57:00,5
380.78324007877296,17.6094558820804,1233.92,1196.9,52.71,08:58:00,5
384.6369205114276,17.641677588869037,1245.63,1208.27,53.21,08:59:00,5
388.5079873620106,17.674197987176218,1257.38,1219.66,53.71,09:00:00,5
392.39618273916955,17.70701832697614,1269.17,1231.09,54.21,09:01:00,5
396.30124329040956,17.74013984003009,1280.99,1242.56,54.72,09:02:00,5
400.2229002063338,17.773563739479062,1292.84,1254.05,55.22,09:03:00,5
404.1608792264511,17.80729121943487,1304.72,1265.58,55.73,09:04:00,5
408.11490064656573,17.841323454569793,1316.64,1277.14,56.24,09:05:00,5
412.08467932776074,17.875661599704888,1328.58,1288.73,56.75,09:06:00,5
416.06992470698964,17.91030678939698,1340.56,1300.34,57.26,09:07:00,5
420.0703408092863,17.945260137524436,1352.56,1311.98,57.78,09:08:00,5
424.0856262616068,17.980522736871794,1364.59,1323.65,58.29,09:09:00,5
428.115474308313,18.01609565871337,1376.64,1335.34,58.8,09:10:00,5
432.1595728283091,18.05197995239581,1388.72,1347.06,59.32,09:11:00,5
303.5345700991883,18.088176644919827,991.35,961.61,42.35,09:12:00,5
278.83333146522347,18.124686740521053,913.38,885.98,39.02,09:13:00,5
444.37416994170985,18.161511220250205,1425.09,1382.34,60.87,09:14:00,5
218.60295784102357,18.198651041552566,721.3,699.66,30.81,09:15:00,5
452.5825252167318,18.23610713784695,1449.44,1405.95,61.91,09:16:00,5
456.705274147964,18.273880418104152,1461.64,1417.79,62.43,09:17:00,5
228.69691437437106,18.311971766425046,753.31,730.72,32.18,09:18:00,5
464.9861693351489,18.350382041618357,1486.08,1441.5,63.48,09:19:00,5
334.1315345408846,18.389112076778268,1085.74,1053.17,46.38,09:20:00,5
473.31187380277237,18.428162678861888,1510.58,1465.26,64.53,09:21:00,5
477.4906152065511,18.46753462826671,1522.84,1477.16,65.05,09:22:00,5
324.44531267710533,18.507228678408147,1055.05,1023.4,45.07,09:23:00,5
183.61026608848871,18.547245555297252,607.65,589.42,25.96,09:24:00,5
490.0858865759894,18.587585957118677,1559.69,1512.9,66.62,09:25:00,5
374.7422030693685,18.628250553809035,1210.24,1173.93,51.7,09:26:00,5
498.52808308814946,18.6692399866357,1584.28,1536.76,67.67,09:27:00,5
247.00385567703808,18.710554867776175,810.45,786.14,34.62,09:28:00,5
354.41179201459727,18.752195779898152,1146.97,1112.57,48.99,09:29:00,5
328.0843132404678,18.794163275740285,1065.15,1033.2,45.5,09:30:00,5
515.5069917907124,18.836457877693896,1633.49,1584.49,69.78,09:31:00,5
386.3503193539712,18.879080077385602,1244.6,1207.26,53.16,09:32:00,5
221.0618382851876,18.922030335261045,727.08,705.27,31.06,09:33:00,5
528.310896603941,18.96530908016979,1670.38,1620.26,71.35,09:34:00,5
532.589887011801,19.008916708951528,1682.66,1632.18,71.88,09:35:00,5
536.8736659723112,19.05285358602366,1694.93,1644.08,72.4,09:36:00,5
541.161793460463,19.097120042970367,1707.2,1655.98,72.92,09:37:00,5
255.6936661846765,19.141716378133346,836.59,811.49,35.74,09:38:00,5
549.7493127073866,19.18664285620421,1731.69,1679.74,73.97,09:39:00,5
554.0478034013611,19.23189970781872,1743.92,1691.6,74.49,09:40:00,5
321.20921653684076,19.27748712915301,1041.69,1010.44,44.5,09:41:00,5
562.6519637572121,19.323405281521804,1768.32,1715.27,75.53,09:42:00,5
566.9567082406719,19.369654290978843,1780.5,1727.08,76.06,09:43:00,5
407.56108729163816,19.416234247919544,1306.47,1267.28,55.81,09:44:00,5
434.0143575716067,19.463145206686093,1386.27,1344.68,59.22,09:45:00,5
579.8759672403601,19.51038718517501,1816.9,1762.4,77.61,09:46:00,5
245.75825648343724,19.55796016444736,803.74,779.63,34.33,09:47:00,5
588.4882274446686,19.605864088341654,1841.06,1785.83,78.64,09:48:00,5
592.7927349945955,19.654098863089672,1853.09,1797.5,79.16,09:49:00,5
259.10331592273286,19.70266435693516,845.47,820.1,36.11,09:50:00,5
297.8208237636005,19.75156039975567,966.85,937.85,41.3,09:51:00,5
605.6938804971805,19.800786782687616,1889.03,1832.36,80.69,09:52:00,5
609.988482535788,19.850343257754552,1900.94,1843.91,81.2,09:53:00,5
614.2793599215962,19.900229537499,1912.82,1855.44,81.71,09:54:00,5
258.3060773594577,19.950445294617744,842.1,816.84,35.97,09:55:00,5
622.8479167293111,20.00099016160081,1936.47,1878.38,82.72,09:56:00,5
627.1245771626859,20.051863730374297,1948.24,1889.79,83.22,09:57:00,5
631.3954751550174,20.103065551946997,1959.97,1901.17,83.72,09:58:00,5
635.6600946535596,20.154595136061168,1971.66,1912.51,84.22,09:59:00,5
639.917917156986,20.206451950847345,1983.3,1923.8,84.72,10:00:00,5
644.1684218146197,20.258635422483486,1994.9,1935.06,85.21,10:01:00,5
648.411085526984,20.311144934858476,2006.46,1946.26,85.71,10:02:00,5
652.6453830476545,20.363979829240108,2017.97,1957.43,86.2,10:03:00,5
496.0183843293807,20.417139403947733,1565.38,1518.42,66.87,10:04:00,5
661.0867684134575,20.470622914029633,2040.83,1979.61,87.18,10:05:00,5
665.2927959653131,20.52442957094523,2052.19,1990.63,87.66,10:06:00,5
669.4883369512924,20.5785585422523,2063.5,2001.59,88.14,10:07:00,5
673.6728569616026,20.63300895129929,2074.75,2012.5,88.62,10:08:00,5
241.1462003126908,20.68777987692284,785.52,761.96,33.55,10:09:00,5
682.0066889759557,20.74287035315063,2097.08,2034.17,89.58,10:10:00,5
686.1549250519637,20.79827936890971,2108.16,2044.91,90.05,10:11:00,5
690.289988519807,20.854005867740398,2119.18,2055.6,90.52,10:12:00,5
694.4113385319035,20.910048747515834,2130.14,2066.23,90.99,10:13:00,5
698.5184332920095,20.96640686016739,2141.03,2076.8,91.46,10:14:00,5
702.6107301704754,21.023079011415977,2151.86,2087.31,91.92,10:15:00,5
706.6876858204217,21.080063960509413,2162.63,2097.75,92.38,10:16:00,5
519.4396648489754,21.137360419965923,1629.34,1580.46,69.6,10:17:00,5
714.7933971642855,21.194967055323943,2183.96,2118.44,93.29,10:18:00,5
718.821063636033,21.252882484898308,2194.52,2128.69,93.74,10:19:00,5
722.8312106731497,21.31110527954292,2205.02,2138.86,94.19,10:20:00,5
726.823293114959,21.36963396242008,2215.43,2148.97,94.63,10:21:00,5
730.7967657979559,21.428467008776515,2225.78,2159.01,95.08,10:22:00,5
734.7510836774361,21.48760284572624,2236.05,2168.97,95.51,10:23:00,5
408.12478155369973,21.54703985204045,1296.71,1257.8,55.39,10:24:00,5
742.6000761752252,21.60677635794438,2256.37,2188.68,96.38,10:25:00,5
495.90732493622204,21.666810644921437,1556.87,1510.16,66.5,10:26:00,5
750.3659172874304,21.727140945524546,2276.37,2208.08,97.24,10:27:00,5
754.2162982277729,21.787765443194942,2286.25,2217.66,97.66,10:28:00,5
758.0442634777518,21.848682272088453,2296.04,2227.16,98.08,10:29:00,5
353.7658913826334,21.909889516909374,1130.23,1096.33,48.28,10:30:00,5
765.6307849826227,21.9713852127521,2315.39,2245.92,98.9,10:31:00,5
769.3882631802514,22.033167344950545,2324.93,2255.18,99.31,10:32:00,5
608.5813113224849,22.095233848935504,1878.87,1822.51,80.26,10:33:00,5
386.9503620392468,22.157582610100025,1229.69,1192.8,52.53,10:34:00,5
780.5111278500857,22.220211463672953,2353.03,2282.44,100.51,10:35:00,5
784.1671130956425,22.283118194600647,2362.22,2291.35,100.9,10:36:00,5
787.7963947735807,22.34630053743706,2371.32,2300.18,101.29,10:37:00,5
464.9722529477646,22.409756176242247,1461.12,1417.29,62.41,10:38:00,5
794.9727362441799,22.473482744489377,2389.23,2317.55,102.06,10:39:00,5
798.518745884838,22.537477824980364,2398.04,2326.1,102.43,10:40:00,5
802.03595190797,22.601738949770215,2406.76,2334.56,102.81,10:41:00,5
332.4090582954085,22.666263600100194,1061.61,1029.76,45.35,10:42:00,5
808.9818794735177,22.731049206339833,2423.91,2351.19,103.54,10:43:00,5
311.6549780904707,22.796093147937967,997.46,967.54,42.61,10:44:00,5
815.806398770795,22.861392753382823,2440.66,2367.44,104.25,10:45:00,5
819.1718552796506,22.926945300171255,2448.88,2375.41,104.61,10:46:00,5
822.5054357986465,22.992748014787217,2457.0,2383.29,104.95,10:47:00,5
825.8066389527919,23.058798072689566,2465.02,2391.06,105.29,10:48:00,5
636.4012983382254,23.12509259830926,1948.81,1890.34,83.24,10:49:00,5
832.3099247320846,23.19162866505601,2480.74,2406.31,105.97,10:50:00,5
835.5110220461844,23.25840329533456,2488.44,2413.78,106.3,10:51:00,5
838.6777716211167,23.325413460570484,2496.03,2421.15,106.62,10:52:00,5
841.8096902640691,23.392656081245796,2503.52,2428.41,106.94,10:53:00,5
587.7953243003584,23.46012802694426,1809.15,1754.88,77.28,10:54:00,5
847.9671221350137,23.527826116406594,2518.16,2442.62,107.56,10:55:00,5
593.6921396238807,23.59574711759553,1824.79,1770.05,77.95,10:56:00,5
266.3911549667732,23.66388774777092,854.52,828.88,36.5,10:57:00,5
588.1528436255555,23.73224467357481,1808.05,1753.81,77.23,10:58:00,5
859.8432138048705,23.80081451112666,2546.12,2469.74,108.76,10:59:00,5
541.5310933940225,23.869593826128714,1674.16,1623.94,71.51,11:00:00,5
527.3111196498553,23.938579133981563,1632.82,1583.83,69.75,11:01:00,5
868.3519180875804,24.007766899910017,2565.9,2488.92,109.6,11:02:00,5
871.109892837422,24.077153539099253,2572.26,2495.09,109.88,11:03:00,5
652.9207439858524,24.146735416841377,1986.14,1926.56,84.84,11:04:00,5
478.80493189979103,24.216508848692378,1490.44,1445.73,63.67,11:05:00,5
879.1429820466576,24.286470100639562,2590.63,2512.92,110.66,11:06:00,5
555.6123700479321,24.35661538927947,1710.9,1659.57,73.08,11:07:00,5
604.6623690810927,24.42694088200637,1849.14,1793.67,78.99,11:08:00,5
886.8060190982154,24.497442697211333,2607.94,2529.7,111.4,11:09:00,5
889.2762280610007,24.568116904491916,2613.47,2535.07,111.64,11:10:00,5
891.7037084700343,24.63895952487248,2618.88,2540.31,111.87,11:11:00,5
894.0880732319065,24.709966531035256,2624.16,2545.44,112.09,11:12:00,5
365.0851728365326,24.781133847562064,1150.85,1116.33,49.16,11:13:00,5
898.7259383397159,24.85245735118679,2634.37,2555.34,112.53,11:14:00,5
900.9786957005927,24.923932871058618,2639.28,2560.1,112.74,11:15:00,5
903.1868516424224,24.995556189016067,2644.07,2564.75,112.94,11:16:00,5
905.3500508681847,25.0673230398718,2648.74,2569.28,113.14,11:17:00,5
503.41770220053746,25.139229111708232,1555.81,1509.14,66.46,11:18:00,5
909.5401913329705,25.21127004618401,2657.7,2577.97,113.53,11:19:00,5
341.85691182412756,25.28344143885129,1078.64,1046.28,46.07,11:20:00,5
913.5464094157934,25.355738839483877,2666.15,2586.17,113.89,11:21:00,5
715.5337810530575,25.42815775241617,2146.02,2081.64,91.67,11:22:00,5
917.3661082556252,25.500693636892994,2674.1,2593.88,114.23,11:23:00,5
919.205232434636,25.573341907430276,2677.88,2597.55,114.39,11:24:00,5
920.9968046138762,25.646097934186525,2681.54,2601.09,114.54,11:25:00,5
553.2304550493627,25.718957043345167,1694.16,1643.33,72.37,11:26:00,5
924.4361315640758,25.7919145175077,2688.46,2607.81,114.84,11:27:00,5
926.0833242859275,25.864965596097637,2691.73,2610.98,114.98,11:28:00,5
927.6818410628445,25.938105475775295,2694.87,2614.02,115.11,11:29:00,5
361.3745472291349,26.01132931086326,1133.84,1099.83,48.43,11:30:00,5
930.7318063982508,26.084632213782708,2700.76,2619.73,115.36,11:31:00,5
932.182754157863,26.158009255500367,2703.51,2622.4,115.48,11:32:00,5
933.5840245118198,26.231455465986244,2706.13,2624.94,115.59,11:33:00,5
934.9353867583173,26.30496583468193,2708.61,2627.36,115.7,11:34:00,5
597.2618395215176,26.37853531097965,1812.95,1758.56,77.44,11:35:00,5
937.4875041583477,26.45215880471181,2713.2,2631.8,115.9,11:36:00,5
591.0645178068662,26.525831186651157,1794.5,1740.66,76.65,11:37:00,5
939.8374217312447,26.59954728902141,2717.26,2635.74,116.07,11:38:00,5
940.936064837,26.673301906018388,2719.09,2637.52,116.15,11:39:00,5
941.9835855862974,26.74708979434157,2720.8,2639.17,116.22,11:40:00,5
942.979810451236,26.82090567373595,2722.37,2640.7,116.29,11:41:00,5
943.924574281133,26.89474422754427,2723.81,2642.09,116.35,11:42:00,5
944.8177203481532,26.968600103269488,2725.12,2643.36,116.4,11:43:00,5
945.6591003906392,27.042467913147416,2726.29,2644.5,116.46,11:44:00,5
946.44857465413,27.116342234729508,2727.34,2645.52,116.5,11:45:00,5
947.1860119300487,27.190217611475695,2728.25,2646.4,116.54,11:46:00,5
580.8540822810439,27.264088553357205,1760.29,1707.48,75.19,11:47:00,5
948.5042936299823,27.337949537469314,2729.68,2647.79,116.6,11:48:00,5
949.084918681546,27.411795008653925,2730.2,2648.3,116.62,11:49:00,5
719.6742280875353,27.485619380131915,2137.67,2073.54,91.31,11:50:00,5
733.0502817715087,27.559417034145138,2172.64,2107.46,92.81,11:51:00,5
950.5115966092419,27.633182322608057,2730.97,2649.04,116.65,11:52:00,5
950.8818260212757,27.706909567768854,2730.96,2649.03,116.65,11:53:00,5
406.9825117840548,27.780593062879944,1259.78,1221.99,53.81,11:54:00,5
951.4639064746509,27.854227072877848,2730.55,2648.64,116.64,11:55:00,5
951.6756604262478,27.927805835072235,2730.15,2648.25,116.62,11:56:00,5
951.8345068165321,28.00132355984413,2729.62,2647.74,116.6,11:57:00,5
314.9509817751385,28.074774431353106,985.64,956.07,42.1,11:58:00,5
951.9933797202356,28.14815260825341,2728.17,2646.33,116.54,11:59:00,5
951.9933797202356,28.221452224418883,2727.25,2645.43,116.5,12:00:00,5
951.9404191394592,28.294667389676547,2726.2,2644.41,116.45,12:01:00,5
449.05076441182393,28.367792190548823,1378.73,1337.36,58.89,12:02:00,5
951.6756604262478,28.44082069100414,2723.71,2642.0,116.34,12:03:00,5
951.4639064746509,28.51374693321595,2722.27,2640.6,116.28,12:04:00,5
951.1992802916667,28.586564938329857,2720.7,2639.08,116.22,12:05:00,5
339.04759351508767,28.659268707238972,1055.06,1023.41,45.07,12:06:00,5
950.511596609242,28.73185222136709,2717.18,2635.67,116.07,12:07:00,5
950.0886537883952,28.804309443459772,2715.23,2633.77,115.98,12:08:00,5
949.6130680614754,28.876634318383086,2713.15,2631.76,115.89,12:09:00,5
949.084918681546,28.94882077392993,2710.95,2629.62,115.8,12:10:00,5
948.5042936299824,29.020862721633748,2708.61,2627.35,115.7,12:11:00,5
947.8712895920455,29.092754057589502,2706.15,2624.97,115.59,12:12:00,5
947.1860119300488,29.164488663281798,2703.57,2622.46,115.48,12:13:00,5
645.6023809688189,29.236060406419995,1922.46,1864.78,82.12,12:14:00,5
310.0637200171273,29.307463141780104,965.92,936.95,41.26,12:15:00,5
440.2142366382065,29.378690712053398,1347.33,1306.91,57.55,12:16:00,5
943.9245742811331,29.44973694870151,2691.97,2611.21,114.99,12:17:00,5
942.9798104512361,29.520595672817926,2688.76,2608.1,114.85,12:18:00,5
593.7137668265318,29.59126069599565,1777.87,1724.53,75.94,12:19:00,5
940.9360648370001,29.661725821200914,2681.98,2601.52,114.56,12:20:00,5
939.8374217312448,29.731984843652764,2678.4,2598.05,114.41,12:21:00,5
938.6878381262429,29.80203155170834,2674.7,2594.46,114.25,12:22:00,5
937.4875041583479,29.871859727753705,2670.88,2590.75,114.09,12:23:00,5
936.2366181906444,29.941463149100038,2666.94,2586.93,113.92,12:24:00,5
934.9353867583175,30.01083558888498,2662.88,2582.99,113.75,12:25:00,5
933.58402451182,30.079970816979046,2658.7,2578.94,113.57,12:26:00,5
932.1827541578631,30.148862600896805,2654.4,2574.77,113.38,12:27:00,5
930.731806398251,30.217504706712788,2649.98,2570.48,113.2,12:28:00,5
699.0093900314447,30.285890899981773,2056.41,1994.71,87.84,12:29:00,5
927.6818410628447,30.354014946663455,2640.79,2561.57,112.8,12:30:00,5
926.0833242859276,30.421870614051127,2636.02,2556.94,112.6,12:31:00,5
412.22130582897154,30.48945167170432,1260.37,1222.55,53.84,12:32:00,5
922.7405325833159,30.556751892385133,2626.14,2547.35,112.18,12:33:00,5
305.74613063994303,30.623765052998113,947.7,919.27,40.48,12:34:00,5
919.2052324346362,30.690484935533448,2615.79,2537.32,111.74,12:35:00,5
917.3661082556254,30.7569053280133,2610.45,2532.14,111.51,12:36:00,5
571.6986417415841,30.823020025441075,1707.84,1656.61,72.95,12:37:00,5
351.1394725880889,30.888822830753444,1080.6,1048.19,46.16,12:38:00,5
911.5664556066542,30.954307555774875,2593.75,2515.94,110.79,12:39:00,5
426.6105115023389,31.019468022174536,1298.84,1259.88,55.48,12:40:00,5
907.4679447320475,31.084298062425294,2582.07,2504.61,110.29,12:41:00,5
905.3500508681849,31.148791520764668,2576.06,2498.78,110.04,12:42:00,5
535.6837705258808,31.212942254157497,1605.45,1557.29,68.58,12:43:00,5
416.7632415246237,31.276744133260113,1269.14,1231.07,54.21,12:44:00,5
898.725938339716,31.34019104338581,2557.4,2480.68,109.24,12:45:00,5
413.78259398097805,31.403276885471445,1259.88,1222.09,53.82,12:46:00,5
388.51594548773795,31.465995577044875,1186.68,1151.08,50.69,12:47:00,5
891.7037084700345,31.528341053193095,2537.79,2461.65,108.4,12:48:00,5
889.276228061001,31.590307267530825,2531.04,2455.11,108.11,12:49:00,5
886.8060190982156,31.651888193169334,2524.19,2448.47,107.82,12:50:00,5
884.2934747318677,31.7130778236853,2517.24,2441.73,107.53,12:51:00,5
881.7389940647395,31.77387017408948,2510.19,2434.89,107.22,12:52:00,5
403.66188944003005,31.834259281794978,1228.46,1191.6,52.47,12:53:00,5
663.3395140581025,31.89423920758488,1947.15,1888.73,83.17,12:54:00,5
697.4565094918721,31.95380403657906,2036.93,1975.82,87.01,12:55:00,5
871.1098928374223,32.012947879199935,2481.0,2406.57,105.98,12:56:00,5
868.3519180875808,32.07166487213691,2473.46,2399.26,105.66,12:57:00,5
865.5545206570833,32.12994917930938,2465.83,2391.85,105.33,12:58:00,5
862.7181382902613,32.187794992827946,2458.1,2384.36,105.0,12:59:00,5
859.8432138048709,32.24519653395377,2450.28,2376.77,104.67,13:00:00,5
476.28483585389927,32.302148054055706,1432.26,1389.29,61.18,13:01:00,5
853.9795344255325,32.35864383556509,2434.35,2361.32,103.98,13:02:00,5
850.9916894942753,32.41467819292794,2426.26,2353.47,103.64,13:03:00,5
847.9671221350139,32.47024547355426,2418.07,2345.53,103.29,13:04:00,5
844.9062987883178,32.52534005876446,2409.79,2337.5,102.94,13:05:00,5
395.68885177931,32.579956364732325,1201.6,1165.55,51.33,13:06:00,5
838.677771621117,32.63408884342465,2392.98,2321.19,102.22,13:07:00,5
835.5110220461848,32.68773198353706,2384.44,2312.91,101.85,13:08:00,5
832.3099247320848,32.74088031142607,2375.82,2304.55,101.48,13:09:00,5
829.0749667552731,32.793528392036755,2367.12,2296.1,101.11,13:10:00,5
445.2197219649378,32.84567082982633,1341.35,1301.11,57.3,13:11:00,5
822.5054357986468,32.89730226968295,2349.46,2278.98,100.36,13:12:00,5
819.1718552796509,32.948417397839805,2340.52,2270.3,99.98,13:13:00,5
815.8063987707953,32.999010942784146,2331.49,2261.54,99.59,13:14:00,5
812.4095709101744,33.04907767616117,2322.38,2252.71,99.2,13:15:00,5
808.9818794735181,33.09861241367233,2313.2,2243.8,98.81,13:16:00,5
413.01229963977835,33.14761001596807,1248.16,1210.71,53.32,13:17:00,5
802.0359519079703,33.19606538953465,2294.6,2225.76,98.02,13:18:00,5
798.5187458848385,33.24397348757489,2285.19,2216.64,97.61,13:19:00,5
794.9727362441802,33.29132931088256,2275.71,2207.44,97.21,13:20:00,5
533.4162095857774,33.338127908710334,1584.19,1536.67,67.67,13:21:00,5
787.796394773581,33.384364379630924,2256.53,2188.84,96.39,13:22:00,5
784.1671130956429,33.43003387239136,2246.84,2179.43,95.98,13:23:00,5
780.5111278500862,33.475131586760064,2237.08,2169.96,95.56,13:24:00,5
300.5950450183707,33.5196527743666,920.89,893.26,39.34,13:25:00,5
773.1211698252002,33.56359273953384,2217.35,2150.83,94.72,13:26:00,5
411.73556152423066,33.60694684010241,1242.02,1204.76,53.05,13:27:00,5
765.6307849826231,33.64971048824713,2197.36,2131.44,93.86,13:28:00,5
761.8492722784913,33.691879151285306,2187.27,2121.65,93.43,13:29:00,5
758.0442634777521,33.73344835247667,2177.12,2111.81,93.0,13:30:00,5
754.2162982277733,33.77441367181473,2166.91,2101.9,92.56,13:31:00,5
750.3659172874308,33.81477074680936,2156.64,2091.94,92.12,13:32:00,5
746.4936624014688,33.8545152732605,2146.31,2081.92,91.68,13:33:00,5
430.7490267767006,33.89364300602264,1294.37,1255.54,55.29,13:34:00,5
738.6857019497626,33.93214975975998,2125.49,2061.72,90.79,13:35:00,5
351.7213939121233,33.97003140969214,1068.01,1035.97,45.62,13:36:00,5
569.1828202279227,34.00728389233004,1676.99,1626.68,71.63,13:37:00,5
726.8232931149595,34.043903206202025,2093.84,2031.02,89.44,13:38:00,5
310.3478875416287,34.079885412569816,947.22,918.8,40.46,13:39:00,5
718.8210636360335,34.11522663613424,2072.48,2010.31,88.53,13:40:00,5
714.7933971642858,34.149923065730555,2061.73,1999.88,88.07,13:41:00,5
710.7487562947972,34.18397095501315,2050.93,1989.4,87.61,13:42:00,5
706.6876858204222,34.21736662312946,2040.08,1978.88,87.14,13:43:00,5
364.8249033656851,34.25010645538296,1104.47,1071.34,47.18,13:44:00,5
698.51843329201,34.282186903885034,2018.25,1957.71,86.21,13:45:00,5
694.411338531904,34.31360448819556,2007.28,1947.06,85.74,13:46:00,5
690.2899885198074,34.34435579595208,1996.26,1936.37,85.27,13:47:00,5
686.1549250519641,34.37443748348735,1985.2,1925.64,84.8,13:48:00,5
317.0423301590985,34.40384627643513,965.42,936.46,41.24,13:49:00,5
677.8458200763961,34.43257897032413,1962.96,1904.07,83.85,13:50:00,5
252.1725003156544,34.46063243115976,774.45,751.21,33.08,13:51:00,5
669.4883369512928,34.488003595993845,1940.58,1882.36,82.89,13:52:00,5
665.2927959653135,34.51468947348188,1929.33,1871.45,82.41,13:53:00,5
661.0867684134579,34.54068714442777,1918.05,1860.51,81.93,13:54:00,5
656.8707870863813,34.56599376231607,1906.74,1849.54,81.45,13:55:00,5
652.645383047655,34.59060655383128,1895.4,1838.54,80.96,13:56:00,5
458.6154141039982,34.6145228193644,1368.47,1327.41,58.45,13:57:00,5
326.9104172835101,34.63773993350637,993.13,963.34,42.42,13:58:00,5
407.45509804427434,34.66025534552833,1224.16,1187.44,52.29,13:59:00,5
635.66009465356,34.682066579848694,1849.76,1794.27,79.01,14:00:00,5
631.3954751550178,34.70317123648674,1838.29,1783.14,78.52,14:01:00,5
627.1245771626864,34.72356699150273,1826.79,1771.99,78.03,14:02:00,5
622.8479167293116,34.74325159742436,1815.27,1760.81,77.54,14:03:00,5
377.74833839047693,34.76222288365954,1139.03,1104.86,48.65,14:04:00,5
614.2793599215967,34.78047875689527,1792.16,1738.4,76.55,14:05:00,5
411.88012457540435,34.79801720148257,1235.96,1198.88,52.79,14:06:00,5
605.693880497181,34.81483627980742,1768.99,1715.92,75.56,14:07:00,5
601.3960561751437,34.8309341326475,1757.37,1704.65,75.07,14:08:00,5
343.63047101488985,34.8463089795147,1040.61,1009.39,44.45,14:09:00,5
466.16793661786306,34.86095911898339,1388.03,1346.39,59.29,14:10:00,5
588.4882274446691,34.874882929004116,1722.45,1670.77,73.58,14:11:00,5
344.0540425796169,34.88807886720304,1041.64,1010.39,44.49,14:12:00,5
429.06062842446454,34.90054547116658,1283.89,1245.37,54.84,14:13:00,5
416.31305547561357,34.91228135871158,1247.87,1210.43,53.3,14:14:00,5
292.613192454163,34.9232852281407,891.98,865.22,38.1,14:15:00,5
566.9567082406724,34.93355585848302,1664.02,1614.1,71.08,14:16:00,5
360.5105022781077,34.94309210971986,1088.76,1056.09,46.51,14:17:00,5
558.3488406289781,34.95189292299568,1640.61,1591.39,70.08,14:18:00,5
554.0478034013616,34.95995732081401,1628.89,1580.02,69.58,14:19:00,5
549.7493127073872,34.96728440721837,1617.18,1568.66,69.08,14:20:00,5
545.4538251957409,34.97387336795825,1605.46,1557.3,68.58,14:21:00,5
306.2470203708467,34.979723470639826,931.59,903.64,39.79,14:22:00,5
402.9729192094932,34.9848340648617,1209.71,1173.42,51.67,14:23:00,5
532.5898870118015,34.989204582335404,1570.31,1523.2,67.08,14:24:00,5
528.3108966039415,34.9928345369907,1558.61,1511.85,66.58,14:25:00,5
524.0371304546625,34.99572352506571,1546.9,1500.49,66.08,14:26:00,5
217.90285326938158,34.99787122518174,670.74,650.61,28.65,14:27:00,5
515.5069917907128,34.99927739840285,1523.51,1477.8,65.08,14:28:00,5
511.2514685443091,34.99994188828021,1511.83,1466.47,64.58,14:29:00,5
173.0989911332064,34.999864620881056,536.02,519.94,22.9,14:30:00,5
272.17863392096706,34.99904560480244,831.71,806.76,35.53,14:31:00,5
343.35521093986415,34.9974849311696,1039.13,1007.96,44.39,14:32:00,5
494.30271115378923,34.99518277361909,1465.19,1421.24,62.59,14:33:00,5
490.0858865759898,34.99213938826658,1453.57,1409.96,62.09,14:34:00,5
485.878003611702,34.98835511365934,1441.95,1398.7,61.59,14:35:00,5
481.6794516578039,34.98383037071352,1430.36,1387.45,61.1,14:36:00,5
477.4906152065517,34.97856566263607,1418.78,1376.21,60.6,14:37:00,5
473.31187380277277,34.972561574831545,1407.21,1365.0,60.11,14:38:00,5
469.14360200280095,34.965818774793505,1395.67,1353.8,59.62,14:39:00,5
464.9861693351493,34.95833801198094,1384.14,1342.62,59.12,14:40:00,5
354.7265126497027,34.95012011767941,1072.1,1039.94,45.8,14:41:00,5
456.7052741479644,34.94116600484704,1361.16,1320.32,58.14,14:42:00,5
357.4361401680785,34.931476667945546,1079.98,1047.58,46.13,14:43:00,5
181.7120222692584,34.921053182756104,562.23,545.37,24.02,14:44:00,5
444.3741699417102,34.90989670618035,1326.85,1287.04,56.68,14:45:00,5
440.2892460909664,34.898008476026284,1315.46,1276.0,56.19,14:46:00,5
436.21760435384095,34.88538981077949,1304.1,1264.98,55.71,14:47:00,5
188.4341615230222,34.87204210935934,582.63,565.15,24.89,14:48:00,5
428.1154743083134,34.85796685086056,1281.47,1243.02,54.74,14:49:00,5
177.98417869622688,34.84316559428005,551.16,534.62,23.54,14:50:00,5
420.07034080928673,34.82763997822912,1258.95,1221.18,53.78,14:51:00,5
416.06992470699004,34.81139172063112,1247.74,1210.3,53.3,14:52:00,5
158.29001354246097,34.79442261840466,491.56,476.81,21.0,14:53:00,5
408.1149006465661,34.77673454713238,1225.41,1188.64,52.34,14:54:00,5
404.1608792264515,34.75832946071547,1214.29,1177.86,51.87,14:55:00,5
400.22290020633426,34.739209391013986,1203.21,1167.11,51.4,14:56:00,5
396.30124329041007,34.71937644747293,1192.17,1156.4,50.92,14:57:00,5
226.00425887177963,34.69883281673448,695.81,674.94,29.72,14:58:00,5
388.507987362011,34.67758076223613,1170.18,1135.08,49.99,14:59:00,5
384.636920511428,34.655622623795125,1159.25,1124.47,49.52,15:00:00,5
380.78324007877336,34.6329608171791,1148.36,1113.9,49.05,15:01:00,5
236.39102718252357,34.609597833663194,727.05,705.24,31.06,15:02:00,5
373.1290427123666,34.585536239573585,1126.68,1092.88,48.13,15:03:00,5
118.12760319307007,34.5607786758177,369.16,358.08,15.77,15:04:00,5
365.5473491070247,34.53532785740121,1105.18,1072.02,47.21,15:05:00,5
361.78427789201027,34.50918657293177,1094.49,1061.65,46.75,15:06:00,5
358.04002571547255,34.48235768410991,1083.84,1051.32,46.3,15:07:00,5
354.3148122506481,34.454844125206925,1073.23,1041.04,45.84,15:08:00,5
350.60885173035774,34.42664890253011,1062.68,1030.79,45.39,15:09:00,5
346.922352956187,34.39777509387535,1052.16,1020.6,44.94,15:10:00,5
230.44510835940005,34.36822584796725,710.07,688.76,30.33,15:11:00,5
116.50917146878803,34.33800438388694,364.52,353.58,15.57,15:12:00,5
335.9816338897567,34.307113990487736,1020.9,990.27,43.61,15:13:00,5
332.3749618908087,34.275558025798745,1010.57,980.25,43.17,15:14:00,5
328.7887145961556,34.24333991641657,1000.29,970.29,42.73,15:15:00,5
325.2230684902594,34.210463156885396,990.07,960.36,42.29,15:16:00,5
226.56448390910444,34.17693130906533,699.04,678.07,29.86,15:17:00,5
318.15425915939556,34.14274800148955,969.76,940.67,41.42,15:18:00,5
97.59278992849562,34.10791692871004,306.39,297.2,13.09,15:19:00,5
311.16983956860383,34.07244185063233,949.65,921.17,40.57,15:20:00,5
307.7096608946552,34.03632659183932,939.68,911.49,40.14,15:21:00,5
304.2710311553819,33.999575040904354,929.76,901.87,39.72,15:22:00,5
300.854089996066,33.96219114969371,919.89,892.29,39.29,15:23:00,5
297.45897189828713,33.92417893265871,910.08,882.77,38.87,15:24:00,5
294.0858062081516,33.88554246611767,900.31,873.3,38.46,15:25:00,5
179.2295619628954,33.8462858875277,557.28,540.56,23.8,15:26:00,5
176.14664184986663,33.806413394746755,548.01,531.57,23.41,15:27:00,5
284.09924063610816,33.765929245285975,871.36,845.22,37.22,15:28:00,5
116.39273071562725,33.72483775555253,365.1,354.15,15.6,15:29:00,5
216.45464498716981,33.68314330008322,670.16,650.06,28.63,15:30:00,5
274.31441655630084,33.64085031076892,842.91,817.62,36.01,15:31:00,5
271.09811445837124,33.597963276070104,833.54,808.53,35.61,15:32:00,5
267.9046184010719,33.55448674022373,824.23,799.5,35.21,15:33:00,5
195.84577910448115,33.51042530244154,608.47,590.21,25.99,15:34:00,5
261.5863778991072,33.46578361610004,805.78,781.6,34.42,15:35:00,5
136.15384988653076,33.42056638792236,426.53,413.73,18.22,15:36:00,5
118.526977595055,33.374778377152225,372.24,361.07,15.9,15:37:00,5
106.88162282766856,33.32842439472019,336.25,326.16,14.36,15:38:00,5
249.22697140568113,33.28150930240228,769.58,746.49,32.87,15:39:00,5
246.19521983740756,33.23403801197147,760.68,737.86,32.49,15:40:00,5
177.89807126257918,33.18601548434195,554.79,538.14,23.7,15:41:00,5
240.20181574992532,33.13744672870651,743.06,720.77,31.74,15:42:00,5
237.24025345612387,33.088336801667275,734.35,712.32,31.37,15:43:00,5
234.3021704231705,33.03869080635995,725.69,703.92,31.0,15:44:00,5
231.38760074826206,32.9885138915718,717.09,695.58,30.63,15:45:00,5
228.49657420558023,32.93781125085355,708.56,687.3,30.27,15:46:00,5
225.62911629348176,32.88658812162553,700.09,679.09,29.9,15:47:00,5
222.7852482822825,32.83484978427811,691.68,670.93,29.55,15:48:00,5
219.96498726261214,32.7826015612668,683.33,662.83,29.19,15:49:00,5
105.72034700808159,32.729848816202086,333.48,323.48,14.24,15:50:00,5
153.12947491406518,32.6765969529344,480.14,465.73,20.51,15:51:00,5
211.6459553943485,32.622851414634226,658.66,638.9,28.13,15:52:00,5
208.92021137575492,32.56861768286774,650.56,631.04,27.79,15:53:00,5
206.21809883595077,32.513901276668136,642.52,623.25,27.45,15:54:00,5
203.53961083191493,32.4587077516028,634.55,615.52,27.11,15:55:00,5
200.88473659345232,32.403042698836664,626.64,607.84,26.77,15:56:00,5
148.23663150174355,32.346911744191885,465.74,451.77,19.89,15:57:00,5
132.15619695861392,32.290320547204075,416.19,403.71,17.78,15:58:00,5
193.06163245836171,32.23327480017535,603.29,585.2,25.77,15:59:00,5
190.5010308674171,32.17578022722432,595.64,577.77,25.44,16:00:00,5
187.96393361892046,32.11784258333339,588.05,570.41,25.12,16:01:00,5
82.01181160914219,32.05946765339344,260.22,252.42,11.12,16:02:00,5
182.96011818424893,32.000661251246214,573.05,555.86,24.48,16:03:00,5
180.49332443063594,31.941429218724565,565.65,548.68,24.16,16:04:00,5
178.0498839931797,31.881777424690846,558.31,541.56,23.85,16:05:00,5
175.62975074790532,31.821711764073562,551.04,534.51,23.54,16:06:00,5
173.23287533313797,31.7612381569027,543.83,527.51,23.23,16:07:00,5
170.85920520441852,31.700362547343687,536.68,520.58,22.92,16:08:00,5
168.5086846895507,31.63909090273038,529.6,513.71,22.62,16:09:00,5
166.18125504376124,31.57742921259732,522.58,506.9,22.32,16:10:00,5
163.87685450495172,31.515383487711347,515.62,500.15,22.03,16:11:00,5
68.18966047271286,31.452959759102892,217.3,210.78,9.28,16:12:00,5
159.33687894523405,31.390164077097054,501.9,486.84,21.44,16:13:00,5
157.10116581164309,31.32700251034484,495.13,480.28,21.15,16:14:00,5
154.88820567049984,31.26348114485468,488.43,473.78,20.86,16:15:00,5
152.69792250368022,31.1996060830244,481.79,467.34,20.58,16:16:00,5
150.53023760807898,31.135383442673895,475.21,460.96,20.3,16:17:00,5
148.3850696509676,31.070819356078797,468.7,454.64,20.02,16:18:00,5
146.26233472529404,31.005919969005273,462.25,448.38,19.75,16:19:00,5
144.16194640490465,30.940691439746114,455.86,442.18,19.47,16:20:00,5
142.08381579967417,30.875139938158398,449.53,436.04,19.2,16:21:00,5
140.02785161052674,30.809271644702932,443.27,429.97,18.93,16:22:00,5
84.96189635777189,30.743092749485726,270.96,262.83,11.57,16:23:00,5
135.98204556865218,30.676609451301527,430.92,418.0,18.41,16:24:00,5
133.9920095663409,30.60982795667975,424.85,412.1,18.15,16:25:00,5
132.02375178995493,30.54275447893308,418.83,406.26,17.89,16:26:00,5
130.07716971598657,30.475395237208787,412.87,400.49,17.64,16:27:00,5
128.15215873888485,30.407756455543012,406.98,394.77,17.38,16:28:00,5
126.24861222485681,30.339844361918242,401.15,389.11,17.14,16:29:00,5
124.36642156543655,30.27166518732416,395.37,383.51,16.89,16:30:00,5
122.50547623080406,30.203225164822104,389.66,377.97,16.64,16:31:00,5
120.66566382284091,30.134530528613208,384.01,372.49,16.4,16:32:00,5
118.84687012790778,30.0655875131105,378.42,367.07,16.16,16:33:00,5
117.0489791693348,29.996402352015174,372.89,361.7,15.93,16:34:00,5
115.27187325960813,29.926981277397232,367.42,356.4,15.69,16:35:00,5
113.51543305223943,29.857330518780515,362.01,351.15,15.46,16:36:00,5
111.77953759330758,29.78745630223245,356.65,345.95,15.23,16:37:00,5
51.71972613531668,29.717364849458754,166.35,161.36,7.11,16:38:00,5
108.36888937476832,29.647062376903115,346.13,335.74,14.78,16:39:00,5
106.69388712920431,29.57655509485214,340.95,330.72,14.56,16:40:00,5
69.36749686330519,29.505849206545573,222.8,216.12,9.52,16:41:00,5
103.40389203917366,29.434950907292276,330.77,320.85,14.13,16:42:00,5
101.78864142845401,29.363866383591848,325.77,315.99,13.92,16:43:00,5
100.19304813581188,29.29260181226213,320.82,311.19,13.7,16:44:00,5
98.6169801601635,29.221163359572806,315.93,306.45,13.5,16:45:00,5
66.24127470779324,29.149557180385226,213.16,206.76,9.11,16:46:00,5
73.13761095825386,29.077789417298717,235.21,228.15,10.05,16:47:00,5
94.00459100663461,29.005866199803293,301.6,292.55,12.88,16:48:00,5
92.50528179596601,28.933793643439145,296.93,288.03,12.68,16:49:00,5
72.01275362204842,28.861577848963,231.83,224.88,9.9,16:50:00,5
58.5323308651971,28.789224901521514,188.82,183.15,8.07,16:51:00,5
88.11989338429619,28.71674086983175,283.27,274.77,12.1,16:52:00,5
86.69514657277874,28.644131805368968,278.82,270.46,11.91,16:53:00,5
85.28869048146753,28.571403741561912,274.43,266.2,11.72,16:54:00,5
48.18301929623415,28.49856269299567,155.82,151.15,6.66,16:55:00,5
61.08332027946141,28.425614654622215,197.27,191.36,8.43,16:56:00,5
57.76957676144485,28.35256560097878,186.71,181.11,7.98,16:57:00,5
25.59631065736664,28.279421485414282,83.09,80.6,3.55,16:58:00,5
28.416139683099146,28.206188239323865,92.24,89.47,3.94,16:59:00,5
77.22608733102061,28.132871771391628,249.19,241.72,10.64,17:00:00,5
75.94366739781573,28.059477966841694,245.17,237.81,10.47,17:01:00,5
74.67838870542165,27.986012686697837,241.19,233.96,10.3,17:02:00,5
73.43010527319134,27.91248176705171,237.27,230.15,10.14,17:03:00,5
72.19867074392815,27.8388910183397,233.4,226.4,9.97,17:04:00,5
70.98393842247404,27.76524622462867,229.58,222.69,9.81,17:05:00,5
45.63458085569244,27.691553142910607,148.11,143.67,6.33,17:06:00,5
53.74149137480403,27.617817502406382,174.3,169.07,7.45,17:07:00,5
67.43848347883589,27.544045003878566,218.41,211.85,9.33,17:08:00,5
66.28908759738333,27.470241318953473,214.78,208.34,9.17,17:09:00,5
65.15565669026968,27.396412089452618,211.2,204.87,9.02,17:10:00,5
23.789631078077406,27.32256292673362,77.54,75.22,3.31,17:11:00,5
62.93609794063652,27.24869941104053,204.19,198.06,8.72,17:12:00,5
28.767736280639163,27.174827090863797,93.77,90.95,4.01,17:13:00,5
44.27764722527963,27.10095148230999,144.08,139.76,6.15,17:14:00,5
24.411185831322534,27.027078068481284,79.66,77.27,3.4,17:15:00,5
58.68204690846127,26.953212298864745,190.72,185.0,8.15,17:16:00,5
57.65622607603273,26.87935958873155,187.46,181.84,8.01,17:17:00,5
56.645186199281824,26.80552531854628,184.26,178.73,7.87,17:18:00,5
26.243307038706313,26.73171483338625,85.72,83.15,3.66,17:19:00,5
36.698907274038916,26.657933442370975,119.75,116.16,5.12,17:20:00,5
53.69927630567548,26.584186418101787,174.9,169.65,7.47,17:21:00,5
39.23043804610114,26.510478996111807,128.04,124.2,5.47,17:22:00,5
29.61249517243287,26.43681637432624,96.8,93.89,4.13,17:23:00,5
50.88109016489989,26.363203712532957,165.92,160.95,7.09,17:24:00,5
35.22075900729022,26.28964613186353,115.12,111.66,4.92,17:25:00,5
49.07130254983508,26.216148714284806,160.15,155.35,6.84,17:26:00,5
48.18667208318551,26.142716502100985,157.33,152.61,6.72,17:27:00,5
47.31535688944226,26.0693544974662,154.55,149.91,6.6,17:28:00,5
46.45721226901756,25.996067661907738,151.81,147.25,6.48,17:29:00,5
45.61209396459619,25.92286091585988,149.11,144.63,6.37,17:30:00,5
32.95682701965475,25.849739138208527,107.94,104.7,4.61,17:31:00,5
43.96036162802911,25.776707165846354,143.82,139.51,6.14,17:32:00,5
43.15346150390071,25.703769793238777,141.24,137.0,6.03,17:33:00,5
42.3590155565922,25.630931772000693,138.69,134.53,5.92,17:34:00,5
23.677674781678405,25.558197810483996,77.73,75.4,3.32,17:35:00,5
40.80691996781297,25.485572573375876,133.71,129.7,5.71,17:36:00,5
40.04898867609824,25.41306068130784,131.28,127.34,5.61,17:37:00,5
15.923736652333783,25.34066671047571,52.37,50.8,2.24,17:38:00,5
38.56865956969691,25.26839519227039,126.53,122.73,5.4,17:39:00,5
37.845983864008666,25.196250612919435,124.2,120.48,5.31,17:40:00,5
11.613681774559891,25.12423741313947,38.25,0.0,0.0,17:41:00,5
36.434920443944314,25.052359987799505,119.66,116.07,5.11,17:42:00,5
13.676460222378278,24.980622685595094,45.06,0.0,0.0,17:43:00,5
35.068662885869784,24.909029808733273,115.26,111.8,4.92,17:44:00,5
34.40199722726428,24.837585612628338,113.11,109.72,4.83,17:45:00,5
33.74612763642666,24.766294305608497,111.0,107.67,4.74,17:46:00,5
33.10092056580507,24.695160048633333,108.91,105.65,4.65,17:47:00,5
11.826540786853572,24.62418695502201,39.03,0.0,0.0,17:48:00,5
31.841963745297175,24.55337909019224,104.85,101.7,4.48,17:49:00,5
31.227950892732196,24.482740471410075,102.86,99.78,4.39,17:50:00,5
10.429664988249456,24.412275067550446,34.45,0.0,0.0,17:51:00,5
30.030204738717355,24.34198679886832,98.99,96.02,4.23,17:52:00,5
29.446213342066528,24.271879536780546,97.1,94.18,4.15,17:53:00,5
28.871972436277147,24.201957103658433,95.24,92.38,4.07,17:54:00,5
17.48497286693708,24.1322232726309,57.77,56.04,2.47,17:55:00,5
27.752235467686454,24.062681767398175,91.61,88.86,3.91,17:56:00,5
27.206488318903588,23.99333626205602,89.84,87.14,3.84,17:57:00,5
26.669989509384113,23.924190380930526,88.1,85.45,3.76,17:58:00,5
26.14261576999172,23.855247698423337,86.38,83.79,3.69,17:59:00,5
12.27503273234701,23.78651173886727,40.64,0.0,0.0,18:00:00,5
25.11475506523755,23.717985976392228,83.04,80.55,3.55,18:01:00,5
24.614026227281062,23.64967383480157,81.42,78.97,3.48,18:02:00,5
24.121938730257575,23.581578687458656,79.81,77.42,3.41,18:03:00,5
15.422023911519297,23.513703857183593,51.1,49.56,2.18,18:04:00,5
23.163214502434034,23.446052616160106,76.69,74.39,3.28,18:05:00,5
9.08492302081939,23.378628185852552,30.14,0.0,0.0,18:06:00,5
22.237645560246136,23.311433736932965,73.68,71.47,3.15,18:07:00,5
21.787005837292828,23.244472389218018,72.21,70.04,3.08,18:08:00,5
21.344310726680746,23.177747211615856,70.76,68.64,3.02,18:09:00,5
20.909447554979046,23.111261222082828,69.34,67.26,2.96,18:10:00,5
20.482304647480145,23.045017387589997,67.95,65.91,2.9,18:11:00,5
15.754908421460255,22.97901862409925,52.31,50.74,2.23,18:12:00,5
11.704856067630253,22.91326779654904,38.89,0.0,0.0,18:13:00,5
14.148166337493295,22.84776771884972,47.01,0.0,0.0,18:14:00,5
18.848737348485642,22.782521153888347,62.61,60.73,2.67,18:15:00,5
18.458555873958495,22.717530813542798,61.33,59.49,2.62,18:16:00,5
18.0754458014485,22.65279935870519,60.07,58.27,2.57,18:17:00,5
17.69930254638645,22.58832939931461,58.84,57.08,2.51,18:18:00,5
17.330022547101603,22.524123494398918,57.63,55.9,2.46,18:19:00,5
16.967503266339985,22.460184152125596,56.44,54.75,2.41,18:20:00,5
16.61164319246892,22.39651382986154,55.28,53.62,2.36,18:21:00,5
8.056719950775292,22.333114934241777,26.84,0.0,0.0,18:22:00,5
15.919499752058321,22.26998982124698,53.0,51.41,2.26,18:23:00,5
4.864130886694273,22.207140796289586,16.22,0.0,0.0,18:24:00,5
4.764114804381607,22.14457011430857,15.89,0.0,0.0,18:25:00,5
14.92874990081113,22.082279979872688,49.75,0.0,0.0,18:26:00,5
14.610770834415415,22.020272547292215,48.7,0.0,0.0,18:27:00,5
7.6010421022433095,21.95854992073887,25.36,0.0,0.0,18:28:00,5
7.145465440569962,21.89711415437401,23.85,0.0,0.0,18:29:00,5
9.527038545040764,21.8359672524849,31.8,0.0,0.0,18:30:00,5
10.674149917770032,21.775111169629085,35.63,0.0,0.0,18:31:00,5
13.108685580756399,21.71454781078657,43.76,0.0,0.0,18:32:00,5
12.82519175898934,21.65427903151976,42.82,0.0,0.0,18:33:00,5
12.54713083972807,21.59430663814123,41.9,0.0,0.0,18:34:00,5
9.630984842719696,21.534632387889026,32.18,0.0,0.0,18:35:00,5
12.006959968880983,21.47525798910941,40.12,0.0,0.0,18:36:00,5
4.111248445552678,21.41618510144699,13.75,0.0,0.0,18:37:00,5
5.8161663430694155,21.35741533604217,19.46,0.0,0.0,18:38:00,5
11.23530351092516,21.29895025573571,37.57,0.0,0.0,18:39:00,5
10.988044316981258,21.240791375280367,36.76,0.0,0.0,18:40:00,5
10.745628815267285,21.182940161559383,35.95,0.0,0.0,18:41:00,5
10.507976819681728,21.125398033811905,35.17,0.0,0.0,18:42:00,5
10.275009129143111,21.068166363865064,34.4,0.0,0.0,18:43:00,5
10.04664752323374,21.011246476372662,33.64,0.0,0.0,18:44:00,5
9.822814757670239,20.95463964906029,32.9,0.0,0.0,18:45:00,5
5.269614244892656,20.898347112976868,17.66,0.0,0.0,18:46:00,5
6.5452499839650695,20.84237005275245,21.94,0.0,0.0,18:47:00,5
6.6200641957673145,20.786709606862125,22.2,0.0,0.0,18:48:00,5
6.401725742508824,20.731366867895897,21.47,0.0,0.0,18:49:00,5
8.768947709197324,20.67634288283456,29.41,0.0,0.0,18:50:00,5
6.246209738232083,20.621638653331328,20.96,0.0,0.0,18:51:00,5
8.376507153247589,20.56725513599909,28.1,0.0,0.0,18:52:00,5
3.51182939446214,20.513193242703224,11.79,0.0,0.0,18:53:00,5
3.7270105467317785,20.459453840859876,12.52,0.0,0.0,18:54:00,5
7.8172676401105115,20.406037753739557,26.25,0.0,0.0,18:55:00,5
3.9884938780476045,20.352945760775885,13.4,0.0,0.0,18:56:00,5
3.9256855729144755,20.300178597879395,13.19,0.0,0.0,18:57:00,5
7.291712712729802,20.24773695775636,24.5,0.0,0.0,18:58:00,5
7.123707574946448,20.195621490232455,23.94,0.0,0.0,18:59:00,5
6.959186199712079,20.143832802581052,23.39,0.0,0.0,19:00:00,5
6.7980862235314214,20.092371459856174,22.86,0.0,0.0,19:01:00,5
6.640346160482855,20.0412379852299,22.33,0.0,0.0,19:02:00,5
6.485905395426688,19.990432860334195,21.82,0.0,0.0,19:03:00,5
2.965982386486595,19.939956525606892,9.98,0.0,0.0,19:04:00,5
6.1866836113213015,19.889809380641807,20.82,0.0,0.0,19:05:00,5
2.1985526893005867,19.839991784542896,7.4,0.0,0.0,19:06:00,5
5.899953102617191,19.790504056282302,19.86,0.0,0.0,19:07:00,5
2.855292787830677,19.741346475062105,9.62,0.0,0.0,19:08:00,5
5.625259585568401,19.692519280679743,18.94,0.0,0.0,19:09:00,5
3.5286597710846506,19.644022673896973,11.89,0.0,0.0,19:10:00,5
5.362162031210892,19.59585681681225,18.07,0.0,0.0,19:11:00,5
5.234827485380511,19.548021833236383,17.64,0.0,0.0,19:12:00,5
5.110232431579812,19.500517809071304,17.22,0.0,0.0,19:13:00,5
2.788282488899317,19.453344792692008,9.4,0.0,0.0,19:14:00,5
2.3425306580291285,19.40650279533138,7.9,0.0,0.0,19:15:00,5
1.905879085753236,19.359991791467827,6.43,0.0,0.0,19:16:00,5
4.638228744741424,19.313811719215618,15.65,0.0,0.0,19:17:00,5
4.526574137938142,19.267962480717856,15.27,0.0,0.0,19:18:00,5
3.0017475486111085,19.222443942541936,10.13,0.0,0.0,19:19:00,5
4.310544215843352,19.177255936077316,14.55,0.0,0.0,19:20:00,5
4.206075808722383,19.13239825793557,14.2,0.0,0.0,19:21:00,5
4.103910932446264,19.087870670352583,13.86,0.0,0.0,19:22:00,5
4.00400486370361,19.0436729015928,13.52,0.0,0.0,19:23:00,5
3.9063135943267553,18.99980464635535,13.19,0.0,0.0,19:24:00,5
3.810793823555612,18.956265566181976,12.87,0.0,0.0,19:25:00,5
3.71740295029575,18.913055289866687,12.56,0.0,0.0,19:26:00,5
3.6260990653733627,18.87017341386702,12.25,0.0,0.0,19:27:00,5
3.5368409437896604,18.82761950271673,11.95,0.0,0.0,19:28:00,5
3.4495880369773153,18.78539308943986,11.66,0.0,0.0,19:29:00,5
3.364300465061552,18.743493675966107,11.38,0.0,0.0,19:30:00,5
3.2809390091282853,18.70192073354735,11.1,0.0,0.0,19:31:00,5
3.199465103501489,18.66067370317519,10.82,0.0,0.0,19:32:00,5
2.1448646300427643,18.61975199599946,7.26,0.0,0.0,19:33:00,5
3.042028900402371,18.5791549937476,10.29,0.0,0.0,19:34:00,5
2.9659926684426785,18.538882049144778,10.04,0.0,0.0,19:35:00,5
2.8916961024714585,18.498932486334635,9.79,0.0,0.0,19:36:00,5
2.8191037876517933,18.459305601300557,9.54,0.0,0.0,19:37:00,5
2.7481809163718873,18.42000066228742,9.3,0.0,0.0,19:38:00,5
1.3129019101744321,18.381016910223735,4.45,0.0,0.0,19:39:00,5
2.6112072645630824,18.342353559143913,8.84,0.0,0.0,19:40:00,5
1.0514771601768682,18.30400979661077,3.56,0.0,0.0,19:41:00,5
2.4805085426936677,18.265984784138073,8.4,0.0,0.0,19:42:00,5
2.417431497647909,18.228277657613084,8.19,0.0,0.0,19:43:00,5
0.7697677801661394,18.19088752771889,2.61,0.0,0.0,19:44:00,5
2.295665417988814,18.153813480356572,7.78,0.0,0.0,19:45:00,5
2.236915394433338,18.117054577067048,7.58,0.0,0.0,19:46:00,5
2.179547627250477,18.080609855452533,7.39,0.0,0.0,19:47:00,5
2.12353296822892,18.04447832959747,7.2,0.0,0.0,19:48:00,5
1.3453973629180407,18.008658990488904,4.56,0.0,0.0,19:49:00,5
0.8033774095242534,17.973150806436166,2.73,0.0,0.0,19:50:00,5
1.9633239957636817,17.937952723489886,6.66,0.0,0.0,19:51:00,5
1.9124406872951318,17.903063665860074,6.49,0.0,0.0,19:52:00,5
1.8627724832724544,17.868482536333325,6.32,0.0,0.0,19:53:00,5
1.8142932805341736,17.83420821668904,6.16,0.0,0.0,19:54:00,5
1.7669774586995932,17.800239568114566,6.0,0.0,0.0,19:55:00,5
1.720799873231088,17.766575431619167,5.84,0.0,0.0,19:56:00,5
1.6757358485464886,17.733214628446742,5.69,0.0,0.0,19:57:00,5
1.6317611711826177,17.70015596048727,5.54,0.0,0.0,19:58:00,5
1.58885208301078,17.667398210686866,5.4,0.0,0.0,19:59:00,5
0.5130502718879468,17.634940143456348,1.74,0.0,0.0,20:00:00,5
1.039902506663045,17.602780505078286,3.53,0.0,0.0,20:01:00,5
1.4662874613897021,17.57091802411243,4.98,0.0,0.0,20:02:00,5
1.4274120209140309,17.539351411799533,4.85,0.0,0.0,20:03:00,5
1.3894899752921261,17.50807936246333,4.72,0.0,0.0,20:04:00,5
1.3525001589437267,17.477100553910763,4.6,0.0,0.0,20:05:00,5
1.3164218156553047,17.446413647830312,4.47,0.0,0.0,20:06:00,5
1.281234592239438,17.416017290188435,4.36,0.0,0.0,20:07:00,5
1.2469185322525038,17.38591011162391,4.24,0.0,0.0,20:08:00,5
0.8896961324550949,17.35609072784017,3.03,0.0,0.0,20:09:00,5
0.6214624845646781,17.326557739995494,2.11,0.0,0.0,20:10:00,5
0.48966063914061897,17.297309735091027,1.67,0.0,0.0,20:11:00,5
0.7673685471576722,17.268345286356535,2.61,0.0,0.0,20:12:00,5
1.0877342011406823,17.23966295363382,3.7,0.0,0.0,20:13:00,5
1.0582474774268502,17.211261283757846,3.6,0.0,0.0,20:14:00,5
1.0295028156264037,17.183138810935404,3.5,0.0,0.0,20:15:00,5
1.0014832142395824,17.155294057121335,3.41,0.0,0.0,20:16:00,5
0.6203687629365212,17.12772553239218,2.11,0.0,0.0,20:17:00,5
0.5539141419409734,17.10043173531733,1.89,0.0,0.0,20:18:00,5
0.2806835325076432,17.07341115332751,0.96,0.0,0.0,20:19:00,5
0.8963272656481358,17.04666226308062,3.05,0.0,0.0,20:20:00,5
0.8716897480510104,17.020183530824823,2.97,0.0,0.0,20:21:00,5
0.8476822863262189,16.993973412758923,2.89,0.0,0.0,20:22:00,5
0.8242901622680994,16.96803035538991,2.81,0.0,0.0,20:23:00,5
0.801498962148569,16.942352795887665,2.73,0.0,0.0,20:24:00,5
0.7792945714779896,16.91693916243677,2.65,0.0,0.0,20:25:00,5
0.7576631698287116,16.891787874585383,2.58,0.0,0.0,20:26:00,5
0.736591225721204,16.866897343591194,2.51,0.0,0.0,20:27:00,5
0.22498076834121816,16.842265972764316,0.77,0.0,0.0,20:28:00,5
0.6960729987085202,16.817892157807147,2.37,0.0,0.0,20:29:00,5
0.6766010524353129,16.793774287151184,2.31,0.0,0.0,20:30:00,5
0.6576372271772065,16.769910742290715,2.24,0.0,0.0,20:31:00,5
0.6391693616736001,16.74629989811335,2.18,0.0,0.0,20:32:00,5
0.1866533476051522,16.72294012322739,0.64,0.0,0.0,20:33:00,5
0.6036741580853243,16.69982978028599,2.06,0.0,0.0,20:34:00,5
0.5866237767041059,16.676967226308115,2.0,0.0,0.0,20:35:00,5
0.5700232593123313,16.654350812996178,1.94,0.0,0.0,20:36:00,5
0.5538616963577365,16.631978887050437,1.89,0.0,0.0,20:37:00,5
0.5381284150857093,16.609849790480062,1.84,0.0,0.0,20:38:00,5
0.5228129751667114,16.587961860910884,1.78,0.0,0.0,20:39:00,5
0.23683726417071388,16.566313431889746,0.81,0.0,0.0,20:40:00,5
0.49339499438174583,16.544902833185503,1.68,0.0,0.0,20:41:00,5
0.2294188222273755,16.52372839108661,0.78,0.0,0.0,20:42:00,5
0.46552871750271013,16.502788428695304,1.59,0.0,0.0,20:43:00,5
0.45215371578272306,16.48208126621833,1.54,0.0,0.0,20:44:00,5
0.43913855706753857,16.46160522125418,1.5,0.0,0.0,20:45:00,5
0.42647431060214225,16.44135860907694,1.46,0.0,0.0,20:46:00,5
0.41415224522233607,16.421339742916572,1.41,0.0,0.0,20:47:00,5
0.40216382551360347,16.401546934235746,1.37,0.0,0.0,20:48:00,5
0.3905007080271739,16.381978493003103,1.33,0.0,0.0,20:49:00,5
0.27248246557744277,16.362632727963057,0.93,0.0,0.0,20:50:00,5
0.3681179434486451,16.343507946902026,1.26,0.0,0.0,20:51:00,5
0.3573825360253052,16.32460245691111,1.22,0.0,0.0,20:52:00,5
0.3469409029877805,16.305914564645228,1.18,0.0,0.0,20:53:00,5
0.10656004635598135,16.287442576578687,0.36,0.0,0.0,20:54:00,5
0.3269093768890228,16.269184799257218,1.12,0.0,0.0,20:55:00,5
0.31730511494245506,16.25113953954637,1.08,0.0,0.0,20:56:00,5
0.30796588287398985,16.233305104876386,1.05,0.0,0.0,20:57:00,5
0.2988849038813551,16.21567980348347,1.02,0.0,0.0,20:58:00,5
0.12771864299817273,16.198261944647495,0.44,0.0,0.0,20:59:00,5
0.28147138062625937,16.18104983892609,0.96,0.0,0.0,21:00:00,5
0.27312605597238393,16.164041798385163,0.93,0.0,0.0,21:01:00,5
0.2650134173993536,16.147236136825857,0.91,0.0,0.0,21:02:00,5
0.2571274426805548,16.130631170007884,0.88,0.0,0.0,21:03:00,5
0.2494622513636493,16.114225215869315,0.85,0.0,0.0,21:04:00,5
0.24201210184084984,16.098016594742752,0.83,0.0,0.0,21:05:00,5
0.23477138846841605,16.082003629567964,0.8,0.0,0.0,21:06:00,5
0.13270200475278887,16.066184646100954,0.45,0.0,0.0,21:07:00,5
0.22089651047724265,16.05055797311941,0.76,0.0,0.0,21:08:00,5
0.21425178914529386,16.035121942624674,0.73,0.0,0.0,21:09:00,5
0.2077953851124199,16.019874890040093,0.71,0.0,0.0,21:10:00,5
0.20152233103347603,16.00481515440589,0.69,0.0,0.0,21:11:00,5
0.195427779248512,15.989941078570457,0.67,0.0,0.0,21:12:00,5
0.15054446937232316,15.975251009378137,0.51,0.0,0.0,21:13:00,5
0.18375537508735912,15.960743297853513,0.63,0.0,0.0,21:14:00,5
0.1781684030851564,15.946416299382179,0.61,0.0,0.0,21:15:00,5
0.1727416892462381,15.932268373888023,0.59,0.0,0.0,21:16:00,5
0.06561677092593027,15.918297886007037,0.22,0.0,0.0,21:17:00,5
0.1623519946905798,15.904503205257663,0.56,0.0,0.0,21:18:00,5
0.1573807536133515,15.890882706207707,0.54,0.0,0.0,21:19:00,5
0.15255324544242638,15.877434768637793,0.52,0.0,0.0,21:20:00,5
0.14786559018742954,15.864157777701408,0.51,0.0,0.0,21:21:00,5
0.14331400399574154,15.851050124081558,0.49,0.0,0.0,21:22:00,5
0.1388947970274199,15.838110204144034,0.48,0.0,0.0,21:23:00,5
0.13460437136972792,15.825336420087293,0.46,0.0,0.0,21:24:00,5
0.13043921899073752,15.812727180089013,0.45,0.0,0.0,21:25:00,5
0.12639591973148162,15.800280898449294,0.43,0.0,0.0,21:26:00,5
0.12247113933611774,15.787995995730583,0.42,0.0,0.0,21:27:00,5
0.11866162751957178,15.775870898894258,0.41,0.0,0.0,21:28:00,5
0.04713203687232584,15.76390404143398,0.16,0.0,0.0,21:29:00,5
0.11137581700052242,15.75209386350577,0.38,0.0,0.0,21:30:00,5
0.10789342070477338,15.740438812054874,0.37,0.0,0.0,21:31:00,5
0.042102984368727725,15.728937340939412,0.14,0.0,0.0,21:32:00,5
0.10123497931671405,15.717587911050826,0.35,0.0,0.0,21:33:00,5
0.09805329107610786,15.70638899043119,0.34,0.0,0.0,21:34:00,5
0.09496631591175554,15.695339054387375,0.33,0.0,0.0,21:35:00,5
0.09197141006521437,15.68443658560208,0.31,0.0,0.0,21:36:00,5
0.08906599795823439,15.673680074241789,0.3,0.0,0.0,21:37:00,5
0.08624757060667068,15.66306801806165,0.3,0.0,0.0,21:38:00,5
0.026820066087213768,15.65259892250733,0.09,0.0,0.0,21:39:00,5
0.08086195790953922,15.642271300813821,0.28,0.0,0.0,21:40:00,5
0.03861527283491268,15.632083674101285,0.13,0.0,0.0,21:41:00,5
0.045165614903422927,15.622034571467912,0.15,0.0,0.0,21:42:00,5
0.07337685910073126,15.61212253007986,0.25,0.0,0.0,21:43:00,5
0.07103118895551636,15.60234609525826,0.24,0.0,0.0,21:44:00,5
0.0687566786409655,15.59270382056335,0.24,0.0,0.0,21:45:00,5
0.06655129854341253,15.583194267875749,0.23,0.0,0.0,21:46:00,5
0.026770031397227632,15.5738160074749,0.09,0.0,0.0,21:47:00,5
0.0623400777207291,15.564567618114713,0.21,0.0,0.0,21:48:00,5
0.060330441102651275,15.555447687096425,0.21,0.0,0.0,21:49:00,5
0.058382340417216724,15.546454810338727,0.2,0.0,0.0,21:50:00,5
0.056494001888860286,15.53758759244517,0.19,0.0,0.0,21:51:00,5
0.054663699253256676,15.528844646768887,0.19,0.0,0.0,21:52:00,5
0.052889752598513376,15.520224595474636,0.18,0.0,0.0,21:53:00,5
0.02102231093593664,15.511726069598245,0.07,0.0,0.0,21:54:00,5
0.04950443256673239,15.503347709103448,0.17,0.0,0.0,21:55:00,5
0.047889921043826715,15.495088162936133,0.16,0.0,0.0,21:56:00,5
0.046325487062362614,15.486946089076072,0.16,0.0,0.0,21:57:00,5
0.04480966594447854,15.478920154586135,0.15,0.0,0.0,21:58:00,5
0.04334103291834116,15.471009035659018,0.15,0.0,0.0,21:59:00,5
0.01733228901486531,15.463211417661546,0.06,0.0,0.0,22:00:00,5
0.040539825642501505,15.455525995176519,0.14,0.0,0.0,22:01:00,5
0.03920459254311922,15.447951472042208,0.13,0.0,0.0,22:02:00,5
0.030264073244750427,15.440486561389479,0.1,0.0,0.0,22:03:00,5
0.020670599219126052,15.433129985676587,0.07,0.0,0.0,22:04:00,5
0.03544517970952877,15.42588047672168,0.12,0.0,0.0,22:05:00,5
0.03427011853411388,15.418736775733047,0.12,0.0,0.0,22:06:00,5
0.03313216912271486,15.411697633337123,0.11,0.0,0.0,22:07:00,5
0.03203022367725745,15.4047618096043,0.11,0.0,0.0,22:08:00,5
0.030963205305312165,15.39792807407256,0.11,0.0,0.0,22:09:00,5
0.029930067227845282,15.391195205768975,0.1,0.0,0.0,22:10:00,5
0.028929792005103382,15.384561993229108,0.1,0.0,0.0,22:11:00,5
0.027961390780281994,15.378027234514322,0.1,0.0,0.0,22:12:00,5
0.01593244456796792,15.37158973722705,0.05,0.0,0.0,22:13:00,5
0.016568417552758587,15.365248318524051,0.06,0.0,0.0,22:14:00,5
0.025237955872152436,15.3590018051277,0.09,0.0,0.0,22:15:00,5
0.007637899585565551,15.352849033335303,0.03,0.0,0.0,22:16:00,5
0.016961996334151942,15.346788849026495,0.06,0.0,0.0,22:17:00,5
0.022768380208120727,15.340820107668769,0.08,0.0,0.0,22:18:00,5
0.021997659017634938,15.334941674321133,0.08,0.0,0.0,22:19:00,5
0.013926839939558906,15.329152423635943,0.05,0.0,0.0,22:20:00,5
0.02053017466835418,15.323451239858937,0.07,0.0,0.0,22:21:00,5
0.0140093652229408,15.31783701682751,0.05,0.0,0.0,22:22:00,5
0.019156324214775627,15.312308657967268,0.07,0.0,0.0,22:23:00,5
0.00965730808349567,15.306865076286847,0.03,0.0,0.0,22:24:00,5
0.017870432732841654,15.301505194371089,0.06,0.0,0.0,22:25:00,5
0.017258787151660102,15.296227944372562,0.06,0.0,0.0,22:26:00,5
0.0166671489021142,15.291032268001489,0.06,0.0,0.0,22:27:00,5
0.007767198527544761,15.28591711651406,0.03,0.0,0.0,22:28:00,5
0.015541427885910316,15.280881450699233,0.05,0.0,0.0,22:29:00,5
0.006852158208527399,15.275924240863985,0.02,0.0,0.0,22:30:00,5
0.014488515032949912,15.271044466817095,0.05,0.0,0.0,22:31:00,5
0.00867960547035343,15.266241117851454,0.03,0.0,0.0,22:32:00,5
0.013503930366230203,15.261513192724943,0.05,0.0,0.0,22:33:00,5
0.008673101122382596,15.256859699639916,0.03,0.0,0.0,22:34:00,5
0.012583453825951945,15.252279656221317,0.04,0.0,0.0,22:35:00,5
0.00830321747188407,15.247772089493438,0.03,0.0,0.0,22:36:00,5
0.0056508391611129975,15.243336035855373,0.02,0.0,0.0,22:37:00,5
0.011314312174788125,15.238970541055188,0.04,0.0,0.0,22:38:00,5
0.010919160952138641,15.23467466016284,0.04,0.0,0.0,22:39:00,5
0.010537224114921655,15.23044745754185,0.04,0.0,0.0,22:40:00,5
0.010168081194622099,15.226288006819797,0.03,0.0,0.0,22:41:00,5
0.009811324343584275,15.222195390857626,0.03,0.0,0.0,22:42:00,5
0.009466557982038592,15.218168701717829,0.03,0.0,0.0,22:43:00,5
0.0033455049012101412,15.214207040631486,0.01,0.0,0.0,22:44:00,5
0.008811473692888257,15.210309517964243,0.03,0.0,0.0,22:45:00,5
0.004699314797053801,15.206475253181212,0.02,0.0,0.0,22:46:00,5
0.008199896195470896,15.202703374810843,0.03,0.0,0.0,22:47:00,5
0.007909554372566128,15.198993020407793,0.03,0.0,0.0,22:48:00,5
0.0076290685311065694,15.1953433365148,0.03,0.0,0.0,22:49:00,5
0.0073581198159566,15.191753478623621,0.03,0.0,0.0,22:50:00,5
0.007096399124243335,15.188222611135027,0.02,0.0,0.0,22:51:00,5
0.006843606826561583,15.184749907317906,0.02,0.0,0.0,22:52:00,5
0.003684234613687891,15.18133454926748,0.01,0.0,0.0,22:53:00,5
0.002249289517022417,15.17797572786267,0.01,0.0,0.0,22:54:00,5
0.006135940454590135,15.174672642722657,0.02,0.0,0.0,22:55:00,5
0.005916045555707684,15.171424502162601,0.02,0.0,0.0,22:56:00,5
0.0033585504753628915,15.168230523148624,0.01,0.0,0.0,22:57:00,5
0.002814387934899894,15.165089931252009,0.01,0.0,0.0,22:58:00,5
0.005300754160944492,15.162001960602693,0.02,0.0,0.0,22:59:00,5
0.005109652813089175,15.158965853842039,0.02,0.0,0.0,23:00:00,5
0.004925166990635836,15.155980862074937,0.02,0.0,0.0,23:01:00,5
0.0030590893496499462,15.153046244821244,0.01,0.0,0.0,23:02:00,5
0.0034119785003152237,15.150161269966588,0.01,0.0,0.0,23:03:00,5
0.004409249742375056,15.147325213712563,0.02,0.0,0.0,23:04:00,5
0.004249106556633309,15.144537360526325,0.01,0.0,0.0,23:05:00,5
0.004094551945904982,15.14179700308964,0.01,0.0,0.0,23:06:00,5
0.003945399517898345,15.139103442247361,0.01,0.0,0.0,23:07:00,5
0.002940339438602736,15.136455986955411,0.01,0.0,0.0,23:08:00,5
0.003662584963189548,15.13385395422823,0.01,0.0,0.0,23:09:00,5
0.003528578852627875,15.131296669085774,0.01,0.0,0.0,23:10:00,5
0.0033992866205053663,15.128783464500026,0.01,0.0,0.0,23:11:00,5
0.003274549665325134,15.126313681341088,0.01,0.0,0.0,23:12:00,5
0.001059738903891802,15.12388666832284,0.0,0.0,0.0,23:13:00,5
0.003038132374021655,15.121501781948202,0.01,0.0,0.0,23:14:00,5
0.0029261595759313237,15.119158386454032,0.01,0.0,0.0,23:15:00,5
0.002818156838546716,15.11685585375563,0.01,0.0,0.0,23:16:00,5
0.0015275154306779724,15.114593563390937,0.01,0.0,0.0,23:17:00,5
0.0008943307884393135,15.112370902464384,0.0,0.0,0.0,23:18:00,5
0.0025166432246133074,15.110187265590467,0.01,0.0,0.0,23:19:00,5
0.00242321618091335,15.108042054836991,0.01,0.0,0.0,23:20:00,5
0.0023331276903370635,15.105934679668103,0.01,0.0,0.0,23:21:00,5
0.00224626347184028,15.103864556887027,0.01,0.0,0.0,23:22:00,5
0.0007217949589193851,15.101831110578596,0.0,0.0,0.0,23:23:00,5
0.0020817692305241725,15.099833772051554,0.01,0.0,0.0,23:24:00,5
0.0011372504945764599,15.097871979780674,0.0,0.0,0.0,23:25:00,5
0.0019288916430871064,15.095945179348675,0.01,0.0,0.0,23:26:00,5
0.00185656095719665,15.094052823387997,0.01,0.0,0.0,23:27:00,5
0.001786843159031778,15.092194371522407,0.01,0.0,0.0,23:28:00,5
0.0017196477404523719,15.090369290308482,0.01,0.0,0.0,23:29:00,5
0.0016548871814600905,15.088577053176977,0.01,0.0,0.0,23:30:00,5
0.0015924768569360091,15.086817140374077,0.01,0.0,0.0,23:31:00,5
0.0015323349460978119,15.085089038902584,0.01,0.0,0.0,23:32:00,5
0.001474382344603915,15.083392242463004,0.01,0.0,0.0,23:33:00,5
0.000984613309711885,15.081726251394599,0.0,0.0,0.0,23:34:00,5
0.0013647417250726831,15.080090572616385,0.0,0.0,0.0,23:35:00,5
0.0013129083251404478,15.078484719568092,0.0,0.0,0.0,23:36:00,5
0.0012629733123860087,15.076908212151128,0.0,0.0,0.0,23:37:00,5
0.0004873858945042446,15.07536057666952,0.0,0.0,0.0,23:38:00,5
0.0011685336779441464,15.073841345770866,0.0,0.0,0.0,23:39:00,5
0.0003416191977801408,15.072350058387332,0.0,0.0,0.0,23:40:00,5
0.0010809152632416882,15.070886259676653,0.0,0.0,0.0,23:41:00,5
0.0005166164438347411,15.069449500963204,0.0,0.0,0.0,23:42:00,5
0.0009996441324583646,15.068039339679117,0.0,0.0,0.0,23:43:00,5
0.0006006563869495779,15.066655339305479,0.0,0.0,0.0,23:44:00,5
0.00033713620257121857,15.065297069313605,0.0,0.0,0.0,23:45:00,5
0.00034645481994589905,15.063964105106413,0.0,0.0,0.0,23:46:00,5
0.0008544035271220776,15.062656027959894,0.0,0.0,0.0,23:47:00,5
0.0008214044149870418,15.06137242496471,0.0,0.0,0.0,23:48:00,5
0.000789635876784119,15.060112888967895,0.0,0.0,0.0,23:49:00,5
0.0007590537852782739,15.058877018514734,0.0,0.0,0.0,23:50:00,5
0.0007296155268980822,15.057664417790738,0.0,0.0,0.0,23:51:00,5
0.0003992286276742945,15.05647469656382,0.0,0.0,0.0,23:52:00,5
0.000674007329111932,15.055307470126598,0.0,0.0,0.0,23:53:00,5
0.0006477592944783776,15.054162359238914,0.0,0.0,0.0,23:54:00,5
0.0006224988112564649,15.053038990070494,0.0,0.0,0.0,23:55:00,5
0.0005981901239308119,15.051936994143835,0.0,0.0,0.0,23:56:00,5
0.000574798716542234,15.050856008277282,0.0,0.0,0.0,23:57:00,5
0.000552291271813348,15.0497956745283,0.0,0.0,0.0,23:58:00,5
0.0005306356315445254,15.04875564013699,0.0,0.0,0.0,23:59:00,5
