irradiance_w_m2,ambient_temp_c,dc_power_w,ac_power_w,flow_rate_lpm,timestamp,day,label
0.0003245387101595596,15.000016355695166,0.0,0.0,0.0,00:00:00,1,panel_soiling
0.0004230492070905959,15.000016891359769,0.0,0.0,0.0,00:01:00,1,panel_soiling
0.0004276346097934234,15.000017443920918,0.0,0.0,0.0,00:02:00,1,panel_soiling
0.0006277226195450409,15.000018013889683,0.0,0.0,0.0,00:03:00,1,panel_soiling
0.0006532314206357231,15.000018601791883,0.0,0.0,0.0,00:04:00,1,panel_soiling
0.0004256863319604868,15.000019208168471,0.0,0.0,0.0,00:05:00,1,panel_soiling
0.0004586852511786336,15.000019833575962,0.0,0.0,0.0,00:06:00,1,panel_soiling
0.0005633189153550746,15.000020478586844,0.0,0.0,0.0,00:07:00,1,panel_soiling
0.0007656364615243531,15.000021143790022,0.0,0.0,0.0,00:08:00,1,panel_soiling
0.0007965280792993623,15.000021829791255,0.0,0.0,0.0,00:09:00,1,panel_soiling
0.0008286200009530755,15.000022537213615,0.0,0.0,0.0,00:10:00,1,panel_soiling
0.0004246671472047689,15.000023266697962,0.0,0.0,0.0,00:11:00,1,panel_soiling
0.0008965852138602474,15.00002401890341,0.0,0.0,0.0,00:12:00,1,panel_soiling
0.0009325527584703396,15.000024794507828,0.0,0.0,0.0,00:13:00,1,panel_soiling
0.0004354590492970511,15.000025594208342,0.0,0.0,0.0,00:14:00,1,panel_soiling
0.0010087060029584569,15.000026418721852,0.0,0.0,0.0,00:15:00,1,panel_soiling
0.0010489963112667083,15.00002726878556,0.0,0.0,0.0,00:16:00,1,panel_soiling
0.001090835230059543,15.000028145157517,0.0,0.0,0.0,00:17:00,1,panel_soiling
0.00044434861321321735,15.000029048617172,0.0,0.0,0.0,00:18:00,1,panel_soiling
0.0011793889700941515,15.000029979965953,0.0,0.0,0.0,00:19:00,1,panel_soiling
0.0012262238910359267,15.000030940027841,0.0,0.0,0.0,00:20:00,1,panel_soiling
0.0012748477563672032,15.000031929649975,0.0,0.0,0.0,00:21:00,1,panel_soiling
0.0013253259864218607,15.000032949703265,0.0,0.0,0.0,00:22:00,1,panel_soiling
0.0013777262781673298,15.000034001083021,0.0,0.0,0.0,00:23:00,1,panel_soiling
0.0006859160755919338,15.000035084709594,0.0,0.0,0.0,00:24:00,1,panel_soiling
0.0014885756687544086,15.000036201529047,0.0,0.0,0.0,00:25:00,1,panel_soiling
0.0015471722292639714,15.000037352513814,0.0,0.0,0.0,00:26:00,1,panel_soiling
0.0016079859360837306,15.00003853866341,0.0,0.0,0.0,00:27:00,1,panel_soiling
0.0016710970378981862,15.000039761005135,0.0,0.0,0.0,00:28:00,1,panel_soiling
0.0005275688943222498,15.000041020594796,0.0,0.0,0.0,00:29:00,1,panel_soiling
0.001005566821589181,15.000042318517464,0.0,0.0,0.0,00:30:00,1,panel_soiling
0.0018750591553285082,15.000043655888224,0.0,0.0,0.0,00:31:00,1,panel_soiling
0.0019482189036128712,15.000045033852967,0.01,0.0,0.0,00:32:00,1,panel_soiling
0.0020241205372311054,15.000046453589185,0.01,0.0,0.0,00:33:00,1,panel_soiling
0.0021028622691518597,15.000047916306798,0.01,0.0,0.0,00:34:00,1,panel_soiling
0.001247042080831061,15.000049423248983,0.0,0.0,0.0,00:35:00,1,panel_soiling
0.00226927568805885,15.000050975693043,0.01,0.0,0.0,00:36:00,1,panel_soiling
0.0023571609331601213,15.000052574951287,0.01,0.0,0.0,00:37:00,1,panel_soiling
0.0024483136162255312,15.000054222371928,0.01,0.0,0.0,00:38:00,1,panel_soiling
0.0025428497528701974,15.000055919340003,0.01,0.0,0.0,00:39:00,1,panel_soiling
0.0026408892661645947,15.00005766727833,0.01,0.0,0.0,00:40:00,1,panel_soiling
0.00274255611031195,15.00005946764847,0.01,0.0,0.0,00:41:00,1,panel_soiling
0.00284797839795458,15.000061321951708,0.01,0.0,0.0,00:42:00,1,panel_soiling
0.002957288531206044,15.000063231730087,0.01,0.0,0.0,00:43:00,1,panel_soiling
0.0015836515343040291,15.000065198567428,0.0,0.0,0.0,00:44:00,1,panel_soiling
0.0011568201633640988,15.000067224090403,0.0,0.0,0.0,00:45:00,1,panel_soiling
0.0033099372273901364,15.000069309969618,0.01,0.0,0.0,00:46:00,1,panel_soiling
0.0034362133567854953,15.000071457920729,0.01,0.0,0.0,00:47:00,1,panel_soiling
0.0035671085439967025,15.000073669705586,0.01,0.0,0.0,00:48:00,1,panel_soiling
0.0037027839010243995,15.000075947133382,0.01,0.0,0.0,00:49:00,1,panel_soiling
0.003843405859481434,15.00007829206187,0.01,0.0,0.0,00:50:00,1,panel_soiling
0.003989146335186396,15.000080706398562,0.01,0.0,0.0,00:51:00,1,panel_soiling
0.004140182897458453,15.000083192101993,0.01,0.0,0.0,00:52:00,1,panel_soiling
0.002785676610910287,15.000085751182993,0.01,0.0,0.0,00:53:00,1,panel_soiling
0.0022818622753725537,15.000088385705997,0.01,0.0,0.0,00:54:00,1,panel_soiling
0.00462693329058053,15.000091097790378,0.01,0.0,0.0,00:55:00,1,panel_soiling
0.0025457803666138587,15.000093889611826,0.01,0.0,0.0,00:56:00,1,panel_soiling
0.004981440037293868,15.000096763403736,0.01,0.0,0.0,00:57:00,1,panel_soiling
0.0033200397821242164,15.00009972145865,0.01,0.0,0.0,00:58:00,1,panel_soiling
0.005361915084323601,15.000102766129716,0.01,0.0,0.0,00:59:00,1,panel_soiling
0.005562451057545743,15.000105899832189,0.01,0.0,0.0,01:00:00,1,panel_soiling
0.001871064104142597,15.000109125044961,0.0,0.0,0.0,01:01:00,1,panel_soiling
0.003991585111181652,15.000112444312133,0.01,0.0,0.0,01:02:00,1,panel_soiling
0.006208119233352894,15.000115860244614,0.02,0.0,0.0,01:03:00,1,panel_soiling
0.006438870287957505,15.00011937552176,0.02,0.0,0.0,01:04:00,1,panel_soiling
0.0066778266666738155,15.00012299289305,0.02,0.0,0.0,01:05:00,1,panel_soiling
0.0069252658014748916,15.000126715179801,0.02,0.0,0.0,01:06:00,1,panel_soiling
0.007181473970309871,15.00013054527692,0.02,0.0,0.0,01:07:00,1,panel_soiling
0.007446746559999046,15.000134486154689,0.02,0.0,0.0,01:08:00,1,panel_soiling
0.004660647349282439,15.000138540860611,0.01,0.0,0.0,01:09:00,1,panel_soiling
0.008005713721192655,15.000142712521262,0.02,0.0,0.0,01:10:00,1,panel_soiling
0.008300047077934386,15.000147004344221,0.02,0.0,0.0,01:11:00,1,panel_soiling
0.008604723003440572,15.000151419620018,0.02,0.0,0.0,01:12:00,1,panel_soiling
0.008920086628798358,15.000155961724134,0.02,0.0,0.0,01:13:00,1,panel_soiling
0.009246493927726146,15.000160634119048,0.02,0.0,0.0,01:14:00,1,panel_soiling
0.009584312033294446,15.000165440356318,0.02,0.0,0.0,01:15:00,1,panel_soiling
0.009933919563084613,15.000170384078723,0.03,0.0,0.0,01:16:00,1,panel_soiling
0.006426929414052054,15.000175469022437,0.02,0.0,0.0,01:17:00,1,panel_soiling
0.0064572419112890415,15.000180699019264,0.02,0.0,0.0,01:18:00,1,panel_soiling
0.011057444213032244,15.00018607799891,0.03,0.0,0.0,01:19:00,1,panel_soiling
0.006172590798262114,15.00019160999131,0.02,0.0,0.0,01:20:00,1,panel_soiling
0.011872896914509785,15.000197299129008,0.03,0.0,0.0,01:21:00,1,panel_soiling
0.008006745054270842,15.00020314964958,0.02,0.0,0.0,01:22:00,1,panel_soiling
0.009011674876985353,15.000209165898122,0.02,0.0,0.0,01:23:00,1,panel_soiling
0.013204695769039909,15.000215352329773,0.03,0.0,0.0,01:24:00,1,panel_soiling
0.005558019451270789,15.00022171351232,0.01,0.0,0.0,01:25:00,1,panel_soiling
0.014170616004058697,15.000228254128823,0.04,0.0,0.0,01:26:00,1,panel_soiling
0.014678532985904179,15.000234978980329,0.04,0.0,0.0,01:27:00,1,panel_soiling
0.015203809367559834,15.000241892988623,0.04,0.0,0.0,01:28:00,1,panel_soiling
0.01574700687188026,15.000249001199048,0.04,0.0,0.0,01:29:00,1,panel_soiling
0.00833645144448815,15.00025630878338,0.02,0.0,0.0,01:30:00,1,panel_soiling
0.01688949782223303,15.000263821042761,0.04,0.0,0.0,01:31:00,1,panel_soiling
0.017490001841609336,15.000271543410703,0.05,0.0,0.0,01:32:00,1,panel_soiling
0.007708446255769085,15.00027948145615,0.02,0.0,0.0,01:33:00,1,panel_soiling
0.011012638840652499,15.000287640886599,0.03,0.0,0.0,01:34:00,1,panel_soiling
0.0194162003300216,15.000296027551293,0.05,0.0,0.0,01:35:00,1,panel_soiling
0.02010206711193367,15.000304647444484,0.05,0.0,0.0,01:36:00,1,panel_soiling
0.020811003960641557,15.00031350670875,0.05,0.0,0.0,01:37:00,1,panel_soiling
0.012809979099019916,15.000322611638397,0.03,0.0,0.0,01:38:00,1,panel_soiling
0.0223010430169939,15.000331968682923,0.06,0.0,0.0,01:39:00,1,panel_soiling
0.01733237280674833,15.000341584450547,0.04,0.0,0.0,01:40:00,1,panel_soiling
0.023892449399067737,15.000351465711828,0.06,0.0,0.0,01:41:00,1,panel_soiling
0.024728181694700466,15.000361619403346,0.06,0.0,0.0,01:42:00,1,panel_soiling
0.008808794042024715,15.000372052631452,0.02,0.0,0.0,01:43:00,1,panel_soiling
0.013948686489444863,15.000382772676113,0.04,0.0,0.0,01:44:00,1,panel_soiling
0.027405753153652956,15.000393786994827,0.07,0.0,0.0,01:45:00,1,panel_soiling
0.028358065796315637,15.000405103226607,0.07,0.0,0.0,01:46:00,1,panel_soiling
0.0293418375940143,15.000416729196056,0.08,0.0,0.0,01:47:00,1,panel_soiling
0.030358048543170462,15.000428672917533,0.08,0.0,0.0,01:48:00,1,panel_soiling
0.031407707101488734,15.00044094259938,0.08,0.0,0.0,01:49:00,1,panel_soiling
0.03249185094538512,15.000453546648254,0.08,0.0,0.0,01:50:00,1,panel_soiling
0.033611547745357157,15.000466493673539,0.09,0.0,0.0,01:51:00,1,panel_soiling
0.018354427210504422,15.000479792491838,0.05,0.0,0.0,01:52:00,1,panel_soiling
0.035962025646617275,15.00049345213157,0.09,0.0,0.0,01:53:00,1,panel_soiling
0.03719509929602835,15.000507481837644,0.1,0.0,0.0,01:54:00,1,panel_soiling
0.03846831267988905,15.000521891076238,0.1,0.0,0.0,01:55:00,1,panel_soiling
0.014336950564775477,15.00053668953966,0.04,0.0,0.0,01:56:00,1,panel_soiling
0.027994275863108015,15.000551887151307,0.07,0.0,0.0,01:57:00,1,panel_soiling
0.042541266614347394,15.000567494070737,0.11,0.0,0.0,01:58:00,1,panel_soiling
0.025810541191952713,15.00058352069882,0.07,0.0,0.0,01:59:00,1,panel_soiling
0.04548076878720885,15.000599977682993,0.12,0.0,0.0,02:00:00,1,panel_soiling
0.04702190785560285,15.000616875922633,0.12,0.0,0.0,02:01:00,1,panel_soiling
0.03731210368773317,15.000634226574514,0.1,0.0,0.0,02:02:00,1,panel_soiling
0.038327073320201174,15.000652041058375,0.1,0.0,0.0,02:03:00,1,panel_soiling
0.01664575995321442,15.000670331062613,0.04,0.0,0.0,02:04:00,1,panel_soiling
0.05369680326046394,15.000689108550056,0.14,0.0,0.0,02:05:00,1,panel_soiling
0.05550090635075051,15.000708385763868,0.14,0.0,0.0,02:06:00,1,panel_soiling
0.05736243230462513,15.000728175233562,0.15,0.0,0.0,02:07:00,1,panel_soiling
0.05928309651992797,15.000748489781119,0.15,0.0,0.0,02:08:00,1,panel_soiling
0.03659432235842508,15.000769342527237,0.09,0.0,0.0,02:09:00,1,panel_soiling
0.06330893977053383,15.000790746897684,0.16,0.0,0.0,02:10:00,1,panel_soiling
0.06541779164181527,15.000812716629785,0.17,0.0,0.0,02:11:00,1,panel_soiling
0.06759312990502674,15.000835265779017,0.17,0.0,0.0,02:12:00,1,panel_soiling
0.03086848936300592,15.00085840872574,0.08,0.0,0.0,02:13:00,1,panel_soiling
0.07215117853185299,15.000882160182046,0.19,0.0,0.0,02:14:00,1,panel_soiling
0.026814847509597613,15.000906535198732,0.07,0.0,0.0,02:15:00,1,panel_soiling
0.02685711195780243,15.000931549172419,0.07,0.0,0.0,02:16:00,1,panel_soiling
0.07953779193993109,15.000957217852784,0.2,0.0,0.0,02:17:00,1,panel_soiling
0.08215523493735107,15.000983557349933,0.21,0.0,0.0,02:18:00,1,panel_soiling
0.08485409238616548,15.001010584141916,0.22,0.0,0.0,02:19:00,1,panel_soiling
0.08763673359470743,15.001038315082369,0.23,0.0,0.0,02:20:00,1,panel_soiling
0.06566784313540205,15.001066767408293,0.17,0.0,0.0,02:21:00,1,panel_soiling
0.09346316382381882,15.001095958748001,0.24,0.0,0.0,02:22:00,1,panel_soiling
0.0965120153940639,15.001125907129168,0.25,0.0,0.0,02:23:00,1,panel_soiling
0.04455721944993684,15.001156630987065,0.11,0.0,0.0,02:24:00,1,panel_soiling
0.10289415733721785,15.001188149172913,0.26,0.0,0.0,02:25:00,1,panel_soiling
0.1062329247241561,15.001220480962408,0.27,0.0,0.0,02:26:00,1,panel_soiling
0.07435924977894544,15.001253646064383,0.19,0.0,0.0,02:27:00,1,panel_soiling
0.04562598337876821,15.001287664629631,0.12,0.0,0.0,02:28:00,1,panel_soiling
0.08775125436112463,15.001322557259892,0.23,0.0,0.0,02:29:00,1,panel_soiling
0.0861818793736696,15.001358345016984,0.22,0.0,0.0,02:30:00,1,panel_soiling
0.04843359886419012,15.001395049432109,0.12,0.0,0.0,02:31:00,1,panel_soiling
0.12851750861006472,15.001432692515309,0.33,0.0,0.0,02:32:00,1,panel_soiling
0.1326360544241068,15.001471296765107,0.34,0.0,0.0,02:33:00,1,panel_soiling
0.13687897034847255,15.001510885178293,0.35,0.0,0.0,02:34:00,1,panel_soiling
0.14124975525037575,15.001551481259906,0.36,0.0,0.0,02:35:00,1,panel_soiling
0.06187880073959255,15.00159310903336,0.16,0.0,0.0,02:36:00,1,panel_soiling
0.15038938024342993,15.001635793050776,0.39,0.0,0.0,02:37:00,1,panel_soiling
0.1551656770979423,15.001679558403463,0.4,0.0,0.0,02:38:00,1,panel_soiling
0.07433608264575783,15.001724430732603,0.19,0.0,0.0,02:39:00,1,panel_soiling
0.16515060174342244,15.001770436240104,0.43,0.0,0.0,02:40:00,1,panel_soiling
0.17036727173937852,15.001817601699639,0.44,0.0,0.0,02:41:00,1,panel_soiling
0.10367586424707494,15.001865954467876,0.27,0.0,0.0,02:42:00,1,panel_soiling
0.1812699028959992,15.001915522495903,0.47,0.0,0.0,02:43:00,1,panel_soiling
0.18696453222906645,15.001966334340835,0.48,0.0,0.0,02:44:00,1,panel_soiling
0.1928273316305369,15.002018419177615,0.5,0.0,0.0,02:45:00,1,panel_soiling
0.09348851164570747,15.002071806811028,0.24,0.0,0.0,02:46:00,1,panel_soiling
0.20507599944250293,15.002126527687896,0.53,0.0,0.0,02:47:00,1,panel_soiling
0.06719956767582654,15.002182612909484,0.17,0.0,0.0,02:48:00,1,panel_soiling
0.2180541908900281,15.002240094244119,0.56,0.0,0.0,02:49:00,1,panel_soiling
0.22482934596233933,15.002299004139994,0.58,0.0,0.0,02:50:00,1,panel_soiling
0.2318021155113078,15.002359375738212,0.6,0.0,0.0,02:51:00,1,panel_soiling
0.238977840437094,15.002421242886015,0.62,0.0,0.0,02:52:00,1,panel_soiling
0.24636199273103657,15.002484640150241,0.63,0.0,0.0,02:53:00,1,panel_soiling
0.2539601782972766,15.002549602831008,0.65,0.0,0.0,02:54:00,1,panel_soiling
0.26177813982382897,15.002616166975598,0.67,0.0,0.0,02:55:00,1,panel_soiling
0.2698217597036494,15.002684369392574,0.69,0.0,0.0,02:56:00,1,panel_soiling
0.10529556608767118,15.002754247666136,0.27,0.0,0.0,02:57:00,1,panel_soiling
0.2866102205004302,15.00282584017068,0.74,0.0,0.0,02:58:00,1,panel_soiling
0.2953675517286051,15.002899186085607,0.76,0.0,0.0,02:59:00,1,panel_soiling
0.30437552813338725,15.002974325410362,0.78,0.0,0.0,03:00:00,1,panel_soiling
0.313640776236841,15.0030512989797,0.81,0.0,0.0,03:01:00,1,panel_soiling
0.3231700808730185,15.003130148479212,0.83,0.0,0.0,03:02:00,1,panel_soiling
0.3329703884742768,15.003210916461063,0.86,0.0,0.0,03:03:00,1,panel_soiling
0.24544395009465553,15.003293646360007,0.63,0.0,0.0,03:04:00,1,panel_soiling
0.3534126263915851,15.003378382509624,0.91,0.0,0.0,03:05:00,1,panel_soiling
0.36406928790419146,15.00346517015882,0.94,0.0,0.0,03:06:00,1,panel_soiling
0.3750264217324352,15.003554055488582,0.97,0.0,0.0,03:07:00,1,panel_soiling
0.3862918335138618,15.003645085628973,0.99,0.0,0.0,03:08:00,1,panel_soiling
0.39787351136068,15.0037383086764,1.02,0.0,0.0,03:09:00,1,panel_soiling
0.24431016558464166,15.003833773711147,0.63,0.0,0.0,03:10:00,1,panel_soiling
0.4220185521933706,15.003931530815146,1.09,0.0,0.0,03:11:00,1,panel_soiling
0.4345988371608338,15.004031631090053,1.12,0.0,0.0,03:12:00,1,panel_soiling
0.44752923980203596,15.00413412667555,1.15,0.0,0.0,03:13:00,1,panel_soiling
0.4608187169227612,15.004239070767962,1.19,0.0,0.0,03:14:00,1,panel_soiling
0.4744764307425827,15.00434651763911,1.22,0.0,0.0,03:15:00,1,panel_soiling
0.48851175292563803,15.004456522655468,1.26,0.0,0.0,03:16:00,1,panel_soiling
0.502934268671859,15.004569142297598,1.29,0.0,0.0,03:17:00,1,panel_soiling
0.5177537808690762,15.00468443417984,1.33,0.0,0.0,03:18:00,1,panel_soiling
0.22451345812955006,15.004802457070333,0.58,0.0,0.0,03:19:00,1,panel_soiling
0.5486241199491017,15.004923270911288,1.41,0.0,0.0,03:20:00,1,panel_soiling
0.5646956792758636,15.005046936839557,1.45,0.0,0.0,03:21:00,1,panel_soiling
0.5812057086779153,15.00517351720752,1.5,0.0,0.0,03:22:00,1,panel_soiling
0.5981651639212368,15.005303075604239,1.54,0.0,0.0,03:23:00,1,panel_soiling
0.6155852446716406,15.005435676876926,1.58,0.0,0.0,03:24:00,1,panel_soiling
0.6334773990832326,15.005571387152708,1.63,0.0,0.0,03:25:00,1,panel_soiling
0.6518533284504935,15.005710273860705,1.68,0.0,0.0,03:26:00,1,panel_soiling
0.6707249919242907,15.005852405754403,1.73,0.0,0.0,03:27:00,1,panel_soiling
0.4479856082443766,15.005997852934339,1.15,0.0,0.0,03:28:00,1,panel_soiling
0.2844075171702497,15.006146686871109,0.73,0.0,0.0,03:29:00,1,panel_soiling
0.7304379471741674,15.00629898042868,1.88,0.0,0.0,03:30:00,1,panel_soiling
0.7514174643709628,15.006454807888016,1.93,0.0,0.0,03:31:00,1,panel_soiling
0.7729565488397928,15.00661424497104,1.99,0.0,0.0,03:32:00,1,panel_soiling
0.43077873980829867,15.006777368864908,1.11,0.0,0.0,03:33:00,1,panel_soiling
0.8177681480110374,15.006944258246602,2.1,0.0,0.0,03:34:00,1,panel_soiling
0.8410687638512797,15.007114993307859,2.16,0.0,0.0,03:35:00,1,panel_soiling
0.8649851597750329,15.007289655780435,2.23,0.0,0.0,03:36:00,1,panel_soiling
0.40526417238883644,15.00746832896169,1.04,0.0,0.0,03:37:00,1,panel_soiling
0.9147248511585658,15.00765109774051,2.35,0.0,0.0,03:38:00,1,panel_soiling
0.9405787167883249,15.007838048623578,2.42,0.0,0.0,03:39:00,1,panel_soiling
0.9671095139028262,15.008029269761959,2.49,0.0,0.0,03:40:00,1,panel_soiling
0.994333343117159,15.008224850978063,2.56,0.0,0.0,03:41:00,1,panel_soiling
1.0222666414435517,15.008424883792918,2.63,0.0,0.0,03:42:00,1,panel_soiling
0.6131889818034126,15.008629461453806,1.58,0.0,0.0,03:43:00,1,panel_soiling
1.0803291100953543,15.00883867896225,2.78,0.0,0.0,03:44:00,1,panel_soiling
1.1104928886023329,15.009052633102344,2.86,0.0,0.0,03:45:00,1,panel_soiling
1.1414353644322854,15.009271422469435,2.94,0.0,0.0,03:46:00,1,panel_soiling
1.1731747442975329,15.009495147499173,3.02,0.0,0.0,03:47:00,1,panel_soiling
1.2057296068494576,15.0097239104969,3.1,0.0,0.0,03:48:00,1,panel_soiling
1.2391189088292769,15.009957815667411,3.19,0.0,0.0,03:49:00,1,panel_soiling
1.2733619912830496,15.010196969145072,3.28,0.0,0.0,03:50:00,1,panel_soiling
1.3084785858405965,15.010441479024301,3.37,0.0,0.0,03:51:00,1,panel_soiling
1.3444888210579817,15.010691455390411,3.46,0.0,0.0,03:52:00,1,panel_soiling
1.3814132288231562,15.010947010350826,3.56,0.0,0.0,03:53:00,1,panel_soiling
0.46040655650915613,15.011208258066658,1.18,0.0,0.0,03:54:00,1,panel_soiling
0.6024475481804492,15.011475314784663,1.55,0.0,0.0,03:55:00,1,panel_soiling
0.959348946389348,15.01174829886956,2.47,0.0,0.0,03:56:00,1,panel_soiling
1.0919834710946128,15.012027330836721,2.81,0.0,0.0,03:57:00,1,panel_soiling
1.5804955254060264,15.012312533385256,4.07,0.0,0.0,03:58:00,1,panel_soiling
1.623359547511134,15.012604031431446,4.18,0.0,0.0,03:59:00,1,panel_soiling
0.8957553031216763,15.012901952142577,2.31,0.0,0.0,04:00:00,1,panel_soiling
1.7123208088355364,15.013206424971141,4.41,0.0,0.0,04:01:00,1,panel_soiling
1.7584665049348036,15.013517581689415,4.53,0.0,0.0,04:02:00,1,panel_soiling
0.8880165667848523,15.013835556424437,2.29,0.0,0.0,04:03:00,1,panel_soiling
1.8542126903790899,15.014160485693347,4.77,0.0,0.0,04:04:00,1,panel_soiling
1.9038644824092785,15.014492508439119,4.9,0.0,0.0,04:05:00,1,panel_soiling
1.9547370911650948,15.014831766066685,5.03,0.0,0.0,04:06:00,1,panel_soiling
2.006857401898981,15.015178402479428,5.16,0.0,0.0,04:07:00,1,panel_soiling
2.0602528064789056,15.01553256411608,5.3,0.0,0.0,04:08:00,1,panel_soiling
2.114951210720108,15.015894399987992,5.44,0.0,0.0,04:09:00,1,panel_soiling
2.170981041767264,15.0162640617168,5.59,0.0,0.0,04:10:00,1,panel_soiling
2.22837125552593,15.01664170357248,5.73,0.0,0.0,04:11:00,1,panel_soiling
0.7460259686564139,15.017027482511786,1.92,0.0,0.0,04:12:00,1,panel_soiling
2.3473513435282554,15.017421558217082,6.04,0.0,0.0,04:13:00,1,panel_soiling
2.4090018409357277,15.017824093135564,6.2,0.0,0.0,04:14:00,1,panel_soiling
2.4721339825701234,15.018235252518869,6.36,0.0,0.0,04:15:00,1,panel_soiling
2.5367794812502744,15.018655204463073,6.53,0.0,0.0,04:16:00,1,panel_soiling
1.8268571285869686,15.019084119949087,4.7,0.0,0.0,04:17:00,1,panel_soiling
2.670740280328574,15.01952217288343,6.87,0.0,0.0,04:18:00,1,panel_soiling
2.7401219089270112,15.019969540139405,7.05,0.0,0.0,04:19:00,1,panel_soiling
2.811149566564019,15.020426401598648,7.23,0.0,0.0,04:20:00,1,panel_soiling
2.8838579153944415,15.02089294019309,7.42,0.0,0.0,04:21:00,1,panel_soiling
2.9582822309497128,15.021369341947281,7.61,0.0,0.0,04:22:00,1,panel_soiling
3.0344584100514487,15.021855796021121,7.81,0.0,0.0,04:23:00,1,panel_soiling
1.8287181733796534,15.022352494752965,4.71,0.0,0.0,04:24:00,1,panel_soiling
3.192213100317186,15.022859633703128,8.21,0.0,0.0,04:25:00,1,panel_soiling
2.5451691184837166,15.023377411697755,6.55,0.0,0.0,04:26:00,1,panel_soiling
1.4194986209893317,15.0239060308731,3.65,0.0,0.0,04:27:00,1,panel_soiling
1.6963875433136921,15.024445696720168,4.37,0.0,0.0,04:28:00,1,panel_soiling
3.5303951308786603,15.024996618129745,9.08,0.0,0.0,04:29:00,1,panel_soiling
1.9603336537937233,15.025559007437804,5.04,0.0,0.0,04:30:00,1,panel_soiling
2.3758391718373315,15.02613308047131,6.11,0.0,0.0,04:31:00,1,panel_soiling
3.805118662088224,15.02671905659436,9.79,0.0,0.0,04:32:00,1,panel_soiling
3.9009301967914296,15.02731715875474,10.04,0.0,0.0,04:33:00,1,panel_soiling
3.9989317539202065,15.02792761353083,10.29,0.0,0.0,04:34:00,1,panel_soiling
4.09916731169372,15.028550651178884,10.54,0.0,0.0,04:35:00,1,panel_soiling
4.201681574411667,15.029186505680686,10.81,0.0,0.0,04:36:00,1,panel_soiling
4.306519980581734,15.029835414791558,11.08,0.0,0.0,04:37:00,1,panel_soiling
4.4137287110437375,15.03049762008874,11.35,0.0,0.0,04:38:00,1,panel_soiling
2.471297462798179,15.031173367020125,6.36,0.0,0.0,04:39:00,1,panel_soiling
1.802477680878023,15.03186290495336,4.64,0.0,0.0,04:40:00,1,panel_soiling
2.4887992892245685,15.032566487225289,6.4,0.0,0.0,04:41:00,1,panel_soiling
4.867216928567918,15.033284371191753,12.52,0.0,0.0,04:42:00,1,panel_soiling
3.457145611265591,15.034016818277733,8.89,0.0,0.0,04:43:00,1,panel_soiling
3.4608973268501337,15.034764094027846,8.9,0.0,0.0,04:44:00,1,panel_soiling
2.590060503183212,15.035526468157165,6.66,0.0,0.0,04:45:00,1,panel_soiling
5.362523318432989,15.036304214602396,13.79,0.0,0.0,04:46:00,1,panel_soiling
5.4932695986293245,15.03709761157336,14.13,0.0,0.0,04:47:00,1,panel_soiling
5.62689061888622,15.037906941604827,14.47,0.0,0.0,04:48:00,1,panel_soiling
5.763441257985097,15.038732491608659,14.82,0.0,0.0,04:49:00,1,panel_soiling
5.902977233175212,15.039574552926274,15.18,0.0,0.0,04:50:00,1,panel_soiling
6.045555107972685,15.040433421381422,15.55,0.0,0.0,04:51:00,1,panel_soiling
3.547722462918988,15.041309397333277,9.13,0.0,0.0,04:52:00,1,panel_soiling
6.340067088234194,15.042202785729819,16.3,0.0,0.0,04:53:00,1,panel_soiling
6.492118621544068,15.043113896161525,16.69,0.0,0.0,04:54:00,1,panel_soiling
6.6474469253719715,15.044043042915343,17.09,0.0,0.0,04:55:00,1,panel_soiling
6.806112909696703,15.044990545028963,17.5,0.0,0.0,04:56:00,1,panel_soiling
6.968178376389027,15.045956726345354,17.92,0.0,0.0,04:57:00,1,panel_soiling
3.811364464210672,15.046941915567587,9.8,0.0,0.0,04:58:00,1,panel_soiling
7.302759467975162,15.047946446313915,18.78,0.0,0.0,04:59:00,1,panel_soiling
7.475403222028889,15.04897065717313,19.22,0.0,0.0,05:00:00,1,panel_soiling
7.651702731110349,15.050014891760155,19.67,0.0,0.0,05:01:00,1,panel_soiling
5.886060069566421,15.051079498771884,15.14,0.0,0.0,05:02:00,1,panel_soiling
8.015535430438831,15.052164832043287,20.61,0.0,0.0,05:03:00,1,panel_soiling
5.510498111107041,15.05327125060371,14.17,0.0,0.0,05:04:00,1,panel_soiling
8.39479978784928,15.054399118733434,21.58,0.0,0.0,05:05:00,1,panel_soiling
8.59039242613994,15.055548806020415,22.08,0.0,0.0,05:06:00,1,panel_soiling
5.249460852042432,15.05672068741727,13.5,0.0,0.0,05:07:00,1,panel_soiling
8.993854188508271,15.057915143298432,23.12,0.0,0.0,05:08:00,1,panel_soiling
9.201868446941285,15.059132559517511,23.65,0.0,0.0,05:09:00,1,panel_soiling
9.414170009706945,15.060373327464836,24.2,0.0,0.0,05:10:00,1,panel_soiling
9.630833897960946,15.061637844125164,24.76,0.0,0.0,05:11:00,1,panel_soiling
9.85193612515798,15.062926512135563,25.32,0.0,0.0,05:12:00,1,panel_soiling
6.698637883969964,15.064239739843437,17.22,0.0,0.0,05:13:00,1,panel_soiling
10.30776464591651,15.065577941364708,26.49,0.0,0.0,05:14:00,1,panel_soiling
10.54264797868747,15.066941536642117,27.1,0.0,0.0,05:15:00,1,panel_soiling
10.782283739510472,15.068330951503672,27.71,0.0,0.0,05:16:00,1,panel_soiling
11.026752986199599,15.069746617721181,28.34,0.0,0.0,05:17:00,1,panel_soiling
11.276137800894917,15.071188973068908,28.98,0.0,0.0,05:18:00,1,panel_soiling
6.83060083792633,15.072658461382323,17.56,0.0,0.0,05:19:00,1,panel_soiling
11.78998761283008,15.074155532616906,30.3,0.0,0.0,05:20:00,1,panel_soiling
12.054621937841809,15.075680642907056,30.97,0.0,0.0,05:21:00,1,panel_soiling
4.502902620770536,15.077234254625028,11.58,0.0,0.0,05:22:00,1,panel_soiling
12.599740555579917,15.078816836439929,32.37,0.0,0.0,05:23:00,1,panel_soiling
12.88040044099398,15.080428863376744,33.09,0.0,0.0,05:24:00,1,panel_soiling
13.16657952614319,15.08207081687538,33.83,0.0,0.0,05:25:00,1,panel_soiling
13.458368242888964,15.083743184849714,34.57,0.0,0.0,05:26:00,1,panel_soiling
9.788573754978227,15.085446461746653,25.16,0.0,0.0,05:27:00,1,panel_soiling
14.059141601899126,15.087181148605138,36.11,0.0,0.0,05:28:00,1,panel_soiling
10.068691211936661,15.08894775311516,25.88,0.0,0.0,05:29:00,1,panel_soiling
7.309921119802893,15.090746789676693,18.79,0.0,0.0,05:30:00,1,panel_soiling
15.004695777221958,15.092578779458583,38.54,0.0,0.0,05:31:00,1,panel_soiling
15.332100907122898,15.094444250457354,39.38,0.0,0.0,05:32:00,1,panel_soiling
15.66577851986374,15.096343737555932,40.23,0.0,0.0,05:33:00,1,panel_soiling
6.0087126828673,15.098277782582256,15.45,0.0,0.0,05:34:00,1,panel_soiling
5.7108069602713964,15.10024693436777,14.68,0.0,0.0,05:35:00,1,panel_soiling
16.705441441498174,15.102251748805774,42.9,0.0,0.0,05:36:00,1,panel_soiling
17.065209557283843,15.10429278890964,43.82,0.0,0.0,05:37:00,1,panel_soiling
10.092478544471561,15.106370624870838,25.94,0.0,0.0,05:38:00,1,panel_soiling
17.805184625077317,15.108485834116781,45.71,0.0,0.0,05:39:00,1,panel_soiling
12.670192495573483,15.110639001368492,32.55,0.0,0.0,05:40:00,1,panel_soiling
18.57311265109246,15.112830718698016,47.68,0.0,0.0,05:41:00,1,panel_soiling
18.967826003830858,15.115061585585622,48.69,0.0,0.0,05:42:00,1,panel_soiling
11.321054915668816,15.11733220897675,29.09,0.0,0.0,05:43:00,1,panel_soiling
12.216151055326542,15.119643203338674,31.38,0.0,0.0,05:44:00,1,panel_soiling
20.19627072986204,15.121995190716884,51.83,50.28,2.21,05:45:00,1,panel_soiling
20.62088992338236,15.12438880079116,52.92,51.33,2.26,05:46:00,1,panel_soiling
21.053265295289673,15.126824670931324,54.03,52.41,2.31,05:47:00,1,panel_soiling
21.493510864320026,15.129303446252635,55.15,53.5,2.36,05:48:00,1,panel_soiling
21.941741709479015,15.131825779670836,56.3,54.61,2.4,05:49:00,1,panel_soiling
22.398073966338202,15.134392331956798,57.47,55.74,2.45,05:50:00,1,panel_soiling
22.862624822957446,15.137003771790775,58.66,56.9,2.51,05:51:00,1,panel_soiling
23.335512515426355,15.139660775816239,59.86,58.07,2.56,05:52:00,1,panel_soiling
23.816856323018687,15.142364028693244,61.1,59.26,2.61,05:53:00,1,panel_soiling
24.306776562953264,15.145114223151362,62.35,60.48,2.66,05:54:00,1,panel_soiling
24.805394584754946,15.147912060042108,63.62,61.71,2.72,05:55:00,1,panel_soiling
25.312832764209364,15.150758248390861,64.92,62.97,2.77,05:56:00,1,panel_soiling
25.829214496905177,15.153653505448275,66.24,64.25,2.83,05:57:00,1,panel_soiling
26.35466419135735,15.156598556741114,67.58,65.55,2.89,05:58:00,1,panel_soiling
26.889307261705493,15.159594136122529,68.95,66.88,2.95,05:59:00,1,panel_soiling
27.433270119980808,15.162640985821744,70.34,68.23,3.0,06:00:00,1,panel_soiling
21.427890477746327,15.165739856493124,54.98,53.33,2.35,06:01:00,1,panel_soiling
28.549665788429174,15.16889150726459,73.19,70.99,3.13,06:02:00,1,panel_soiling
29.122356336364188,15.172096705785385,74.65,72.41,3.19,06:03:00,1,panel_soiling
19.18408630577965,15.17535622827316,49.23,0.0,0.0,06:04:00,1,panel_soiling
30.297374436807573,15.178670859560322,77.65,75.32,3.32,06:05:00,1,panel_soiling
30.8999654713491,15.182041393139684,79.19,76.81,3.38,06:06:00,1,panel_soiling
13.924147409666805,15.185468631209334,35.76,0.0,0.0,06:07:00,1,panel_soiling
13.20627792294816,15.188953384716728,33.91,0.0,0.0,06:08:00,1,panel_soiling
24.658144269743538,15.192496473401976,63.23,61.34,2.7,06:09:00,1,panel_soiling
33.413993468016535,15.196098725840297,85.6,83.03,3.66,06:10:00,1,panel_soiling
34.06909349980036,15.199760979483624,87.27,84.65,3.73,06:11:00,1,panel_soiling
34.73510466936897,15.203484080701312,88.96,86.3,3.8,06:12:00,1,panel_soiling
35.41216545040984,15.207268884819943,90.69,87.97,3.87,06:13:00,1,panel_soiling
36.10041515760177,15.211116256162214,92.44,89.67,3.95,06:14:00,1,panel_soiling
23.766234282242973,15.215027068084838,60.95,59.12,2.6,06:15:00,1,panel_soiling
37.51104272413323,15.219002203015483,96.04,93.16,4.1,06:16:00,1,panel_soiling
38.23370328098769,15.223042552488677,97.88,94.94,4.18,06:17:00,1,panel_soiling
38.96811812657384,15.227149017180688,99.75,96.75,4.26,06:18:00,1,panel_soiling
39.714430546370366,15.231322506943338,101.65,98.6,4.34,06:19:00,1,panel_soiling
40.47278456946136,15.23556394083671,103.58,100.47,4.42,06:20:00,1,panel_soiling
12.45617468383473,15.239874247160746,31.98,0.0,0.0,06:21:00,1,panel_soiling
42.02619715065334,15.244254363485688,107.53,104.3,4.59,06:22:00,1,panel_soiling
42.821547319164985,15.248705236681348,109.55,106.26,4.68,06:23:00,1,panel_soiling
43.62952227279636,15.253227822945169,111.6,108.26,4.77,06:24:00,1,panel_soiling
44.45026947587764,15.257823087829049,113.69,110.28,4.86,06:25:00,1,panel_soiling
17.110562734662626,15.262492006264917,43.91,0.0,0.0,06:26:00,1,panel_soiling
23.808694506846155,15.267235562588997,61.05,59.21,2.61,06:27:00,1,panel_soiling
46.99062849447273,15.27205475056477,120.14,116.54,5.13,06:28:00,1,panel_soiling
47.86395154478101,15.276950573404584,122.36,118.69,5.23,06:29:00,1,panel_soiling
18.027069399146175,15.281924043789873,46.25,0.0,0.0,06:30:00,1,panel_soiling
26.511571069877867,15.286976183889994,67.95,65.91,2.9,06:31:00,1,panel_soiling
16.49308786130756,15.292108025379598,42.32,0.0,0.0,06:32:00,1,panel_soiling
38.24497835022089,15.297320609454557,97.88,94.94,4.18,06:33:00,1,panel_soiling
52.43636976207324,15.302614986846383,133.96,129.94,5.72,06:34:00,1,panel_soiling
53.39307675917528,15.307992217835125,136.39,132.3,5.83,06:35:00,1,panel_soiling
25.54546984647942,15.313453372260708,65.47,63.51,2.8,06:36:00,1,panel_soiling
55.3499362942292,15.318999529532691,141.35,137.11,6.04,06:37:00,1,panel_soiling
56.350396039253795,15.324631778638391,143.88,139.57,6.15,06:38:00,1,panel_soiling
57.36574776278531,15.330351218149382,146.45,142.06,6.26,06:39:00,1,panel_soiling
58.3961458081454,15.3361589562263,149.06,144.59,6.37,06:40:00,1,panel_soiling
36.85240964557043,15.34205611062194,94.31,91.48,4.03,06:41:00,1,panel_soiling
60.50269942222318,15.348043808682627,154.39,149.76,6.59,06:42:00,1,panel_soiling
61.57916477053852,15.354123187347797,157.12,152.4,6.71,06:43:00,1,panel_soiling
62.67129593738092,15.360295393147789,159.88,155.08,6.83,06:44:00,1,panel_soiling
63.77924817153563,15.3665615821998,162.68,157.8,6.95,06:45:00,1,panel_soiling
64.90317680702043,15.372922920201981,165.52,160.55,7.07,06:46:00,1,panel_soiling
66.04323722972245,15.379380582425629,168.4,163.35,7.19,06:47:00,1,panel_soiling
67.1995848434318,15.385935753705457,171.32,166.18,7.32,06:48:00,1,panel_soiling
68.37237503527237,15.39258962842792,174.28,169.05,7.44,06:49:00,1,panel_soiling
38.31511213107344,15.39934341051752,98.02,95.08,4.19,06:50:00,1,panel_soiling
70.76790440688754,15.406198313421132,180.32,174.91,7.7,06:51:00,1,panel_soiling
71.99095395804333,15.41315556009024,183.41,177.9,7.83,06:52:00,1,panel_soiling
73.23106675675666,15.420216382961124,186.53,180.94,7.97,06:53:00,1,panel_soiling
74.48839756728077,15.427382023932902,189.7,184.01,8.1,06:54:00,1,panel_soiling
75.76310091721018,15.434653734343454,192.91,187.13,8.24,06:55:00,1,panel_soiling
77.05533105873755,15.442032774943156,196.17,190.28,8.38,06:56:00,1,panel_soiling
78.36524192932363,15.449520415866404,199.46,193.48,8.52,06:57:00,1,panel_soiling
79.69298711178324,15.457117936600904,202.8,196.72,8.66,06:58:00,1,panel_soiling
81.03871979379144,15.464826625954696,206.19,200.0,8.81,06:59:00,1,panel_soiling
82.40259272681331,15.472647782020873,209.62,203.33,8.95,07:00:00,1,panel_soiling
83.78475818446114,15.480582712139961,213.09,206.7,9.1,07:01:00,1,panel_soiling
44.780033218217746,15.488632732859948,114.43,110.99,4.89,07:02:00,1,panel_soiling
86.60457312499352,15.496799169893915,220.17,213.57,9.4,07:03:00,1,panel_soiling
88.04252438313208,15.505083358075241,223.78,217.07,9.56,07:04:00,1,panel_soiling
89.49937162918688,15.513486641310353,227.44,220.62,9.72,07:05:00,1,panel_soiling
39.01625673085558,15.522010372528994,99.76,96.76,4.26,07:06:00,1,panel_soiling
92.47035030557956,15.530655913631977,234.89,227.84,10.03,07:07:00,1,panel_soiling
57.53932132179661,15.53942463543638,146.77,142.37,6.27,07:08:00,1,panel_soiling
66.31795178825404,15.548317917618185,168.98,163.91,7.22,07:09:00,1,panel_soiling
97.07224423757324,15.557337148652302,246.41,239.02,10.53,07:10:00,1,panel_soiling
37.665246218855756,15.566483725749947,96.3,93.41,4.11,07:11:00,1,panel_soiling
100.23882722238238,15.57575905479338,254.33,246.7,10.86,07:12:00,1,panel_soiling
101.85214709650688,15.585164550267931,258.37,250.62,11.04,07:13:00,1,panel_soiling
51.454931147208875,15.594701635191306,131.32,127.38,5.61,07:14:00,1,panel_soiling
105.1395536635251,15.604371741040149,266.58,258.58,11.39,07:15:00,1,panel_soiling
48.04429571439996,15.614176307673812,122.66,118.98,5.24,07:16:00,1,panel_soiling
108.50891612093939,15.624116783255335,274.99,266.74,11.75,07:17:00,1,panel_soiling
110.22467629201647,15.634194624169574,279.27,270.89,11.93,07:18:00,1,panel_soiling
111.96133743915438,15.644411294938472,283.6,275.09,12.11,07:19:00,1,panel_soiling
113.71903412331255,15.654768268133438,287.97,279.34,12.3,07:20:00,1,panel_soiling
115.49789948349591,15.665267024284812,292.4,283.63,12.49,07:21:00,1,panel_soiling
117.29806518457346,15.675909051788379,296.88,287.98,12.68,07:22:00,1,panel_soiling
119.11966136469228,15.686695846808913,301.41,292.37,12.88,07:23:00,1,panel_soiling
86.55454908399292,15.697628913180738,219.88,213.28,9.39,07:24:00,1,panel_soiling
122.82765776277863,15.70870976230524,310.63,301.31,13.27,07:25:00,1,panel_soiling
67.83909373354462,15.719939913045355,172.71,167.53,7.38,07:26:00,1,panel_soiling
126.62289722585912,15.731320891616978,320.05,310.45,13.67,07:27:00,1,panel_soiling
128.55354070858536,15.742854231477262,324.84,315.09,13.88,07:28:00,1,panel_soiling
130.50636044524254,15.754541473209818,329.68,319.79,14.08,07:29:00,1,panel_soiling
132.48147438301635,15.766384164406752,334.57,324.54,14.29,07:30:00,1,panel_soiling
134.47899850855646,15.77838385954754,339.52,329.33,14.5,07:31:00,1,panel_soiling
55.80241428127416,15.790542119874722,142.24,137.97,6.08,07:32:00,1,panel_soiling
138.54173113252597,15.802860513266362,349.57,339.08,14.93,07:33:00,1,panel_soiling
140.60716129913249,15.815340614105297,354.67,344.03,15.15,07:34:00,1,panel_soiling
142.69544487718835,15.827984003145115,359.83,349.03,15.37,07:35:00,1,panel_soiling
144.8066872102384,15.840792267372862,365.04,354.09,15.59,07:36:00,1,panel_soiling
85.76345446873212,15.853766999868453,217.75,211.22,9.3,07:37:00,1,panel_soiling
96.53414186323813,15.866909799660766,244.77,237.42,10.46,07:38:00,1,panel_soiling
90.19613701406293,15.880222271580397,228.86,222.0,9.78,07:39:00,1,panel_soiling
153.4832693178243,15.893706026109076,386.42,374.83,16.51,07:40:00,1,panel_soiling
115.45321753525631,15.907362679225688,292.02,283.26,12.47,07:41:00,1,panel_soiling
112.72419436260205,15.921193852248924,285.19,276.64,12.18,07:42:00,1,panel_soiling
160.23658044241208,15.935201171676532,403.02,390.93,17.22,07:43:00,1,panel_soiling
162.53499733700562,15.949386269021115,408.66,396.4,17.46,07:44:00,1,panel_soiling
164.85721076242774,15.963750780642536,414.36,401.93,17.7,07:45:00,1,panel_soiling
167.20330048979872,15.978296347576833,420.11,407.51,17.95,07:46:00,1,panel_soiling
65.67370148042774,15.993024615361694,167.06,162.05,7.14,07:47:00,1,panel_soiling
171.96741349836844,16.007937233858442,431.78,418.83,18.44,07:48:00,1,panel_soiling
174.38558171083744,16.023035857070532,437.69,424.56,18.7,07:49:00,1,panel_soiling
176.8279159714923,16.038322142958545,443.66,430.35,18.95,07:50:00,1,panel_soiling
179.29448109161115,16.053797753251676,449.69,436.2,19.21,07:51:00,1,panel_soiling
181.78533871618157,16.06946435325567,455.77,442.09,19.47,07:52:00,1,panel_soiling
184.30054726592138,16.08532361165726,461.9,448.04,19.73,07:53:00,1,panel_soiling
186.84016187939707,16.101377200325047,468.09,454.05,19.99,07:54:00,1,panel_soiling
189.40423435525736,16.11762679410681,474.33,460.1,20.26,07:55:00,1,panel_soiling
134.08260079474698,16.134074070623296,338.06,327.92,14.44,07:56:00,1,panel_soiling
68.51350861018705,16.150720710058412,174.12,168.9,7.44,07:57:00,1,panel_soiling
105.71794998542516,16.167568394945864,267.44,259.42,11.42,07:58:00,1,panel_soiling
98.47124527479306,16.18461880995222,249.31,241.83,10.65,07:59:00,1,panel_soiling
202.59303658183094,16.201873641656377,506.37,491.17,21.63,08:00:00,1,panel_soiling
205.30474972898122,16.219334578325487,512.94,497.55,21.91,08:01:00,1,panel_soiling
208.0411849933907,16.237003309687246,519.56,503.97,22.19,08:02:00,1,panel_soiling
210.80236539585985,16.254881526698643,526.24,510.45,22.48,08:03:00,1,panel_soiling
213.58831010617936,16.2729709213111,532.97,516.98,22.77,08:04:00,1,panel_soiling
216.3990343877253,16.291273186232033,539.76,523.56,23.06,08:05:00,1,panel_soiling
219.23454954241473,16.309790014682832,546.6,530.2,23.35,08:06:00,1,panel_soiling
222.09486285604402,16.32852310015326,553.49,536.89,23.64,08:07:00,1,panel_soiling
224.97997754403397,16.34747413615227,560.44,543.62,23.94,08:08:00,1,panel_soiling
227.88989269760557,16.366644815955276,567.44,550.42,24.24,08:09:00,1,panel_soiling
230.82460323040885,16.386036832347802,574.49,557.26,24.54,08:10:00,1,panel_soiling
233.78409982563025,16.405651877365635,581.6,564.15,24.84,08:11:00,1,panel_soiling
236.76836888360077,16.425491642031385,588.76,571.09,25.15,08:12:00,1,panel_soiling
112.59707309474427,16.44555781608751,284.29,275.76,12.14,08:13:00,1,panel_soiling
242.81114826419486,16.465852087725818,603.23,585.14,25.77,08:14:00,1,panel_soiling
245.86960950918805,16.48637614331343,610.55,592.23,26.08,08:15:00,1,panel_soiling
98.22429973834183,16.50713166711524,248.38,240.93,10.61,08:16:00,1,panel_soiling
252.0605188384192,16.52812034101288,625.33,606.57,26.71,08:17:00,1,panel_soiling
255.19289077620905,16.549343844220196,632.8,613.82,27.03,08:18:00,1,panel_soiling
258.3498157747582,16.570803852995247,640.33,621.12,27.35,08:19:00,1,panel_soiling
261.53124415365033,16.592502040348855,647.9,628.46,27.68,08:20:00,1,panel_soiling
264.73712150466605,16.61444007574974,655.52,635.85,28.0,08:21:00,1,panel_soiling
267.9673886457452,16.63661962482621,663.19,643.3,28.33,08:22:00,1,panel_soiling
271.2219815757194,16.659042349064453,670.91,650.79,28.66,08:23:00,1,panel_soiling
274.50083142984016,16.681709905503467,678.68,658.32,28.99,08:24:00,1,panel_soiling
277.80386443612565,16.70462394642665,686.5,665.91,29.32,08:25:00,1,panel_soiling
192.957115268966,16.727786119050002,481.85,467.4,20.58,08:26:00,1,panel_soiling
284.48216002511816,16.751198065207085,702.29,681.22,30.0,08:27:00,1,panel_soiling
171.26187490824248,16.774861421030653,428.74,415.88,18.31,08:28:00,1,panel_soiling
291.25617841738233,16.798777816631056,718.26,696.71,30.68,08:29:00,1,panel_soiling
294.67884590436694,16.82294887577139,726.32,704.53,31.03,08:30:00,1,panel_soiling
298.1251485246552,16.847376215539494,734.42,712.39,31.37,08:31:00,1,panel_soiling
301.59497700736864,16.872061446016712,742.58,720.3,31.72,08:32:00,1,panel_soiling
111.65204443171548,16.897006169943573,281.44,273.0,12.02,08:33:00,1,panel_soiling
220.18753124772684,16.92221198238236,547.57,531.15,23.39,08:34:00,1,panel_soiling
312.14444635124835,16.947680470376586,767.3,744.28,32.78,08:35:00,1,panel_soiling
315.7071805736026,16.97341321260745,775.63,752.36,33.13,08:36:00,1,panel_soiling
319.29281525654,16.999411779047307,784.0,760.48,33.49,08:37:00,1,panel_soiling
322.90120927915984,17.025677730610155,792.42,768.64,33.85,08:38:00,1,panel_soiling
326.53221610192736,17.052212618799224,800.87,776.85,34.21,08:39:00,1,panel_soiling
330.1856837382304,17.07901798535167,809.37,785.09,34.57,08:40:00,1,panel_soiling
204.81645746771127,17.106095361880442,509.95,494.65,21.78,08:41:00,1,panel_soiling
243.04244499872462,17.133446269513335,602.18,584.12,25.72,08:42:00,1,panel_soiling
168.8802352899665,17.161072218529338,422.26,409.59,18.04,08:43:00,1,panel_soiling
345.02093054785615,17.1889747079922,843.78,818.47,36.04,08:44:00,1,panel_soiling
348.78422996735026,17.21715522538143,852.48,826.9,36.41,08:45:00,1,panel_soiling
113.71454508219325,17.2456152462206,286.17,277.59,12.22,08:46:00,1,panel_soiling
169.52812634077188,17.274356233703152,423.66,410.95,18.1,08:47:00,1,panel_soiling
280.2351216088252,17.303379638315675,690.64,669.92,29.5,08:48:00,1,panel_soiling
364.0498220622169,17.332686897458707,887.65,861.03,37.92,08:49:00,1,panel_soiling
367.918322351499,17.362279435065155,896.54,869.64,38.3,08:50:00,1,panel_soiling
371.8072452084003,17.39215866121636,905.46,878.29,38.68,08:51:00,1,panel_soiling
116.61714655144611,17.42232597175586,293.17,284.37,12.52,08:52:00,1,panel_soiling
379.645476485418,17.452782747900947,923.4,895.7,39.44,08:53:00,1,panel_soiling
383.5943295776442,17.483530355851993,932.42,904.45,39.83,08:54:00,1,panel_soiling
199.13552454118337,17.514570146399727,495.35,480.49,21.16,08:55:00,1,panel_soiling
118.93151153740274,17.545903454530396,298.76,289.79,12.76,08:56:00,1,panel_soiling
395.55698665239356,17.577531599028966,959.66,930.87,40.99,08:57:00,1,panel_soiling
399.58241264568716,17.6094558820804,968.81,939.74,41.38,08:58:00,1,panel_soiling
403.6263483097859,17.641677588869037,977.98,948.64,41.77,08:59:00,1,panel_soiling
248.10885849439663,17.674197987176218,613.02,594.63,26.19,09:00:00,1,panel_soiling
411.76868335759497,17.70701832697614,996.4,966.51,42.56,09:01:00,1,panel_soiling
304.62705599664935,17.74013984003009,747.14,724.72,31.91,09:02:00,1,panel_soiling
419.981803892991,17.773563739479062,1014.93,984.48,43.35,09:03:00,1,panel_soiling
424.11419994456367,17.80729121943487,1024.23,993.51,43.75,09:04:00,1,panel_soiling
428.2634304053773,17.841323454569793,1033.56,1002.55,44.15,09:05:00,1,panel_soiling
432.42919605927835,17.875661599704888,1042.91,1011.62,44.55,09:06:00,1,panel_soiling
246.47215976641195,17.91030678939698,608.52,590.27,25.99,09:07:00,1,panel_soiling
440.80910763495484,17.945260137524436,1061.67,1029.82,45.35,09:08:00,1,panel_soiling
352.35041129116644,17.980522736871794,858.14,832.4,36.66,09:09:00,1,panel_soiling
449.2514273466436,18.01609565871337,1080.52,1048.1,46.15,09:10:00,1,panel_soiling
453.4951819910512,18.05197995239581,1089.97,1057.27,46.56,09:11:00,1,panel_soiling
457.753557509965,18.088176644919827,1099.44,1066.45,46.96,09:12:00,1,panel_soiling
462.026215173188,18.124686740521053,1108.92,1075.65,47.37,09:13:00,1,panel_soiling
237.1014055640207,18.161511220250205,585.49,567.92,25.01,09:14:00,1,panel_soiling
470.6129942073287,18.198651041552566,1127.94,1094.1,48.18,09:15:00,1,panel_soiling
474.92641039024693,18.23610713784695,1137.46,1103.34,48.59,09:16:00,1,panel_soiling
479.2526983968656,18.273880418104152,1147.0,1112.59,49.0,09:17:00,1,panel_soiling
483.59149193556675,18.311971766425046,1156.56,1121.86,49.4,09:18:00,1,panel_soiling
487.9424192918211,18.350382041618357,1166.12,1131.14,49.81,09:19:00,1,panel_soiling
492.3051033621824,18.389112076778268,1175.69,1140.42,50.22,09:20:00,1,panel_soiling
496.6791616900941,18.428162678861888,1185.28,1149.72,50.63,09:21:00,1,panel_soiling
501.0642065035132,18.46753462826671,1194.87,1159.02,51.04,09:22:00,1,panel_soiling
222.39771873700138,18.507228678408147,549.43,532.94,23.47,09:23:00,1,panel_soiling
509.86567815975826,18.547245555297252,1214.06,1177.64,51.86,09:24:00,1,panel_soiling
514.2813032451821,18.587585957118677,1223.67,1186.96,52.27,09:25:00,1,panel_soiling
518.7063113893224,18.628250553809035,1233.28,1196.28,52.68,09:26:00,1,panel_soiling
259.01874453702857,18.6692399866357,636.55,617.45,27.19,09:27:00,1,panel_soiling
527.5828169170493,18.710554867776175,1252.51,1214.93,53.5,09:28:00,1,panel_soiling
342.92614718853895,18.752195779898152,833.57,808.56,35.61,09:29:00,1,panel_soiling
536.4918246594164,18.794163275740285,1271.73,1233.58,54.32,09:30:00,1,panel_soiling
540.957442015674,18.836457877693896,1281.34,1242.9,54.73,09:31:00,1,panel_soiling
545.4298853666646,18.879080077385602,1290.95,1252.22,55.14,09:32:00,1,panel_soiling
377.5485360493142,18.922030335261045,913.05,885.66,39.0,09:33:00,1,panel_soiling
554.3934723816567,18.96530908016979,1310.16,1270.85,55.96,09:34:00,1,panel_soiling
558.8837154672156,19.008916708951528,1319.75,1280.16,56.37,09:35:00,1,panel_soiling
259.0310734496202,19.05285358602366,635.59,616.53,27.15,09:36:00,1,panel_soiling
567.8788147762631,19.097120042970367,1338.92,1298.75,57.19,09:37:00,1,panel_soiling
572.3827430362865,19.141716378133346,1348.49,1308.03,57.6,09:38:00,1,panel_soiling
576.8902976834866,19.18664285620421,1358.04,1317.3,58.01,09:39:00,1,panel_soiling
581.4010037793695,19.23189970781872,1367.59,1326.56,58.42,09:40:00,1,panel_soiling
585.9143821306184,19.27748712915301,1377.12,1335.81,58.82,09:41:00,1,panel_soiling
233.1935190762194,19.323405281521804,573.44,556.23,24.49,09:42:00,1,panel_soiling
594.9472179962513,19.369654290978843,1396.15,1354.27,59.64,09:43:00,1,panel_soiling
312.624342571896,19.416234247919544,760.79,737.97,32.5,09:44:00,1,panel_soiling
603.9848894844761,19.463145206686093,1415.11,1372.66,60.45,09:45:00,1,panel_soiling
234.36859868827173,19.51038718517501,575.81,558.53,24.6,09:46:00,1,panel_soiling
613.0234176242346,19.55796016444736,1434.0,1390.98,61.25,09:47:00,1,panel_soiling
617.5417428752353,19.605864088341654,1443.41,1400.11,61.66,09:48:00,1,panel_soiling
622.0587628777321,19.654098863089672,1452.8,1409.22,62.06,09:49:00,1,panel_soiling
354.43282998342215,19.70266435693516,856.94,831.24,36.6,09:50:00,1,panel_soiling
631.0868278560588,19.75156039975567,1471.52,1427.37,62.86,09:51:00,1,panel_soiling
210.86514072462606,19.800786782687616,518.99,503.42,22.17,09:52:00,1,panel_soiling
640.1034601399708,19.850343257754552,1490.13,1445.42,63.65,09:53:00,1,panel_soiling
277.53163950412943,19.900229537499,677.07,656.76,28.92,09:54:00,1,panel_soiling
649.1044552035886,19.950445294617744,1508.63,1463.37,64.44,09:55:00,1,panel_soiling
394.24436540471856,20.00099016160081,947.18,918.76,40.46,09:56:00,1,panel_soiling
215.05324627222808,20.051863730374297,528.48,512.63,22.57,09:57:00,1,panel_soiling
662.5673105880908,20.103065551946997,1536.16,1490.08,65.62,09:58:00,1,panel_soiling
427.83387873712087,20.154595136061168,1022.78,992.1,43.69,09:59:00,1,panel_soiling
395.5226863367797,20.206451950847345,949.29,920.81,40.55,10:00:00,1,panel_soiling
453.2034924404456,20.258635422483486,1079.41,1047.03,46.11,10:01:00,1,panel_soiling
501.07520094342254,20.311144934858476,1185.74,1150.17,50.65,10:02:00,1,panel_soiling
245.9626389447229,20.363979829240108,601.33,583.29,25.69,10:03:00,1,panel_soiling
689.300332247158,20.417139403947733,1590.3,1542.59,67.93,10:04:00,1,panel_soiling
693.7244555095001,20.470622914029633,1599.19,1551.21,68.31,10:05:00,1,panel_soiling
698.1381335812476,20.52442957094523,1608.04,1559.8,68.69,10:06:00,1,panel_soiling
328.9151681423682,20.5785585422523,794.99,771.14,33.96,10:07:00,1,panel_soiling
706.9319160763037,20.63300895129929,1625.61,1576.84,69.44,10:08:00,1,panel_soiling
711.3108973280665,20.68777987692284,1634.33,1585.3,69.81,10:09:00,1,panel_soiling
715.6771872762392,20.74287035315063,1643.0,1593.71,70.18,10:10:00,1,panel_soiling
720.030220721546,20.79827936890971,1651.63,1602.08,70.55,10:11:00,1,panel_soiling
724.3694312303437,20.854005867740398,1660.21,1610.41,70.92,10:12:00,1,panel_soiling
728.6942512535417,20.910048747515834,1668.75,1618.68,71.28,10:13:00,1,panel_soiling
733.0041122465519,20.96640686016739,1677.23,1626.91,71.64,10:14:00,1,panel_soiling
737.2984447902363,21.023079011415977,1685.66,1635.09,72.0,10:15:00,1,panel_soiling
741.5766787128165,21.080063960509413,1694.04,1643.22,72.36,10:16:00,1,panel_soiling
745.8382432127121,21.137360419965923,1702.37,1651.3,72.72,10:17:00,1,panel_soiling
750.0825669822701,21.194967055323943,1710.65,1659.33,73.07,10:18:00,1,panel_soiling
754.3090783323498,21.252882484898308,1718.87,1667.3,73.42,10:19:00,1,panel_soiling
436.9303626721842,21.31110527954292,1038.3,1007.15,44.35,10:20:00,1,panel_soiling
232.46581137494695,21.36963396242008,566.99,549.98,24.22,10:21:00,1,panel_soiling
766.8760178909222,21.428467008776515,1743.19,1690.89,74.46,10:22:00,1,panel_soiling
514.6383893372575,21.48760284572624,1209.69,1173.4,51.67,10:23:00,1,panel_soiling
775.1544288317358,21.54703985204045,1759.11,1706.34,75.14,10:24:00,1,panel_soiling
510.725836996903,21.60677635794438,1200.51,1164.49,51.28,10:25:00,1,panel_soiling
783.3478663225492,21.666810644921437,1774.79,1721.55,75.81,10:26:00,1,panel_soiling
556.2888069155414,21.727140945524546,1299.1,1260.13,55.49,10:27:00,1,panel_soiling
541.1941878404187,21.787765443194942,1266.05,1228.07,54.08,10:28:00,1,panel_soiling
475.8728648529501,21.848682272088453,1122.57,1088.89,47.95,10:29:00,1,panel_soiling
799.4615787880382,21.909889516909374,1805.39,1751.23,77.12,10:30:00,1,panel_soiling
803.4297838210505,21.9713852127521,1812.88,1758.49,77.44,10:31:00,1,panel_soiling
807.3727677700327,22.033167344950545,1820.3,1765.69,77.75,10:32:00,1,panel_soiling
571.3160307203625,22.095233848935504,1329.46,1289.57,56.79,10:33:00,1,panel_soiling
334.85802391488966,22.157582610100025,803.51,779.4,34.32,10:34:00,1,panel_soiling
819.0447654645333,22.220211463672953,1842.14,1786.87,78.69,10:35:00,1,panel_soiling
301.22696738678206,22.283118194600647,725.57,703.8,30.99,10:36:00,1,panel_soiling
826.6897041794192,22.34630053743706,1856.34,1800.65,79.29,10:37:00,1,panel_soiling
340.36584261801335,22.409756176242247,815.29,790.83,34.83,10:38:00,1,panel_soiling
834.2203398192602,22.473482744489377,1870.26,1814.15,79.89,10:39:00,1,panel_soiling
837.9414150619257,22.537477824980364,1877.11,1820.79,80.18,10:40:00,1,panel_soiling
665.3312516809657,22.601738949770215,1525.54,1479.78,65.16,10:41:00,1,panel_soiling
845.2923439213483,22.666263600100194,1890.57,1833.86,80.76,10:42:00,1,panel_soiling
378.4289212403423,22.731049206339833,900.81,873.78,38.48,10:43:00,1,panel_soiling
852.5180266168738,22.796093147937967,1903.73,1846.62,81.32,10:44:00,1,panel_soiling
675.9618240085086,22.861392753382823,1545.96,1499.58,66.04,10:45:00,1,panel_soiling
859.6141632608939,22.926945300171255,1916.58,1859.08,81.87,10:46:00,1,panel_soiling
863.1123218097141,22.992748014787217,1922.88,1865.2,82.14,10:47:00,1,panel_soiling
339.16662622390066,23.058798072689566,810.37,786.06,34.62,10:48:00,1,panel_soiling
413.2860820531547,23.12509259830926,977.71,948.38,41.76,10:49:00,1,panel_soiling
369.3126643222729,23.19162866505601,878.46,852.11,37.52,10:50:00,1,panel_soiling
876.7599905715738,23.25840329533456,1947.28,1888.86,83.18,10:51:00,1,panel_soiling
880.0830817746802,23.325413460570484,1953.17,1894.58,83.43,10:52:00,1,panel_soiling
883.369622451476,23.392656081245796,1958.98,1900.21,83.68,10:53:00,1,panel_soiling
886.6191097579087,23.46012802694426,1964.7,1905.76,83.92,10:54:00,1,panel_soiling
345.1042260546094,23.527826116406594,822.32,797.65,35.13,10:55:00,1,panel_soiling
893.0049346688874,23.59574711759553,1975.89,1916.61,84.4,10:56:00,1,panel_soiling
896.1402887511625,23.66388774777092,1981.35,1921.91,84.63,10:57:00,1,panel_soiling
899.2366226702885,23.73224467357481,1986.73,1927.13,84.86,10:58:00,1,panel_soiling
902.2934565032202,23.80081451112666,1992.02,1932.26,85.09,10:59:00,1,panel_soiling
573.6282585529375,23.869593826128714,1324.35,1284.62,56.57,11:00:00,1,panel_soiling
908.2867291349012,23.938579133981563,2002.32,1942.25,85.53,11:01:00,1,panel_soiling
489.5776263681096,24.007766899910017,1142.36,1108.09,48.8,11:02:00,1,panel_soiling
381.584712998623,24.077153539099253,902.86,875.78,38.57,11:03:00,1,panel_soiling
916.9686810265891,24.146735416841377,2017.11,1956.6,86.16,11:04:00,1,panel_soiling
651.6203879796743,24.216508848692378,1486.45,1441.86,63.49,11:05:00,1,panel_soiling
922.5460494376166,24.286470100639562,2026.51,1965.72,86.56,11:06:00,1,panel_soiling
925.270225914574,24.35661538927947,2031.07,1970.14,86.76,11:07:00,1,panel_soiling
480.5761370797625,24.42694088200637,1120.7,1087.08,47.87,11:08:00,1,panel_soiling
930.5874086965517,24.497442697211333,2039.92,1978.72,87.14,11:09:00,1,panel_soiling
933.1795712530879,24.568116904491916,2044.2,1982.87,87.32,11:10:00,1,panel_soiling
935.7268957579456,24.63895952487248,2048.38,1986.93,87.5,11:11:00,1,panel_soiling
938.228976007011,24.709966531035256,2052.48,1990.9,87.67,11:12:00,1,panel_soiling
940.6854122598348,24.781133847562064,2056.47,1994.78,87.84,11:13:00,1,panel_soiling
943.0958113459833,24.85245735118679,2060.37,1998.56,88.01,11:14:00,1,panel_soiling
945.4597867698445,24.923932871058618,2064.18,2002.25,88.17,11:15:00,1,panel_soiling
947.7769588138444,24.995556189016067,2067.88,2005.85,88.33,11:16:00,1,panel_soiling
415.0313581597889,25.0673230398718,973.64,944.43,41.59,11:17:00,1,panel_soiling
952.269408390037,25.139229111708232,2075.01,2012.76,88.64,11:18:00,1,panel_soiling
954.4439612832326,25.21127004618401,2078.42,2016.07,88.78,11:19:00,1,panel_soiling
956.5702617132849,25.28344143885129,2081.74,2019.29,88.92,11:20:00,1,panel_soiling
958.6479653428337,25.355738839483877,2084.96,2022.41,89.06,11:21:00,1,panel_soiling
960.676735196399,25.42815775241617,2088.08,2025.44,89.19,11:22:00,1,panel_soiling
467.61091356133346,25.500693636892994,1087.37,1054.75,46.45,11:23:00,1,panel_soiling
964.5861630275224,25.573341907430276,2094.02,2031.2,89.45,11:24:00,1,panel_soiling
966.4661846735949,25.646097934186525,2096.85,2033.94,89.57,11:25:00,1,panel_soiling
968.2960000532905,25.718957043345167,2099.57,2036.58,89.68,11:26:00,1,panel_soiling
970.0753103282686,25.7919145175077,2102.19,2039.13,89.8,11:27:00,1,panel_soiling
494.8886424776298,25.864965596097637,1144.84,1110.5,48.9,11:28:00,1,panel_soiling
356.6228988445617,25.938105475775295,839.98,814.78,35.88,11:29:00,1,panel_soiling
975.1073408053733,26.01132931086326,2109.46,2046.18,90.11,11:30:00,1,panel_soiling
976.681801041862,26.084632213782708,2111.68,2048.33,90.2,11:31:00,1,panel_soiling
390.85145813337385,26.158009255500367,915.61,888.15,39.11,11:32:00,1,panel_soiling
979.6748324446512,26.231455465986244,2115.82,2052.35,90.38,11:33:00,1,panel_soiling
457.2199923182309,26.30496583468193,1061.04,1029.21,45.32,11:34:00,1,panel_soiling
982.4583840046782,26.37853531097965,2119.56,2055.97,90.54,11:35:00,1,panel_soiling
749.634609086396,26.45215880471181,1670.71,1620.59,71.37,11:36:00,1,panel_soiling
666.5534806433875,26.525831186651157,1502.2,1457.13,64.17,11:37:00,1,panel_soiling
986.2369583083124,26.59954728902141,2124.4,2060.67,90.75,11:38:00,1,panel_soiling
387.13322514523685,26.673301906018388,905.37,878.21,38.67,11:39:00,1,panel_soiling
988.4890777318394,26.74708979434157,2127.12,2063.31,90.86,11:40:00,1,panel_soiling
989.5344859672108,26.82090567373595,2128.33,2064.48,90.91,11:41:00,1,panel_soiling
468.3580374507229,26.89474422754427,1082.54,1050.06,46.24,11:42:00,1,panel_soiling
991.4631330124002,26.968600103269488,2130.43,2066.52,91.0,11:43:00,1,panel_soiling
992.3460517754712,27.042467913147416,2131.33,2067.39,91.04,11:44:00,1,panel_soiling
993.1745021843234,27.116342234729508,2132.13,2068.17,91.08,11:45:00,1,panel_soiling
993.9483465526456,27.190217611475695,2132.83,2068.84,91.11,11:46:00,1,panel_soiling
627.1575933631153,27.264088553357205,1416.47,1373.98,60.51,11:47:00,1,panel_soiling
995.331711487765,27.337949537469314,2133.92,2069.9,91.15,11:48:00,1,panel_soiling
995.9410018517483,27.411795008653925,2134.31,2070.28,91.17,11:49:00,1,panel_soiling
996.495225833418,27.485619380131915,2134.59,2070.56,91.18,11:50:00,1,panel_soiling
996.9942911077802,27.559417034145138,2134.78,2070.74,91.19,11:51:00,1,panel_soiling
685.8330929648318,27.633182322608057,1534.04,1488.02,65.53,11:52:00,1,panel_soiling
997.8266220538387,27.706909567768854,2134.85,2070.8,91.19,11:53:00,1,panel_soiling
998.1597489615283,27.780593062879944,2134.73,2070.69,91.19,11:54:00,1,panel_soiling
998.437439672454,27.854227072877848,2134.51,2070.48,91.18,11:55:00,1,panel_soiling
568.1410625222254,27.927805835072235,1289.82,1251.13,55.1,11:56:00,1,panel_soiling
998.8263364597852,28.00132355984413,2133.77,2069.75,91.15,11:57:00,1,panel_soiling
615.9746520761043,28.074774431353106,1388.4,1346.75,59.31,11:58:00,1,panel_soiling
339.15100093984165,28.14815260825341,793.24,769.45,33.88,11:59:00,1,panel_soiling
390.5468568873622,28.221452224418883,906.96,879.75,38.74,12:00:00,1,panel_soiling
998.9374776473946,28.294667389676547,2131.07,2067.14,91.03,12:01:00,1,panel_soiling
998.8263364597852,28.367792190548823,2130.14,2066.24,90.99,12:02:00,1,panel_soiling
998.6596478632579,28.44082069100414,2129.12,2065.24,90.95,12:03:00,1,panel_soiling
546.4441982838222,28.51374693321595,1241.06,1203.83,53.01,12:04:00,1,panel_soiling
998.1597489615284,28.586564938329857,2126.77,2062.96,90.85,12:05:00,1,panel_soiling
997.8266220538387,28.659268707238972,2125.44,2061.68,90.79,12:06:00,1,panel_soiling
997.4381145090681,28.73185222136709,2124.02,2060.3,90.73,12:07:00,1,panel_soiling
784.0744699492018,28.804309443459772,1720.86,1669.23,73.51,12:08:00,1,panel_soiling
996.495225833418,28.876634318383086,2120.87,2057.25,90.59,12:09:00,1,panel_soiling
735.9636252922948,28.94882077392993,1625.17,1576.41,69.42,12:10:00,1,panel_soiling
395.1401669613049,29.020862721633748,913.94,886.52,39.04,12:11:00,1,panel_soiling
994.6674562000562,29.092754057589502,2115.42,2051.95,90.36,12:12:00,1,panel_soiling
993.9483465526457,29.164488663281798,2113.4,2050.0,90.28,12:13:00,1,panel_soiling
993.1745021843235,29.236060406419995,2111.29,2047.95,90.19,12:14:00,1,panel_soiling
383.47986798671843,29.307463141780104,887.26,860.65,37.9,12:15:00,1,panel_soiling
991.4631330124002,29.378690712053398,2106.78,2043.57,89.99,12:16:00,1,panel_soiling
460.8666620227553,29.44973694870151,1054.63,1022.99,45.05,12:17:00,1,panel_soiling
989.5344859672109,29.520595672817926,2101.88,2038.82,89.78,12:18:00,1,panel_soiling
988.4890777318395,29.59126069599565,2099.29,2036.31,89.67,12:19:00,1,panel_soiling
987.3898411472302,29.661725821200914,2096.6,2033.7,89.56,12:20:00,1,panel_soiling
459.7324697231595,29.731984843652764,1050.91,1019.39,44.89,12:21:00,1,panel_soiling
985.0306200505427,29.80203155170834,2090.94,2028.21,89.32,12:22:00,1,panel_soiling
983.7710258972579,29.871859727753705,2087.97,2025.33,89.19,12:23:00,1,panel_soiling
624.8106976823284,29.941463149100038,1395.06,1353.21,59.59,12:24:00,1,panel_soiling
981.0929111045789,30.01083558888498,2081.75,2019.3,88.92,12:25:00,1,panel_soiling
979.6748324446513,30.079970816979046,2078.5,2016.14,88.78,12:26:00,1,panel_soiling
725.7631555928087,30.148862600896805,1596.31,1548.42,68.19,12:27:00,1,panel_soiling
976.6818010418622,30.217504706712788,2071.72,2009.57,88.49,12:28:00,1,panel_soiling
975.1073408053735,30.285890899981773,2068.2,2006.15,88.34,12:29:00,1,panel_soiling
973.4812596867457,30.354014946663455,2064.58,2002.65,88.19,12:30:00,1,panel_soiling
436.71517527508075,30.421870614051127,998.42,968.47,42.65,12:31:00,1,panel_soiling
454.04167406647457,30.48945167170432,1035.3,1004.24,44.22,12:32:00,1,panel_soiling
968.2960000532906,30.556751892385133,2053.2,1991.6,87.7,12:33:00,1,panel_soiling
550.2557984353431,30.623765052998113,1237.57,1200.45,52.86,12:34:00,1,panel_soiling
964.5861630275226,30.690484935533448,2045.16,1983.8,87.36,12:35:00,1,panel_soiling
962.6562417514388,30.7569053280133,2041.01,1979.78,87.18,12:36:00,1,panel_soiling
960.6767351963992,30.823020025441075,2036.77,1975.67,87.0,12:37:00,1,panel_soiling
958.6479653428338,30.888822830753444,2032.45,1971.47,86.82,12:38:00,1,panel_soiling
956.5702617132853,30.954307555774875,2028.04,1967.2,86.63,12:39:00,1,panel_soiling
954.4439612832329,31.019468022174536,2023.54,1962.84,86.44,12:40:00,1,panel_soiling
952.2694083900373,31.084298062425294,2018.96,1958.39,86.24,12:41:00,1,panel_soiling
325.07573523256474,31.148791520764668,752.08,729.52,32.13,12:42:00,1,panel_soiling
947.7769588138448,31.212942254157497,2009.55,1949.26,85.84,12:43:00,1,panel_soiling
477.1299638376283,31.276744133260113,1080.82,1048.39,46.17,12:44:00,1,panel_soiling
943.0958113459835,31.34019104338581,1999.8,1939.8,85.42,12:45:00,1,panel_soiling
940.6854122598351,31.403276885471445,1994.8,1934.96,85.21,12:46:00,1,panel_soiling
938.2289760070114,31.465995577044875,1989.72,1930.03,84.99,12:47:00,1,panel_soiling
935.7268957579458,31.528341053193095,1984.56,1925.03,84.77,12:48:00,1,panel_soiling
933.1795712530883,31.590307267530825,1979.32,1919.94,84.55,12:49:00,1,panel_soiling
930.587408696552,31.651888193169334,1974.0,1914.78,84.32,12:50:00,1,panel_soiling
927.9508206482519,31.7130778236853,1968.61,1909.55,84.09,12:51:00,1,panel_soiling
925.2702259145743,31.77387017408948,1963.13,1904.24,83.86,12:52:00,1,panel_soiling
543.8468145612154,31.834259281794978,1217.72,1181.19,52.02,12:53:00,1,panel_soiling
919.7787221830429,31.89423920758488,1951.95,1893.39,83.38,12:54:00,1,panel_soiling
650.1872662355378,31.95380403657906,1433.67,1390.66,61.24,12:55:00,1,panel_soiling
535.142417861524,32.012947879199935,1198.73,1162.76,51.2,12:56:00,1,panel_soiling
372.2566382651236,32.07166487213691,852.4,826.83,36.41,12:57:00,1,panel_soiling
908.2867291349015,32.12994917930938,1928.67,1870.81,82.38,12:58:00,1,panel_soiling
905.3103152856839,32.187794992827946,1922.66,1864.98,82.13,12:59:00,1,panel_soiling
902.2934565032206,32.24519653395377,1916.58,1859.09,81.87,13:00:00,1,panel_soiling
899.2366226702889,32.302148054055706,1910.43,1853.12,81.61,13:01:00,1,panel_soiling
602.8624499941046,32.35864383556509,1335.73,1295.65,57.06,13:02:00,1,panel_soiling
893.0049346688877,32.41467819292794,1897.92,1840.98,81.07,13:03:00,1,panel_soiling
889.8310451815955,32.47024547355426,1891.56,1834.81,80.8,13:04:00,1,panel_soiling
886.6191097579091,32.52534005876446,1885.13,1828.58,80.52,13:05:00,1,panel_soiling
883.3696224514763,32.579956364732325,1878.63,1822.27,80.25,13:06:00,1,panel_soiling
676.2124816120761,32.63408884342465,1481.05,1436.62,63.26,13:07:00,1,panel_soiling
404.7705000367045,32.68773198353706,920.31,892.7,39.31,13:08:00,1,panel_soiling
873.4008558900764,32.74088031142607,1858.73,1802.97,79.4,13:09:00,1,panel_soiling
870.0061888534851,32.793528392036755,1851.97,1796.41,79.11,13:10:00,1,panel_soiling
866.5765045313441,32.84567082982633,1845.14,1789.79,78.82,13:11:00,1,panel_soiling
445.2193263252417,32.89730226968295,1005.78,975.61,42.96,13:12:00,1,panel_soiling
859.6141632608942,32.948417397839805,1831.29,1776.36,78.22,13:13:00,1,panel_soiling
856.0825550126309,32.999010942784146,1824.28,1769.55,77.93,13:14:00,1,panel_soiling
852.5180266168742,33.04907767616117,1817.2,1762.68,77.62,13:15:00,1,panel_soiling
848.9211109181141,33.09861241367233,1810.06,1755.76,77.32,13:16:00,1,panel_soiling
845.2923439213488,33.14761001596807,1802.86,1748.78,77.01,13:17:00,1,panel_soiling
841.6322646597295,33.19606538953465,1795.6,1741.74,76.7,13:18:00,1,panel_soiling
837.9414150619261,33.24397348757489,1788.29,1734.64,76.39,13:19:00,1,panel_soiling
303.1829994085732,33.29132931088256,697.05,676.14,29.78,13:20:00,1,panel_soiling
830.4695862526521,33.338127908710334,1773.49,1720.28,75.76,13:21:00,1,panel_soiling
826.6897041794196,33.384364379630924,1766.01,1713.03,75.44,13:22:00,1,panel_soiling
631.3053648225249,33.43003387239136,1386.49,1344.9,59.22,13:23:00,1,panel_soiling
819.0447654645336,33.475131586760064,1750.88,1698.35,74.79,13:24:00,1,panel_soiling
815.180819739642,33.5196527743666,1743.23,1690.93,74.46,13:25:00,1,panel_soiling
436.2260751546524,33.56359273953384,983.8,954.29,42.02,13:26:00,1,panel_soiling
807.3727677700332,33.60694684010241,1727.79,1675.95,73.8,13:27:00,1,panel_soiling
803.4297838210509,33.64971048824713,1719.99,1668.39,73.47,13:28:00,1,panel_soiling
799.4615787880387,33.691879151285306,1712.14,1660.78,73.14,13:29:00,1,panel_soiling
795.4687176620529,33.73344835247667,1704.24,1653.12,72.8,13:30:00,1,panel_soiling
791.4517667327159,33.77441367181473,1696.3,1645.41,72.46,13:31:00,1,panel_soiling
787.4112934560329,33.81477074680936,1688.31,1637.66,72.12,13:32:00,1,panel_soiling
783.3478663225496,33.8545152732605,1680.27,1629.87,71.77,13:33:00,1,panel_soiling
779.2620547258933,33.89364300602264,1672.19,1622.03,71.43,13:34:00,1,panel_soiling
438.51493578685364,33.93214975975998,987.06,957.44,42.16,13:35:00,1,panel_soiling
522.2868244460096,33.97003140969214,1161.89,1127.03,49.63,13:36:00,1,panel_soiling
766.8760178909226,34.00728389233004,1647.69,1598.26,70.38,13:37:00,1,panel_soiling
494.0551788185568,34.043903206202025,1103.04,1069.94,47.12,13:38:00,1,panel_soiling
758.5172053177279,34.079885412569816,1631.15,1582.21,69.68,13:39:00,1,panel_soiling
754.3090783323503,34.11522663613424,1622.82,1574.13,69.32,13:40:00,1,panel_soiling
750.0825669822705,34.149923065730555,1614.45,1566.01,68.96,13:41:00,1,panel_soiling
745.8382432127125,34.18397095501315,1606.04,1557.86,68.6,13:42:00,1,panel_soiling
741.5766787128169,34.21736662312946,1597.6,1549.67,68.24,13:43:00,1,panel_soiling
737.2984447902368,34.25010645538296,1589.12,1541.44,67.88,13:44:00,1,panel_soiling
733.0041122465524,34.282186903885034,1580.6,1533.18,67.52,13:45:00,1,panel_soiling
728.6942512535421,34.31360448819556,1572.05,1524.89,67.15,13:46:00,1,panel_soiling
724.3694312303442,34.34435579595208,1563.47,1516.57,66.78,13:47:00,1,panel_soiling
720.0302207215464,34.37443748348735,1554.86,1508.21,66.42,13:48:00,1,panel_soiling
715.6771872762398,34.40384627643513,1546.21,1499.83,66.05,13:49:00,1,panel_soiling
711.310897328067,34.43257897032413,1537.54,1491.41,65.68,13:50:00,1,panel_soiling
706.9319160763041,34.46063243115976,1528.83,1482.97,65.31,13:51:00,1,panel_soiling
702.5408073680059,34.488003595993845,1520.1,1474.5,64.93,13:52:00,1,panel_soiling
265.4318179744847,34.51468947348188,610.14,591.84,26.06,13:53:00,1,panel_soiling
693.7244555095006,34.54068714442777,1502.56,1457.48,64.18,13:54:00,1,panel_soiling
420.31845482911933,34.56599376231607,945.83,917.45,40.4,13:55:00,1,panel_soiling
456.9747056776664,34.59060655383128,1023.02,992.33,43.7,13:56:00,1,panel_soiling
680.4229773544721,34.6145228193644,1476.05,1431.77,63.05,13:57:00,1,panel_soiling
437.95298190848234,34.63773993350637,982.81,953.32,41.98,13:58:00,1,panel_soiling
671.5105034031823,34.66025534552833,1458.26,1414.51,62.29,13:59:00,1,panel_soiling
667.0424732761622,34.682066579848694,1449.34,1405.86,61.91,14:00:00,1,panel_soiling
248.7640665928532,34.70317123648674,572.65,555.47,24.46,14:01:00,1,panel_soiling
455.66077083239577,34.72356699150273,1019.66,989.07,43.56,14:02:00,1,panel_soiling
653.5977613577545,34.74325159742436,1422.45,1379.77,60.76,14:03:00,1,panel_soiling
649.1044552035889,34.76222288365954,1413.45,1371.05,60.38,14:04:00,1,panel_soiling
644.606177060583,34.78047875689527,1404.43,1362.3,59.99,14:05:00,1,panel_soiling
416.6988743892916,34.79801720148257,937.19,909.07,40.03,14:06:00,1,panel_soiling
440.3236987887536,34.81483627980742,987.03,957.42,42.16,14:07:00,1,panel_soiling
244.51825841174,34.8309341326475,562.89,546.0,24.04,14:08:00,1,panel_soiling
311.026876711565,34.8463089795147,709.54,688.26,30.31,14:09:00,1,panel_soiling
622.0587628777326,34.86095911898339,1359.15,1318.38,58.06,14:10:00,1,panel_soiling
297.0783720815298,34.874882929004116,678.92,658.55,29.0,14:11:00,1,panel_soiling
613.0234176242351,34.88807886720304,1340.96,1300.73,57.28,14:12:00,1,panel_soiling
608.5042975557984,34.90054547116658,1331.85,1291.9,56.89,14:13:00,1,panel_soiling
603.9848894844766,34.91228135871158,1322.73,1283.05,56.5,14:14:00,1,panel_soiling
599.4656965226029,34.9232852281407,1313.61,1274.2,56.11,14:15:00,1,panel_soiling
594.9472179962518,34.93355585848302,1304.48,1265.34,55.72,14:16:00,1,panel_soiling
590.4299493628733,34.94309210971986,1295.34,1256.48,55.33,14:17:00,1,panel_soiling
585.9143821306188,34.95189292299568,1286.2,1247.62,54.94,14:18:00,1,panel_soiling
581.40100377937,34.95995732081401,1277.06,1238.75,54.55,14:19:00,1,panel_soiling
576.8902976834871,34.96728440721837,1267.92,1229.88,54.16,14:20:00,1,panel_soiling
572.3827430362869,34.97387336795825,1258.77,1221.01,53.77,14:21:00,1,panel_soiling
567.8788147762637,34.979723470639826,1249.62,1212.14,53.38,14:22:00,1,panel_soiling
563.3789835150623,34.9848340648617,1240.48,1203.26,52.99,14:23:00,1,panel_soiling
558.8837154672161,34.989204582335404,1231.33,1194.39,52.6,14:24:00,1,panel_soiling
554.393472381657,34.9928345369907,1222.19,1185.53,52.21,14:25:00,1,panel_soiling
549.9087114750082,34.99572352506571,1213.05,1176.66,51.82,14:26:00,1,panel_soiling
545.4298853666651,34.99787122518174,1203.92,1167.8,51.43,14:27:00,1,panel_soiling
540.9574420156745,34.99927739840285,1194.78,1158.94,51.04,14:28:00,1,panel_soiling
536.4918246594168,34.99994188828021,1185.66,1150.09,50.65,14:29:00,1,panel_soiling
401.9450283335818,34.999864620881056,905.04,877.89,38.66,14:30:00,1,panel_soiling
177.60393378611525,34.99904560480244,412.23,399.86,17.61,14:31:00,1,panel_soiling
523.1402888708632,34.9974849311696,1158.33,1123.58,49.48,14:32:00,1,panel_soiling
518.7063113893229,34.99518277361909,1149.23,1114.75,49.09,14:33:00,1,panel_soiling
390.5695079384334,34.99213938826658,880.83,854.41,37.63,14:34:00,1,panel_soiling
509.8656781597587,34.98835511365934,1131.07,1097.14,48.31,14:35:00,1,panel_soiling
505.4598447543552,34.98383037071352,1122.01,1088.35,47.93,14:36:00,1,panel_soiling
501.0642065035138,34.97856566263607,1112.96,1079.57,47.54,14:37:00,1,panel_soiling
496.67916169009453,34.972561574831545,1103.92,1070.81,47.15,14:38:00,1,panel_soiling
168.83155911147233,34.965818774793505,392.38,380.61,16.76,14:39:00,1,panel_soiling
352.11397202447125,34.95833801198094,798.41,774.46,34.1,14:40:00,1,panel_soiling
287.7422586459177,34.95012011767941,658.2,638.46,28.12,14:41:00,1,panel_soiling
479.25269839686604,34.94116600484704,1067.93,1035.89,45.62,14:42:00,1,panel_soiling
474.9264103902474,34.931476667945546,1058.97,1027.2,45.23,14:43:00,1,panel_soiling
470.61299420732917,34.921053182756104,1050.02,1018.52,44.85,14:44:00,1,panel_soiling
466.3128106846308,34.90989670618035,1041.1,1009.87,44.47,14:45:00,1,panel_soiling
462.02621517318846,34.898008476026284,1032.2,1001.23,44.09,14:46:00,1,panel_soiling
457.75355750996545,34.88538981077949,1023.32,992.62,43.71,14:47:00,1,panel_soiling
453.4951819910517,34.87204210935934,1014.45,984.02,43.33,14:48:00,1,panel_soiling
449.25142734664405,34.85796685086056,1005.61,975.44,42.96,14:49:00,1,panel_soiling
445.0226267178,34.84316559428005,996.79,966.89,42.58,14:50:00,1,panel_soiling
440.8091076349553,34.82763997822912,988.0,958.36,42.2,14:51:00,1,panel_soiling
436.6111919981965,34.81139172063112,979.23,949.85,41.83,14:52:00,1,panel_soiling
188.8772846461169,34.79442261840466,438.12,424.98,18.71,14:53:00,1,panel_soiling
428.26343040537773,34.77673454713238,961.76,932.91,41.08,14:54:00,1,panel_soiling
424.1141999445641,34.75832946071547,953.06,924.47,40.71,14:55:00,1,panel_soiling
419.98180389299154,34.739209391013986,944.39,916.06,40.34,14:56:00,1,panel_soiling
415.86653576378114,34.71937644747293,935.75,907.68,39.97,14:57:00,1,panel_soiling
169.29702308127915,34.69883281673448,393.89,382.07,16.83,14:58:00,1,panel_soiling
157.28586707064653,34.67758076223613,366.56,355.56,15.66,14:59:00,1,panel_soiling
230.26757630207578,34.655622623795125,531.5,515.55,22.7,15:00:00,1,panel_soiling
399.58241264568755,34.6329608171791,901.46,874.42,38.51,15:01:00,1,panel_soiling
395.55698665239396,34.609597833663194,892.97,866.18,38.14,15:02:00,1,panel_soiling
131.59656359567524,34.585536239573585,307.86,298.62,13.15,15:03:00,1,panel_soiling
133.41226353146814,34.5607786758177,312.06,302.7,13.33,15:04:00,1,panel_soiling
189.07166942416134,34.53532785740121,439.04,425.87,18.75,15:05:00,1,panel_soiling
379.6454764854183,34.50918657293177,859.29,833.51,36.71,15:06:00,1,panel_soiling
140.32656048152754,34.48235768410991,328.04,318.2,14.01,15:07:00,1,panel_soiling
124.47170460393274,34.454844125206925,291.62,282.87,12.46,15:08:00,1,panel_soiling
367.9183223514994,34.42664890253011,834.38,809.35,35.64,15:09:00,1,panel_soiling
364.04982206221723,34.39777509387535,826.15,801.37,35.29,15:10:00,1,panel_soiling
360.20195776235744,34.36822584796725,817.95,793.41,34.94,15:11:00,1,panel_soiling
283.019993766564,34.33800438388694,649.53,630.04,27.75,15:12:00,1,panel_soiling
144.13759209160708,34.307113990487736,337.03,326.92,14.4,15:13:00,1,panel_soiling
348.7842299673507,34.275558025798745,793.58,769.77,33.9,15:14:00,1,panel_soiling
345.02093054785655,34.24333991641657,785.53,761.96,33.55,15:15:00,1,panel_soiling
341.27924939261464,34.210463156885396,777.51,754.19,33.21,15:16:00,1,panel_soiling
337.55936610738826,34.17693130906533,769.54,746.45,32.87,15:17:00,1,panel_soiling
138.60648135947915,34.14274800148955,324.56,314.82,13.86,15:18:00,1,panel_soiling
330.18568373823075,34.10791692871004,753.71,731.1,32.2,15:19:00,1,panel_soiling
143.1783556736404,34.07244185063233,335.16,325.11,14.32,15:20:00,1,panel_soiling
161.7332602107543,34.03632659183932,377.73,366.4,16.13,15:21:00,1,panel_soiling
319.29281525654045,33.999575040904354,730.26,708.35,31.19,15:22:00,1,panel_soiling
315.7071805736029,33.96219114969371,722.53,700.85,30.86,15:23:00,1,panel_soiling
312.1444463512488,33.92417893265871,714.84,693.39,30.53,15:24:00,1,panel_soiling
223.15798323202617,33.88554246611767,517.28,501.76,22.1,15:25:00,1,panel_soiling
305.0882168576265,33.8462858875277,699.58,678.59,29.88,15:26:00,1,panel_soiling
301.59497700736904,33.806413394746755,692.01,671.25,29.56,15:27:00,1,panel_soiling
201.22770126744302,33.765929245285975,468.05,454.01,19.99,15:28:00,1,panel_soiling
294.67884590436734,33.72483775555253,677.01,656.7,28.92,15:29:00,1,panel_soiling
291.2561784173827,33.68314330008322,669.58,649.49,28.6,15:30:00,1,panel_soiling
210.93772254664495,33.64085031076892,490.26,475.55,20.94,15:31:00,1,panel_soiling
284.48216002511856,33.597963276070104,654.84,635.2,27.97,15:32:00,1,panel_soiling
281.1310018725534,33.55448674022373,647.54,628.11,27.66,15:33:00,1,panel_soiling
277.80386443612605,33.51042530244154,640.28,621.07,27.35,15:34:00,1,panel_soiling
136.52418683753447,33.46578361610004,320.69,311.07,13.7,15:35:00,1,panel_soiling
271.2219815757197,33.42056638792236,625.91,607.13,26.74,15:36:00,1,panel_soiling
267.9673886457455,33.374778377152225,618.79,600.22,26.43,15:37:00,1,panel_soiling
160.21163203605877,33.32842439472019,375.37,364.11,16.03,15:38:00,1,panel_soiling
261.5312441536507,33.28150930240228,604.69,586.55,25.83,15:39:00,1,panel_soiling
258.34981577475855,33.23403801197147,597.71,579.78,25.53,15:40:00,1,panel_soiling
255.19289077620945,33.18601548434195,590.77,573.05,25.24,15:41:00,1,panel_soiling
252.0605188384195,33.13744672870651,583.89,566.37,24.94,15:42:00,1,panel_soiling
90.16408658968952,33.088336801667275,213.42,207.02,9.12,15:43:00,1,panel_soiling
245.86960950918836,33.03869080635995,570.26,553.15,24.36,15:44:00,1,panel_soiling
172.6901394607336,32.9885138915718,404.52,392.39,17.28,15:45:00,1,panel_soiling
239.77739246993136,32.93781125085355,556.82,540.11,23.78,15:46:00,1,panel_soiling
236.76836888360114,32.88658812162553,550.17,533.67,23.5,15:47:00,1,panel_soiling
233.7840998256305,32.83484978427811,543.57,527.27,23.22,15:48:00,1,panel_soiling
230.82460323040917,32.7826015612668,537.02,520.91,22.94,15:49:00,1,panel_soiling
227.8898926976059,32.729848816202086,530.52,514.61,22.66,15:50:00,1,panel_soiling
149.5442045809932,32.6765969529344,351.84,341.28,15.03,15:51:00,1,panel_soiling
161.34059611017852,32.622851414634226,379.09,367.72,16.19,15:52:00,1,panel_soiling
175.25422210971175,32.56861768286774,411.12,398.79,17.56,15:53:00,1,panel_soiling
122.98074751141566,32.513901276668136,290.55,281.83,12.41,15:54:00,1,panel_soiling
113.1817001223639,32.4587077516028,267.8,259.77,11.44,15:55:00,1,panel_soiling
210.80236539586014,32.403042698836664,492.54,477.76,21.04,15:56:00,1,panel_soiling
208.04118499339097,32.346911744191885,486.38,471.79,20.78,15:57:00,1,panel_soiling
205.30474972898148,32.290320547204075,480.27,465.86,20.52,15:58:00,1,panel_soiling
106.70444984623026,32.23327480017535,252.93,245.34,10.8,15:59:00,1,panel_soiling
87.13248300211886,32.17578022722432,207.11,200.9,8.85,16:00:00,1,panel_soiling
87.2621466260461,32.11784258333339,207.47,201.24,8.86,16:01:00,1,panel_soiling
194.60594304353157,32.05946765339344,456.33,442.64,19.49,16:02:00,1,panel_soiling
145.38441296234876,32.000661251246214,343.21,332.91,14.66,16:03:00,1,panel_soiling
82.30639456557218,31.941429218724565,195.96,190.08,8.37,16:04:00,1,panel_soiling
186.8401618793976,31.881777424690846,438.9,425.73,18.75,16:05:00,1,panel_soiling
184.30054726592167,31.821711764073562,433.19,420.19,18.5,16:06:00,1,panel_soiling
104.70294723233513,31.7612381569027,248.74,241.28,10.63,16:07:00,1,panel_soiling
111.81659736057011,31.700362547343687,265.46,257.5,11.34,16:08:00,1,panel_soiling
105.53600593264905,31.63909090273038,250.82,243.29,10.71,16:09:00,1,panel_soiling
174.3855817108377,31.57742921259732,410.84,398.52,17.55,16:10:00,1,panel_soiling
171.96741349836844,31.515383487711347,405.38,393.22,17.32,16:11:00,1,panel_soiling
169.57334341457016,31.452959759102892,399.96,387.97,17.08,16:12:00,1,panel_soiling
167.20330048979918,31.390164077097054,394.6,382.76,16.86,16:13:00,1,panel_soiling
164.85721076242797,31.32700251034484,389.29,377.61,16.63,16:14:00,1,panel_soiling
89.26513613895735,31.26348114485468,212.93,206.54,9.1,16:15:00,1,panel_soiling
75.94921135649078,31.1996060830244,181.53,176.08,7.75,16:16:00,1,panel_soiling
157.96187748999043,31.135383442673895,373.64,362.43,15.96,16:17:00,1,panel_soiling
114.2161148793821,31.070819356078797,271.78,263.63,11.61,16:18:00,1,panel_soiling
153.4832693178243,31.005919969005273,363.46,352.55,15.53,16:19:00,1,panel_soiling
87.63585547036843,30.940691439746114,209.37,203.09,8.94,16:20:00,1,panel_soiling
149.09845796625473,30.875139938158398,353.47,342.86,15.1,16:21:00,1,panel_soiling
146.9409913433994,30.809271644702932,348.55,338.09,14.89,16:22:00,1,panel_soiling
144.8066872102384,30.743092749485726,343.68,333.37,14.68,16:23:00,1,panel_soiling
142.69544487718858,30.676609451301527,338.85,328.69,14.47,16:24:00,1,panel_soiling
140.60716129913294,30.60982795667975,334.08,324.06,14.27,16:25:00,1,panel_soiling
138.54173113252622,30.54275447893308,329.35,319.47,14.07,16:26:00,1,panel_soiling
136.49904679230104,30.475395237208787,324.67,314.93,13.87,16:27:00,1,panel_soiling
134.4789985085567,30.407756455543012,320.04,310.44,13.67,16:28:00,1,panel_soiling
88.8642170702237,30.339844361918242,212.8,206.41,9.09,16:29:00,1,panel_soiling
130.50636044524276,30.27166518732416,310.92,301.6,13.28,16:30:00,1,panel_soiling
128.55354070858536,30.203225164822104,306.44,297.24,13.09,16:31:00,1,panel_soiling
126.62289722585932,30.134530528613208,301.99,292.94,12.9,16:32:00,1,panel_soiling
85.59028692438717,30.0655875131105,205.28,199.12,8.77,16:33:00,1,panel_soiling
75.12622762766699,29.996402352015174,180.48,175.06,7.71,16:34:00,1,panel_soiling
71.13934506197049,29.926981277397232,171.03,165.9,7.31,16:35:00,1,panel_soiling
39.461499441282676,29.857330518780515,95.29,92.43,4.07,16:36:00,1,panel_soiling
117.29806518457382,29.78745630223245,280.5,272.08,11.98,16:37:00,1,panel_soiling
115.49789948349611,29.717364849458754,276.34,268.05,11.8,16:38:00,1,panel_soiling
113.71903412331255,29.647062376903115,272.22,264.06,11.63,16:39:00,1,panel_soiling
111.96133743915453,29.57655509485214,268.15,260.11,11.45,16:40:00,1,panel_soiling
110.22467629201687,29.505849206545573,264.13,256.21,11.28,16:41:00,1,panel_soiling
108.50891612093957,29.434950907292276,260.15,252.35,11.11,16:42:00,1,panel_soiling
106.81392099477476,29.363866383591848,256.22,248.53,10.94,16:43:00,1,panel_soiling
105.13955366352528,29.29260181226213,252.33,244.76,10.78,16:44:00,1,panel_soiling
103.4856756092472,29.221163359572806,248.49,241.03,10.61,16:45:00,1,panel_soiling
101.85214709650701,29.149557180385226,244.69,237.35,10.45,16:46:00,1,panel_soiling
67.33334659542365,29.077789417298717,162.53,157.65,6.94,16:47:00,1,panel_soiling
46.060059442469516,29.005866199803293,111.52,108.17,4.76,16:48:00,1,panel_soiling
97.07224423757359,28.933793643439145,233.56,226.55,9.98,16:49:00,1,panel_soiling
95.51869392702321,28.861577848963,229.93,223.04,9.82,16:50:00,1,panel_soiling
93.98477795201771,28.789224901521514,226.35,219.56,9.67,16:51:00,1,panel_soiling
33.51086335801329,28.71674086983175,81.36,78.92,3.48,16:52:00,1,panel_soiling
90.97526410315751,28.644131805368968,219.32,212.74,9.37,16:53:00,1,panel_soiling
64.28889931987173,28.571403741561912,155.56,150.9,6.64,16:54:00,1,panel_soiling
88.04252438313208,28.49856269299567,212.46,206.08,9.08,16:55:00,1,panel_soiling
86.60457312499368,28.425614654622215,209.09,202.82,8.93,16:56:00,1,panel_soiling
85.18536792028425,28.35256560097878,205.76,199.59,8.79,16:57:00,1,panel_soiling
83.78475818446128,28.279421485414282,202.48,196.4,8.65,16:58:00,1,panel_soiling
82.40259272681331,28.206188239323865,199.23,193.25,8.51,16:59:00,1,panel_soiling
81.03871979379159,28.132871771391628,196.03,190.14,8.37,17:00:00,1,panel_soiling
79.69298711178352,28.059477966841694,192.86,187.08,8.24,17:01:00,1,panel_soiling
78.36524192932377,27.986012686697837,189.74,184.05,8.1,17:02:00,1,panel_soiling
77.05533105873755,27.91248176705171,186.65,181.05,7.97,17:03:00,1,panel_soiling
75.76310091721031,27.8388910183397,183.61,178.1,7.84,17:04:00,1,panel_soiling
53.50446978297422,27.76524622462867,130.07,126.17,5.56,17:05:00,1,panel_soiling
42.03432901679011,27.691553142910607,102.37,99.3,4.37,17:06:00,1,panel_soiling
71.99095395804333,27.617817502406382,174.71,169.47,7.46,17:07:00,1,panel_soiling
70.76790440688767,27.544045003878566,171.82,166.66,7.34,17:08:00,1,panel_soiling
44.39150259853379,27.470241318953473,108.17,104.93,4.62,17:09:00,1,panel_soiling
46.10004050867129,27.396412089452618,112.35,108.98,4.8,17:10:00,1,panel_soiling
41.08930276825965,27.32256292673362,100.23,97.22,4.28,17:11:00,1,panel_soiling
66.04323722972256,27.24869941104053,160.64,155.82,6.86,17:12:00,1,panel_soiling
64.90317680702064,27.174827090863797,157.93,153.2,6.75,17:13:00,1,panel_soiling
63.77924817153577,27.10095148230999,155.27,150.61,6.63,17:14:00,1,panel_soiling
62.67129593738092,27.027078068481284,152.64,148.06,6.52,17:15:00,1,panel_soiling
28.456595969318386,26.953212298864745,69.63,67.54,2.97,17:16:00,1,panel_soiling
43.56620786075921,26.87935958873155,106.43,103.24,4.55,17:17:00,1,panel_soiling
59.441744761641324,26.80552531854628,144.96,140.61,6.19,17:18:00,1,panel_soiling
58.3961458081454,26.73171483338625,142.47,138.2,6.09,17:19:00,1,panel_soiling
57.36574776278544,26.657933442370975,140.02,135.82,5.98,17:20:00,1,panel_soiling
37.304764853092365,26.584186418101787,91.31,88.57,3.9,17:21:00,1,panel_soiling
34.427480147124065,26.510478996111807,84.33,81.8,3.6,17:22:00,1,panel_soiling
54.3642144571147,26.43681637432624,132.86,128.88,5.68,17:23:00,1,panel_soiling
53.39307675917541,26.363203712532957,130.55,126.63,5.58,17:24:00,1,panel_soiling
52.43636976207345,26.28964613186353,128.26,124.41,5.48,17:25:00,1,panel_soiling
17.80377491930998,26.216148714284806,43.75,0.0,0.0,17:26:00,1,panel_soiling
50.56563593603186,26.142716502100985,123.79,120.07,5.29,17:27:00,1,panel_soiling
24.44110699531553,26.0693544974662,60.05,58.25,2.56,17:28:00,1,panel_soiling
31.319165936826842,25.996067661907738,76.9,74.6,3.28,17:29:00,1,panel_soiling
47.86395154478109,25.92286091585988,117.32,113.8,5.01,17:30:00,1,panel_soiling
21.307009963278173,25.849739138208527,52.42,50.84,2.24,17:31:00,1,panel_soiling
46.1306735991608,25.776707165846354,113.16,109.77,4.83,17:32:00,1,panel_soiling
17.113824904655786,25.703769793238777,42.15,0.0,0.0,17:33:00,1,panel_soiling
44.45026947587774,25.630931772000693,109.13,105.85,4.66,17:34:00,1,panel_soiling
15.753527643050273,25.558197810483996,38.83,0.0,0.0,17:35:00,1,panel_soiling
42.821547319165084,25.485572573375876,105.21,102.05,4.49,17:36:00,1,panel_soiling
42.02619715065351,25.41306068130784,103.3,100.2,4.41,17:37:00,1,panel_soiling
21.43785045135556,25.34066671047571,52.84,51.26,2.26,17:38:00,1,panel_soiling
30.993138920153886,25.26839519227039,76.33,74.04,3.26,17:39:00,1,panel_soiling
39.71443054637044,25.196250612919435,97.73,94.8,4.17,17:40:00,1,panel_soiling
38.968118126573984,25.12423741313947,95.93,93.05,4.1,17:41:00,1,panel_soiling
38.23370328098778,25.052359987799505,94.16,91.33,4.02,17:42:00,1,panel_soiling
37.51104272413323,24.980622685595094,92.41,89.64,3.95,17:43:00,1,panel_soiling
12.349206261773213,24.909029808733273,30.53,0.0,0.0,17:44:00,1,panel_soiling
36.10041515760191,24.837585612628338,89.0,86.33,3.8,17:45:00,1,panel_soiling
10.971746035678885,24.766294305608497,27.14,0.0,0.0,17:46:00,1,panel_soiling
12.872368216811465,24.695160048633333,31.85,0.0,0.0,17:47:00,1,panel_soiling
22.348196567563434,24.62418695502201,55.24,53.58,2.36,17:48:00,1,panel_soiling
33.41399346801668,24.55337909019224,82.5,80.03,3.52,17:49:00,1,panel_soiling
32.769666955713724,24.482740471410075,80.94,78.51,3.46,17:50:00,1,panel_soiling
32.13597721385166,24.412275067550446,79.4,77.02,3.39,17:51:00,1,panel_soiling
31.51278837602798,24.34198679886832,77.89,75.56,3.33,17:52:00,1,panel_soiling
30.899965471349223,24.271879536780546,76.4,74.11,3.26,17:53:00,1,panel_soiling
30.297374436807637,24.201957103658433,74.94,72.69,3.2,17:54:00,1,panel_soiling
29.704882129167203,24.1322232726309,73.5,71.3,3.14,17:55:00,1,panel_soiling
29.122356336364252,24.062681767398175,72.09,69.92,3.08,17:56:00,1,panel_soiling
28.54966578842929,23.99333626205602,70.69,68.57,3.02,17:57:00,1,panel_soiling
15.134465095201556,23.924190380930526,37.55,0.0,0.0,17:58:00,1,panel_soiling
12.152905129674446,23.855247698423337,30.17,0.0,0.0,17:59:00,1,panel_soiling
26.889307261705554,23.78651173886727,66.65,64.65,2.85,18:00:00,1,panel_soiling
26.354664191357468,23.717985976392228,65.35,63.39,2.79,18:01:00,1,panel_soiling
25.829214496905234,23.64967383480157,64.07,62.14,2.74,18:02:00,1,panel_soiling
10.820396142695214,23.581578687458656,26.9,0.0,0.0,18:03:00,1,panel_soiling
11.164786918236972,23.513703857183593,27.76,0.0,0.0,18:04:00,1,panel_soiling
24.30677656295336,23.446052616160106,60.35,58.54,2.58,18:05:00,1,panel_soiling
23.816856323018737,23.378628185852552,59.15,57.38,2.53,18:06:00,1,panel_soiling
23.335512515426355,23.311433736932965,57.98,56.24,2.48,18:07:00,1,panel_soiling
22.862624822957493,23.244472389218018,56.82,55.12,2.43,18:08:00,1,panel_soiling
22.398073966338305,23.177747211615856,55.68,54.01,2.38,18:09:00,1,panel_soiling
21.94174170947906,23.111261222082828,54.57,52.93,2.33,18:10:00,1,panel_soiling
21.493510864320026,23.045017387589997,53.47,51.87,2.28,18:11:00,1,panel_soiling
21.053265295289716,22.97901862409925,52.39,50.82,2.24,18:12:00,1,panel_soiling
12.575966107335674,22.91326779654904,31.34,0.0,0.0,18:13:00,1,panel_soiling
20.196270729862082,22.84776771884972,50.29,48.78,2.15,18:14:00,1,panel_soiling
8.917807629159588,22.782521153888347,22.24,0.0,0.0,18:15:00,1,panel_soiling
19.36985012403838,22.717530813542798,48.26,0.0,0.0,18:16:00,1,panel_soiling
18.967826003830933,22.65279935870519,47.27,0.0,0.0,18:17:00,1,panel_soiling
18.5731126510925,22.58832939931461,46.31,0.0,0.0,18:18:00,1,panel_soiling
18.185601391338764,22.524123494398918,45.35,0.0,0.0,18:19:00,1,panel_soiling
17.80518462507736,22.460184152125596,44.42,0.0,0.0,18:20:00,1,panel_soiling
17.431755829071903,22.39651382986154,43.5,0.0,0.0,18:21:00,1,panel_soiling
17.065209557283872,22.333114934241777,42.6,0.0,0.0,18:22:00,1,panel_soiling
16.705441441498174,22.26998982124698,41.71,0.0,0.0,18:23:00,1,panel_soiling
16.35234819163857,22.207140796289586,40.84,0.0,0.0,18:24:00,1,panel_soiling
16.005827595779945,22.14457011430857,39.99,0.0,0.0,18:25:00,1,panel_soiling
15.665778519863782,22.082279979872688,39.15,0.0,0.0,18:26:00,1,panel_soiling
11.724139762693099,22.020272547292215,29.32,0.0,0.0,18:27:00,1,panel_soiling
15.004695777221986,21.95854992073887,37.52,0.0,0.0,18:28:00,1,panel_soiling
6.424923764509712,21.89711415437401,16.09,0.0,0.0,18:29:00,1,panel_soiling
11.186012707002645,21.8359672524849,28.0,0.0,0.0,18:30:00,1,panel_soiling
4.252480607577177,21.775111169629085,10.66,0.0,0.0,18:31:00,1,panel_soiling
13.755858083167693,21.71454781078657,34.43,0.0,0.0,18:32:00,1,panel_soiling
13.458368242889023,21.65427903151976,33.7,0.0,0.0,18:33:00,1,panel_soiling
13.166579526143215,21.59430663814123,32.98,0.0,0.0,18:34:00,1,panel_soiling
12.88040044099398,21.534632387889026,32.27,0.0,0.0,18:35:00,1,panel_soiling
4.8018430599731134,21.47525798910941,12.04,0.0,0.0,18:36:00,1,panel_soiling
9.753871824677946,21.41618510144699,24.46,0.0,0.0,18:37:00,1,panel_soiling
12.05462193784183,21.35741533604217,30.22,0.0,0.0,18:38:00,1,panel_soiling
11.78998761283008,21.29895025573571,29.57,0.0,0.0,18:39:00,1,panel_soiling
11.530521294815417,21.240791375280367,28.93,0.0,0.0,18:40:00,1,panel_soiling
11.276137800894977,21.182940161559383,28.3,0.0,0.0,18:41:00,1,panel_soiling
3.760605713245657,21.125398033811905,9.45,0.0,0.0,18:42:00,1,panel_soiling
10.782283739510472,21.068166363865064,27.07,0.0,0.0,18:43:00,1,panel_soiling
4.747355618112593,21.011246476372662,11.93,0.0,0.0,18:44:00,1,panel_soiling
10.307764645916563,20.95463964906029,25.89,0.0,0.0,18:45:00,1,panel_soiling
10.077553702780225,20.898347112976868,25.32,0.0,0.0,18:46:00,1,panel_soiling
6.76854777273594,20.84237005275245,17.02,0.0,0.0,18:47:00,1,panel_soiling
9.630833897960962,20.786709606862125,24.21,0.0,0.0,18:48:00,1,panel_soiling
4.041761122592138,20.731366867895897,10.17,0.0,0.0,18:49:00,1,panel_soiling
9.20186844694131,20.67634288283456,23.14,0.0,0.0,18:50:00,1,panel_soiling
8.993854188508271,20.621638653331328,22.62,0.0,0.0,18:51:00,1,panel_soiling
3.0391873613067535,20.56725513599909,7.65,0.0,0.0,18:52:00,1,panel_soiling
5.921208054625496,20.513193242703224,14.91,0.0,0.0,18:53:00,1,panel_soiling
8.394799787849303,20.459453840859876,21.13,0.0,0.0,18:54:00,1,panel_soiling
8.203204172763026,20.406037753739557,20.66,0.0,0.0,18:55:00,1,panel_soiling
6.2009422830691845,20.352945760775885,15.62,0.0,0.0,18:56:00,1,panel_soiling
3.597808372787593,20.300178597879395,9.07,0.0,0.0,18:57:00,1,panel_soiling
7.65170273111037,20.24773695775636,19.28,0.0,0.0,18:58:00,1,panel_soiling
5.063023132844823,20.195621490232455,12.76,0.0,0.0,18:59:00,1,panel_soiling
7.302759467975175,20.143832802581052,18.41,0.0,0.0,19:00:00,1,panel_soiling
7.133706026583917,20.092371459856174,17.99,0.0,0.0,19:01:00,1,panel_soiling
2.460110254427257,20.0412379852299,6.21,0.0,0.0,19:02:00,1,panel_soiling
6.806112909696703,19.990432860334195,17.17,0.0,0.0,19:03:00,1,panel_soiling
2.3364024285581593,19.939956525606892,5.9,0.0,0.0,19:04:00,1,panel_soiling
6.492118621544097,19.889809380641807,16.38,0.0,0.0,19:05:00,1,panel_soiling
6.34006708823421,19.839991784542896,16.0,0.0,0.0,19:06:00,1,panel_soiling
6.191232299910267,19.790504056282302,15.63,0.0,0.0,19:07:00,1,panel_soiling
6.045555107972701,19.741346475062105,15.27,0.0,0.0,19:08:00,1,panel_soiling
2.7743428961872385,19.692519280679743,7.01,0.0,0.0,19:09:00,1,panel_soiling
5.763441257985106,19.644022673896973,14.56,0.0,0.0,19:10:00,1,panel_soiling
5.62689061888622,19.59585681681225,14.22,0.0,0.0,19:11:00,1,panel_soiling
5.493269598629339,19.548021833236383,13.88,0.0,0.0,19:12:00,1,panel_soiling
3.5309869272530547,19.500517809071304,8.93,0.0,0.0,19:13:00,1,panel_soiling
3.3432985240564426,19.453344792692008,8.45,0.0,0.0,19:14:00,1,panel_soiling
5.109439608326947,19.40650279533138,12.92,0.0,0.0,19:15:00,1,panel_soiling
2.6593886852315474,19.359991791467827,6.73,0.0,0.0,19:16:00,1,panel_soiling
4.867216928567943,19.313811719215618,12.31,0.0,0.0,19:17:00,1,panel_soiling
2.1290401229056295,19.267962480717856,5.39,0.0,0.0,19:18:00,1,panel_soiling
2.1397842589087794,19.222443942541936,5.42,0.0,0.0,19:19:00,1,panel_soiling
1.7738385615343633,19.177255936077316,4.49,0.0,0.0,19:20:00,1,panel_soiling
4.413728711043761,19.13239825793557,11.17,0.0,0.0,19:21:00,1,panel_soiling
2.0315270777339642,19.087870670352583,5.15,0.0,0.0,19:22:00,1,panel_soiling
4.201681574411667,19.0436729015928,10.64,0.0,0.0,19:23:00,1,panel_soiling
4.099167311693727,18.99980464635535,10.38,0.0,0.0,19:24:00,1,panel_soiling
3.9989317539202274,18.956265566181976,10.13,0.0,0.0,19:25:00,1,panel_soiling
3.9009301967914434,18.913055289866687,9.89,0.0,0.0,19:26:00,1,panel_soiling
3.805118662088224,18.87017341386702,9.64,0.0,0.0,19:27:00,1,panel_soiling
3.711453889543982,18.82761950271673,9.41,0.0,0.0,19:28:00,1,panel_soiling
3.6198933287188426,18.78539308943986,9.18,0.0,0.0,19:29:00,1,panel_soiling
3.5303951308786665,18.743493675966107,8.95,0.0,0.0,19:30:00,1,panel_soiling
3.4429181408814675,18.70192073354735,8.73,0.0,0.0,19:31:00,1,panel_soiling
3.357421889073516,18.66067370317519,8.52,0.0,0.0,19:32:00,1,panel_soiling
3.2738665831978118,18.61975199599946,8.31,0.0,0.0,19:33:00,1,panel_soiling
3.1922131003171943,18.5791549937476,8.1,0.0,0.0,19:34:00,1,panel_soiling
3.1124229787544495,18.538882049144778,7.9,0.0,0.0,19:35:00,1,panel_soiling
3.034458410051457,18.498932486334635,7.7,0.0,0.0,19:36:00,1,panel_soiling
2.9582822309497283,18.459305601300557,7.51,0.0,0.0,19:37:00,1,panel_soiling
2.883857915394449,18.42000066228742,7.32,0.0,0.0,19:38:00,1,panel_soiling
2.2105847464101953,18.381016910223735,5.61,0.0,0.0,19:39:00,1,panel_soiling
2.740121908927016,18.342353559143913,6.96,0.0,0.0,19:40:00,1,panel_soiling
1.8517244915085773,18.30400979661077,4.7,0.0,0.0,19:41:00,1,panel_soiling
2.602970624108166,18.265984784138073,6.61,0.0,0.0,19:42:00,1,panel_soiling
1.1645150282058139,18.228277657613084,2.96,0.0,0.0,19:43:00,1,panel_soiling
1.872923828729323,18.19088752771889,4.76,0.0,0.0,19:44:00,1,panel_soiling
2.4090018409357405,18.153813480356572,6.12,0.0,0.0,19:45:00,1,panel_soiling
2.347351343528261,18.117054577067048,5.97,0.0,0.0,19:46:00,1,panel_soiling
2.2871513441420444,18.080609855452533,5.82,0.0,0.0,19:47:00,1,panel_soiling
2.228371255525936,18.04447832959747,5.67,0.0,0.0,19:48:00,1,panel_soiling
1.510586880504137,18.008658990488904,3.84,0.0,0.0,19:49:00,1,panel_soiling
1.5158651036592783,17.973150806436166,3.86,0.0,0.0,19:50:00,1,panel_soiling
2.0602528064789056,17.937952723489886,5.24,0.0,0.0,19:51:00,1,panel_soiling
2.0068574018989884,17.903063665860074,5.11,0.0,0.0,19:52:00,1,panel_soiling
1.954737091165107,17.868482536333325,4.97,0.0,0.0,19:53:00,1,panel_soiling
1.9038644824092852,17.83420821668904,4.85,0.0,0.0,19:54:00,1,panel_soiling
1.8542126903790899,17.800239568114566,4.72,0.0,0.0,19:55:00,1,panel_soiling
1.8057553291574129,17.766575431619167,4.6,0.0,0.0,19:56:00,1,panel_soiling
1.7584665049348132,17.733214628446742,4.48,0.0,0.0,19:57:00,1,panel_soiling
1.7123208088355408,17.70015596048727,4.36,0.0,0.0,19:58:00,1,panel_soiling
1.6672933097980769,17.667398210686866,4.25,0.0,0.0,19:59:00,1,panel_soiling
0.9664580935365035,17.634940143456348,2.46,0.0,0.0,20:00:00,1,panel_soiling
1.580495525406035,17.602780505078286,4.03,0.0,0.0,20:01:00,1,panel_soiling
0.9165723239595466,17.57091802411243,2.34,0.0,0.0,20:02:00,1,panel_soiling
1.4978829925347865,17.539351411799533,3.82,0.0,0.0,20:03:00,1,panel_soiling
0.5245734365908457,17.50807936246333,1.34,0.0,0.0,20:04:00,1,panel_soiling
1.4192727508243517,17.477100553910763,3.62,0.0,0.0,20:05:00,1,panel_soiling
1.3814132288231613,17.446413647830312,3.52,0.0,0.0,20:06:00,1,panel_soiling
1.3444888210579817,17.416017290188435,3.43,0.0,0.0,20:07:00,1,panel_soiling
1.3084785858406,17.38591011162391,3.34,0.0,0.0,20:08:00,1,panel_soiling
1.2733619912830567,17.35609072784017,3.25,0.0,0.0,20:09:00,1,panel_soiling
1.2391189088292804,17.326557739995494,3.16,0.0,0.0,20:10:00,1,panel_soiling
1.2057296068494576,17.297309735091027,3.08,0.0,0.0,20:11:00,1,panel_soiling
1.1731747442975369,17.268345286356535,2.99,0.0,0.0,20:12:00,1,panel_soiling
0.6289618486142079,17.23966295363382,1.6,0.0,0.0,20:13:00,1,panel_soiling
1.1104928886023355,17.211261283757846,2.83,0.0,0.0,20:14:00,1,panel_soiling
1.0803291100953543,17.183138810935404,2.76,0.0,0.0,20:15:00,1,panel_soiling
0.8199265820417099,17.155294057121335,2.09,0.0,0.0,20:16:00,1,panel_soiling
0.43745005705466217,17.12772553239218,1.12,0.0,0.0,20:17:00,1,panel_soiling
0.9943333431171617,17.10043173531733,2.54,0.0,0.0,20:18:00,1,panel_soiling
0.9671095139028262,17.07341115332751,2.47,0.0,0.0,20:19:00,1,panel_soiling
0.6664279211159398,17.04666226308062,1.7,0.0,0.0,20:20:00,1,panel_soiling
0.9147248511585707,17.020183530824823,2.34,0.0,0.0,20:21:00,1,panel_soiling
0.8895321471007276,16.993973412758923,2.27,0.0,0.0,20:22:00,1,panel_soiling
0.4573723073644617,16.96803035538991,1.17,0.0,0.0,20:23:00,1,panel_soiling
0.5078950391231535,16.942352795887665,1.3,0.0,0.0,20:24:00,1,panel_soiling
0.8177681480110417,16.91693916243677,2.09,0.0,0.0,20:25:00,1,panel_soiling
0.7950688095156333,16.891787874585383,2.03,0.0,0.0,20:26:00,1,panel_soiling
0.7729565488397928,16.866897343591194,1.98,0.0,0.0,20:27:00,1,panel_soiling
0.4743629295676439,16.842265972764316,1.21,0.0,0.0,20:28:00,1,panel_soiling
0.730437947174172,16.817892157807147,1.87,0.0,0.0,20:29:00,1,panel_soiling
0.7100046758223504,16.793774287151184,1.81,0.0,0.0,20:30:00,1,panel_soiling
0.6901046112920476,16.769910742290715,1.76,0.0,0.0,20:31:00,1,panel_soiling
0.6707249919242925,16.74629989811335,1.71,0.0,0.0,20:32:00,1,panel_soiling
0.6518533284504976,16.72294012322739,1.67,0.0,0.0,20:33:00,1,panel_soiling
0.6334773990832343,16.69982978028599,1.62,0.0,0.0,20:34:00,1,panel_soiling
0.6155852446716406,16.676967226308115,1.57,0.0,0.0,20:35:00,1,panel_soiling
0.5981651639212384,16.654350812996178,1.53,0.0,0.0,20:36:00,1,panel_soiling
0.5812057086779189,16.631978887050437,1.49,0.0,0.0,20:37:00,1,panel_soiling
0.5646956792758652,16.609849790480062,1.44,0.0,0.0,20:38:00,1,panel_soiling
0.2019194895447823,16.587961860910884,0.52,0.0,0.0,20:39:00,1,panel_soiling
0.5329803143063774,16.566313431889746,1.36,0.0,0.0,20:40:00,1,panel_soiling
0.51775378086908,16.544902833185503,1.32,0.0,0.0,20:41:00,1,panel_soiling
0.5029342686718603,16.52372839108661,1.29,0.0,0.0,20:42:00,1,panel_soiling
0.48851175292563803,16.502788428695304,1.25,0.0,0.0,20:43:00,1,panel_soiling
0.3445898601931979,16.48208126621833,0.88,0.0,0.0,20:44:00,1,panel_soiling
0.4608187169227637,16.46160522125418,1.18,0.0,0.0,20:45:00,1,panel_soiling
0.4475292398020379,16.44135860907694,1.15,0.0,0.0,20:46:00,1,panel_soiling
0.254056778375915,16.421339742916572,0.65,0.0,0.0,20:47:00,1,panel_soiling
0.21759281593818522,16.401546934235746,0.56,0.0,0.0,20:48:00,1,panel_soiling
0.4097796295369188,16.381978493003103,1.05,0.0,0.0,20:49:00,1,panel_soiling
0.39787351136068105,16.362632727963057,1.02,0.0,0.0,20:50:00,1,panel_soiling
0.3862918335138618,16.343507946902026,0.99,0.0,0.0,20:51:00,1,panel_soiling
0.3750264217324369,16.32460245691111,0.96,0.0,0.0,20:52:00,1,panel_soiling
0.2822663921383001,16.305914564645228,0.72,0.0,0.0,20:53:00,1,panel_soiling
0.3534126263915863,16.287442576578687,0.91,0.0,0.0,20:54:00,1,panel_soiling
0.3430488104119052,16.269184799257218,0.88,0.0,0.0,20:55:00,1,panel_soiling
0.33297038847427796,16.25113953954637,0.85,0.0,0.0,20:56:00,1,panel_soiling
0.22470392113809512,16.233305104876386,0.58,0.0,0.0,20:57:00,1,panel_soiling
0.119423694302599,16.21567980348347,0.31,0.0,0.0,20:58:00,1,panel_soiling
0.09622889129305547,16.198261944647495,0.25,0.0,0.0,20:59:00,1,panel_soiling
0.29536755172860624,16.18104983892609,0.76,0.0,0.0,21:00:00,1,panel_soiling
0.2866102205004323,16.164041798385163,0.73,0.0,0.0,21:01:00,1,panel_soiling
0.2780970630062544,16.147236136825857,0.71,0.0,0.0,21:02:00,1,panel_soiling
0.2698217597036494,16.130631170007884,0.69,0.0,0.0,21:03:00,1,panel_soiling
0.0961265650036067,16.114225215869315,0.25,0.0,0.0,21:04:00,1,panel_soiling
0.25396017829727835,16.098016594742752,0.65,0.0,0.0,21:05:00,1,panel_soiling
0.24636199273103743,16.082003629567964,0.63,0.0,0.0,21:06:00,1,panel_soiling
0.238977840437094,16.066184646100954,0.61,0.0,0.0,21:07:00,1,panel_soiling
0.23180211551130822,16.05055797311941,0.59,0.0,0.0,21:08:00,1,panel_soiling
0.22482934596234094,16.035121942624674,0.58,0.0,0.0,21:09:00,1,panel_soiling
0.10505113490751947,16.019874890040093,0.27,0.0,0.0,21:10:00,1,panel_soiling
0.11757283910575468,16.00481515440589,0.3,0.0,0.0,21:11:00,1,panel_soiling
0.20507599944250365,15.989941078570457,0.53,0.0,0.0,21:12:00,1,panel_soiling
0.11247738327125145,15.975251009378137,0.29,0.0,0.0,21:13:00,1,panel_soiling
0.19282733163053756,15.960743297853513,0.49,0.0,0.0,21:14:00,1,panel_soiling
0.18696453222906645,15.946416299382179,0.48,0.0,0.0,21:15:00,1,panel_soiling
0.18126990289599984,15.932268373888023,0.46,0.0,0.0,21:16:00,1,panel_soiling
0.05556171480770841,15.918297886007037,0.14,0.0,0.0,21:17:00,1,panel_soiling
0.1703672717393794,15.904503205257663,0.44,0.0,0.0,21:18:00,1,panel_soiling
0.16515060174342244,15.890882706207707,0.42,0.0,0.0,21:19:00,1,panel_soiling
0.16008476071111757,15.877434768637793,0.41,0.0,0.0,21:20:00,1,panel_soiling
0.07795141384933615,15.864157777701408,0.2,0.0,0.0,21:21:00,1,panel_soiling
0.09753559972148201,15.851050124081558,0.25,0.0,0.0,21:22:00,1,panel_soiling
0.14575199814116854,15.838110204144034,0.37,0.0,0.0,21:23:00,1,panel_soiling
0.06936083893216283,15.825336420087293,0.18,0.0,0.0,21:24:00,1,panel_soiling
0.1368789703484735,15.812727180089013,0.35,0.0,0.0,21:25:00,1,panel_soiling
0.13263605442410728,15.800280898449294,0.34,0.0,0.0,21:26:00,1,panel_soiling
0.12851750861006472,15.787995995730583,0.33,0.0,0.0,21:27:00,1,panel_soiling
0.12451992215551703,15.775870898894258,0.32,0.0,0.0,21:28:00,1,panel_soiling
0.12063997043704552,15.76390404143398,0.31,0.0,0.0,21:29:00,1,panel_soiling
0.11687441300790116,15.75209386350577,0.3,0.0,0.0,21:30:00,1,panel_soiling
0.07583225616267546,15.740438812054874,0.19,0.0,0.0,21:31:00,1,panel_soiling
0.03820243301866737,15.728937340939412,0.1,0.0,0.0,21:32:00,1,panel_soiling
0.10623292472415687,15.717587911050826,0.27,0.0,0.0,21:33:00,1,panel_soiling
0.04946408270299103,15.70638899043119,0.13,0.0,0.0,21:34:00,1,panel_soiling
0.09965477898723087,15.695339054387375,0.26,0.0,0.0,21:35:00,1,panel_soiling
0.09651201539406423,15.68443658560208,0.25,0.0,0.0,21:36:00,1,panel_soiling
0.09346316382381949,15.673680074241789,0.24,0.0,0.0,21:37:00,1,panel_soiling
0.042126544546954504,15.66306801806165,0.11,0.0,0.0,21:38:00,1,panel_soiling
0.044702045155230186,15.65259892250733,0.11,0.0,0.0,21:39:00,1,panel_soiling
0.08485409238616563,15.642271300813821,0.22,0.0,0.0,21:40:00,1,panel_soiling
0.03515152449774659,15.632083674101285,0.09,0.0,0.0,21:41:00,1,panel_soiling
0.07953779193993123,15.622034571467912,0.2,0.0,0.0,21:42:00,1,panel_soiling
0.07699945613616652,15.61212253007986,0.2,0.0,0.0,21:43:00,1,panel_soiling
0.07453798084722778,15.60234609525826,0.19,0.0,0.0,21:44:00,1,panel_soiling
0.0721511785318535,15.59270382056335,0.19,0.0,0.0,21:45:00,1,panel_soiling
0.03254965496230885,15.583194267875749,0.08,0.0,0.0,21:46:00,1,panel_soiling
0.030202527896517402,15.5738160074749,0.08,0.0,0.0,21:47:00,1,panel_soiling
0.038801629800113306,15.564567618114713,0.1,0.0,0.0,21:48:00,1,panel_soiling
0.037610618847638395,15.555447687096425,0.1,0.0,0.0,21:49:00,1,panel_soiling
0.061264661845377634,15.546454810338727,0.16,0.0,0.0,21:50:00,1,panel_soiling
0.05928309651992797,15.53758759244517,0.15,0.0,0.0,21:51:00,1,panel_soiling
0.01836814750190876,15.528844646768887,0.05,0.0,0.0,21:52:00,1,panel_soiling
0.0176512447654558,15.520224595474636,0.05,0.0,0.0,21:53:00,1,panel_soiling
0.0275150221198661,15.511726069598245,0.07,0.0,0.0,21:54:00,1,panel_soiling
0.039339274501904775,15.503347709103448,0.1,0.0,0.0,21:55:00,1,panel_soiling
0.0502542343726711,15.495088162936133,0.13,0.0,0.0,21:56:00,1,panel_soiling
0.04861256467993724,15.486946089076072,0.12,0.0,0.0,21:57:00,1,panel_soiling
0.047021907855603014,15.478920154586135,0.12,0.0,0.0,21:58:00,1,panel_soiling
0.04548076878720885,15.471009035659018,0.12,0.0,0.0,21:59:00,1,panel_soiling
0.04398769319548498,15.463211417661546,0.11,0.0,0.0,22:00:00,1,panel_soiling
0.0425412666143477,15.455525995176519,0.11,0.0,0.0,22:01:00,1,panel_soiling
0.021468909418930947,15.447951472042208,0.06,0.0,0.0,22:02:00,1,panel_soiling
0.022552738073359616,15.440486561389479,0.06,0.0,0.0,22:03:00,1,panel_soiling
0.0384683126798892,15.433129985676587,0.1,0.0,0.0,22:04:00,1,panel_soiling
0.037195099296028614,15.42588047672168,0.1,0.0,0.0,22:05:00,1,panel_soiling
0.0359620256466174,15.418736775733047,0.09,0.0,0.0,22:06:00,1,panel_soiling
0.03476789595965562,15.411697633337123,0.09,0.0,0.0,22:07:00,1,panel_soiling
0.011339760615558997,15.4047618096043,0.03,0.0,0.0,22:08:00,1,panel_soiling
0.03249185094538535,15.39792807407256,0.08,0.0,0.0,22:09:00,1,panel_soiling
0.01589390545105835,15.391195205768975,0.04,0.0,0.0,22:10:00,1,panel_soiling
0.030358048543170462,15.384561993229108,0.08,0.0,0.0,22:11:00,1,panel_soiling
0.02150178380358208,15.378027234514322,0.06,0.0,0.0,22:12:00,1,panel_soiling
0.02835806579631584,15.37158973722705,0.07,0.0,0.0,22:13:00,1,panel_soiling
0.018284112743805165,15.365248318524051,0.05,0.0,0.0,22:14:00,1,panel_soiling
0.026483947391050717,15.3590018051277,0.07,0.0,0.0,22:15:00,1,panel_soiling
0.017482735031728897,15.352849033335303,0.04,0.0,0.0,22:16:00,1,panel_soiling
0.02472818169470064,15.346788849026495,0.06,0.0,0.0,22:17:00,1,panel_soiling
0.023892449399067865,15.340820107668769,0.06,0.0,0.0,22:18:00,1,panel_soiling
0.023083677897707253,15.334941674321133,0.06,0.0,0.0,22:19:00,1,panel_soiling
0.02230104301699398,15.329152423635943,0.06,0.0,0.0,22:20:00,1,panel_soiling
0.021543744216056537,15.323451239858937,0.06,0.0,0.0,22:21:00,1,panel_soiling
0.015599180259619552,15.31783701682751,0.04,0.0,0.0,22:22:00,1,panel_soiling
0.011749828757729857,15.312308657967268,0.03,0.0,0.0,22:23:00,1,panel_soiling
0.012866039796829785,15.306865076286847,0.03,0.0,0.0,22:24:00,1,panel_soiling
0.018752691491710938,15.301505194371089,0.05,0.0,0.0,22:25:00,1,panel_soiling
0.018110849122382817,15.296227944372562,0.05,0.0,0.0,22:26:00,1,panel_soiling
0.005914825086391636,15.291032268001489,0.02,0.0,0.0,22:27:00,1,panel_soiling
0.016889497822233125,15.28591711651406,0.04,0.0,0.0,22:28:00,1,panel_soiling
0.016308704262630678,15.280881450699233,0.04,0.0,0.0,22:29:00,1,panel_soiling
0.015747006871880312,15.275924240863985,0.04,0.0,0.0,22:30:00,1,panel_soiling
0.015203809367559834,15.271044466817095,0.04,0.0,0.0,22:31:00,1,panel_soiling
0.014678532985904233,15.266241117851454,0.04,0.0,0.0,22:32:00,1,panel_soiling
0.014170616004058795,15.261513192724943,0.04,0.0,0.0,22:33:00,1,panel_soiling
0.013679513274167469,15.256859699639916,0.04,0.0,0.0,22:34:00,1,panel_soiling
0.013204695769039909,15.252279656221317,0.03,0.0,0.0,22:35:00,1,panel_soiling
0.012745650139145416,15.247772089493438,0.03,0.0,0.0,22:36:00,1,panel_soiling
0.012301878280686435,15.243336035855373,0.03,0.0,0.0,22:37:00,1,panel_soiling
0.011872896914509807,15.238970541055188,0.03,0.0,0.0,22:38:00,1,panel_soiling
0.003928029160260486,15.23467466016284,0.01,0.0,0.0,22:39:00,1,panel_soiling
0.011057444213032284,15.23044745754185,0.03,0.0,0.0,22:40:00,1,panel_soiling
0.010670076799818778,15.226288006819797,0.03,0.0,0.0,22:41:00,1,panel_soiling
0.006587724225516461,15.222195390857626,0.02,0.0,0.0,22:42:00,1,panel_soiling
0.009933919563084613,15.218168701717829,0.03,0.0,0.0,22:43:00,1,panel_soiling
0.009584312033294481,15.214207040631486,0.02,0.0,0.0,22:44:00,1,panel_soiling
0.009246493927726227,15.210309517964243,0.02,0.0,0.0,22:45:00,1,panel_soiling
0.008920086628798405,15.206475253181212,0.02,0.0,0.0,22:46:00,1,panel_soiling
0.0038296790536454096,15.202703374810843,0.01,0.0,0.0,22:47:00,1,panel_soiling
0.008300047077934414,15.198993020407793,0.02,0.0,0.0,22:48:00,1,panel_soiling
0.008005713721192713,15.1953433365148,0.02,0.0,0.0,22:49:00,1,panel_soiling
0.004569171758816581,15.191753478623621,0.01,0.0,0.0,22:50:00,1,panel_soiling
0.007446746559999046,15.188222611135027,0.02,0.0,0.0,22:51:00,1,panel_soiling
0.0071814739703098965,15.184749907317906,0.02,0.0,0.0,22:52:00,1,panel_soiling
0.006925265801474953,15.18133454926748,0.02,0.0,0.0,22:53:00,1,panel_soiling
0.006677826666673851,15.17797572786267,0.02,0.0,0.0,22:54:00,1,panel_soiling
0.0024591156272721023,15.174672642722657,0.01,0.0,0.0,22:55:00,1,panel_soiling
0.006208119233352917,15.171424502162601,0.02,0.0,0.0,22:56:00,1,panel_soiling
0.005985304660951821,15.168230523148624,0.02,0.0,0.0,22:57:00,1,panel_soiling
0.005770166069817336,15.165089931252009,0.01,0.0,0.0,22:58:00,1,panel_soiling
0.005562451057545743,15.162001960602693,0.01,0.0,0.0,22:59:00,1,panel_soiling
0.005361915084323619,15.158965853842039,0.01,0.0,0.0,23:00:00,1,panel_soiling
0.0037442766783637544,15.155980862074937,0.01,0.0,0.0,23:01:00,1,panel_soiling
0.004981440037293885,15.153046244821244,0.01,0.0,0.0,23:02:00,1,panel_soiling
0.004801049161166691,15.150161269966588,0.01,0.0,0.0,23:03:00,1,panel_soiling
0.004626933290580547,15.147325213712563,0.01,0.0,0.0,23:04:00,1,panel_soiling
0.0044588838761309615,15.144537360526325,0.01,0.0,0.0,23:05:00,1,panel_soiling
0.004296698943234325,15.14179700308964,0.01,0.0,0.0,23:06:00,1,panel_soiling
0.004140182897458453,15.139103442247361,0.01,0.0,0.0,23:07:00,1,panel_soiling
0.0016024032205254686,15.136455986955411,0.0,0.0,0.0,23:08:00,1,panel_soiling
0.0024295810968161806,15.13385395422823,0.01,0.0,0.0,23:09:00,1,panel_soiling
0.0020162693551211094,15.131296669085774,0.01,0.0,0.0,23:10:00,1,panel_soiling
0.0035671085439967025,15.128783464500026,0.01,0.0,0.0,23:11:00,1,panel_soiling
0.0034362133567855135,15.126313681341088,0.01,0.0,0.0,23:12:00,1,panel_soiling
0.0013788742435391537,15.12388666832284,0.0,0.0,0.0,23:13:00,1,panel_soiling
0.001325762190092875,15.121501781948202,0.0,0.0,0.0,23:14:00,1,panel_soiling
0.0030706233365077654,15.119158386454032,0.01,0.0,0.0,23:15:00,1,panel_soiling
0.0013310689825460915,15.11685585375563,0.0,0.0,0.0,23:16:00,1,panel_soiling
0.0028479783979546056,15.114593563390937,0.01,0.0,0.0,23:17:00,1,panel_soiling
0.002742556110311964,15.112370902464384,0.01,0.0,0.0,23:18:00,1,panel_soiling
0.002087628805461625,15.110187265590467,0.01,0.0,0.0,23:19:00,1,panel_soiling
0.0025428497528702065,15.108042054836991,0.01,0.0,0.0,23:20:00,1,panel_soiling
0.0010990771769451057,15.105934679668103,0.0,0.0,0.0,23:21:00,1,panel_soiling
0.0023571609331601256,15.103864556887027,0.01,0.0,0.0,23:22:00,1,panel_soiling
0.0013796702015019542,15.101831110578596,0.0,0.0,0.0,23:23:00,1,panel_soiling
0.0021845456526193782,15.099833772051554,0.01,0.0,0.0,23:24:00,1,panel_soiling
0.0021028622691518783,15.097871979780674,0.01,0.0,0.0,23:25:00,1,panel_soiling
0.002024120537231113,15.095945179348675,0.01,0.0,0.0,23:26:00,1,panel_soiling
0.0019482189036128712,15.094052823387997,0.01,0.0,0.0,23:27:00,1,panel_soiling
0.001875059155328515,15.092194371522407,0.0,0.0,0.0,23:28:00,1,panel_soiling
0.001804546315873865,15.090369290308482,0.0,0.0,0.0,23:29:00,1,panel_soiling
0.0011293038024203195,15.088577053176977,0.0,0.0,0.0,23:30:00,1,panel_soiling
0.0016710970378981862,15.086817140374077,0.0,0.0,0.0,23:31:00,1,panel_soiling
0.0016079859360837332,15.085089038902584,0.0,0.0,0.0,23:32:00,1,panel_soiling
0.0015471722292639822,15.083392242463004,0.0,0.0,0.0,23:33:00,1,panel_soiling
0.0014885756687544112,15.081726251394599,0.0,0.0,0.0,23:34:00,1,panel_soiling
0.0014321186799869858,15.080090572616385,0.0,0.0,0.0,23:35:00,1,panel_soiling
0.0013777262781673395,15.078484719568092,0.0,0.0,0.0,23:36:00,1,panel_soiling
0.0013253259864218724,15.076908212151128,0.0,0.0,0.0,23:37:00,1,panel_soiling
0.00127484775636721,15.07536057666952,0.0,0.0,0.0,23:38:00,1,panel_soiling
0.0012262238910359267,15.073841345770866,0.0,0.0,0.0,23:39:00,1,panel_soiling
0.0004804706377034588,15.072350058387332,0.0,0.0,0.0,23:40:00,1,panel_soiling
0.001134279777288284,15.070886259676653,0.0,0.0,0.0,23:41:00,1,panel_soiling
0.0010908352300595507,15.069449500963204,0.0,0.0,0.0,23:42:00,1,panel_soiling
0.0010489963112667083,15.068039339679117,0.0,0.0,0.0,23:43:00,1,panel_soiling
0.0010087060029584588,15.066655339305479,0.0,0.0,0.0,23:44:00,1,panel_soiling
0.0003463030601108555,15.065297069313605,0.0,0.0,0.0,23:45:00,1,panel_soiling
0.0009325527584703446,15.063964105106413,0.0,0.0,0.0,23:46:00,1,panel_soiling
0.0008965852138602474,15.062656027959894,0.0,0.0,0.0,23:47:00,1,panel_soiling
0.0008619569438782088,15.06137242496471,0.0,0.0,0.0,23:48:00,1,panel_soiling
0.000468699243773691,15.060112888967895,0.0,0.0,0.0,23:49:00,1,panel_soiling
0.0007965280792993652,15.058877018514734,0.0,0.0,0.0,23:50:00,1,panel_soiling
0.0007656364615243531,15.057664417790738,0.0,0.0,0.0,23:51:00,1,panel_soiling
0.00043128178268127113,15.05647469656382,0.0,0.0,0.0,23:52:00,1,panel_soiling
0.000707282901032374,15.055307470126598,0.0,0.0,0.0,23:53:00,1,panel_soiling
0.0006797390075461126,15.054162359238914,0.0,0.0,0.0,23:54:00,1,panel_soiling
0.0006532314206357231,15.053038990070494,0.0,0.0,0.0,23:55:00,1,panel_soiling
0.0006277226195450431,15.051936994143835,0.0,0.0,0.0,23:56:00,1,panel_soiling
0.0003268553882175481,15.050856008277282,0.0,0.0,0.0,23:57:00,1,panel_soiling
0.0005795577526696793,15.0497956745283,0.0,0.0,0.0,23:58:00,1,panel_soiling
0.0005568329789001901,15.04875564013699,0.0,0.0,0.0,23:59:00,1,panel_soiling
0.000323184013174309,15.000016355695166,0.0,0.0,0.0,00:00:00,2,panel_soiling
0.0006120454745410505,15.000016891359769,0.0,0.0,0.0,00:01:00,2,panel_soiling
0.00029935181116029296,15.000017443920918,0.0,0.0,0.0,00:02:00,2,panel_soiling
0.0006629102738939121,15.000018013889683,0.0,0.0,0.0,00:03:00,2,panel_soiling
0.0006898489977684564,15.000018601791883,0.0,0.0,0.0,00:04:00,2,panel_soiling
0.0005427675704817789,15.000019208168471,0.0,0.0,0.0,00:05:00,2,panel_soiling
0.0007469303909801294,15.000019833575962,0.0,0.0,0.0,00:06:00,2,panel_soiling
0.0007771537287749907,15.000020478586844,0.0,0.0,0.0,00:07:00,2,panel_soiling
0.0008085550219301226,15.000021143790022,0.0,0.0,0.0,00:08:00,2,panel_soiling
0.0008411783019627901,15.000021829791255,0.0,0.0,0.0,00:09:00,2,panel_soiling
0.0008750691701756702,15.000022537213615,0.0,0.0,0.0,00:10:00,2,panel_soiling
0.0009102748506421491,15.000023266697962,0.0,0.0,0.0,00:11:00,2,panel_soiling
0.0009468442448674284,15.00002401890341,0.0,0.0,0.0,00:12:00,2,panel_soiling
0.0009848279881743826,15.000024794507828,0.0,0.0,0.0,00:13:00,2,panel_soiling
0.00030933166121133756,15.000025594208342,0.0,0.0,0.0,00:14:00,2,panel_soiling
0.0006718089729946529,15.000026418721852,0.0,0.0,0.0,00:15:00,2,panel_soiling
0.0004160749611649332,15.00002726878556,0.0,0.0,0.0,00:16:00,2,panel_soiling
0.0011519831508636817,15.000028145157517,0.0,0.0,0.0,00:17:00,2,panel_soiling
0.0011978630280671963,15.000029048617172,0.0,0.0,0.0,00:18:00,2,panel_soiling
0.0012455008643136435,15.000029979965953,0.0,0.0,0.0,00:19:00,2,panel_soiling
0.0012949611662091119,15.000030940027841,0.0,0.0,0.0,00:20:00,2,panel_soiling
0.0010625932750425704,15.000031929649975,0.0,0.0,0.0,00:21:00,2,panel_soiling
0.0013996185342092721,15.000032949703265,0.0,0.0,0.0,00:22:00,2,panel_soiling
0.001454956179646179,15.000034001083021,0.0,0.0,0.0,00:23:00,2,panel_soiling
0.0015123976049912613,15.000035084709594,0.0,0.0,0.0,00:24:00,2,panel_soiling
0.0008485788059819924,15.000036201529047,0.0,0.0,0.0,00:25:00,2,panel_soiling
0.0016339006024759656,15.000037352513814,0.0,0.0,0.0,00:26:00,2,panel_soiling
0.0008097232314207688,15.00003853866341,0.0,0.0,0.0,00:27:00,2,panel_soiling
0.0013105210430925714,15.000039761005135,0.0,0.0,0.0,00:28:00,2,panel_soiling
0.0014579518439136183,15.000041020594796,0.0,0.0,0.0,00:29:00,2,panel_soiling
0.0019057020653122229,15.000042318517464,0.0,0.0,0.0,00:30:00,2,panel_soiling
0.001980167576448024,15.000043655888224,0.01,0.0,0.0,00:31:00,2,panel_soiling
0.0020574283716832623,15.000045033852967,0.01,0.0,0.0,00:32:00,2,panel_soiling
0.0021375847515303467,15.000046453589185,0.01,0.0,0.0,00:33:00,2,panel_soiling
0.0022207404343896017,15.000047916306798,0.01,0.0,0.0,00:34:00,2,panel_soiling
0.0014714607403925706,15.000049423248983,0.0,0.0,0.0,00:35:00,2,panel_soiling
0.0010658660174241168,15.000050975693043,0.0,0.0,0.0,00:36:00,2,panel_soiling
0.0024892940785624907,15.000052574951287,0.01,0.0,0.0,00:37:00,2,panel_soiling
0.001196380541010082,15.000054222371928,0.0,0.0,0.0,00:38:00,2,panel_soiling
0.0026853918811592173,15.000055919340003,0.01,0.0,0.0,00:39:00,2,panel_soiling
0.002788927102906554,15.00005766727833,0.01,0.0,0.0,00:40:00,2,panel_soiling
0.0028962929893684756,15.00005946764847,0.01,0.0,0.0,00:41:00,2,panel_soiling
0.0030076248346767587,15.000061321951708,0.01,0.0,0.0,00:42:00,2,panel_soiling
0.003123062462885262,15.000063231730087,0.01,0.0,0.0,00:43:00,2,panel_soiling
0.0032427503703860786,15.000065198567428,0.01,0.0,0.0,00:44:00,2,panel_soiling
0.0014048424972387722,15.000067224090403,0.0,0.0,0.0,00:45:00,2,panel_soiling
0.003495479254150745,15.000069309969618,0.01,0.0,0.0,00:46:00,2,panel_soiling
0.0036288339253340318,15.000071457920729,0.01,0.0,0.0,00:47:00,2,panel_soiling
0.003767066580497018,15.000073669705586,0.01,0.0,0.0,00:48:00,2,panel_soiling
0.003910347362943685,15.000075947133382,0.01,0.0,0.0,00:49:00,2,panel_soiling
0.0040588520337867,15.00007829206187,0.01,0.0,0.0,00:50:00,2,panel_soiling
0.0018541576897962468,15.000080706398562,0.0,0.0,0.0,00:51:00,2,panel_soiling
0.0022939662346206924,15.000083192101993,0.01,0.0,0.0,00:52:00,2,panel_soiling
0.00453755494005224,15.000085751182993,0.01,0.0,0.0,00:53:00,2,panel_soiling
0.003071276102805545,15.000088385705997,0.01,0.0,0.0,00:54:00,2,panel_soiling
0.004886300922484944,15.000091097790378,0.01,0.0,0.0,00:55:00,2,panel_soiling
0.005070177042072932,15.000093889611826,0.01,0.0,0.0,00:56:00,2,panel_soiling
0.005260679919264295,15.000096763403736,0.01,0.0,0.0,00:57:00,2,panel_soiling
0.0026499767040451764,15.00009972145865,0.01,0.0,0.0,00:58:00,2,panel_soiling
0.005662482896858257,15.000102766129716,0.01,0.0,0.0,00:59:00,2,panel_soiling
0.0022849999937326363,15.000105899832189,0.01,0.0,0.0,01:00:00,2,panel_soiling
0.004502743584582788,15.000109125044961,0.01,0.0,0.0,01:01:00,2,panel_soiling
0.0063208172345386535,15.000112444312133,0.02,0.0,0.0,01:02:00,2,panel_soiling
0.006556121913100404,15.000115860244614,0.02,0.0,0.0,01:03:00,2,panel_soiling
0.006799807961756925,15.00011937552176,0.02,0.0,0.0,01:04:00,2,panel_soiling
0.007052159292633509,15.00012299289305,0.02,0.0,0.0,01:05:00,2,panel_soiling
0.00237214426809318,15.000126715179801,0.01,0.0,0.0,01:06:00,2,panel_soiling
0.00425167060755429,15.00013054527692,0.01,0.0,0.0,01:07:00,2,panel_soiling
0.007864181802601594,15.000134486154689,0.02,0.0,0.0,01:08:00,2,panel_soiling
0.005040075393700833,15.000138540860611,0.01,0.0,0.0,01:09:00,2,panel_soiling
0.008454482458316568,15.000142712521262,0.02,0.0,0.0,01:10:00,2,panel_soiling
0.00876531498220298,15.000147004344221,0.02,0.0,0.0,01:11:00,2,panel_soiling
0.009087069838468272,15.000151419620018,0.02,0.0,0.0,01:12:00,2,panel_soiling
0.009420111504887155,15.000155961724134,0.02,0.0,0.0,01:13:00,2,panel_soiling
0.009764815909660744,15.000160634119048,0.03,0.0,0.0,01:14:00,2,panel_soiling
0.010121570765891532,15.000165440356318,0.03,0.0,0.0,01:15:00,2,panel_soiling
0.010490775914969237,15.000170384078723,0.03,0.0,0.0,01:16:00,2,panel_soiling
0.010872843679077072,15.000175469022437,0.03,0.0,0.0,01:17:00,2,panel_soiling
0.004316166221825512,15.000180699019264,0.01,0.0,0.0,01:18:00,2,panel_soiling
0.011677280925674693,15.00018607799891,0.03,0.0,0.0,01:19:00,2,panel_soiling
0.012100540761035993,15.00019160999131,0.03,0.0,0.0,01:20:00,2,panel_soiling
0.006888709004588967,15.000197299129008,0.02,0.0,0.0,01:21:00,2,panel_soiling
0.01299147305918328,15.00020314964958,0.03,0.0,0.0,01:22:00,2,panel_soiling
0.0104891573110063,15.000209165898122,0.03,0.0,0.0,01:23:00,2,panel_soiling
0.013944898935272376,15.000215352329773,0.04,0.0,0.0,01:24:00,2,panel_soiling
0.014446332837083714,15.00022171351232,0.04,0.0,0.0,01:25:00,2,panel_soiling
0.014964964849131054,15.000228254128823,0.04,0.0,0.0,01:26:00,2,panel_soiling
0.006009497758886723,15.000234978980329,0.02,0.0,0.0,01:27:00,2,panel_soiling
0.016056074957733358,15.000241892988623,0.04,0.0,0.0,01:28:00,2,panel_soiling
0.01662972197180548,15.000249001199048,0.04,0.0,0.0,01:29:00,2,panel_soiling
0.010755882662180806,15.00025630878338,0.03,0.0,0.0,01:30:00,2,panel_soiling
0.017836256458914766,15.000263821042761,0.05,0.0,0.0,01:31:00,2,panel_soiling
0.01847042236526311,15.000271543410703,0.05,0.0,0.0,01:32:00,2,panel_soiling
0.013206975593217898,15.00027948145615,0.03,0.0,0.0,01:33:00,2,panel_soiling
0.019803893417172036,15.000287640886599,0.05,0.0,0.0,01:34:00,2,panel_soiling
0.009214328919893326,15.000296027551293,0.02,0.0,0.0,01:35:00,2,panel_soiling
0.006630812605079618,15.000304647444484,0.02,0.0,0.0,01:36:00,2,panel_soiling
0.021977586765242085,15.00031350670875,0.06,0.0,0.0,01:37:00,2,panel_soiling
0.012595399205290831,15.000322611638397,0.03,0.0,0.0,01:38:00,2,panel_soiling
0.011918085580856939,15.000331968682923,0.03,0.0,0.0,01:39:00,2,panel_soiling
0.02437765783992107,15.000341584450547,0.06,0.0,0.0,01:40:00,2,panel_soiling
0.02523176588189836,15.000351465711828,0.06,0.0,0.0,01:41:00,2,panel_soiling
0.026114346033942932,15.000361619403346,0.07,0.0,0.0,01:42:00,2,panel_soiling
0.027026294304472433,15.000372052631452,0.07,0.0,0.0,01:43:00,2,panel_soiling
0.027968533030589098,15.000382772676113,0.07,0.0,0.0,01:44:00,2,panel_soiling
0.02894201158869256,15.000393786994827,0.07,0.0,0.0,01:45:00,2,panel_soiling
0.029947707122235233,15.000405103226607,0.08,0.0,0.0,01:46:00,2,panel_soiling
0.030986625286972058,15.000416729196056,0.08,0.0,0.0,01:47:00,2,panel_soiling
0.0320598010140589,15.000428672917533,0.08,0.0,0.0,01:48:00,2,panel_soiling
0.033168299291361975,15.00044094259938,0.09,0.0,0.0,01:49:00,2,panel_soiling
0.03431321596334465,15.000453546648254,0.09,0.0,0.0,01:50:00,2,panel_soiling
0.0354956785499017,15.000466493673539,0.09,0.0,0.0,01:51:00,2,panel_soiling
0.026373421646240573,15.000479792491838,0.07,0.0,0.0,01:52:00,2,panel_soiling
0.03797791497215338,15.00049345213157,0.1,0.0,0.0,01:53:00,2,panel_soiling
0.022581484582422484,15.000507481837644,0.06,0.0,0.0,01:54:00,2,panel_soiling
0.013330940609644515,15.000521891076238,0.03,0.0,0.0,01:55:00,2,panel_soiling
0.04201296795567706,15.00053668953966,0.11,0.0,0.0,01:56:00,2,panel_soiling
0.04344626589599864,15.000551887151307,0.11,0.0,0.0,01:57:00,2,panel_soiling
0.04492596224037688,15.000567494070737,0.12,0.0,0.0,01:58:00,2,panel_soiling
0.04645346979102751,15.00058352069882,0.12,0.0,0.0,01:59:00,2,panel_soiling
0.03333065067489086,15.000599977682993,0.09,0.0,0.0,02:00:00,2,panel_soiling
0.028116812648665515,15.000616875922633,0.07,0.0,0.0,02:01:00,2,panel_soiling
0.025722847207956614,15.000634226574514,0.07,0.0,0.0,02:02:00,2,panel_soiling
0.01795292722229543,15.000652041058375,0.05,0.0,0.0,02:03:00,2,panel_soiling
0.054860479367544825,15.000670331062613,0.14,0.0,0.0,02:04:00,2,panel_soiling
0.056706834274063526,15.000689108550056,0.15,0.0,0.0,02:05:00,2,panel_soiling
0.03023477033732279,15.000708385763868,0.08,0.0,0.0,02:06:00,2,panel_soiling
0.060577944025404916,15.000728175233562,0.16,0.0,0.0,02:07:00,2,panel_soiling
0.02879510632759656,15.000748489781119,0.07,0.0,0.0,02:08:00,2,panel_soiling
0.0646989171640371,15.000769342527237,0.17,0.0,0.0,02:09:00,2,panel_soiling
0.04516400826387868,15.000790746897684,0.12,0.0,0.0,02:10:00,2,panel_soiling
0.055237349821110546,15.000812716629785,0.14,0.0,0.0,02:11:00,2,panel_soiling
0.0713821341839872,15.000835265779017,0.18,0.0,0.0,02:12:00,2,panel_soiling
0.07375170164212182,15.00085840872574,0.19,0.0,0.0,02:13:00,2,panel_soiling
0.07619568904014505,15.000882160182046,0.2,0.0,0.0,02:14:00,2,panel_soiling
0.07871628607990493,15.000906535198732,0.2,0.0,0.0,02:15:00,2,panel_soiling
0.028313189726298385,15.000931549172419,0.07,0.0,0.0,02:16:00,2,panel_soiling
0.08399636686349078,15.000957217852784,0.22,0.0,0.0,02:17:00,2,panel_soiling
0.08676053339229767,15.000983557349933,0.22,0.0,0.0,02:18:00,2,panel_soiling
0.04786739087088926,15.001010584141916,0.12,0.0,0.0,02:19:00,2,panel_soiling
0.092549303245662,15.001038315082369,0.24,0.0,0.0,02:20:00,2,panel_soiling
0.04640298579881622,15.001066767408293,0.12,0.0,0.0,02:21:00,2,panel_soiling
0.05244886905460565,15.001095958748001,0.14,0.0,0.0,02:22:00,2,panel_soiling
0.032064121649173695,15.001125907129168,0.08,0.0,0.0,02:23:00,2,panel_soiling
0.10524103286439296,15.001156630987065,0.27,0.0,0.0,02:24:00,2,panel_soiling
0.10866199798875359,15.001188149172913,0.28,0.0,0.0,02:25:00,2,panel_soiling
0.048409316521693134,15.001220480962408,0.12,0.0,0.0,02:26:00,2,panel_soiling
0.11582181656629538,15.001253646064383,0.3,0.0,0.0,02:27:00,2,panel_soiling
0.11956676349110916,15.001287664629631,0.31,0.0,0.0,02:28:00,2,panel_soiling
0.12342593165499027,15.001322557259892,0.32,0.0,0.0,02:29:00,2,panel_soiling
0.12740257138246458,15.001358345016984,0.33,0.0,0.0,02:30:00,2,panel_soiling
0.13150001789196197,15.001395049432109,0.34,0.0,0.0,02:31:00,2,panel_soiling
0.13572169327689518,15.001432692515309,0.35,0.0,0.0,02:32:00,2,panel_soiling
0.14007110852595864,15.001471296765107,0.36,0.0,0.0,02:33:00,2,panel_soiling
0.05696639145099431,15.001510885178293,0.15,0.0,0.0,02:34:00,2,panel_soiling
0.149167659448595,15.001551481259906,0.38,0.0,0.0,02:35:00,2,panel_soiling
0.10916912032793422,15.00159310903336,0.28,0.0,0.0,02:36:00,2,panel_soiling
0.15881961577259118,15.001635793050776,0.41,0.0,0.0,02:37:00,2,panel_soiling
0.16386365299132044,15.001679558403463,0.42,0.0,0.0,02:38:00,2,panel_soiling
0.0687773258011627,15.001724430732603,0.18,0.0,0.0,02:39:00,2,panel_soiling
0.1744082931324431,15.001770436240104,0.45,0.0,0.0,02:40:00,2,panel_soiling
0.17991738907411844,15.001817601699639,0.46,0.0,0.0,02:41:00,2,panel_soiling
0.07796901295903055,15.001865954467876,0.2,0.0,0.0,02:42:00,2,panel_soiling
0.08548318959341453,15.001915522495903,0.22,0.0,0.0,02:43:00,2,panel_soiling
0.1974450265281933,15.001966334340835,0.51,0.0,0.0,02:44:00,2,panel_soiling
0.20363647134155796,15.002018419177615,0.52,0.0,0.0,02:45:00,2,panel_soiling
0.21001038255232427,15.002071806811028,0.54,0.0,0.0,02:46:00,2,panel_soiling
0.1434259215052195,15.002126527687896,0.37,0.0,0.0,02:47:00,2,panel_soiling
0.2233256924793248,15.002182612909484,0.57,0.0,0.0,02:48:00,2,panel_soiling
0.23027744883781745,15.002240094244119,0.59,0.0,0.0,02:49:00,2,panel_soiling
0.23743239238265065,15.002299004139994,0.61,0.0,0.0,02:50:00,2,panel_soiling
0.24479602789232205,15.002359375738212,0.63,0.0,0.0,02:51:00,2,panel_soiling
0.16630915775054728,15.002421242886015,0.43,0.0,0.0,02:52:00,2,panel_soiling
0.2601720744056492,15.002484640150241,0.67,0.0,0.0,02:53:00,2,panel_soiling
0.2681961842879147,15.002549602831008,0.69,0.0,0.0,02:54:00,2,panel_soiling
0.21865699709330708,15.002616166975598,0.56,0.0,0.0,02:55:00,2,panel_soiling
0.2849469033907409,15.002684369392574,0.73,0.0,0.0,02:56:00,2,panel_soiling
0.2057389067766702,15.002754247666136,0.53,0.0,0.0,02:57:00,2,panel_soiling
0.30267645908704094,15.00282584017068,0.78,0.0,0.0,02:58:00,2,panel_soiling
0.31192469176544385,15.002899186085607,0.8,0.0,0.0,02:59:00,2,panel_soiling
0.3214376198005241,15.002974325410362,0.83,0.0,0.0,03:00:00,2,panel_soiling
0.3312222411710383,15.0030512989797,0.85,0.0,0.0,03:01:00,2,panel_soiling
0.3412857210420766,15.003130148479212,0.88,0.0,0.0,03:02:00,2,panel_soiling
0.3516353952355976,15.003210916461063,0.91,0.0,0.0,03:03:00,2,panel_soiling
0.3622787737583183,15.003293646360007,0.93,0.0,0.0,03:04:00,2,panel_soiling
0.37322354438750976,15.003378382509624,0.96,0.0,0.0,03:05:00,2,panel_soiling
0.3844775763152372,15.00346517015882,0.99,0.0,0.0,03:06:00,2,panel_soiling
0.16580118749893696,15.003554055488582,0.43,0.0,0.0,03:07:00,2,panel_soiling
0.13108099715563015,15.003645085628973,0.34,0.0,0.0,03:08:00,2,panel_soiling
0.1940777323715933,15.0037383086764,0.5,0.0,0.0,03:09:00,2,panel_soiling
0.4327502594208672,15.003833773711147,1.11,0.0,0.0,03:10:00,2,panel_soiling
0.4456752478118178,15.003931530815146,1.15,0.0,0.0,03:11:00,2,panel_soiling
0.45896073393861825,15.004031631090053,1.18,0.0,0.0,03:12:00,2,panel_soiling
0.4726159639551031,15.00413412667555,1.22,0.0,0.0,03:13:00,2,panel_soiling
0.48665039675026334,15.004239070767962,1.25,0.0,0.0,03:14:00,2,panel_soiling
0.5010737081415663,15.00434651763911,1.29,0.0,0.0,03:15:00,2,panel_soiling
0.3062112643099743,15.004456522655468,0.79,0.0,0.0,03:16:00,2,panel_soiling
0.5311267802290403,15.004569142297598,1.37,0.0,0.0,03:17:00,2,panel_soiling
0.5467770158327081,15.00468443417984,1.41,0.0,0.0,03:18:00,2,panel_soiling
0.3524313566024965,15.004802457070333,0.91,0.0,0.0,03:19:00,2,panel_soiling
0.5793778243706729,15.004923270911288,1.49,0.0,0.0,03:20:00,2,panel_soiling
0.5963502919279641,15.005046936839557,1.53,0.0,0.0,03:21:00,2,panel_soiling
0.6137858084636643,15.00517351720752,1.58,0.0,0.0,03:22:00,2,panel_soiling
0.6316959438807855,15.005303075604239,1.63,0.0,0.0,03:23:00,2,panel_soiling
0.650092525654235,15.005435676876926,1.67,0.0,0.0,03:24:00,2,panel_soiling
0.6689876436764869,15.005571387152708,1.72,0.0,0.0,03:25:00,2,panel_soiling
0.688393655170441,15.005710273860705,1.77,0.0,0.0,03:26:00,2,panel_soiling
0.34685080390981193,15.005852405754403,0.89,0.0,0.0,03:27:00,2,panel_soiling
0.7287891540671774,15.005997852934339,1.88,0.0,0.0,03:28:00,2,panel_soiling
0.7498047377303079,15.006146686871109,1.93,0.0,0.0,03:29:00,2,panel_soiling
0.771383417686433,15.00629898042868,1.99,0.0,0.0,03:30:00,2,panel_soiling
0.793538963875241,15.006454807888016,2.04,0.0,0.0,03:31:00,2,panel_soiling
0.5260406382595885,15.00661424497104,1.35,0.0,0.0,03:32:00,2,panel_soiling
0.839637231270261,15.006777368864908,2.16,0.0,0.0,03:33:00,2,panel_soiling
0.8636090051568012,15.006944258246602,2.22,0.0,0.0,03:34:00,2,panel_soiling
0.8882157616247248,15.007114993307859,2.29,0.0,0.0,03:35:00,2,panel_soiling
0.9134728163790388,15.007289655780435,2.35,0.0,0.0,03:36:00,2,panel_soiling
0.9393958110022665,15.00746832896169,2.42,0.0,0.0,03:37:00,2,panel_soiling
0.966000718690978,15.00765109774051,2.49,0.0,0.0,03:38:00,2,panel_soiling
0.5742853753178551,15.007838048623578,1.48,0.0,0.0,03:39:00,2,panel_soiling
1.021321859026508,15.008029269761959,2.63,0.0,0.0,03:40:00,2,panel_soiling
1.05007174873734,15.008224850978063,2.7,0.0,0.0,03:41:00,2,panel_soiling
1.0795708776005475,15.008424883792918,2.78,0.0,0.0,03:42:00,2,panel_soiling
1.1098369653600384,15.008629461453806,2.86,0.0,0.0,03:43:00,2,panel_soiling
1.1408880992498485,15.00883867896225,2.94,0.0,0.0,03:44:00,2,panel_soiling
1.1727427402156767,15.009052633102344,3.02,0.0,0.0,03:45:00,2,panel_soiling
1.2054197292052664,15.009271422469435,3.1,0.0,0.0,03:46:00,2,panel_soiling
0.4818965664246149,15.009495147499173,1.24,0.0,0.0,03:47:00,2,panel_soiling
1.2733180532794572,15.0097239104969,3.28,0.0,0.0,03:48:00,2,panel_soiling
0.9536066842727063,15.009957815667411,2.45,0.0,0.0,03:49:00,2,panel_soiling
0.5827304713634704,15.010196969145072,1.5,0.0,0.0,03:50:00,2,panel_soiling
1.381826734796626,15.010441479024301,3.56,0.0,0.0,03:51:00,2,panel_soiling
0.5760969846167511,15.010691455390411,1.48,0.0,0.0,03:52:00,2,panel_soiling
1.4588498062146444,15.010947010350826,3.75,0.0,0.0,03:53:00,2,panel_soiling
1.4988315837033852,15.011208258066658,3.86,0.0,0.0,03:54:00,2,panel_soiling
1.5398234495096526,15.011475314784663,3.96,0.0,0.0,03:55:00,2,panel_soiling
1.5818484055297295,15.01174829886956,4.07,0.0,0.0,03:56:00,2,panel_soiling
1.6249299073173653,15.012027330836721,4.18,0.0,0.0,03:57:00,2,panel_soiling
1.6690918711745326,15.012312533385256,4.3,0.0,0.0,03:58:00,2,panel_soiling
1.714358681305552,15.012604031431446,4.41,0.0,0.0,03:59:00,2,panel_soiling
1.760755197034005,15.012901952142577,4.53,0.0,0.0,04:00:00,2,panel_soiling
1.8083067600815725,15.013206424971141,4.65,0.0,0.0,04:01:00,2,panel_soiling
1.857039201908126,15.013517581689415,4.78,0.0,0.0,04:02:00,2,panel_soiling
1.906978851112176,15.013835556424437,4.91,0.0,0.0,04:03:00,2,panel_soiling
1.9581525408908307,15.014160485693347,5.04,0.0,0.0,04:04:00,2,panel_soiling
1.5571722881028376,15.014492508439119,4.01,0.0,0.0,04:05:00,2,panel_soiling
2.064311943122297,15.014831766066685,5.31,0.0,0.0,04:06:00,2,panel_soiling
2.119353912916341,15.015178402479428,5.45,0.0,0.0,04:07:00,2,panel_soiling
2.175742453288534,15.01553256411608,5.6,0.0,0.0,04:08:00,2,panel_soiling
2.2335070343440577,15.015894399987992,5.75,0.0,0.0,04:09:00,2,panel_soiling
2.292677676741205,15.0162640617168,5.9,0.0,0.0,04:10:00,2,panel_soiling
0.9534941721135715,15.01664170357248,2.45,0.0,0.0,04:11:00,2,panel_soiling
2.415360028097955,15.017027482511786,6.21,0.0,0.0,04:12:00,2,panel_soiling
2.4789346020243337,15.017421558217082,6.38,0.0,0.0,04:13:00,2,panel_soiling
2.544040983170363,15.017824093135564,6.55,0.0,0.0,04:14:00,2,panel_soiling
2.6107120636751553,15.018235252518869,6.72,0.0,0.0,04:15:00,2,panel_soiling
2.6789813340530926,15.018655204463073,6.89,0.0,0.0,04:16:00,2,panel_soiling
2.748882891325431,15.019084119949087,7.07,0.0,0.0,04:17:00,2,panel_soiling
2.8204514471938396,15.01952217288343,7.26,0.0,0.0,04:18:00,2,panel_soiling
1.2743941945655304,15.019969540139405,3.28,0.0,0.0,04:19:00,2,panel_soiling
1.3418995251089378,15.020426401598648,3.45,0.0,0.0,04:20:00,2,panel_soiling
3.0455156163574935,15.02089294019309,7.84,0.0,0.0,04:21:00,2,panel_soiling
3.1241118655174644,15.021369341947281,8.04,0.0,0.0,04:22:00,2,panel_soiling
3.2045581807850634,15.021855796021121,8.24,0.0,0.0,04:23:00,2,panel_soiling
3.286893135721666,15.022352494752965,8.46,0.0,0.0,04:24:00,2,panel_soiling
3.3711559768114427,15.022859633703128,8.67,0.0,0.0,04:25:00,2,panel_soiling
2.511641332967157,15.023377411697755,6.46,0.0,0.0,04:26:00,2,panel_soiling
3.5456257186912414,15.0239060308731,9.12,0.0,0.0,04:27:00,2,panel_soiling
3.6359145531831314,15.024445696720168,9.35,0.0,0.0,04:28:00,2,panel_soiling
1.3148365509372222,15.024996618129745,3.38,0.0,0.0,04:29:00,2,panel_soiling
1.2095007945838268,15.025559007437804,3.11,0.0,0.0,04:30:00,2,panel_soiling
3.9195033568257194,15.02613308047131,10.08,0.0,0.0,04:31:00,2,panel_soiling
4.018418607110187,15.02671905659436,10.34,0.0,0.0,04:32:00,2,panel_soiling
1.9768999970997838,15.02731715875474,5.09,0.0,0.0,04:33:00,2,panel_soiling
4.2230960964823,15.02792761353083,10.86,0.0,0.0,04:34:00,2,panel_soiling
4.328950464301176,15.028550651178884,11.14,0.0,0.0,04:35:00,2,panel_soiling
4.437211272276585,15.029186505680686,11.41,0.0,0.0,04:36:00,2,panel_soiling
2.32177921448882,15.029835414791558,5.97,0.0,0.0,04:37:00,2,panel_soiling
2.938921310802068,15.03049762008874,7.56,0.0,0.0,04:38:00,2,panel_soiling
2.2033474362605836,15.031173367020125,5.67,0.0,0.0,04:39:00,2,panel_soiling
4.895290428562445,15.03186290495336,12.59,0.0,0.0,04:40:00,2,panel_soiling
5.016319028912529,15.032566487225289,12.9,0.0,0.0,04:41:00,2,panel_soiling
5.1400539135527055,15.033284371191753,13.22,0.0,0.0,04:42:00,2,panel_soiling
5.266547900119552,15.034016818277733,13.55,0.0,0.0,04:43:00,2,panel_soiling
2.679006700781668,15.034764094027846,6.89,0.0,0.0,04:44:00,2,panel_soiling
4.2886789103393745,15.035526468157165,11.03,0.0,0.0,04:45:00,2,panel_soiling
5.663125226172975,15.036304214602396,14.56,0.0,0.0,04:46:00,2,panel_soiling
5.801200627181118,15.03709761157336,14.92,0.0,0.0,04:47:00,2,panel_soiling
5.942311914839801,15.037906941604827,15.28,0.0,0.0,04:48:00,2,panel_soiling
6.086517044218496,15.038732491608659,15.65,0.0,0.0,04:49:00,2,panel_soiling
6.233874855855705,15.039574552926274,16.03,0.0,0.0,04:50:00,2,panel_soiling
3.042279374009531,15.040433421381422,7.83,0.0,0.0,04:51:00,2,panel_soiling
6.538288364770102,15.041309397333277,16.81,0.0,0.0,04:52:00,2,panel_soiling
6.6954662443314055,15.042202785729819,17.22,0.0,0.0,04:53:00,2,panel_soiling
6.856041186915908,15.043113896161525,17.63,0.0,0.0,04:54:00,2,panel_soiling
7.02007658285028,15.044043042915343,18.05,0.0,0.0,04:55:00,2,panel_soiling
7.187636756486508,15.044990545028963,18.48,0.0,0.0,04:56:00,2,panel_soiling
7.358786974064488,15.045956726345354,18.92,0.0,0.0,04:57:00,2,panel_soiling
7.533593451497491,15.046941915567587,19.37,0.0,0.0,04:58:00,2,panel_soiling
5.462150178057737,15.047946446313915,14.05,0.0,0.0,04:59:00,2,panel_soiling
7.894444844084562,15.04897065717313,20.3,0.0,0.0,05:00:00,2,panel_soiling
8.080627008329747,15.050014891760155,20.78,0.0,0.0,05:01:00,2,panel_soiling
8.27073994556995,15.051079498771884,21.26,0.0,0.0,05:02:00,2,panel_soiling
8.464854733846813,15.052164832043287,21.76,0.0,0.0,05:03:00,2,panel_soiling
8.663043445710704,15.05327125060371,22.27,0.0,0.0,05:04:00,2,panel_soiling
8.865379155336328,15.054399118733434,22.79,0.0,0.0,05:05:00,2,panel_soiling
9.07193594552316,15.055548806020415,23.32,0.0,0.0,05:06:00,2,panel_soiling
9.282788914575828,15.05672068741727,23.86,0.0,0.0,05:07:00,2,panel_soiling
5.72734832335855,15.057915143298432,14.73,0.0,0.0,05:08:00,2,panel_soiling
9.71768890042348,15.059132559517511,24.98,0.0,0.0,05:09:00,2,panel_soiling
9.941891251492319,15.060373327464836,25.55,0.0,0.0,05:10:00,2,panel_soiling
10.17070046281161,15.061637844125164,26.14,0.0,0.0,05:11:00,2,panel_soiling
10.40419680885052,15.062926512135563,26.74,0.0,0.0,05:12:00,2,panel_soiling
7.645262012034118,15.064239739843437,19.66,0.0,0.0,05:13:00,2,panel_soiling
10.885577278720639,15.065577941364708,27.98,0.0,0.0,05:14:00,2,panel_soiling
11.13362724476004,15.066941536642117,28.61,0.0,0.0,05:15:00,2,panel_soiling
11.386696041224772,15.068330951503672,29.26,0.0,0.0,05:16:00,2,panel_soiling
7.472630529720733,15.069746617721181,19.21,0.0,0.0,05:17:00,2,panel_soiling
11.908233613557694,15.071188973068908,30.6,0.0,0.0,05:18:00,2,panel_soiling
12.176876842873105,15.072658461382323,31.29,0.0,0.0,05:19:00,2,panel_soiling
4.724729190179615,15.074155532616906,12.15,0.0,0.0,05:20:00,2,panel_soiling
3.9379977821473315,15.075680642907056,10.13,0.0,0.0,05:21:00,2,panel_soiling
13.015373946147447,15.077234254625028,33.44,0.0,0.0,05:22:00,2,panel_soiling
13.306032318455268,15.078816836439929,34.18,0.0,0.0,05:23:00,2,panel_soiling
8.165410563706267,15.080428863376744,20.99,0.0,0.0,05:24:00,2,panel_soiling
13.904646046127194,15.08207081687538,35.72,0.0,0.0,05:25:00,2,panel_soiling
6.002404578669423,15.083743184849714,15.43,0.0,0.0,05:26:00,2,panel_soiling
14.526957234976866,15.085446461746653,37.31,0.0,0.0,05:27:00,2,panel_soiling
5.544600801376925,15.087181148605138,14.26,0.0,0.0,05:28:00,2,panel_soiling
15.173743346087948,15.08894775311516,38.97,0.0,0.0,05:29:00,2,panel_soiling
15.50656237487625,15.090746789676693,39.83,0.0,0.0,05:30:00,2,panel_soiling
15.84579984481398,15.092578779458583,40.69,0.0,0.0,05:31:00,2,panel_soiling
16.19155801502969,15.094444250457354,41.58,0.0,0.0,05:32:00,2,panel_soiling
16.54394027873498,15.096343737555932,42.48,0.0,0.0,05:33:00,2,panel_soiling
16.90305116471248,15.098277782582256,43.4,0.0,0.0,05:34:00,2,panel_soiling
17.268996338517162,15.10024693436777,44.34,0.0,0.0,05:35:00,2,panel_soiling
17.64188260338396,15.102251748805774,45.3,0.0,0.0,05:36:00,2,panel_soiling
18.021817900835288,15.10429278890964,46.27,0.0,0.0,05:37:00,2,panel_soiling
18.408911310981754,15.106370624870838,47.26,0.0,0.0,05:38:00,2,panel_soiling
18.803273052509077,15.108485834116781,48.27,0.0,0.0,05:39:00,2,panel_soiling
19.20501448234474,15.110639001368492,49.3,0.0,0.0,05:40:00,2,panel_soiling
12.953349206109964,15.112830718698016,33.28,0.0,0.0,05:41:00,2,panel_soiling
11.463165575254067,15.115061585585622,29.45,0.0,0.0,05:42:00,2,panel_soiling
20.45564752838883,15.11733220897675,52.5,50.92,2.24,05:43:00,2,panel_soiling
14.535225997786126,15.119643203338674,37.33,0.0,0.0,05:44:00,2,panel_soiling
21.328394014018468,15.121995190716884,54.73,53.09,2.34,05:45:00,2,panel_soiling
21.776815684853243,15.12438880079116,55.88,54.2,2.39,05:46:00,2,panel_soiling
22.23342831484545,15.126824670931324,57.05,55.34,2.44,05:47:00,2,panel_soiling
15.862662553181742,15.129303446252635,40.73,0.0,0.0,05:48:00,2,panel_soiling
11.644947927850891,15.131825779670836,29.92,0.0,0.0,05:49:00,2,panel_soiling
16.163395202246523,15.134392331956798,41.5,0.0,0.0,05:50:00,2,panel_soiling
14.102264100404277,15.137003771790775,36.22,0.0,0.0,05:51:00,2,panel_soiling
24.643609313087893,15.139660775816239,63.21,61.31,2.7,05:52:00,2,panel_soiling
7.7289532580755385,15.142364028693244,19.86,0.0,0.0,05:53:00,2,panel_soiling
25.6693185925082,15.145114223151362,65.83,63.86,2.81,05:54:00,2,panel_soiling
26.195887174090558,15.147912060042108,67.18,65.16,2.87,05:55:00,2,panel_soiling
26.73177033657746,15.150758248390861,68.55,66.49,2.93,05:56:00,2,panel_soiling
27.27709839262759,15.153653505448275,69.94,67.84,2.99,05:57:00,2,panel_soiling
27.83200272460661,15.156598556741114,71.36,69.22,3.05,05:58:00,2,panel_soiling
28.396615776876175,15.159594136122529,72.8,70.61,3.11,05:59:00,2,panel_soiling
28.97107104762738,15.162640985821744,74.27,72.04,3.17,06:00:00,2,panel_soiling
29.555503080252286,15.165739856493124,75.76,73.48,3.24,06:01:00,2,panel_soiling
30.150047454247026,15.16889150726459,77.27,74.96,3.3,06:02:00,2,panel_soiling
30.75484077563986,15.172096705785385,78.82,76.45,3.37,06:03:00,2,panel_soiling
31.370020666938334,15.17535622827316,80.39,77.98,3.43,06:04:00,2,panel_soiling
31.995725756588577,15.178670859560322,81.98,79.52,3.5,06:05:00,2,panel_soiling
22.806521135664536,15.182041393139684,58.5,56.75,2.5,06:06:00,2,panel_soiling
33.27927100771716,15.185468631209334,85.26,82.7,3.64,06:07:00,2,panel_soiling
33.93739335396747,15.188953384716728,86.94,84.33,3.71,06:08:00,2,panel_soiling
17.81971240734791,15.192496473401976,45.74,0.0,0.0,06:09:00,2,panel_soiling
35.28705015891636,15.196098725840297,90.38,87.66,3.86,06:10:00,2,panel_soiling
35.97887251480418,15.199760979483624,92.14,89.37,3.94,06:11:00,2,panel_soiling
26.489764057631326,15.203484080701312,67.91,65.88,2.9,06:12:00,2,panel_soiling
37.397231781964344,15.207268884819943,95.75,92.88,4.09,06:13:00,2,panel_soiling
38.12406205332319,15.211116256162214,97.6,94.67,4.17,06:14:00,2,panel_soiling
38.86285645440393,15.215027068084838,99.48,96.5,4.25,06:15:00,2,panel_soiling
39.61376383779836,15.219002203015483,101.39,98.35,4.33,06:16:00,2,panel_soiling
40.37693389533735,15.223042552488677,103.34,100.24,4.41,06:17:00,2,panel_soiling
41.15251714067608,15.227149017180688,105.31,102.15,4.5,06:18:00,2,panel_soiling
20.58981730591875,15.231322506943338,52.82,51.24,2.26,06:19:00,2,panel_soiling
42.74152925003177,15.23556394083671,109.35,106.07,4.67,06:20:00,2,panel_soiling
43.5552630857808,15.239874247160746,111.42,108.08,4.76,06:21:00,2,panel_soiling
44.38202001395322,15.244254363485688,113.52,110.12,4.85,06:22:00,2,panel_soiling
45.221954376095155,15.248705236681348,115.66,112.19,4.94,06:23:00,2,panel_soiling
46.07522121901918,15.253227822945169,117.83,114.29,5.03,06:24:00,2,panel_soiling
46.94197627332424,15.257823087829049,120.03,116.43,5.13,06:25:00,2,panel_soiling
47.82237593131835,15.262492006264917,122.26,118.6,5.22,06:26:00,2,panel_soiling
15.74491968794043,15.267235562588997,40.41,0.0,0.0,06:27:00,2,panel_soiling
49.6247377994682,15.27205475056477,126.84,123.03,5.42,06:28:00,2,panel_soiling
50.5470158956396,15.276950573404584,129.18,125.3,5.52,06:29:00,2,panel_soiling
51.48357031913165,15.281924043789873,131.56,127.61,5.62,06:30:00,2,panel_soiling
52.43456041844695,15.286976183889994,133.97,129.95,5.72,06:31:00,2,panel_soiling
53.40014605857218,15.292108025379598,136.42,132.32,5.83,06:32:00,2,panel_soiling
54.38048759461756,15.297320609454557,138.9,134.73,5.93,06:33:00,2,panel_soiling
55.375745844832096,15.302614986846383,141.42,137.18,6.04,06:34:00,2,panel_soiling
56.38608206299292,15.307992217835125,143.98,139.66,6.15,06:35:00,2,panel_soiling
57.41165791016618,15.313453372260708,146.58,142.18,6.26,06:36:00,2,panel_soiling
58.45263542583764,15.318999529532691,149.22,144.74,6.37,06:37:00,2,panel_soiling
59.509176998411164,15.324631778638391,151.89,147.33,6.49,06:38:00,2,panel_soiling
60.581445335073575,15.330351218149382,154.6,149.96,6.6,06:39:00,2,panel_soiling
61.66960343102442,15.3361589562263,157.36,152.64,6.72,06:40:00,2,panel_soiling
62.77381453806956,15.34205611062194,160.15,155.34,6.84,06:41:00,2,panel_soiling
28.03674391867498,15.348043808682627,71.83,69.67,3.07,06:42:00,2,panel_soiling
27.023320023414787,15.354123187347797,69.24,67.16,2.96,06:43:00,2,panel_soiling
52.384526094139794,15.360295393147789,133.8,129.79,5.72,06:44:00,2,panel_soiling
67.35446128225234,15.3665615821998,171.72,166.57,7.34,06:45:00,2,panel_soiling
68.54139292433088,15.372922920201981,174.72,169.48,7.46,06:46:00,2,panel_soiling
69.74536063799518,15.379380582425629,177.76,172.42,7.59,06:47:00,2,panel_soiling
38.89767227747209,15.385935753705457,99.51,96.52,4.25,06:48:00,2,panel_soiling
72.20506072293529,15.39258962842792,183.96,178.44,7.86,06:49:00,2,panel_soiling
73.46112123449491,15.39934341051752,187.13,181.52,7.99,06:50:00,2,panel_soiling
74.73487402328965,15.406198313421132,190.34,184.63,8.13,06:51:00,2,panel_soiling
76.02648290864435,15.41315556009024,193.59,187.79,8.27,06:52:00,2,panel_soiling
32.482329475686726,15.420216382961124,83.15,80.65,3.55,06:53:00,2,panel_soiling
29.85276128997434,15.427382023932902,76.44,74.15,3.27,06:54:00,2,panel_soiling
57.178122310940665,15.434653734343454,145.92,141.54,6.23,06:55:00,2,panel_soiling
81.37474901598411,15.442032774943156,207.05,200.84,8.84,06:56:00,2,panel_soiling
82.75808832376019,15.449520415866404,210.53,204.22,8.99,06:57:00,2,panel_soiling
84.16026166459592,15.457117936600904,214.06,207.63,9.14,06:58:00,2,panel_soiling
49.8431295567943,15.464826625954696,127.3,123.48,5.44,06:59:00,2,panel_soiling
87.02175708387192,15.472647782020873,221.24,214.61,9.45,07:00:00,2,panel_soiling
88.48140128589239,15.480582712139961,224.91,218.16,9.61,07:01:00,2,panel_soiling
89.96052367957914,15.488632732859948,228.62,221.76,9.77,07:02:00,2,panel_soiling
91.45928393079896,15.496799169893915,232.38,225.41,9.93,07:03:00,2,panel_soiling
92.97784106526962,15.505083358075241,236.19,229.1,10.09,07:04:00,2,panel_soiling
94.51635342221437,15.513486641310353,240.04,232.84,10.25,07:05:00,2,panel_soiling
96.07497860743827,15.522010372528994,243.94,236.63,10.42,07:06:00,2,panel_soiling
53.30113370130861,15.530655913631977,136.04,131.96,5.81,07:07:00,2,panel_soiling
99.25319393331199,15.53942463543638,251.9,244.34,10.76,07:08:00,2,panel_soiling
42.360730167114106,15.548317917618185,108.25,105.0,4.62,07:09:00,2,panel_soiling
102.51373140204181,15.557337148652302,260.05,252.25,11.11,07:10:00,2,panel_soiling
70.79260321205693,15.566483725749947,180.27,174.86,7.7,07:11:00,2,panel_soiling
105.85782054015357,15.57575905479338,268.41,260.36,11.47,07:12:00,2,panel_soiling
84.16182404543956,15.585164550267931,213.95,207.53,9.14,07:13:00,2,panel_soiling
80.18939221651294,15.594701635191306,203.95,197.83,8.71,07:14:00,2,panel_soiling
111.03326237739638,15.604371741040149,281.32,272.88,12.02,07:15:00,2,panel_soiling
112.80148813762499,15.614176307673812,285.73,277.16,12.21,07:16:00,2,panel_soiling
70.69925122624373,15.624116783255335,180.0,174.6,7.69,07:17:00,2,panel_soiling
116.40343692500237,15.634194624169574,294.7,285.86,12.59,07:18:00,2,panel_soiling
118.23744844675463,15.644411294938472,299.26,290.29,12.78,07:19:00,2,panel_soiling
120.09367467476952,15.654768268133438,303.88,294.76,12.98,07:20:00,2,panel_soiling
121.97225621129948,15.665267024284812,308.55,299.29,13.18,07:21:00,2,panel_soiling
123.87333210182683,15.675909051788379,313.27,303.88,13.38,07:22:00,2,panel_soiling
44.158456527944686,15.686695846808913,112.76,109.38,4.82,07:23:00,2,panel_soiling
127.74351500933463,15.697628913180738,322.88,313.19,13.79,07:24:00,2,panel_soiling
129.712891831563,15.70870976230524,327.77,317.93,14.0,07:25:00,2,panel_soiling
131.7053025051915,15.719939913045355,332.7,322.72,14.21,07:26:00,2,panel_soiling
133.7208774507321,15.731320891616978,337.7,327.57,14.42,07:27:00,2,panel_soiling
105.82187252360701,15.742854231477262,268.14,260.1,11.45,07:28:00,2,panel_soiling
137.8220323020329,15.754541473209818,347.85,337.41,14.86,07:29:00,2,panel_soiling
139.90786333741968,15.766384164406752,353.01,342.42,15.08,07:30:00,2,panel_soiling
75.54785422181907,15.77838385954754,192.11,186.35,8.21,07:31:00,2,panel_soiling
144.15064501088847,15.790542119874722,363.49,352.58,15.53,07:32:00,2,panel_soiling
146.3078341789939,15.802860513266362,368.81,357.75,15.75,07:33:00,2,panel_soiling
148.48904421479958,15.815340614105297,374.19,362.97,15.98,07:34:00,2,panel_soiling
150.69438873416786,15.827984003145115,379.63,368.24,16.22,07:35:00,2,panel_soiling
66.27352275294048,15.840792267372862,168.68,163.62,7.21,07:36:00,2,panel_soiling
155.17792379107715,15.853766999868453,390.67,378.95,16.69,07:37:00,2,panel_soiling
57.20302363472733,15.866909799660766,145.74,141.37,6.23,07:38:00,2,panel_soiling
91.38667054023033,15.880222271580397,231.85,224.89,9.9,07:39:00,2,panel_soiling
162.086936066371,15.893706026109076,407.65,395.42,17.41,07:40:00,2,panel_soiling
164.4393366405153,15.907362679225688,413.42,401.02,17.66,07:41:00,2,panel_soiling
60.9947974790895,15.921193852248924,155.29,150.63,6.63,07:42:00,2,panel_soiling
169.21881117792267,15.935201171676532,425.14,412.39,18.16,07:43:00,2,panel_soiling
171.64606825879972,15.949386269021115,431.09,418.16,18.41,07:44:00,2,panel_soiling
174.09845581017143,15.963750780642536,437.09,423.98,18.67,07:45:00,2,panel_soiling
176.57605807481247,15.978296347576833,443.15,429.86,18.93,07:46:00,2,panel_soiling
142.1927674189689,15.993024615361694,358.35,347.6,15.31,07:47:00,2,panel_soiling
181.60722846924796,16.007937233858442,455.44,441.78,19.45,07:48:00,2,panel_soiling
184.1609496545881,16.023035857070532,461.67,447.82,19.72,07:49:00,2,panel_soiling
186.74019154146583,16.038322142958545,467.96,453.92,19.99,07:50:00,2,panel_soiling
189.34502257422398,16.053797753251676,474.31,460.08,20.26,07:51:00,2,panel_soiling
100.18629533045628,16.06946435325567,253.71,246.1,10.84,07:52:00,2,panel_soiling
110.32446935673923,16.08532361165726,279.02,270.65,11.92,07:53:00,2,panel_soiling
197.31368446723116,16.101377200325047,493.69,478.88,21.09,07:54:00,2,panel_soiling
64.46343683345034,16.11762679410681,163.93,159.01,7.0,07:55:00,2,panel_soiling
202.75517298779687,16.134074070623296,506.9,491.69,21.65,07:56:00,2,panel_soiling
205.51478469562116,16.150720710058412,513.59,498.18,21.94,07:57:00,2,panel_soiling
208.30036761340395,16.167568394945864,520.33,504.72,22.23,07:58:00,2,panel_soiling
211.11196172807217,16.18461880995222,527.14,511.32,22.52,07:59:00,2,panel_soiling
213.94960319702867,16.201873641656377,534.0,517.98,22.81,08:00:00,2,panel_soiling
216.81332428836353,16.219334578325487,540.92,524.69,23.11,08:01:00,2,panel_soiling
219.70315332134854,16.237003309687246,547.89,531.46,23.4,08:02:00,2,panel_soiling
222.6191146072394,16.254881526698643,554.92,538.28,23.7,08:03:00,2,panel_soiling
225.56122839040964,16.2729709213111,562.01,545.15,24.01,08:04:00,2,panel_soiling
178.7473037452816,16.291273186232033,447.93,434.49,19.13,08:05:00,2,panel_soiling
156.6790123319304,16.309790014682832,393.67,381.86,16.82,08:06:00,2,panel_soiling
234.5446249380645,16.32852310015326,583.61,566.11,24.93,08:07:00,2,panel_soiling
83.58772539226851,16.34747413615227,211.88,205.52,9.05,08:08:00,2,panel_soiling
240.66450129727116,16.366644815955276,598.3,580.35,25.56,08:09:00,2,panel_soiling
189.65188465590305,16.386036832347802,474.43,460.2,20.27,08:10:00,2,panel_soiling
246.88911443047039,16.405651877365635,613.2,594.8,26.19,08:11:00,2,panel_soiling
147.04591875805542,16.425491642031385,369.73,358.64,15.79,08:12:00,2,panel_soiling
138.78929318345155,16.44555781608751,349.3,338.82,14.92,08:13:00,2,panel_soiling
256.4221836023279,16.465852087725818,635.97,616.89,27.17,08:14:00,2,panel_soiling
259.6520901223157,16.48637614331343,643.67,624.36,27.49,08:15:00,2,panel_soiling
262.908053987616,16.50713166711524,651.42,631.88,27.83,08:16:00,2,panel_soiling
266.19003741194416,16.52812034101288,659.22,639.45,28.16,08:17:00,2,panel_soiling
269.49799776666725,16.549343844220196,667.08,647.07,28.49,08:18:00,2,panel_soiling
272.83188752989986,16.570803852995247,675.0,654.75,28.83,08:19:00,2,panel_soiling
276.19165423633746,16.592502040348855,682.96,662.47,29.17,08:20:00,2,panel_soiling
150.53489800936882,16.61444007574974,378.06,366.72,16.15,08:21:00,2,panel_soiling
282.988583604866,16.63661962482621,699.05,678.08,29.86,08:22:00,2,panel_soiling
180.763297884912,16.659042349064453,452.21,438.64,19.32,08:23:00,2,panel_soiling
289.8882654239053,16.681709905503467,715.35,693.89,30.56,08:24:00,2,panel_soiling
166.00107886983722,16.70462394642665,415.96,403.48,17.77,08:25:00,2,panel_soiling
93.92058895476987,16.727786119050002,237.42,230.29,10.14,08:26:00,2,panel_soiling
300.4291079344341,16.751198065207085,740.17,717.97,31.62,08:27:00,2,panel_soiling
303.99339229716077,16.774861421030653,748.55,726.09,31.97,08:28:00,2,panel_soiling
307.5828510814198,16.798777816631056,756.97,734.26,32.33,08:29:00,2,panel_soiling
311.197379808916,16.82294887577139,765.44,742.48,32.7,08:30:00,2,panel_soiling
314.8368685620733,16.847376215539494,773.97,750.75,33.06,08:31:00,2,panel_soiling
318.5012019447187,16.872061446016712,782.54,759.06,33.43,08:32:00,2,panel_soiling
322.19025904383943,16.897006169943573,791.15,767.42,33.79,08:33:00,2,panel_soiling
181.0750563936495,16.92221198238236,452.5,438.92,19.33,08:34:00,2,panel_soiling
329.6420329335005,16.947680470376586,808.52,784.27,34.54,08:35:00,2,panel_soiling
333.4044799851359,16.97341321260745,817.28,792.76,34.91,08:36:00,2,panel_soiling
337.19111120685653,16.999411779047307,826.08,801.3,35.29,08:37:00,2,panel_soiling
341.00177756708075,17.025677730610155,834.93,809.88,35.66,08:38:00,2,panel_soiling
344.8363243118452,17.052212618799224,843.81,818.5,36.04,08:39:00,2,panel_soiling
348.6945909347678,17.07901798535167,852.75,827.16,36.43,08:40:00,2,panel_soiling
352.5764111482794,17.106095361880442,861.72,835.87,36.81,08:41:00,2,panel_soiling
356.4816128561504,17.133446269513335,870.74,844.62,37.19,08:42:00,2,panel_soiling
360.4100181273354,17.161072218529338,879.8,853.4,37.58,08:43:00,2,panel_soiling
364.3614431711594,17.1889747079922,888.9,862.23,37.97,08:44:00,2,panel_soiling
368.3356983138684,17.21715522538143,898.04,871.1,38.36,08:45:00,2,panel_soiling
372.3325879765681,17.2456152462206,907.22,880.0,38.75,08:46:00,2,panel_soiling
376.3519106545725,17.274356233703152,916.44,888.94,39.15,08:47:00,2,panel_soiling
120.08492000497786,17.303379638315675,301.9,292.84,12.9,08:48:00,2,panel_soiling
384.45701929493373,17.332686897458707,934.99,906.94,39.94,08:49:00,2,panel_soiling
217.9109834514201,17.362279435065155,541.12,524.88,23.11,08:50:00,2,panel_soiling
392.6492929878502,17.39215866121636,953.68,925.07,40.74,08:51:00,2,panel_soiling
396.7775495061167,17.42232597175586,963.08,934.19,41.14,08:52:00,2,panel_soiling
222.09993163193667,17.452782747900947,551.03,534.5,23.54,08:53:00,2,panel_soiling
405.09711481923387,17.483530355851993,981.99,952.53,41.95,08:54:00,2,panel_soiling
409.2879306956493,17.514570146399727,991.49,961.75,42.35,08:55:00,2,panel_soiling
201.85836085914028,17.545903454530396,501.89,486.83,21.44,08:56:00,2,panel_soiling
417.7303512695447,17.577531599028966,1010.59,980.28,43.17,08:57:00,2,panel_soiling
421.98142676796795,17.6094558820804,1020.19,989.58,43.58,08:58:00,2,panel_soiling
222.1819540783892,17.641677588869037,550.81,534.29,23.53,08:59:00,2,panel_soiling
160.78043164032593,17.674197987176218,401.59,389.55,17.15,09:00:00,2,panel_soiling
434.8508117540167,17.70701832697614,1049.15,1017.68,44.82,09:01:00,2,panel_soiling
142.24815943595277,17.74013984003009,356.03,345.35,15.21,09:02:00,2,panel_soiling
145.20850318703674,17.773563739479062,363.26,352.36,15.52,09:03:00,2,panel_soiling
248.37216514948608,17.80729121943487,613.32,594.92,26.2,09:04:00,2,panel_soiling
171.129916974157,17.841323454569793,426.61,413.82,18.22,09:05:00,2,panel_soiling
456.6694713138525,17.875661599704888,1097.95,1065.01,46.9,09:06:00,2,panel_soiling
461.0858934515484,17.91030678939698,1107.78,1074.54,47.32,09:07:00,2,panel_soiling
465.5191276825599,17.945260137524436,1117.63,1084.1,47.74,09:08:00,2,panel_soiling
287.8311943650388,17.980522736871794,706.75,685.55,30.19,09:09:00,2,panel_soiling
474.43469054125023,18.01609565871337,1137.39,1103.27,48.58,09:10:00,2,panel_soiling
216.72008935298612,18.05197995239581,536.76,520.66,22.93,09:11:00,2,panel_soiling
483.41341658960266,18.088176644919827,1157.23,1122.51,49.43,09:12:00,2,panel_soiling
487.9255825903037,18.124686740521053,1167.17,1132.16,49.86,09:13:00,2,panel_soiling
492.4524677400251,18.161511220250205,1177.13,1141.82,50.28,09:14:00,2,panel_soiling
496.99370259132314,18.198651041552566,1187.11,1151.49,50.71,09:15:00,2,panel_soiling
216.51487592975022,18.23610713784695,535.87,519.79,22.89,09:16:00,2,panel_soiling
506.1177145232164,18.273880418104152,1207.1,1170.88,51.56,09:17:00,2,panel_soiling
510.6997237157387,18.311971766425046,1217.11,1180.59,51.99,09:18:00,2,panel_soiling
341.1329421693309,18.350382041618357,830.76,805.84,35.49,09:19:00,2,panel_soiling
519.9017858329354,18.389112076778268,1237.16,1200.05,52.85,09:20:00,2,panel_soiling
524.521036619669,18.428162678861888,1247.2,1209.78,53.27,09:21:00,2,panel_soiling
381.85693556947103,18.46753462826671,924.68,896.94,39.5,09:22:00,2,panel_soiling
228.9908008988764,18.507228678408147,565.25,548.29,24.14,09:23:00,2,panel_soiling
430.0554988146527,18.547245555297252,1034.64,1003.6,44.2,09:24:00,2,panel_soiling
353.6634626507778,18.587585957118677,859.07,833.3,36.7,09:25:00,2,panel_soiling
224.4261227823689,18.628250553809035,554.03,537.41,23.67,09:26:00,2,panel_soiling
239.55723247089372,18.6692399866357,590.16,572.46,25.21,09:27:00,2,panel_soiling
277.22558261622817,18.710554867776175,679.62,659.23,29.03,09:28:00,2,panel_soiling
561.8571698704422,18.752195779898152,1327.68,1287.85,56.71,09:29:00,2,panel_soiling
566.5654404561404,18.794163275740285,1337.75,1297.62,57.14,09:30:00,2,panel_soiling
183.90769550525994,18.836457877693896,455.93,442.25,19.48,09:31:00,2,panel_soiling
321.60545746103423,18.879080077385602,783.46,759.96,33.47,09:32:00,2,panel_soiling
580.7344250311645,18.922030335261045,1367.92,1326.89,58.43,09:33:00,2,panel_soiling
392.9922267749946,18.96530908016979,948.35,919.9,40.51,09:34:00,2,panel_soiling
590.2125323502627,19.008916708951528,1388.01,1346.37,59.29,09:35:00,2,panel_soiling
594.9597873957861,19.05285358602366,1398.04,1356.1,59.72,09:36:00,2,panel_soiling
449.50403728313665,19.097120042970367,1076.28,1043.99,45.97,09:37:00,2,panel_soiling
604.4682621654476,19.141716378133346,1418.08,1375.53,60.57,09:38:00,2,panel_soiling
609.228492548627,19.18664285620421,1428.08,1385.23,61.0,09:39:00,2,panel_soiling
613.9920510382731,19.23189970781872,1438.06,1394.92,61.43,09:40:00,2,panel_soiling
296.76293638715595,19.27748712915301,724.05,702.33,30.93,09:41:00,2,panel_soiling
623.5271237015323,19.323405281521804,1457.99,1414.25,62.28,09:42:00,2,panel_soiling
628.2976125986437,19.369654290978843,1467.93,1423.89,62.7,09:43:00,2,panel_soiling
633.0693792105562,19.416234247919544,1477.85,1433.52,63.13,09:44:00,2,panel_soiling
637.8419003064287,19.463145206686093,1487.76,1443.12,63.55,09:45:00,2,panel_soiling
642.6146485699368,19.51038718517501,1497.64,1452.71,63.97,09:46:00,2,panel_soiling
216.56392528974865,19.55796016444736,533.15,517.16,22.77,09:47:00,2,panel_soiling
652.158697430804,19.605864088341654,1517.34,1471.82,64.81,09:48:00,2,panel_soiling
656.9289237597671,19.654098863089672,1527.15,1481.34,65.23,09:49:00,2,panel_soiling
661.6972289023206,19.70266435693516,1536.94,1490.84,65.65,09:50:00,2,panel_soiling
666.4630664545966,19.75156039975567,1546.71,1500.31,66.07,09:51:00,2,panel_soiling
671.2258864753419,19.800786782687616,1556.45,1509.75,66.48,09:52:00,2,panel_soiling
303.88689939906953,19.850343257754552,739.04,716.87,31.57,09:53:00,2,panel_soiling
426.2004080016991,19.900229537499,1020.17,989.56,43.58,09:54:00,2,panel_soiling
685.4906909307166,19.950445294617744,1585.48,1537.92,67.72,09:55:00,2,panel_soiling
418.2936502136048,20.00099016160081,1001.85,971.79,42.79,09:56:00,2,panel_soiling
694.9752404481445,20.051863730374297,1604.68,1556.54,68.54,09:57:00,2,panel_soiling
699.7082208913271,20.103065551946997,1614.23,1565.81,68.95,09:58:00,2,panel_soiling
452.7917835456491,20.154595136061168,1078.95,1046.58,46.09,09:59:00,2,panel_soiling
709.152733824181,20.206451950847345,1633.22,1584.23,69.76,10:00:00,2,panel_soiling
713.8631145109493,20.258635422483486,1642.66,1593.38,70.17,10:01:00,2,panel_soiling
351.1926242412667,20.311144934858476,847.35,821.93,36.19,10:02:00,2,panel_soiling
723.2572259614238,20.363979829240108,1661.42,1611.58,70.97,10:03:00,2,panel_soiling
527.9619169876125,20.417139403947733,1244.42,1207.09,53.16,10:04:00,2,panel_soiling
732.6119124749976,20.470622914029633,1680.02,1629.62,71.76,10:05:00,2,panel_soiling
527.3788784383869,20.52442957094523,1242.58,1205.31,53.08,10:06:00,2,panel_soiling
741.922474247493,20.5785585422523,1698.44,1647.49,72.55,10:07:00,2,panel_soiling
746.5597311916921,20.63300895129929,1707.58,1656.35,72.94,10:08:00,2,panel_soiling
281.0857427252314,20.68777987692284,683.24,662.75,29.19,10:09:00,2,panel_soiling
452.6585787748938,20.74287035315063,1076.02,1043.74,45.96,10:10:00,2,panel_soiling
255.71187432584279,20.79827936890971,623.29,604.6,26.62,10:11:00,2,panel_soiling
764.9747246726853,20.854005867740398,1743.67,1691.36,74.48,10:12:00,2,panel_soiling
769.5419770495361,20.910048747515834,1752.57,1699.99,74.86,10:13:00,2,panel_soiling
569.5033867181155,20.96640686016739,1331.92,1291.96,56.89,10:14:00,2,panel_soiling
417.6354761514684,21.023079011415977,996.13,966.25,42.55,10:15:00,2,panel_soiling
550.4519446607885,21.080063960509413,1289.99,1251.29,55.1,10:16:00,2,panel_soiling
787.6469935829942,21.137360419965923,1787.61,1733.99,76.36,10:17:00,2,panel_soiling
553.1591636502744,21.194967055323943,1295.24,1256.38,55.33,10:18:00,2,panel_soiling
503.4810712143123,21.252882484898308,1186.37,1150.78,50.68,10:19:00,2,panel_soiling
801.036688298501,21.31110527954292,1813.31,1758.91,77.46,10:20:00,2,panel_soiling
805.460687222985,21.36963396242008,1821.75,1767.1,77.82,10:21:00,2,panel_soiling
506.13149404440463,21.428467008776515,1191.32,1155.58,50.89,10:22:00,2,panel_soiling
814.2462114282512,21.48760284572624,1838.46,1783.3,78.53,10:23:00,2,panel_soiling
818.6065289464276,21.54703985204045,1846.72,1791.32,78.88,10:24:00,2,panel_soiling
822.944412147965,21.60677635794438,1854.91,1799.26,79.23,10:25:00,2,panel_soiling
620.4072534793528,21.666810644921437,1436.9,1393.79,61.38,10:26:00,2,panel_soiling
831.5504650611755,21.727140945524546,1871.11,1814.97,79.93,10:27:00,2,panel_soiling
835.8174313343492,21.787765443194942,1879.1,1822.73,80.27,10:28:00,2,panel_soiling
649.2810878044719,21.848682272088453,1496.81,1451.9,63.94,10:29:00,2,panel_soiling
844.2762418632436,21.909889516909374,1894.89,1838.04,80.94,10:30:00,2,panel_soiling
848.4668888200283,21.9713852127521,1902.68,1845.6,81.27,10:31:00,2,panel_soiling
852.6309008982828,22.033167344950545,1910.4,1853.08,81.6,10:32:00,2,panel_soiling
856.7676829470439,22.095233848935504,1918.04,1860.5,81.93,10:33:00,2,panel_soiling
860.8766414667886,22.157582610100025,1925.61,1867.85,82.25,10:34:00,2,panel_soiling
864.9571847498323,22.220211463672953,1933.11,1875.12,82.57,10:35:00,2,panel_soiling
869.0087230209064,22.283118194600647,1940.54,1882.32,82.89,10:36:00,2,panel_soiling
689.1493822797536,22.34630053743706,1576.82,1529.51,67.35,10:37:00,2,panel_soiling
877.0224359324801,22.409756176242247,1955.16,1896.5,83.52,10:38:00,2,panel_soiling
880.9834419512708,22.473482744489377,1962.35,1903.48,83.82,10:39:00,2,panel_soiling
537.2694194991117,22.537477824980364,1253.54,1215.93,53.55,10:40:00,2,panel_soiling
888.8108500660802,22.601738949770215,1976.51,1917.21,84.43,10:41:00,2,panel_soiling
892.6760989359585,22.666263600100194,1983.47,1923.96,84.72,10:42:00,2,panel_soiling
694.0618070545838,22.731049206339833,1584.36,1536.83,67.68,10:43:00,2,panel_soiling
900.3068249057076,22.796093147937967,1997.14,1937.22,85.31,10:44:00,2,panel_soiling
904.0711667050301,22.861392753382823,2003.85,1943.74,85.6,10:45:00,2,panel_soiling
907.8007429832262,22.926945300171255,2010.48,1950.17,85.88,10:46:00,2,panel_soiling
401.9697383961169,22.992748014787217,952.87,924.29,40.7,10:47:00,2,panel_soiling
582.9364541838966,23.058798072689566,1348.84,1308.38,57.62,10:48:00,2,panel_soiling
683.7515258844624,23.12509259830926,1560.34,1513.53,66.65,10:49:00,2,panel_soiling
922.3602632272575,23.19162866505601,2036.15,1975.07,86.98,10:50:00,2,panel_soiling
925.907697750761,23.25840329533456,2042.36,1981.09,87.24,10:51:00,2,panel_soiling
597.6195495797673,23.325413460570484,1378.52,1337.17,58.88,10:52:00,2,panel_soiling
932.8878395258329,23.392656081245796,2054.5,1992.86,87.76,10:53:00,2,panel_soiling
936.3194802748686,23.46012802694426,2060.44,1998.62,88.01,10:54:00,2,panel_soiling
612.3342936655581,23.527826116406594,1408.45,1366.2,60.16,10:55:00,2,panel_soiling
611.8470334170619,23.59574711759553,1407.01,1364.8,60.1,10:56:00,2,panel_soiling
333.1033979486408,23.66388774777092,794.51,770.67,33.94,10:57:00,2,panel_soiling
731.4828352638995,23.73224467357481,1654.06,1604.44,70.65,10:58:00,2,panel_soiling
637.1220283204154,23.80081451112666,1458.86,1415.09,62.32,10:59:00,2,panel_soiling
956.0584410674637,23.869593826128714,2094.16,2031.34,89.45,11:00:00,2,panel_soiling
959.201700938259,23.938579133981563,2099.46,2036.47,89.68,11:01:00,2,panel_soiling
332.1938604654531,24.007766899910017,791.3,767.56,33.8,11:02:00,2,panel_soiling
675.7919372669666,24.077153539099253,1537.47,1491.35,65.67,11:03:00,2,panel_soiling
304.20021330292457,24.146735416841377,726.84,705.03,31.05,11:04:00,2,panel_soiling
971.3378897929028,24.216508848692378,2119.7,2056.11,90.54,11:05:00,2,panel_soiling
974.2603424991846,24.286470100639562,2124.52,2060.79,90.75,11:06:00,2,panel_soiling
977.137225565441,24.35661538927947,2129.25,2065.37,90.95,11:07:00,2,panel_soiling
979.9680838677733,24.42694088200637,2133.88,2069.86,91.15,11:08:00,2,panel_soiling
982.7524686435055,24.497442697211333,2138.41,2074.25,91.34,11:09:00,2,panel_soiling
985.4899376096174,24.568116904491916,2142.84,2078.55,91.53,11:10:00,2,panel_soiling
988.1800550797124,24.63895952487248,2147.17,2082.76,91.72,11:11:00,2,panel_soiling
990.8223920794761,24.709966531035256,2151.41,2086.87,91.9,11:12:00,2,panel_soiling
437.17675000384753,24.781133847562064,1023.83,993.12,43.73,11:13:00,2,panel_soiling
529.7426954041057,24.85245735118679,1225.07,1188.32,52.33,11:14:00,2,panel_soiling
998.4585335757617,24.923932871058618,2163.51,2098.61,92.42,11:15:00,2,panel_soiling
1000.9055971457517,24.995556189016067,2167.35,2102.33,92.58,11:16:00,2,panel_soiling
1003.3028399852257,25.0673230398718,2171.08,2105.95,92.74,11:17:00,2,panel_soiling
1005.6498757272162,25.139229111708232,2174.72,2109.48,92.89,11:18:00,2,panel_soiling
499.31683854697064,25.21127004618401,1157.63,1122.9,49.45,11:19:00,2,panel_soiling
712.2055441338156,25.28344143885129,1603.78,1555.67,68.51,11:20:00,2,panel_soiling
606.8129292187549,25.355738839483877,1385.81,1344.23,59.2,11:21:00,2,panel_soiling
551.7436355398406,25.42815775241617,1269.05,1230.98,54.21,11:22:00,2,panel_soiling
1016.6189540017696,25.500693636892994,2191.35,2125.61,93.6,11:23:00,2,panel_soiling
1018.6570590530893,25.573341907430276,2194.37,2128.54,93.73,11:24:00,2,panel_soiling
1020.6424672979406,25.646097934186525,2197.28,2131.36,93.86,11:25:00,2,panel_soiling
465.9129603427115,25.718957043345167,1082.66,1050.18,46.25,11:26:00,2,panel_soiling
1024.4539063026261,25.7919145175077,2202.8,2136.72,94.09,11:27:00,2,panel_soiling
1026.2793142034175,25.864965596097637,2205.4,2139.24,94.21,11:28:00,2,panel_soiling
1028.0507797492658,25.938105475775295,2207.9,2141.67,94.31,11:29:00,2,panel_soiling
1029.768012562231,26.01132931086326,2210.3,2143.99,94.41,11:30:00,2,panel_soiling
1031.4307308299944,26.084632213782708,2212.59,2146.21,94.51,11:31:00,2,panel_soiling
1033.038661382926,26.158009255500367,2214.77,2148.33,94.61,11:32:00,2,panel_soiling
1034.591539768876,26.231455465986244,2216.85,2150.35,94.69,11:33:00,2,panel_soiling
1036.0891103256563,26.30496583468193,2218.83,2152.26,94.78,11:34:00,2,panel_soiling
1037.5311262511868,26.37853531097965,2220.7,2154.08,94.86,11:35:00,2,panel_soiling
1038.9173496712783,26.45215880471181,2222.46,2155.79,94.93,11:36:00,2,panel_soiling
1040.2475517050275,26.525831186651157,2224.12,2157.4,95.0,11:37:00,2,panel_soiling
630.1283458903162,26.59954728902141,1426.75,1383.95,60.94,11:38:00,2,panel_soiling
511.48010809757545,26.673301906018388,1176.5,1141.21,50.26,11:39:00,2,panel_soiling
750.5402558263374,26.74708979434157,1670.33,1620.22,71.35,11:40:00,2,panel_soiling
1045.0038865819895,26.82090567373595,2229.7,2162.81,95.24,11:41:00,2,panel_soiling
793.7212166222746,26.89474422754427,1754.67,1702.03,74.95,11:42:00,2,panel_soiling
1047.0406459740564,26.968600103269488,2231.85,2164.9,95.33,11:43:00,2,panel_soiling
1047.9730576808029,27.042467913147416,2232.77,2165.79,95.37,11:44:00,2,panel_soiling
1048.8479477522135,27.116342234729508,2233.59,2166.58,95.41,11:45:00,2,panel_soiling
1049.665170783825,27.190217611475695,2234.29,2167.26,95.44,11:46:00,2,panel_soiling
1050.4245908819412,27.264088553357205,2234.89,2167.85,95.46,11:47:00,2,panel_soiling
1051.1260817012933,27.337949537469314,2235.39,2168.33,95.49,11:48:00,2,panel_soiling
467.5869552995428,27.411795008653925,1078.47,1046.12,46.07,11:49:00,2,panel_soiling
544.6608493782971,27.485619380131915,1242.86,1205.57,53.09,11:50:00,2,panel_soiling
1052.8818589776859,27.559417034145138,2236.24,2169.16,95.52,11:51:00,2,panel_soiling
1053.3505613684351,27.633182322608057,2236.32,2169.23,95.53,11:52:00,2,panel_soiling
694.8189258920117,27.706909567768854,1551.7,1505.15,66.28,11:53:00,2,panel_soiling
1054.1126478022145,27.780593062879944,2236.15,2169.06,95.52,11:54:00,2,panel_soiling
1054.4059047591982,27.854227072877848,2235.91,2168.83,95.51,11:55:00,2,panel_soiling
1054.6405690648019,27.927805835072235,2235.56,2168.49,95.49,11:56:00,2,panel_soiling
1054.81660156664,28.00132355984413,2235.11,2168.05,95.47,11:57:00,2,panel_soiling
329.8679244661864,28.074774431353106,772.72,749.54,33.01,11:58:00,2,panel_soiling
1054.9926634504711,28.14815260825341,2233.89,2166.87,95.42,11:59:00,2,panel_soiling
1054.9926634504711,28.221452224418883,2233.12,2166.13,95.39,12:00:00,2,panel_soiling
766.755563444133,28.294667389676547,1690.82,1640.1,72.22,12:01:00,2,panel_soiling
619.8372679686715,28.367792190548823,1394.57,1352.73,59.57,12:02:00,2,panel_soiling
449.9807769324117,28.44082069100414,1035.73,1004.66,44.24,12:03:00,2,panel_soiling
1054.4059047591982,28.51374693321595,2229.02,2162.15,95.21,12:04:00,2,panel_soiling
416.7515809062584,28.586564938329857,962.93,934.04,41.13,12:05:00,2,panel_soiling
1053.7608471139138,28.659268707238972,2226.35,2159.56,95.1,12:06:00,2,panel_soiling
1053.3505613684351,28.73185222136709,2224.86,2158.11,95.04,12:07:00,2,panel_soiling
1052.8818589776859,28.804309443459772,2223.27,2156.57,94.97,12:08:00,2,panel_soiling
1052.3548180723283,28.876634318383086,2221.57,2154.93,94.9,12:09:00,2,panel_soiling
1051.7695264800745,28.94882077392993,2219.78,2153.18,94.82,12:10:00,2,panel_soiling
1051.1260817012935,29.020862721633748,2217.88,2151.34,94.74,12:11:00,2,panel_soiling
1050.4245908819412,29.092754057589502,2215.88,2149.4,94.65,12:12:00,2,panel_soiling
1049.665170783825,29.164488663281798,2213.78,2147.36,94.56,12:13:00,2,panel_soiling
599.7577681675955,29.236060406419995,1347.96,1307.52,57.58,12:14:00,2,panel_soiling
1047.973057680803,29.307463141780104,2209.27,2143.0,94.37,12:15:00,2,panel_soiling
1047.0406459740564,29.378690712053398,2206.87,2140.67,94.27,12:16:00,2,panel_soiling
410.6830956176903,29.44973694870151,946.17,917.78,40.42,12:17:00,2,panel_soiling
1045.0038865819895,29.520595672817926,2201.77,2135.72,94.05,12:18:00,2,panel_soiling
1043.8998768839747,29.59126069599565,2199.07,2133.1,93.93,12:19:00,2,panel_soiling
1042.7390214317595,29.661725821200914,2196.27,2130.38,93.82,12:20:00,2,panel_soiling
468.2576901842732,29.731984843652764,1069.17,1037.09,45.67,12:21:00,2,panel_soiling
627.4438821117773,29.80203155170834,1401.3,1359.26,59.86,12:22:00,2,panel_soiling
1038.9173496712783,29.871859727753705,2187.29,2121.67,93.43,12:23:00,2,panel_soiling
1037.5311262511868,29.941463149100038,2184.1,2118.58,93.3,12:24:00,2,panel_soiling
692.4298238619007,30.01083558888498,1531.08,1485.15,65.4,12:25:00,2,panel_soiling
722.2725917853273,30.079970816979046,1589.91,1542.21,67.91,12:26:00,2,panel_soiling
597.3075001226524,30.148862600896805,1337.51,1297.39,57.13,12:27:00,2,panel_soiling
1031.4307308299947,30.217504706712788,2170.39,2105.27,92.71,12:28:00,2,panel_soiling
1029.7680125622314,30.285890899981773,2166.72,2101.72,92.55,12:29:00,2,panel_soiling
1028.050779749266,30.354014946663455,2162.96,2098.07,92.39,12:30:00,2,panel_soiling
1026.2793142034177,30.421870614051127,2159.11,2094.33,92.23,12:31:00,2,panel_soiling
1024.4539063026261,30.48945167170432,2155.16,2090.5,92.06,12:32:00,2,panel_soiling
360.1694304703165,30.556751892385133,831.47,806.53,35.52,12:33:00,2,panel_soiling
1020.6424672979408,30.623765052998113,2146.99,2082.58,91.71,12:34:00,2,panel_soiling
1018.6570590530895,30.690484935533448,2142.76,2078.48,91.53,12:35:00,2,panel_soiling
1016.6189540017697,30.7569053280133,2138.45,2074.29,91.35,12:36:00,2,panel_soiling
600.1002840654797,30.823020025441075,1339.24,1299.06,57.21,12:37:00,2,panel_soiling
1012.3859894261158,30.888822830753444,2129.55,2065.66,90.96,12:38:00,2,panel_soiling
1010.1918179254413,30.954307555774875,2124.96,2061.21,90.77,12:39:00,2,panel_soiling
427.97216207868644,31.019468022174536,977.06,947.75,41.74,12:40:00,2,panel_soiling
1005.6498757272166,31.084298062425294,2115.53,2052.06,90.37,12:41:00,2,panel_soiling
499.2490322795836,31.148791520764668,1128.14,1094.29,48.19,12:42:00,2,panel_soiling
1000.905597145752,31.212942254157497,2105.74,2042.57,89.95,12:43:00,2,panel_soiling
536.5478931524037,31.276744133260113,1205.55,1169.38,51.5,12:44:00,2,panel_soiling
995.9620430130257,31.34019104338581,2095.61,2032.74,89.52,12:45:00,2,panel_soiling
993.4165264605865,31.403276885471445,2090.42,2027.7,89.29,12:46:00,2,panel_soiling
990.8223920794765,31.465995577044875,2085.14,2022.58,89.07,12:47:00,2,panel_soiling
407.967363483279,31.528341053193095,931.86,903.9,39.8,12:48:00,2,panel_soiling
526.7967384192513,31.590307267530825,1183.6,1148.09,50.56,12:49:00,2,panel_soiling
982.7524686435058,31.651888193169334,2068.8,2006.74,88.37,12:50:00,2,panel_soiling
979.9680838677735,31.7130778236853,2063.19,2001.29,88.13,12:51:00,2,panel_soiling
977.1372255654413,31.77387017408948,2057.5,1995.77,87.89,12:52:00,2,panel_soiling
974.2603424991848,31.834259281794978,2051.72,1990.17,87.64,12:53:00,2,panel_soiling
641.3829928090661,31.89423920758488,1416.38,1373.89,60.5,12:54:00,2,panel_soiling
968.3703288118636,31.95380403657906,2039.94,1978.74,87.14,12:55:00,2,panel_soiling
619.6320918574811,32.012947879199935,1371.79,1330.63,58.6,12:56:00,2,panel_soiling
962.3017579647035,32.07166487213691,2027.84,1967.0,86.62,12:57:00,2,panel_soiling
959.2017009382594,32.12994917930938,2021.67,1961.02,86.36,12:58:00,2,panel_soiling
956.058441067464,32.187794992827946,2015.43,1954.97,86.09,12:59:00,2,panel_soiling
342.2266375920786,32.24519653395377,786.23,762.64,33.58,13:00:00,2,panel_soiling
949.6442811983532,32.302148054055706,2002.72,1942.64,85.55,13:01:00,2,panel_soiling
584.1960085232183,32.35864383556509,1297.74,1258.81,55.43,13:02:00,2,panel_soiling
943.0632693450216,32.41467819292794,1989.71,1930.02,84.99,13:03:00,2,panel_soiling
939.711464130714,32.47024547355426,1983.09,1923.6,84.71,13:04:00,2,panel_soiling
936.319480274869,32.52534005876446,1976.41,1917.11,84.42,13:05:00,2,panel_soiling
614.0252010073132,32.579956364732325,1356.99,1316.28,57.96,13:06:00,2,panel_soiling
733.4634185793009,32.63408884342465,1593.45,1545.65,68.07,13:07:00,2,panel_soiling
925.9076977507616,32.68773198353706,1955.92,1897.25,83.55,13:08:00,2,panel_soiling
310.28007390559577,32.74088031142607,714.38,692.95,30.52,13:09:00,2,panel_soiling
918.7753045449717,32.793528392036755,1941.92,1883.66,82.95,13:10:00,2,panel_soiling
915.1533656462142,32.84567082982633,1934.82,1876.77,82.65,13:11:00,2,panel_soiling
911.4949945037525,32.89730226968295,1927.65,1869.82,82.34,13:12:00,2,panel_soiling
907.8007429832265,32.948417397839805,1920.42,1862.8,82.03,13:13:00,2,panel_soiling
904.0711667050306,32.999010942784146,1913.12,1855.72,81.72,13:14:00,2,panel_soiling
900.3068249057079,33.04907767616117,1905.75,1848.58,81.41,13:15:00,2,panel_soiling
371.224358677175,33.09861241367233,846.38,820.99,36.15,13:16:00,2,panel_soiling
892.676098935959,33.14761001596807,1890.84,1834.11,80.77,13:17:00,2,panel_soiling
888.8108500660807,33.19606538953465,1883.29,1826.79,80.45,13:18:00,2,panel_soiling
884.9131059963283,33.24397348757489,1875.67,1819.4,80.12,13:19:00,2,panel_soiling
880.9834419512712,33.29132931088256,1868.0,1811.96,79.79,13:20:00,2,panel_soiling
877.0224359324804,33.338127908710334,1860.27,1804.46,79.46,13:21:00,2,panel_soiling
873.0306685778655,33.384364379630924,1852.48,1796.91,79.13,13:22:00,2,panel_soiling
869.0087230209068,33.43003387239136,1844.64,1789.3,78.79,13:23:00,2,panel_soiling
864.9571847498329,33.475131586760064,1836.74,1781.63,78.46,13:24:00,2,panel_soiling
860.876641466789,33.5196527743666,1828.78,1773.92,78.12,13:25:00,2,panel_soiling
364.31057735971245,33.56359273953384,829.72,804.83,35.44,13:26:00,2,panel_soiling
852.6309008982832,33.60694684010241,1812.7,1758.32,77.43,13:27:00,2,panel_soiling
848.4668888200288,33.64971048824713,1804.58,1750.44,77.08,13:28:00,2,panel_soiling
844.2762418632441,33.691879151285306,1796.41,1742.52,76.73,13:29:00,2,panel_soiling
840.059556690156,33.73344835247667,1788.19,1734.54,76.38,13:30:00,2,panel_soiling
835.8174313343496,33.77441367181473,1779.92,1726.52,76.03,13:31:00,2,panel_soiling
831.5504650611759,33.81477074680936,1771.6,1718.45,75.67,13:32:00,2,panel_soiling
575.1622242232921,33.8545152732605,1270.76,1232.64,54.28,13:33:00,2,panel_soiling
259.9229184781874,33.89364300602264,599.52,581.54,25.61,13:34:00,2,panel_soiling
818.606528946428,33.93214975975998,1746.35,1693.96,74.6,13:35:00,2,panel_soiling
335.07699799847734,33.97003140969214,764.82,741.88,32.67,13:36:00,2,panel_soiling
278.8082223626169,34.00728389233004,641.14,621.91,27.39,13:37:00,2,panel_soiling
805.4606872229855,34.043903206202025,1720.69,1669.07,73.5,13:38:00,2,panel_soiling
801.0366882985014,34.079885412569816,1712.05,1660.69,73.13,13:39:00,2,panel_soiling
796.5926703109405,34.11522663613424,1703.36,1652.26,72.76,13:40:00,2,panel_soiling
792.129237403699,34.149923065730555,1694.64,1643.8,72.39,13:41:00,2,panel_soiling
787.6469935829948,34.18397095501315,1685.88,1635.3,72.01,13:42:00,2,panel_soiling
783.1465425846064,34.21736662312946,1677.08,1626.77,71.64,13:43:00,2,panel_soiling
778.6284877414412,34.25010645538296,1668.24,1618.19,71.26,13:44:00,2,panel_soiling
774.0934318519647,34.282186903885034,1659.36,1609.58,70.88,13:45:00,2,panel_soiling
458.4258849682076,34.31360448819556,1027.32,996.5,43.88,13:46:00,2,panel_soiling
764.9747246726857,34.34435579595208,1641.5,1592.26,70.12,13:47:00,2,panel_soiling
760.3922751363679,34.37443748348735,1632.52,1583.55,69.73,13:48:00,2,panel_soiling
755.7952278042372,34.40384627643513,1623.51,1574.8,69.35,13:49:00,2,panel_soiling
751.1841808619725,34.43257897032413,1614.46,1566.03,68.96,13:50:00,2,panel_soiling
489.5788975304874,34.46063243115976,1091.7,1058.95,46.63,13:51:00,2,panel_soiling
741.9224742474936,34.488003595993845,1596.27,1548.39,68.19,13:52:00,2,panel_soiling
416.2117053131244,34.51468947348188,937.33,909.21,40.04,13:53:00,2,panel_soiling
732.611912474998,34.54068714442777,1577.97,1530.63,67.4,13:54:00,2,panel_soiling
727.9397903110633,34.56599376231607,1568.78,1521.71,67.01,13:55:00,2,panel_soiling
321.399894855097,34.59060655383128,732.99,711.0,31.31,13:56:00,2,panel_soiling
718.564805914883,34.6145228193644,1550.31,1503.8,66.22,13:57:00,2,panel_soiling
281.87097182125274,34.63773993350637,646.16,626.77,27.6,13:58:00,2,panel_soiling
709.1527338241815,34.66025534552833,1531.75,1485.8,65.43,13:59:00,2,panel_soiling
301.27502330621144,34.682066579848694,688.7,668.04,29.42,14:00:00,2,panel_soiling
699.7082208913275,34.70317123648674,1513.1,1467.7,64.63,14:01:00,2,panel_soiling
366.73832599289284,34.72356699150273,830.76,805.84,35.49,14:02:00,2,panel_soiling
690.2358741065375,34.74325159742436,1494.36,1449.53,63.83,14:03:00,2,panel_soiling
311.62356905624074,34.76222288365954,711.11,689.77,30.38,14:04:00,2,panel_soiling
543.2938900384167,34.78047875689527,1200.73,1164.71,51.29,14:05:00,2,panel_soiling
675.985135583253,34.79801720148257,1466.12,1422.14,62.63,14:06:00,2,panel_soiling
671.2258864753423,34.81483627980742,1456.68,1412.98,62.22,14:07:00,2,panel_soiling
666.4630664545972,34.8309341326475,1447.22,1403.8,61.82,14:08:00,2,panel_soiling
661.6972289023211,34.8463089795147,1437.74,1394.61,61.41,14:09:00,2,panel_soiling
656.9289237597677,34.86095911898339,1428.25,1385.41,61.01,14:10:00,2,panel_soiling
652.1586974308044,34.874882929004116,1418.76,1376.19,60.6,14:11:00,2,panel_soiling
647.3870926862543,34.88807886720304,1409.25,1366.97,60.2,14:12:00,2,panel_soiling
472.8166426148525,34.90054547116658,1054.72,1023.07,45.05,14:13:00,2,panel_soiling
637.8419003064292,34.91228135871158,1390.2,1348.49,59.38,14:14:00,2,panel_soiling
438.61447294645615,34.9232852281407,982.96,953.47,41.99,14:15:00,2,panel_soiling
628.2976125986443,34.93355585848302,1371.12,1329.99,58.57,14:16:00,2,panel_soiling
623.5271237015329,34.94309210971986,1361.57,1320.72,58.16,14:17:00,2,panel_soiling
618.7584315793822,34.95189292299568,1352.02,1311.46,57.75,14:18:00,2,panel_soiling
252.43884835595782,34.95995732081401,580.18,562.77,24.78,14:19:00,2,panel_soiling
410.50563369475236,34.96728440721837,923.36,895.66,39.44,14:20:00,2,panel_soiling
375.3666124024199,34.97387336795825,848.38,822.93,36.24,14:21:00,2,panel_soiling
599.7118614504086,34.979723470639826,1313.77,1274.35,56.12,14:22:00,2,panel_soiling
594.9597873957865,34.9848340648617,1304.2,1265.08,55.71,14:23:00,2,panel_soiling
221.86675207091594,34.989204582335404,511.95,496.59,21.87,14:24:00,2,panel_soiling
585.4705839465948,34.9928345369907,1285.07,1246.52,54.89,14:25:00,2,panel_soiling
580.7344250311648,34.99572352506571,1275.51,1237.25,54.48,14:26:00,2,panel_soiling
250.86086893605432,34.99787122518174,576.58,559.28,24.63,14:27:00,2,panel_soiling
571.2813827092458,34.99927739840285,1256.4,1218.71,53.67,14:28:00,2,panel_soiling
315.6488462257499,34.99994188828021,719.16,697.58,30.72,14:29:00,2,panel_soiling
561.8571698704427,34.999864620881056,1237.31,1200.19,52.85,14:30:00,2,panel_soiling
174.08484370652357,34.99904560480244,404.25,392.12,17.27,14:31:00,2,panel_soiling
178.56238227046757,34.9974849311696,414.4,401.97,17.7,14:32:00,2,panel_soiling
547.7829414571929,34.99518277361909,1208.73,1172.46,51.63,14:33:00,2,panel_soiling
543.1098848084761,34.99213938826658,1199.22,1163.24,51.23,14:34:00,2,panel_soiling
538.4467371957412,34.98835511365934,1189.72,1154.02,50.82,14:35:00,2,panel_soiling
305.35237156047435,34.98383037071352,696.72,675.82,29.76,14:36:00,2,panel_soiling
258.80564302787695,34.97856566263607,594.26,576.43,25.38,14:37:00,2,panel_soiling
358.6617337336263,34.972561574831545,812.48,788.11,34.71,14:38:00,2,panel_soiling
519.901785832936,34.965818774793505,1151.84,1117.28,49.2,14:39:00,2,panel_soiling
377.16141551604187,34.95833801198094,852.28,826.71,36.41,14:40:00,2,panel_soiling
271.08944823089826,34.95012011767941,621.51,602.86,26.55,14:41:00,2,panel_soiling
390.232523336877,34.94116600484704,880.31,853.9,37.6,14:42:00,2,panel_soiling
501.54891187358453,34.931476667945546,1114.2,1080.77,47.59,14:43:00,2,panel_soiling
496.9937025913236,34.921053182756104,1104.83,1071.68,47.19,14:44:00,2,panel_soiling
300.2517861060715,34.90989670618035,685.78,665.2,29.29,14:45:00,2,panel_soiling
487.92558259030415,34.898008476026284,1086.15,1053.57,46.4,14:46:00,2,panel_soiling
269.0385605724959,34.88538981077949,617.15,598.63,26.36,14:47:00,2,panel_soiling
383.1053029369863,34.87204210935934,865.34,839.38,36.96,14:48:00,2,panel_soiling
171.2518179096585,34.85796685086056,398.06,386.12,17.0,14:49:00,2,panel_soiling
342.6720972747283,34.84316559428005,778.39,755.04,33.25,14:50:00,2,panel_soiling
206.2641051511001,34.82763997822912,477.27,462.95,20.39,14:51:00,2,panel_soiling
461.0858934515488,34.81139172063112,1030.63,999.71,44.02,14:52:00,2,panel_soiling
456.66947131385297,34.79442261840466,1021.46,990.81,43.63,14:53:00,2,panel_soiling
452.2701892669404,34.77673454713238,1012.31,981.94,43.24,14:54:00,2,panel_soiling
447.88836931082596,34.75832946071547,1003.19,973.1,42.85,14:55:00,2,panel_soiling
205.36988141982005,34.739209391013986,475.44,461.18,20.31,14:56:00,2,panel_soiling
287.85565091344864,34.71937644747293,659.11,639.34,28.15,14:57:00,2,panel_soiling
434.8508117540172,34.69883281673448,976.0,946.72,41.69,14:58:00,2,panel_soiling
430.5419397761782,34.67758076223613,966.99,937.98,41.31,14:59:00,2,panel_soiling
310.1834897281214,34.655622623795125,708.29,687.04,30.25,15:00:00,2,panel_soiling
308.30697664060045,34.6329608171791,704.25,683.12,30.08,15:01:00,2,panel_soiling
417.73035126954517,34.609597833663194,940.16,911.95,40.16,15:02:00,2,panel_soiling
413.49909670330544,34.585536239573585,931.27,903.33,39.78,15:03:00,2,panel_soiling
171.43976388344242,34.5607786758177,398.99,387.02,17.04,15:04:00,2,panel_soiling
405.09711481923426,34.53532785740121,913.6,886.2,39.03,15:05:00,2,panel_soiling
270.9331934644711,34.50918657293177,622.34,603.67,26.58,15:06:00,2,panel_soiling
232.0488034788411,34.48235768410991,535.88,519.8,22.89,15:07:00,2,panel_soiling
392.6492929878506,34.454844125206925,887.36,860.74,37.9,15:08:00,2,panel_soiling
240.27345439809332,34.42664890253011,554.39,537.76,23.68,15:09:00,2,panel_soiling
245.80332300382568,34.39777509387535,566.8,549.8,24.21,15:10:00,2,panel_soiling
380.39345889818526,34.36822584796725,861.43,835.58,36.8,15:11:00,2,panel_soiling
376.3519106545729,34.33800438388694,852.86,827.27,36.43,15:12:00,2,panel_soiling
372.3325879765687,34.307113990487736,844.33,819.0,36.07,15:13:00,2,panel_soiling
368.3356983138689,34.275558025798745,835.83,810.76,35.7,15:14:00,2,panel_soiling
364.36144317115986,34.24333991641657,827.38,802.56,35.34,15:15:00,2,panel_soiling
119.08111153847588,34.210463156885396,279.48,271.1,11.94,15:16:00,2,panel_soiling
356.4816128561508,34.17693130906533,810.59,786.27,34.62,15:17:00,2,panel_soiling
179.16511152217103,34.14274800148955,417.29,404.77,17.82,15:18:00,2,panel_soiling
143.0553330972281,34.10791692871004,334.83,324.79,14.3,15:19:00,2,panel_soiling
344.83632431184566,34.07244185063233,785.71,762.14,33.56,15:20:00,2,panel_soiling
341.00177756708115,34.03632659183932,777.5,754.17,33.21,15:21:00,2,panel_soiling
337.191111206857,33.999575040904354,769.33,746.25,32.86,15:22:00,2,panel_soiling
226.68877651318394,33.96219114969371,525.04,509.29,22.43,15:23:00,2,panel_soiling
132.32705196415642,33.92417893265871,310.4,301.09,13.26,15:24:00,2,panel_soiling
232.35572808677134,33.88554246611767,537.94,521.8,22.98,15:25:00,2,panel_soiling
322.19025904383983,33.8462858875277,737.09,714.98,31.49,15:26:00,2,panel_soiling
318.50120194471907,33.806413394746755,729.14,707.26,31.15,15:27:00,2,panel_soiling
242.21491554634832,33.765929245285975,560.31,543.5,23.93,15:28:00,2,panel_soiling
311.1973798089165,33.72483775555253,713.37,691.97,30.47,15:29:00,2,panel_soiling
307.5828510814202,33.68314330008322,705.56,684.39,30.14,15:30:00,2,panel_soiling
303.9933922971611,33.64085031076892,697.79,676.86,29.81,15:31:00,2,panel_soiling
173.90754093581222,33.597963276070104,406.26,394.07,17.35,15:32:00,2,panel_soiling
296.8900970726164,33.55448674022373,682.39,661.92,29.15,15:33:00,2,panel_soiling
293.37645343354654,33.51042530244154,674.76,654.52,28.82,15:34:00,2,panel_soiling
178.50894942870494,33.46578361610004,416.99,404.48,17.81,15:35:00,2,panel_soiling
144.09775062780483,33.42056638792236,338.21,328.06,14.45,15:36:00,2,panel_soiling
282.9885836048664,33.374778377152225,652.16,632.59,27.86,15:37:00,2,panel_soiling
279.5772404278508,33.32842439472019,644.72,625.38,27.54,15:38:00,2,panel_soiling
139.2266974738022,33.28150930240228,327.17,317.36,13.98,15:39:00,2,panel_soiling
272.8318875299002,33.23403801197147,629.99,611.09,26.91,15:40:00,2,panel_soiling
210.86533968286776,33.18601548434195,491.05,476.32,20.98,15:41:00,2,panel_soiling
176.11332798428163,33.13744672870651,412.1,399.73,17.6,15:42:00,2,panel_soiling
262.90805398761626,33.088336801667275,608.26,590.01,25.98,15:43:00,2,panel_soiling
259.65209012231605,33.03869080635995,601.12,583.08,25.68,15:44:00,2,panel_soiling
256.42218360232823,32.9885138915718,594.02,576.2,25.37,15:45:00,2,panel_soiling
253.21836742320076,32.93781125085355,586.98,569.37,25.07,15:46:00,2,panel_soiling
136.54365189299273,32.88658812162553,321.52,311.87,13.73,15:47:00,2,panel_soiling
246.88911443047064,32.83484978427811,573.04,555.85,24.48,15:48:00,2,panel_soiling
243.76372012820988,32.7826015612668,566.15,549.17,24.18,15:49:00,2,panel_soiling
240.66450129727147,32.729848816202086,559.31,542.53,23.89,15:50:00,2,panel_soiling
237.5914677767329,32.6765969529344,552.52,535.94,23.6,15:51:00,2,panel_soiling
234.54462493806477,32.622851414634226,545.78,529.41,23.31,15:52:00,2,panel_soiling
168.4335078730949,32.56861768286774,395.48,383.61,16.89,15:53:00,2,panel_soiling
79.03711905469626,32.513901276668136,187.8,182.17,8.02,15:54:00,2,panel_soiling
225.56122839040992,32.4587077516028,525.87,510.09,22.46,15:55:00,2,panel_soiling
222.61911460723968,32.403042698836664,519.33,503.75,22.18,15:56:00,2,panel_soiling
219.70315332134882,32.346911744191885,512.85,497.47,21.91,15:57:00,2,panel_soiling
118.16675623180919,32.290320547204075,279.61,271.23,11.94,15:58:00,2,panel_soiling
213.949603197029,32.23327480017535,500.04,485.04,21.36,15:59:00,2,panel_soiling
211.11196172807252,32.17578022722432,493.72,478.9,21.09,16:00:00,2,panel_soiling
208.30036761340452,32.11784258333339,487.44,472.82,20.82,16:01:00,2,panel_soiling
125.04633916781796,32.05946765339344,295.91,287.04,12.64,16:02:00,2,panel_soiling
202.75517298779687,32.000661251246214,475.05,460.8,20.29,16:03:00,2,panel_soiling
65.46499693804273,31.941429218724565,156.2,151.52,6.67,16:04:00,2,panel_soiling
197.31368446723172,31.881777424690846,462.86,448.98,19.77,16:05:00,2,panel_soiling
78.56902338774066,31.821711764073562,187.24,181.63,8.0,16:06:00,2,panel_soiling
139.30876952781927,31.7612381569027,329.46,319.58,14.07,16:07:00,2,panel_soiling
189.34502257422432,31.700362547343687,444.98,431.63,19.01,16:08:00,2,panel_soiling
186.7401915414664,31.63909090273038,439.12,425.95,18.76,16:09:00,2,panel_soiling
184.16094965458836,31.57742921259732,433.31,420.31,18.51,16:10:00,2,panel_soiling
181.60722846924796,31.515383487711347,427.56,414.73,18.26,16:11:00,2,panel_soiling
179.07895625863014,31.452959759102892,421.86,409.2,18.02,16:12:00,2,panel_soiling
176.57605807481295,31.390164077097054,416.21,403.72,17.78,16:13:00,2,panel_soiling
174.09845581017169,31.32700251034484,410.61,398.29,17.54,16:14:00,2,panel_soiling
171.64606825879972,31.26348114485468,405.07,392.91,17.3,16:15:00,2,panel_soiling
169.21881117792293,31.1996060830244,399.57,387.58,17.07,16:16:00,2,panel_soiling
112.42510467360944,31.135383442673895,267.51,259.49,11.43,16:17:00,2,panel_soiling
164.4393366405156,31.070819356078797,388.74,377.08,16.61,16:18:00,2,panel_soiling
104.91171265781267,31.005919969005273,250.01,242.51,10.68,16:19:00,2,panel_soiling
124.34263118046113,30.940691439746114,295.65,286.78,12.63,16:20:00,2,panel_soiling
157.45632948388263,30.875139938158398,372.88,361.69,15.93,16:21:00,2,panel_soiling
155.17792379107743,30.809271644702932,367.69,356.66,15.71,16:22:00,2,panel_soiling
83.75477055637177,30.743092749485726,200.36,194.35,8.56,16:23:00,2,panel_soiling
54.30157129244051,30.676609451301527,130.43,126.52,5.57,16:24:00,2,panel_soiling
84.06914575624387,30.60982795667975,201.22,195.18,8.6,16:25:00,2,panel_soiling
146.30783417899417,30.54275447893308,347.46,337.04,14.84,16:26:00,2,panel_soiling
73.4809436425198,30.475395237208787,176.21,170.93,7.53,16:27:00,2,panel_soiling
142.01736078731463,30.407756455543012,337.65,327.52,14.42,16:28:00,2,panel_soiling
139.9078633374201,30.339844361918242,332.82,322.84,14.22,16:29:00,2,panel_soiling
137.82203230203314,30.27166518732416,328.04,318.2,14.01,16:30:00,2,panel_soiling
63.83638237344646,30.203225164822104,153.45,148.84,6.55,16:31:00,2,panel_soiling
133.7208774507323,30.134530528613208,318.63,309.07,13.61,16:32:00,2,panel_soiling
131.70530250519192,30.0655875131105,314.0,304.58,13.41,16:33:00,2,panel_soiling
129.71289183156324,29.996402352015174,309.42,300.14,13.22,16:34:00,2,panel_soiling
127.74351500933463,29.926981277397232,304.89,295.74,13.02,16:35:00,2,panel_soiling
125.79703977953004,29.857330518780515,300.4,291.39,12.83,16:36:00,2,panel_soiling
123.8733321018272,29.78745630223245,295.97,287.09,12.64,16:37:00,2,panel_soiling
121.97225621129971,29.717364849458754,291.58,282.83,12.46,16:38:00,2,panel_soiling
72.68953332988615,29.647062376903115,174.93,169.68,7.47,16:39:00,2,panel_soiling
118.23744844675478,29.57655509485214,282.96,274.47,12.09,16:40:00,2,panel_soiling
116.4034369250028,29.505849206545573,278.71,270.35,11.91,16:41:00,2,panel_soiling
58.883103292152526,29.434950907292276,142.08,137.82,6.07,16:42:00,2,panel_soiling
74.22360377932647,29.363866383591848,178.79,173.43,7.64,16:43:00,2,panel_soiling
111.03326237739657,29.29260181226213,266.27,258.29,11.37,16:44:00,2,panel_soiling
46.14986234687388,29.221163359572806,111.63,108.28,4.77,16:45:00,2,panel_soiling
107.56157676357847,29.149557180385226,258.22,250.47,11.03,16:46:00,2,panel_soiling
45.592408590981776,29.077789417298717,110.36,107.05,4.71,16:47:00,2,panel_soiling
104.17525578991545,29.005866199803293,250.34,242.83,10.69,16:48:00,2,panel_soiling
102.51373140204217,28.933793643439145,246.48,239.08,10.53,16:49:00,2,panel_soiling
100.87309518819768,28.861577848963,242.66,235.38,10.37,16:50:00,2,panel_soiling
99.25319393331199,28.789224901521514,238.88,231.71,10.2,16:51:00,2,panel_soiling
97.65387344583243,28.71674086983175,235.15,228.1,10.04,16:52:00,2,panel_soiling
96.07497860743862,28.644131805368968,231.46,224.52,9.89,16:53:00,2,panel_soiling
94.51635342221455,28.571403741561912,227.82,220.99,9.73,16:54:00,2,panel_soiling
92.97784106526962,28.49856269299567,224.23,217.5,9.58,16:55:00,2,panel_soiling
59.13605378412632,28.425614654622215,143.27,138.98,6.12,16:56:00,2,panel_soiling
46.38679454120735,28.35256560097878,112.6,109.22,4.81,16:57:00,2,panel_soiling
88.48140128589255,28.279421485414282,213.7,207.29,9.13,16:58:00,2,panel_soiling
60.948919220282995,28.206188239323865,147.76,143.33,6.31,16:59:00,2,panel_soiling
85.58143081326338,28.132871771391628,206.89,200.69,8.84,17:00:00,2,panel_soiling
84.1602616645962,28.059477966841694,203.56,197.45,8.7,17:01:00,2,panel_soiling
39.4321903672895,27.986012686697837,95.95,93.07,4.1,17:02:00,2,panel_soiling
26.238484383520365,27.91248176705171,63.97,62.05,2.73,17:03:00,2,panel_soiling
80.01008154920609,27.8388910183397,193.8,187.98,8.28,17:04:00,2,panel_soiling
33.30055883663479,27.76524622462867,81.16,78.73,3.47,17:05:00,2,panel_soiling
77.33611153991836,27.691553142910607,187.5,181.87,8.01,17:06:00,2,panel_soiling
30.076783563087808,27.617817502406382,73.38,71.18,3.13,17:07:00,2,panel_soiling
74.73487402328978,27.544045003878566,181.36,175.92,7.75,17:08:00,2,panel_soiling
73.46112123449518,27.470241318953473,178.35,173.0,7.62,17:09:00,2,panel_soiling
72.20506072293541,27.396412089452618,175.38,170.12,7.49,17:10:00,2,panel_soiling
70.9665285383589,27.32256292673362,172.45,167.28,7.37,17:11:00,2,panel_soiling
32.90725163616617,27.24869941104053,80.38,77.97,3.43,17:12:00,2,panel_soiling
68.5413929243311,27.174827090863797,166.71,161.71,7.12,17:13:00,2,panel_soiling
67.35446128225249,27.10095148230999,163.9,158.98,7.0,17:14:00,2,panel_soiling
66.18440161555242,27.027078068481284,161.12,156.29,6.88,17:15:00,2,panel_soiling
65.03104988280109,26.953212298864745,158.39,153.63,6.77,17:16:00,2,panel_soiling
63.89424213257829,26.87935958873155,155.69,151.02,6.65,17:17:00,2,panel_soiling
62.773814538069665,26.80552531854628,153.02,148.43,6.54,17:18:00,2,panel_soiling
29.5744721092408,26.73171483338625,72.42,70.25,3.09,17:19:00,2,panel_soiling
60.58144533507372,26.657933442370975,147.81,143.38,6.31,17:20:00,2,panel_soiling
40.15352420478976,26.584186418101787,98.25,95.3,4.2,17:21:00,2,panel_soiling
58.45263542583775,26.510478996111807,142.74,138.46,6.1,17:22:00,2,panel_soiling
57.41165791016618,26.43681637432624,140.26,136.05,5.99,17:23:00,2,panel_soiling
56.38608206299305,26.363203712532957,137.81,133.68,5.89,17:24:00,2,panel_soiling
55.375745844832316,26.28964613186353,135.4,131.34,5.78,17:25:00,2,panel_soiling
54.380487594617655,26.216148714284806,133.02,129.03,5.68,17:26:00,2,panel_soiling
21.845759659315497,26.142716502100985,53.67,52.06,2.29,17:27:00,2,panel_soiling
52.43456041844705,26.0693544974662,128.37,124.52,5.48,17:28:00,2,panel_soiling
51.48357031913186,25.996067661907738,126.09,122.31,5.39,17:29:00,2,panel_soiling
50.54701589563969,25.92286091585988,123.85,120.14,5.29,17:30:00,2,panel_soiling
49.6247377994682,25.849739138208527,121.64,117.99,5.2,17:31:00,2,panel_soiling
48.716577224338984,25.776707165846354,119.46,115.88,5.1,17:32:00,2,panel_soiling
47.82237593131854,25.703769793238777,117.32,113.8,5.01,17:33:00,2,panel_soiling
30.959583097826126,25.630931772000693,76.14,73.85,3.25,17:34:00,2,panel_soiling
46.07522121901918,25.558197810483996,113.12,109.73,4.83,17:35:00,2,panel_soiling
25.543949220951912,25.485572573375876,62.9,61.01,2.69,17:36:00,2,panel_soiling
44.38202001395341,25.41306068130784,109.05,105.78,4.66,17:37:00,2,panel_soiling
30.765456051839653,25.34066671047571,75.75,73.48,3.24,17:38:00,2,panel_soiling
42.74152925003177,25.26839519227039,105.11,101.95,4.49,17:39:00,2,panel_soiling
26.373008955923748,25.196250612919435,65.01,63.06,2.78,17:40:00,2,panel_soiling
41.152517140676224,25.12423741313947,101.28,98.24,4.33,17:41:00,2,panel_soiling
40.376933895337444,25.052359987799505,99.41,96.43,4.25,17:42:00,2,panel_soiling
39.61376383779836,24.980622685595094,97.57,94.64,4.17,17:43:00,2,panel_soiling
38.86285645440402,24.909029808733273,95.75,92.88,4.09,17:44:00,2,panel_soiling
17.10483438679219,24.837585612628338,42.27,0.0,0.0,17:45:00,2,panel_soiling
37.39723178196441,24.766294305608497,92.21,89.45,3.94,17:46:00,2,panel_soiling
36.682217643828096,24.695160048633333,90.48,87.77,3.87,17:47:00,2,panel_soiling
14.190463847652063,24.62418695502201,35.11,0.0,0.0,17:48:00,2,panel_soiling
35.287050158916514,24.55337909019224,87.11,84.49,3.72,17:49:00,2,panel_soiling
34.6066052435215,24.482740471410075,85.46,82.89,3.65,17:50:00,2,panel_soiling
33.93739335396747,24.412275067550446,83.84,81.32,3.58,17:51:00,2,panel_soiling
33.279271007717234,24.34198679886832,82.24,79.77,3.51,17:52:00,2,panel_soiling
32.63209566794137,24.271879536780546,80.67,78.25,3.45,17:53:00,2,panel_soiling
24.490334346583808,24.201957103658433,60.62,58.8,2.59,17:54:00,2,panel_soiling
21.038410158365522,24.1322232726309,52.11,50.55,2.23,17:55:00,2,panel_soiling
30.754840775639927,24.062681767398175,76.11,73.83,3.25,17:56:00,2,panel_soiling
30.150047454247147,23.99333626205602,74.64,72.4,3.19,17:57:00,2,panel_soiling
9.390047758897651,23.924190380930526,23.31,0.0,0.0,17:58:00,2,panel_soiling
28.97107104762738,23.855247698423337,71.77,69.62,3.07,17:59:00,2,panel_soiling
28.396615776876235,23.78651173886727,70.37,68.26,3.01,18:00:00,2,panel_soiling
27.832002724606735,23.717985976392228,69.0,66.93,2.95,18:01:00,2,panel_soiling
27.277098392627646,23.64967383480157,67.65,65.62,2.89,18:02:00,2,panel_soiling
26.73177033657746,23.581578687458656,66.32,64.33,2.83,18:03:00,2,panel_soiling
13.825607225373206,23.513703857183593,34.36,0.0,0.0,18:04:00,2,panel_soiling
19.315045941881515,23.446052616160106,47.99,0.0,0.0,18:05:00,2,panel_soiling
25.15193535614091,23.378628185852552,62.46,60.59,2.67,18:06:00,2,panel_soiling
24.643609313087893,23.311433736932965,61.22,59.38,2.61,18:07:00,2,panel_soiling
9.302022195729183,23.244472389218018,23.16,0.0,0.0,18:08:00,2,panel_soiling
23.653621656143052,23.177747211615856,58.8,57.03,2.51,18:09:00,2,panel_soiling
23.171709212713125,23.111261222082828,57.62,55.89,2.46,18:10:00,2,panel_soiling
22.6983523141718,23.045017387589997,56.46,54.76,2.41,18:11:00,2,panel_soiling
9.412072822282962,22.97901862409925,23.46,0.0,0.0,18:12:00,2,panel_soiling
21.77681568485333,22.91326779654904,54.2,52.57,2.32,18:13:00,2,panel_soiling
13.473472657714202,22.84776771884972,33.58,0.0,0.0,18:14:00,2,panel_soiling
12.395374000867369,22.782521153888347,30.9,0.0,0.0,18:15:00,2,panel_soiling
20.455647528388877,22.717530813542798,50.96,49.43,2.18,18:16:00,2,panel_soiling
6.305973460078492,22.65279935870519,15.74,0.0,0.0,18:17:00,2,panel_soiling
19.61424809499759,22.58832939931461,48.89,0.0,0.0,18:18:00,2,panel_soiling
19.20501448234474,22.524123494398918,47.89,0.0,0.0,18:19:00,2,panel_soiling
18.803273052509123,22.460184152125596,46.9,0.0,0.0,18:20:00,2,panel_soiling
18.40891131098184,22.39651382986154,45.93,0.0,0.0,18:21:00,2,panel_soiling
10.742672703996922,22.333114934241777,26.84,0.0,0.0,18:22:00,2,panel_soiling
17.64188260338396,22.26998982124698,44.04,0.0,0.0,18:23:00,2,panel_soiling
17.26899633851721,22.207140796289586,43.13,0.0,0.0,18:24:00,2,panel_soiling
16.903051164712554,22.14457011430857,42.22,0.0,0.0,18:25:00,2,panel_soiling
16.543940278735025,22.082279979872688,41.34,0.0,0.0,18:26:00,2,panel_soiling
16.19155801502969,22.020272547292215,40.47,0.0,0.0,18:27:00,2,panel_soiling
15.845799844814008,21.95854992073887,39.62,0.0,0.0,18:28:00,2,panel_soiling
15.506562374876319,21.89711415437401,38.78,0.0,0.0,18:29:00,2,panel_soiling
15.173743346087988,21.8359672524849,37.96,0.0,0.0,18:30:00,2,panel_soiling
10.15874173803678,21.775111169629085,25.44,0.0,0.0,18:31:00,2,panel_soiling
5.401849183092042,21.71454781078657,13.54,0.0,0.0,18:32:00,2,panel_soiling
14.212791287535454,21.65427903151976,35.58,0.0,0.0,18:33:00,2,panel_soiling
13.904646046127219,21.59430663814123,34.82,0.0,0.0,18:34:00,2,panel_soiling
9.502207029506483,21.534632387889026,23.82,0.0,0.0,18:35:00,2,panel_soiling
13.30603231845529,21.47525798910941,33.34,0.0,0.0,18:36:00,2,panel_soiling
13.015373946147504,21.41618510144699,32.62,0.0,0.0,18:37:00,2,panel_soiling
12.730356500924055,21.35741533604217,31.92,0.0,0.0,18:38:00,2,panel_soiling
12.450887819355088,21.29895025573571,31.22,0.0,0.0,18:39:00,2,panel_soiling
12.176876842873137,21.240791375280367,30.55,0.0,0.0,18:40:00,2,panel_soiling
8.159794559529713,21.182940161559383,20.48,0.0,0.0,18:41:00,2,panel_soiling
6.339524408146326,21.125398033811905,15.92,0.0,0.0,18:42:00,2,panel_soiling
3.8871990174931663,21.068166363865064,9.77,0.0,0.0,18:43:00,2,panel_soiling
11.13362724476008,21.011246476372662,27.96,0.0,0.0,18:44:00,2,panel_soiling
10.885577278720696,20.95463964906029,27.34,0.0,0.0,18:45:00,2,panel_soiling
10.64246161805119,20.898347112976868,26.74,0.0,0.0,18:46:00,2,panel_soiling
10.40419680885052,20.84237005275245,26.15,0.0,0.0,18:47:00,2,panel_soiling
5.62709961619618,20.786709606862125,14.15,0.0,0.0,18:48:00,2,panel_soiling
9.941891251492372,20.731366867895897,25.0,0.0,0.0,18:49:00,2,panel_soiling
9.717688900423505,20.67634288283456,24.44,0.0,0.0,18:50:00,2,panel_soiling
5.882887543504553,20.621638653331328,14.8,0.0,0.0,18:51:00,2,panel_soiling
9.282788914575848,20.56725513599909,23.36,0.0,0.0,18:52:00,2,panel_soiling
9.071935945523201,20.513193242703224,22.83,0.0,0.0,18:53:00,2,panel_soiling
8.86537915533635,20.459453840859876,22.32,0.0,0.0,18:54:00,2,panel_soiling
8.663043445710704,20.406037753739557,21.81,0.0,0.0,18:55:00,2,panel_soiling
8.46485473384683,20.352945760775885,21.32,0.0,0.0,18:56:00,2,panel_soiling
8.270739945569995,20.300178597879395,20.83,0.0,0.0,18:57:00,2,panel_soiling
3.9148137517439556,20.24773695775636,9.87,0.0,0.0,18:58:00,2,panel_soiling
2.874535811858858,20.195621490232455,7.25,0.0,0.0,18:59:00,2,panel_soiling
7.712123362075886,20.143832802581052,19.44,0.0,0.0,19:00:00,2,panel_soiling
4.245471652506545,20.092371459856174,10.71,0.0,0.0,19:01:00,2,panel_soiling
3.6556636698186082,20.0412379852299,9.22,0.0,0.0,19:02:00,2,panel_soiling
2.651945780862389,19.990432860334195,6.69,0.0,0.0,19:03:00,2,panel_soiling
7.020076582850298,19.939956525606892,17.71,0.0,0.0,19:04:00,2,panel_soiling
6.856041186915938,19.889809380641807,17.3,0.0,0.0,19:05:00,2,panel_soiling
6.695466244331422,19.839991784542896,16.9,0.0,0.0,19:06:00,2,panel_soiling
3.397565454698935,19.790504056282302,8.58,0.0,0.0,19:07:00,2,panel_soiling
2.93228647727867,19.741346475062105,7.41,0.0,0.0,19:08:00,2,panel_soiling
6.2338748558557375,19.692519280679743,15.74,0.0,0.0,19:09:00,2,panel_soiling
3.4853159922920227,19.644022673896973,8.81,0.0,0.0,19:10:00,2,panel_soiling
5.942311914839801,19.59585681681225,15.01,0.0,0.0,19:11:00,2,panel_soiling
5.801200627181134,19.548021833236383,14.66,0.0,0.0,19:12:00,2,panel_soiling
3.3472168782588305,19.500517809071304,8.46,0.0,0.0,19:13:00,2,panel_soiling
2.381744195783714,19.453344792692008,6.02,0.0,0.0,19:14:00,2,panel_soiling
2.029267563081587,19.40650279533138,5.13,0.0,0.0,19:15:00,2,panel_soiling
5.266547900119566,19.359991791467827,13.32,0.0,0.0,19:16:00,2,panel_soiling
2.626619393623313,19.313811719215618,6.65,0.0,0.0,19:17:00,2,panel_soiling
5.016319028912541,19.267962480717856,12.69,0.0,0.0,19:18:00,2,panel_soiling
4.895290428562445,19.222443942541936,12.39,0.0,0.0,19:19:00,2,panel_soiling
4.7769161215490925,19.177255936077316,12.09,0.0,0.0,19:20:00,2,panel_soiling
1.5696124240667895,19.13239825793557,3.98,0.0,0.0,19:21:00,2,panel_soiling
3.4929746261134946,19.087870670352583,8.85,0.0,0.0,19:22:00,2,panel_soiling
4.437211272276585,19.0436729015928,11.24,0.0,0.0,19:23:00,2,panel_soiling
4.328950464301184,18.99980464635535,10.97,0.0,0.0,19:24:00,2,panel_soiling
4.2230960964823225,18.956265566181976,10.7,0.0,0.0,19:25:00,2,panel_soiling
4.119600958573547,18.913055289866687,10.44,0.0,0.0,19:26:00,2,panel_soiling
4.018418607110187,18.87017341386702,10.18,0.0,0.0,19:27:00,2,panel_soiling
3.0124682815369344,18.82761950271673,7.64,0.0,0.0,19:28:00,2,panel_soiling
2.2621310274955113,18.78539308943986,5.74,0.0,0.0,19:29:00,2,panel_soiling
2.502271805270496,18.743493675966107,6.35,0.0,0.0,19:30:00,2,panel_soiling
1.9993844159003407,18.70192073354735,5.07,0.0,0.0,19:31:00,2,panel_soiling
2.4940077440212542,18.66067370317519,6.33,0.0,0.0,19:32:00,2,panel_soiling
3.4573866319055973,18.61975199599946,8.77,0.0,0.0,19:33:00,2,panel_soiling
2.5282819151266858,18.5791549937476,6.42,0.0,0.0,19:34:00,2,panel_soiling
3.286893135721666,18.538882049144778,8.34,0.0,0.0,19:35:00,2,panel_soiling
3.2045581807850723,18.498932486334635,8.13,0.0,0.0,19:36:00,2,panel_soiling
3.124111865517481,18.459305601300557,7.93,0.0,0.0,19:37:00,2,panel_soiling
3.045515616357501,18.42000066228742,7.73,0.0,0.0,19:38:00,2,panel_soiling
2.9687315242492893,18.381016910223735,7.54,0.0,0.0,19:39:00,2,panel_soiling
1.0528894368853055,18.342353559143913,2.67,0.0,0.0,19:40:00,2,panel_soiling
2.8204514471938547,18.30400979661077,7.17,0.0,0.0,19:41:00,2,panel_soiling
2.7488828913254406,18.265984784138073,6.98,0.0,0.0,19:42:00,2,panel_soiling
2.6789813340530926,18.228277657613084,6.81,0.0,0.0,19:43:00,2,panel_soiling
0.857037140724685,18.19088752771889,2.18,0.0,0.0,19:44:00,2,panel_soiling
1.6314405676964419,18.153813480356572,4.15,0.0,0.0,19:45:00,2,panel_soiling
2.47893460202434,18.117054577067048,6.3,0.0,0.0,19:46:00,2,panel_soiling
2.415360028097955,18.080609855452533,6.14,0.0,0.0,19:47:00,2,panel_soiling
2.353284959539402,18.04447832959747,5.98,0.0,0.0,19:48:00,2,panel_soiling
0.9264447404188366,18.008658990488904,2.36,0.0,0.0,19:49:00,2,panel_soiling
2.233507034344064,17.973150806436166,5.68,0.0,0.0,19:50:00,2,panel_soiling
2.175742453288534,17.937952723489886,5.54,0.0,0.0,19:51:00,2,panel_soiling
2.119353912916349,17.903063665860074,5.39,0.0,0.0,19:52:00,2,panel_soiling
2.06431194312231,17.868482536333325,5.25,0.0,0.0,19:53:00,2,panel_soiling
2.0105876165583543,17.83420821668904,5.12,0.0,0.0,19:54:00,2,panel_soiling
1.0492711534350514,17.800239568114566,2.67,0.0,0.0,19:55:00,2,panel_soiling
1.9069788511121828,17.766575431619167,4.86,0.0,0.0,19:56:00,2,panel_soiling
0.9824034721995992,17.733214628446742,2.5,0.0,0.0,19:57:00,2,panel_soiling
1.8083067600815772,17.70015596048727,4.61,0.0,0.0,19:58:00,2,panel_soiling
1.760755197034005,17.667398210686866,4.48,0.0,0.0,19:59:00,2,panel_soiling
1.7143586813055565,17.634940143456348,4.37,0.0,0.0,20:00:00,2,panel_soiling
1.6690918711745415,17.602780505078286,4.25,0.0,0.0,20:01:00,2,panel_soiling
1.1860754989615965,17.57091802411243,3.02,0.0,0.0,20:02:00,2,panel_soiling
0.7815772108281387,17.539351411799533,1.99,0.0,0.0,20:03:00,2,panel_soiling
1.5398234495096568,17.50807936246333,3.92,0.0,0.0,20:04:00,2,panel_soiling
1.4988315837033945,17.477100553910763,3.82,0.0,0.0,20:05:00,2,panel_soiling
0.7782072122411856,17.446413647830312,1.98,0.0,0.0,20:06:00,2,panel_soiling
0.783021774317792,17.416017290188435,2.0,0.0,0.0,20:07:00,2,panel_soiling
1.3818267347966295,17.38591011162391,3.52,0.0,0.0,20:08:00,2,panel_soiling
1.3447416424460708,17.35609072784017,3.43,0.0,0.0,20:09:00,2,panel_soiling
1.3085790278427336,17.326557739995494,3.34,0.0,0.0,20:10:00,2,panel_soiling
0.7434316725784244,17.297309735091027,1.9,0.0,0.0,20:11:00,2,panel_soiling
1.238938293527429,17.268345286356535,3.16,0.0,0.0,20:12:00,2,panel_soiling
1.2054197292052728,17.23966295363382,3.08,0.0,0.0,20:13:00,2,panel_soiling
0.7744500900946154,17.211261283757846,1.98,0.0,0.0,20:14:00,2,panel_soiling
1.1408880992498485,17.183138810935404,2.91,0.0,0.0,20:15:00,2,panel_soiling
0.5121655260587514,17.155294057121335,1.31,0.0,0.0,20:16:00,2,panel_soiling
1.0795708776005535,17.12772553239218,2.76,0.0,0.0,20:17:00,2,panel_soiling
1.050071748737343,17.10043173531733,2.68,0.0,0.0,20:18:00,2,panel_soiling
1.021321859026508,17.07341115332751,2.61,0.0,0.0,20:19:00,2,panel_soiling
0.3162907335352355,17.04666226308062,0.81,0.0,0.0,20:20:00,2,panel_soiling
0.9660007186909831,17.020183530824823,2.47,0.0,0.0,20:21:00,2,panel_soiling
0.4509704096752832,16.993973412758923,1.15,0.0,0.0,20:22:00,2,panel_soiling
0.9134728163790388,16.96803035538991,2.33,0.0,0.0,20:23:00,2,panel_soiling
0.8882157616247273,16.942352795887665,2.27,0.0,0.0,20:24:00,2,panel_soiling
0.8636090051568058,16.91693916243677,2.21,0.0,0.0,20:25:00,2,panel_soiling
0.8396372312702634,16.891787874585383,2.15,0.0,0.0,20:26:00,2,panel_soiling
0.6491136180043576,16.866897343591194,1.66,0.0,0.0,20:27:00,2,panel_soiling
0.7935389638752445,16.842265972764316,2.03,0.0,0.0,20:28:00,2,panel_soiling
0.7713834176864379,16.817892157807147,1.97,0.0,0.0,20:29:00,2,panel_soiling
0.74980473773031,16.793774287151184,1.92,0.0,0.0,20:30:00,2,panel_soiling
0.7287891540671774,16.769910742290715,1.86,0.0,0.0,20:31:00,2,panel_soiling
0.7083231896697983,16.74629989811335,1.81,0.0,0.0,20:32:00,2,panel_soiling
0.23502880598850612,16.72294012322739,0.6,0.0,0.0,20:33:00,2,panel_soiling
0.4948572584348904,16.69982978028599,1.27,0.0,0.0,20:34:00,2,panel_soiling
0.650092525654235,16.676967226308115,1.66,0.0,0.0,20:35:00,2,panel_soiling
0.6316959438807873,16.654350812996178,1.62,0.0,0.0,20:36:00,2,panel_soiling
0.22590219881777815,16.631978887050437,0.58,0.0,0.0,20:37:00,2,panel_soiling
0.5963502919279657,16.609849790480062,1.53,0.0,0.0,20:38:00,2,panel_soiling
0.3327667822979455,16.587961860910884,0.85,0.0,0.0,20:39:00,2,panel_soiling
0.5628570886819101,16.566313431889746,1.44,0.0,0.0,20:40:00,2,panel_soiling
0.19819311085902847,16.544902833185503,0.51,0.0,0.0,20:41:00,2,panel_soiling
0.5311267802290417,16.52372839108661,1.36,0.0,0.0,20:42:00,2,panel_soiling
0.3030982100351239,16.502788428695304,0.78,0.0,0.0,20:43:00,2,panel_soiling
0.501073708141568,16.48208126621833,1.28,0.0,0.0,20:44:00,2,panel_soiling
0.24863550833030737,16.46160522125418,0.64,0.0,0.0,20:45:00,2,panel_soiling
0.2271537125888355,16.44135860907694,0.58,0.0,0.0,20:46:00,2,panel_soiling
0.25254294372013636,16.421339742916572,0.65,0.0,0.0,20:47:00,2,panel_soiling
0.445675247811819,16.401546934235746,1.14,0.0,0.0,20:48:00,2,panel_soiling
0.4327502594208702,16.381978493003103,1.11,0.0,0.0,20:49:00,2,panel_soiling
0.4201767312167352,16.362632727963057,1.08,0.0,0.0,20:50:00,2,panel_soiling
0.40794583018731156,16.343507946902026,1.04,0.0,0.0,20:51:00,2,panel_soiling
0.2736087095167847,16.32460245691111,0.7,0.0,0.0,20:52:00,2,panel_soiling
0.250748014194636,16.305914564645228,0.64,0.0,0.0,20:53:00,2,panel_soiling
0.26604369823423474,16.287442576578687,0.68,0.0,0.0,20:54:00,2,panel_soiling
0.3622787737583183,16.269184799257218,0.93,0.0,0.0,20:55:00,2,panel_soiling
0.35163539523559884,16.25113953954637,0.9,0.0,0.0,20:56:00,2,panel_soiling
0.3412857210420791,16.233305104876386,0.87,0.0,0.0,20:57:00,2,panel_soiling
0.3312222411710395,16.21567980348347,0.85,0.0,0.0,20:58:00,2,panel_soiling
0.3214376198005241,16.198261944647495,0.82,0.0,0.0,20:59:00,2,panel_soiling
0.311924691765445,16.18104983892609,0.8,0.0,0.0,21:00:00,2,panel_soiling
0.23471112112830647,16.164041798385163,0.6,0.0,0.0,21:01:00,2,panel_soiling
0.17437402665236162,16.147236136825857,0.45,0.0,0.0,21:02:00,2,panel_soiling
0.2138507947883447,16.130631170007884,0.55,0.0,0.0,21:03:00,2,panel_soiling
0.27645238990404414,16.114225215869315,0.71,0.0,0.0,21:04:00,2,panel_soiling
0.2681961842879166,16.098016594742752,0.69,0.0,0.0,21:05:00,2,panel_soiling
0.26017207440565016,16.082003629567964,0.67,0.0,0.0,21:06:00,2,panel_soiling
0.252373995656791,16.066184646100954,0.65,0.0,0.0,21:07:00,2,panel_soiling
0.15836271184309306,16.05055797311941,0.41,0.0,0.0,21:08:00,2,panel_soiling
0.16588456361222625,16.035121942624674,0.43,0.0,0.0,21:09:00,2,panel_soiling
0.23027744883781828,16.019874890040093,0.59,0.0,0.0,21:10:00,2,panel_soiling
0.2233256924793248,16.00481515440589,0.57,0.0,0.0,21:11:00,2,panel_soiling
0.07859034953239682,15.989941078570457,0.2,0.0,0.0,21:12:00,2,panel_soiling
0.2100103825523258,15.975251009378137,0.54,0.0,0.0,21:13:00,2,panel_soiling
0.20363647134155868,15.960743297853513,0.52,0.0,0.0,21:14:00,2,panel_soiling
0.060574091469015164,15.946416299382179,0.16,0.0,0.0,21:15:00,2,panel_soiling
0.19143117873401386,15.932268373888023,0.49,0.0,0.0,21:16:00,2,panel_soiling
0.18559017757423646,15.918297886007037,0.48,0.0,0.0,21:17:00,2,panel_soiling
0.1799173890741194,15.904503205257663,0.46,0.0,0.0,21:18:00,2,panel_soiling
0.1744082931324431,15.890882706207707,0.45,0.0,0.0,21:19:00,2,panel_soiling
0.1690584810312603,15.877434768637793,0.43,0.0,0.0,21:20:00,2,panel_soiling
0.1638636529913216,15.864157777701408,0.42,0.0,0.0,21:21:00,2,panel_soiling
0.1588196157725917,15.851050124081558,0.41,0.0,0.0,21:22:00,2,panel_soiling
0.15392228031925206,15.838110204144034,0.39,0.0,0.0,21:23:00,2,panel_soiling
0.14916765944859556,15.825336420087293,0.38,0.0,0.0,21:24:00,2,panel_soiling
0.14455186558322275,15.812727180089013,0.37,0.0,0.0,21:25:00,2,panel_soiling
0.09899405689858509,15.800280898449294,0.25,0.0,0.0,21:26:00,2,panel_soiling
0.13572169327689518,15.787995995730583,0.35,0.0,0.0,21:27:00,2,panel_soiling
0.13150001789196242,15.775870898894258,0.34,0.0,0.0,21:28:00,2,panel_soiling
0.07257043647324112,15.76390404143398,0.19,0.0,0.0,21:29:00,2,panel_soiling
0.06503223158983545,15.75209386350577,0.17,0.0,0.0,21:30:00,2,panel_soiling
0.11956676349110916,15.740438812054874,0.31,0.0,0.0,21:31:00,2,panel_soiling
0.11582181656629557,15.728937340939412,0.3,0.0,0.0,21:32:00,2,panel_soiling
0.11218792350749299,15.717587911050826,0.29,0.0,0.0,21:33:00,2,panel_soiling
0.10866199798875398,15.70638899043119,0.28,0.0,0.0,21:34:00,2,panel_soiling
0.10524103286439296,15.695339054387375,0.27,0.0,0.0,21:35:00,2,panel_soiling
0.050382640380295274,15.68443658560208,0.13,0.0,0.0,21:36:00,2,panel_soiling
0.06735075665552391,15.673680074241789,0.17,0.0,0.0,21:37:00,2,panel_soiling
0.09557897793071174,15.66306801806165,0.25,0.0,0.0,21:38:00,2,panel_soiling
0.092549303245662,15.65259892250733,0.24,0.0,0.0,21:39:00,2,panel_soiling
0.0698831947976639,15.642271300813821,0.18,0.0,0.0,21:40:00,2,panel_soiling
0.06877109017328156,15.632083674101285,0.18,0.0,0.0,21:41:00,2,panel_soiling
0.04059785447603409,15.622034571467912,0.1,0.0,0.0,21:42:00,2,panel_soiling
0.0813157419656213,15.61212253007986,0.21,0.0,0.0,21:43:00,2,panel_soiling
0.0787162860799052,15.60234609525826,0.2,0.0,0.0,21:44:00,2,panel_soiling
0.04311759148248083,15.59270382056335,0.11,0.0,0.0,21:45:00,2,panel_soiling
0.07375170164212208,15.583194267875749,0.19,0.0,0.0,21:46:00,2,panel_soiling
0.038950980565306326,15.5738160074749,0.1,0.0,0.0,21:47:00,2,panel_soiling
0.06908485503715253,15.564567618114713,0.18,0.0,0.0,21:48:00,2,panel_soiling
0.06685778924716082,15.555447687096425,0.17,0.0,0.0,21:49:00,2,panel_soiling
0.06469891716403744,15.546454810338727,0.17,0.0,0.0,21:50:00,2,panel_soiling
0.023840705206205407,15.53758759244517,0.06,0.0,0.0,21:51:00,2,panel_soiling
0.06057794402540525,15.528844646768887,0.16,0.0,0.0,21:52:00,2,panel_soiling
0.037529409325153675,15.520224595474636,0.1,0.0,0.0,21:53:00,2,panel_soiling
0.01916631577488624,15.511726069598245,0.05,0.0,0.0,21:54:00,2,panel_soiling
0.054860479367544825,15.503347709103448,0.14,0.0,0.0,21:55:00,2,panel_soiling
0.05307128855171973,15.495088162936133,0.14,0.0,0.0,21:56:00,2,panel_soiling
0.051337593330664455,15.486946089076072,0.13,0.0,0.0,21:57:00,2,panel_soiling
0.022196143273433205,15.478920154586135,0.06,0.0,0.0,21:58:00,2,panel_soiling
0.04803024131181715,15.471009035659018,0.12,0.0,0.0,21:59:00,2,panel_soiling
0.021066655068982934,15.463211417661546,0.05,0.0,0.0,22:00:00,2,panel_soiling
0.0449259622403772,15.455525995176519,0.12,0.0,0.0,22:01:00,2,panel_soiling
0.04344626589599871,15.447951472042208,0.11,0.0,0.0,22:02:00,2,panel_soiling
0.04201296795567706,15.440486561389479,0.11,0.0,0.0,22:03:00,2,panel_soiling
0.040624694571854955,15.433129985676587,0.1,0.0,0.0,22:04:00,2,panel_soiling
0.039280109867177365,15.42588047672168,0.1,0.0,0.0,22:05:00,2,panel_soiling
0.018593194498881006,15.418736775733047,0.05,0.0,0.0,22:06:00,2,panel_soiling
0.013401695597302503,15.411697633337123,0.03,0.0,0.0,22:07:00,2,panel_soiling
0.0354956785499019,15.4047618096043,0.09,0.0,0.0,22:08:00,2,panel_soiling
0.03431321596334489,15.39792807407256,0.09,0.0,0.0,22:09:00,2,panel_soiling
0.033168299291362155,15.391195205768975,0.09,0.0,0.0,22:10:00,2,panel_soiling
0.0320598010140589,15.384561993229108,0.08,0.0,0.0,22:11:00,2,panel_soiling
0.020751329870254232,15.378027234514322,0.05,0.0,0.0,22:12:00,2,panel_soiling
0.029947707122235448,15.37158973722705,0.08,0.0,0.0,22:13:00,2,panel_soiling
0.02894201158869266,15.365248318524051,0.07,0.0,0.0,22:14:00,2,panel_soiling
0.027968533030589098,15.3590018051277,0.07,0.0,0.0,22:15:00,2,panel_soiling
0.027026294304472526,15.352849033335303,0.07,0.0,0.0,22:16:00,2,panel_soiling
0.02611434603394312,15.346788849026495,0.07,0.0,0.0,22:17:00,2,panel_soiling
0.025231765881898495,15.340820107668769,0.06,0.0,0.0,22:18:00,2,panel_soiling
0.02437765783992107,15.334941674321133,0.06,0.0,0.0,22:19:00,2,panel_soiling
0.02355115153446311,15.329152423635943,0.06,0.0,0.0,22:20:00,2,panel_soiling
0.011413886249563186,15.323451239858937,0.03,0.0,0.0,22:21:00,2,panel_soiling
0.02197758676524216,15.31783701682751,0.06,0.0,0.0,22:22:00,2,panel_soiling
0.013158476705308198,15.312308657967268,0.03,0.0,0.0,22:23:00,2,panel_soiling
0.020504595944116976,15.306865076286847,0.05,0.0,0.0,22:24:00,2,panel_soiling
0.019803893417172213,15.301505194371089,0.05,0.0,0.0,22:25:00,2,panel_soiling
0.019126071896009882,15.296227944372562,0.05,0.0,0.0,22:26:00,2,panel_soiling
0.01847042236526311,15.291032268001489,0.05,0.0,0.0,22:27:00,2,panel_soiling
0.01783625645891486,15.28591711651406,0.05,0.0,0.0,22:28:00,2,panel_soiling
0.01164908752508716,15.280881450699233,0.03,0.0,0.0,22:29:00,2,panel_soiling
0.016629721971805535,15.275924240863985,0.04,0.0,0.0,22:30:00,2,panel_soiling
0.012227740440234433,15.271044466817095,0.03,0.0,0.0,22:31:00,2,panel_soiling
0.015501353653782747,15.266241117851454,0.04,0.0,0.0,22:32:00,2,panel_soiling
0.01496496484913116,15.261513192724943,0.04,0.0,0.0,22:33:00,2,panel_soiling
0.014446332837083763,15.256859699639916,0.04,0.0,0.0,22:34:00,2,panel_soiling
0.013944898935272376,15.252279656221317,0.04,0.0,0.0,22:35:00,2,panel_soiling
0.013460121017816231,15.247772089493438,0.03,0.0,0.0,22:36:00,2,panel_soiling
0.012991473059183372,15.243336035855373,0.03,0.0,0.0,22:37:00,2,panel_soiling
0.009690410541251854,15.238970541055188,0.02,0.0,0.0,22:38:00,2,panel_soiling
0.012100540761035993,15.23467466016284,0.03,0.0,0.0,22:39:00,2,panel_soiling
0.006269988357218861,15.23044745754185,0.02,0.0,0.0,22:40:00,2,panel_soiling
0.011268199223031843,15.226288006819797,0.03,0.0,0.0,22:41:00,2,panel_soiling
0.007671896026526263,15.222195390857626,0.02,0.0,0.0,22:42:00,2,panel_soiling
0.010490775914969237,15.218168701717829,0.03,0.0,0.0,22:43:00,2,panel_soiling
0.006573064144669022,15.214207040631486,0.02,0.0,0.0,22:44:00,2,panel_soiling
0.00976481590966083,15.210309517964243,0.03,0.0,0.0,22:45:00,2,panel_soiling
0.005565886777640386,15.206475253181212,0.01,0.0,0.0,22:46:00,2,panel_soiling
0.004822768204895086,15.202703374810843,0.01,0.0,0.0,22:47:00,2,panel_soiling
0.00876531498220301,15.198993020407793,0.02,0.0,0.0,22:48:00,2,panel_soiling
0.008454482458316629,15.1953433365148,0.02,0.0,0.0,22:49:00,2,panel_soiling
0.0081542189136914,15.191753478623621,0.02,0.0,0.0,22:50:00,2,panel_soiling
0.007864181802601594,15.188222611135027,0.02,0.0,0.0,22:51:00,2,panel_soiling
0.002741838627290871,15.184749907317906,0.01,0.0,0.0,22:52:00,2,panel_soiling
0.004194674216012569,15.18133454926748,0.01,0.0,0.0,22:53:00,2,panel_soiling
0.007052159292633546,15.17797572786267,0.02,0.0,0.0,22:54:00,2,panel_soiling
0.0022325245093731197,15.174672642722657,0.01,0.0,0.0,22:55:00,2,panel_soiling
0.0065561219131004276,15.171424502162601,0.02,0.0,0.0,22:56:00,2,panel_soiling
0.00632081723453871,15.168230523148624,0.02,0.0,0.0,22:57:00,2,panel_soiling
0.006093618822479769,15.165089931252009,0.02,0.0,0.0,22:58:00,2,panel_soiling
0.002930576538169364,15.162001960602693,0.01,0.0,0.0,22:59:00,2,panel_soiling
0.0028997371990886686,15.158965853842039,0.01,0.0,0.0,23:00:00,2,panel_soiling
0.00545803694865631,15.155980862074937,0.01,0.0,0.0,23:01:00,2,panel_soiling
0.005260679919264314,15.153046244821244,0.01,0.0,0.0,23:02:00,2,panel_soiling
0.005070177042072932,15.150161269966588,0.01,0.0,0.0,23:03:00,2,panel_soiling
0.004886300922484962,15.147325213712563,0.01,0.0,0.0,23:04:00,2,panel_soiling
0.004708831320638803,15.144537360526325,0.01,0.0,0.0,23:05:00,2,panel_soiling
0.004537554940052264,15.14179700308964,0.01,0.0,0.0,23:06:00,2,panel_soiling
0.004372265222040709,15.139103442247361,0.01,0.0,0.0,23:07:00,2,panel_soiling
0.002371775996419477,15.136455986955411,0.01,0.0,0.0,23:08:00,2,panel_soiling
0.004058852033786736,15.13385395422823,0.01,0.0,0.0,23:09:00,2,panel_soiling
0.003910347362943706,15.131296669085774,0.01,0.0,0.0,23:10:00,2,panel_soiling
0.003767066580497018,15.128783464500026,0.01,0.0,0.0,23:11:00,2,panel_soiling
0.003628833925334051,15.126313681341088,0.01,0.0,0.0,23:12:00,2,panel_soiling
0.0012372227454288914,15.12388666832284,0.0,0.0,0.0,23:13:00,2,panel_soiling
0.0012580457145890166,15.121501781948202,0.0,0.0,0.0,23:14:00,2,panel_soiling
0.002486174176992716,15.119158386454032,0.01,0.0,0.0,23:15:00,2,panel_soiling
0.003123062462885279,15.11685585375563,0.01,0.0,0.0,23:16:00,2,panel_soiling
0.0030076248346767856,15.114593563390937,0.01,0.0,0.0,23:17:00,2,panel_soiling
0.0028962929893684907,15.112370902464384,0.01,0.0,0.0,23:18:00,2,panel_soiling
0.002788927102906554,15.110187265590467,0.01,0.0,0.0,23:19:00,2,panel_soiling
0.0026853918811592273,15.108042054836991,0.01,0.0,0.0,23:20:00,2,panel_soiling
0.0014376297097943806,15.105934679668103,0.0,0.0,0.0,23:21:00,2,panel_soiling
0.002489294078562495,15.103864556887027,0.01,0.0,0.0,23:22:00,2,panel_soiling
0.0023964823332353223,15.101831110578596,0.01,0.0,0.0,23:23:00,2,panel_soiling
0.002307002666179624,15.099833772051554,0.01,0.0,0.0,23:24:00,2,panel_soiling
0.002220740434389621,15.097871979780674,0.01,0.0,0.0,23:25:00,2,panel_soiling
0.0011991829957767152,15.095945179348675,0.0,0.0,0.0,23:26:00,2,panel_soiling
0.0020574283716832623,15.094052823387997,0.01,0.0,0.0,23:27:00,2,panel_soiling
0.0013546246914722582,15.092194371522407,0.0,0.0,0.0,23:28:00,2,panel_soiling
0.00190570206531224,15.090369290308482,0.0,0.0,0.0,23:29:00,2,panel_soiling
0.001833934849202096,15.088577053176977,0.0,0.0,0.0,23:30:00,2,panel_soiling
0.0017647721471297161,15.086817140374077,0.0,0.0,0.0,23:31:00,2,panel_soiling
0.001698123285854193,15.085089038902584,0.0,0.0,0.0,23:32:00,2,panel_soiling
0.001175577067782246,15.083392242463004,0.0,0.0,0.0,23:33:00,2,panel_soiling
0.0015720193498857896,15.081726251394599,0.0,0.0,0.0,23:34:00,2,panel_soiling
0.0015123976049912613,15.080090572616385,0.0,0.0,0.0,23:35:00,2,panel_soiling
0.0005725655061092106,15.078484719568092,0.0,0.0,0.0,23:36:00,2,panel_soiling
0.0013996185342092847,15.076908212151128,0.0,0.0,0.0,23:37:00,2,panel_soiling
0.0013463106936610677,15.07536057666952,0.0,0.0,0.0,23:38:00,2,panel_soiling
0.0012949611662091119,15.073841345770866,0.0,0.0,0.0,23:39:00,2,panel_soiling
0.0012455008643136457,15.072350058387332,0.0,0.0,0.0,23:40:00,2,panel_soiling
0.001197863028067207,15.070886259676653,0.0,0.0,0.0,23:41:00,2,panel_soiling
0.0011519831508636897,15.069449500963204,0.0,0.0,0.0,23:42:00,2,panel_soiling
0.0011077989072936709,15.068039339679117,0.0,0.0,0.0,23:43:00,2,panel_soiling
0.0010652500832043785,15.066655339305479,0.0,0.0,0.0,23:44:00,2,panel_soiling
0.00033647907592778477,15.065297069313605,0.0,0.0,0.0,23:45:00,2,panel_soiling
0.000984827988174388,15.063964105106413,0.0,0.0,0.0,23:46:00,2,panel_soiling
0.0009468442448674284,15.062656027959894,0.0,0.0,0.0,23:47:00,2,panel_soiling
0.0004043229816218398,15.06137242496471,0.0,0.0,0.0,23:48:00,2,panel_soiling
0.000875069170175678,15.060112888967895,0.0,0.0,0.0,23:49:00,2,panel_soiling
0.000841178301962793,15.058877018514734,0.0,0.0,0.0,23:50:00,2,panel_soiling
0.0008085550219301226,15.057664417790738,0.0,0.0,0.0,23:51:00,2,panel_soiling
0.0007771537287749948,15.05647469656382,0.0,0.0,0.0,23:52:00,2,panel_soiling
0.0007469303909801347,15.055307470126598,0.0,0.0,0.0,23:53:00,2,panel_soiling
0.0007178424954566054,15.054162359238914,0.0,0.0,0.0,23:54:00,2,panel_soiling
0.0006898489977684564,15.053038990070494,0.0,0.0,0.0,23:55:00,2,panel_soiling
0.0006629102738939144,15.051936994143835,0.0,0.0,0.0,23:56:00,2,panel_soiling
0.000308606421582393,15.050856008277282,0.0,0.0,0.0,23:57:00,2,panel_soiling
0.0006120454745410527,15.0497956745283,0.0,0.0,0.0,23:58:00,2,panel_soiling
0.0005880468395792799,15.04875564013699,0.0,0.0,0.0,23:59:00,2,panel_soiling
0.0005345373641294117,15.000016355695166,0.0,0.0,0.0,00:00:00,3,panel_soiling
0.0005563522370472676,15.000016891359769,0.0,0.0,0.0,00:01:00,3,panel_soiling
0.0005790251776932746,15.000017443920918,0.0,0.0,0.0,00:02:00,3,panel_soiling
0.0006025885807244187,15.000018013889683,0.0,0.0,0.0,00:03:00,3,panel_soiling
0.0004912899216551177,15.000018601791883,0.0,0.0,0.0,00:04:00,3,panel_soiling
0.0004819410737410781,15.000019208168471,0.0,0.0,0.0,00:05:00,3,panel_soiling
0.0006789632653553973,15.000019833575962,0.0,0.0,0.0,00:06:00,3,panel_soiling
0.0007064364226494939,15.000020478586844,0.0,0.0,0.0,00:07:00,3,panel_soiling
0.0007349803469488034,15.000021143790022,0.0,0.0,0.0,00:08:00,3,panel_soiling
0.0007646350631111997,15.000021829791255,0.0,0.0,0.0,00:09:00,3,panel_soiling
0.000301383136896663,15.000022537213615,0.0,0.0,0.0,00:10:00,3,panel_soiling
0.0005763624218970836,15.000023266697962,0.0,0.0,0.0,00:11:00,3,panel_soiling
0.00027768482130735935,15.00002401890341,0.0,0.0,0.0,00:12:00,3,panel_soiling
0.0008952133086817374,15.000024794507828,0.0,0.0,0.0,00:13:00,3,panel_soiling
0.0009310740180492119,15.000025594208342,0.0,0.0,0.0,00:14:00,3,panel_soiling
0.0009683173742113716,15.000026418721852,0.0,0.0,0.0,00:15:00,3,panel_soiling
0.001006994456961735,15.00002726878556,0.0,0.0,0.0,00:16:00,3,panel_soiling
0.0010471581437708727,15.000028145157517,0.0,0.0,0.0,00:17:00,3,panel_soiling
0.0010888631695890438,15.000029048617172,0.0,0.0,0.0,00:18:00,3,panel_soiling
0.0011321661885088001,15.000029979965953,0.0,0.0,0.0,00:19:00,3,panel_soiling
0.0011771258373407946,15.000030940027841,0.0,0.0,0.0,00:20:00,3,panel_soiling
0.0012238028011573052,15.000031929649975,0.0,0.0,0.0,00:21:00,3,panel_soiling
0.0009985729502545032,15.000032949703265,0.0,0.0,0.0,00:22:00,3,panel_soiling
0.0013225620628252944,15.000034001083021,0.0,0.0,0.0,00:23:00,3,panel_soiling
0.0005243704172372258,15.000035084709594,0.0,0.0,0.0,00:24:00,3,panel_soiling
0.0014289730393748528,15.000036201529047,0.0,0.0,0.0,00:25:00,3,panel_soiling
0.0014852233912554039,15.000037352513814,0.0,0.0,0.0,00:26:00,3,panel_soiling
0.0015436021148191167,15.00003853866341,0.0,0.0,0.0,00:27:00,3,panel_soiling
0.0016041862455899504,15.000039761005135,0.0,0.0,0.0,00:28:00,3,panel_soiling
0.0016670554695590559,15.000041020594796,0.0,0.0,0.0,00:29:00,3,panel_soiling
0.0009760476131682938,15.000042318517464,0.0,0.0,0.0,00:30:00,3,panel_soiling
0.0017999817116717111,15.000043655888224,0.0,0.0,0.0,00:31:00,3,panel_soiling
0.0011530520600094537,15.000045033852967,0.0,0.0,0.0,00:32:00,3,panel_soiling
0.0019430746698745045,15.000046453589185,0.01,0.0,0.0,00:33:00,3,panel_soiling
0.00201866357969633,15.000047916306798,0.01,0.0,0.0,00:34:00,3,panel_soiling
0.0020970763572191993,15.000049423248983,0.01,0.0,0.0,00:35:00,3,panel_soiling
0.0021784137986470844,15.000050975693043,0.01,0.0,0.0,00:36:00,3,panel_soiling
0.0008478393022391518,15.000052574951287,0.0,0.0,0.0,00:37:00,3,panel_soiling
0.002350283041001286,15.000054222371928,0.01,0.0,0.0,00:38:00,3,panel_soiling
0.0024410339469494685,15.000055919340003,0.01,0.0,0.0,00:39:00,3,panel_soiling
0.0025351479542060525,15.00005766727833,0.01,0.0,0.0,00:40:00,3,panel_soiling
0.0026327440538430028,15.00005946764847,0.01,0.0,0.0,00:41:00,3,panel_soiling
0.00273394522886731,15.000061321951708,0.01,0.0,0.0,00:42:00,3,panel_soiling
0.002838878580006603,15.000063231730087,0.01,0.0,0.0,00:43:00,3,panel_soiling
0.001386450080496686,15.000065198567428,0.0,0.0,0.0,00:44:00,3,panel_soiling
0.003060471582654151,15.000067224090403,0.01,0.0,0.0,00:45:00,3,panel_soiling
0.0031774072082754166,15.000069309969618,0.01,0.0,0.0,00:46:00,3,panel_soiling
0.003298627236393684,15.000071457920729,0.01,0.0,0.0,00:47:00,3,panel_soiling
0.0034242813750679055,15.000073669705586,0.01,0.0,0.0,00:48:00,3,panel_soiling
0.0035545242853677666,15.000075947133382,0.01,0.0,0.0,00:49:00,3,panel_soiling
0.003689515734977673,15.00007829206187,0.01,0.0,0.0,00:50:00,3,panel_soiling
0.0013119596586546813,15.000080706398562,0.0,0.0,0.0,00:51:00,3,panel_soiling
0.002167582387410666,15.000083192101993,0.01,0.0,0.0,00:52:00,3,panel_soiling
0.004124658945507203,15.000085751182993,0.01,0.0,0.0,00:53:00,3,panel_soiling
0.0042803499871967585,15.000088385705997,0.01,0.0,0.0,00:54:00,3,panel_soiling
0.003312195563241046,15.000091097790378,0.01,0.0,0.0,00:55:00,3,panel_soiling
0.001607861573568383,15.000093889611826,0.0,0.0,0.0,00:56:00,3,panel_soiling
0.0047819829787435625,15.000096763403736,0.01,0.0,0.0,00:57:00,3,panel_soiling
0.0025887124811303525,15.00009972145865,0.01,0.0,0.0,00:58:00,3,panel_soiling
0.0034552807235130128,15.000102766129716,0.01,0.0,0.0,00:59:00,3,panel_soiling
0.0053397302944808486,15.000105899832189,0.01,0.0,0.0,01:00:00,3,panel_soiling
0.004379719630567031,15.000109125044961,0.01,0.0,0.0,01:01:00,3,panel_soiling
0.00574565282267542,15.000112444312133,0.01,0.0,0.0,01:02:00,3,panel_soiling
0.0035121185518547622,15.000115860244614,0.01,0.0,0.0,01:03:00,3,panel_soiling
0.004756894683043456,15.00011937552176,0.01,0.0,0.0,01:04:00,3,panel_soiling
0.00428226754431089,15.00012299289305,0.01,0.0,0.0,01:05:00,3,panel_soiling
0.006647977881495917,15.000126715179801,0.02,0.0,0.0,01:06:00,3,panel_soiling
0.006893927464992159,15.00013054527692,0.02,0.0,0.0,01:07:00,3,panel_soiling
0.0027260005759793806,15.000134486154689,0.01,0.0,0.0,01:08:00,3,panel_soiling
0.007412223638132725,15.000138540860611,0.02,0.0,0.0,01:09:00,3,panel_soiling
0.007685164623247004,15.000142712521262,0.02,0.0,0.0,01:10:00,3,panel_soiling
0.007967712860599675,15.000147004344221,0.02,0.0,0.0,01:11:00,3,panel_soiling
0.003792050993823611,15.000151419620018,0.01,0.0,0.0,01:12:00,3,panel_soiling
0.008562926003020645,15.000155961724134,0.02,0.0,0.0,01:13:00,3,panel_soiling
0.0045844245497435555,15.000160634119048,0.01,0.0,0.0,01:14:00,3,panel_soiling
0.0092005557957251,15.000165440356318,0.02,0.0,0.0,01:15:00,3,panel_soiling
0.005388447624988023,15.000170384078723,0.01,0.0,0.0,01:16:00,3,panel_soiling
0.009883466434345888,15.000175469022437,0.03,0.0,0.0,01:17:00,3,panel_soiling
0.01024284649752366,15.000180699019264,0.03,0.0,0.0,01:18:00,3,panel_soiling
0.010614703704001924,15.00018607799891,0.03,0.0,0.0,01:19:00,3,panel_soiling
0.010999448900316131,15.00019160999131,0.03,0.0,0.0,01:20:00,3,panel_soiling
0.011397505646661546,15.000197299129008,0.03,0.0,0.0,01:21:00,3,panel_soiling
0.011809310581759968,15.00020314964958,0.03,0.0,0.0,01:22:00,3,panel_soiling
0.008934301232801312,15.000209165898122,0.02,0.0,0.0,01:23:00,3,panel_soiling
0.012675979221731004,15.000215352329773,0.03,0.0,0.0,01:24:00,3,panel_soiling
0.0131317850149415,15.00022171351232,0.03,0.0,0.0,01:25:00,3,panel_soiling
0.013603223971864153,15.000228254128823,0.04,0.0,0.0,01:26:00,3,panel_soiling
0.014090803937419528,15.000234978980329,0.04,0.0,0.0,01:27:00,3,panel_soiling
0.014595048231721601,15.000241892988623,0.04,0.0,0.0,01:28:00,3,panel_soiling
0.015116496086219388,15.000249001199048,0.04,0.0,0.0,01:29:00,3,panel_soiling
0.01565570309095366,15.00025630878338,0.04,0.0,0.0,01:30:00,3,panel_soiling
0.016213241653174653,15.000263821042761,0.04,0.0,0.0,01:31:00,3,panel_soiling
0.016789701467570924,15.000271543410703,0.04,0.0,0.0,01:32:00,3,panel_soiling
0.017385689998363454,15.00027948145615,0.04,0.0,0.0,01:33:00,3,panel_soiling
0.013675327883123005,15.000287640886599,0.04,0.0,0.0,01:34:00,3,panel_soiling
0.018638774891382093,15.000296027551293,0.05,0.0,0.0,01:35:00,3,panel_soiling
0.01929717953988427,15.000304647444484,0.05,0.0,0.0,01:36:00,3,panel_soiling
0.019977730528784036,15.00031350670875,0.05,0.0,0.0,01:37:00,3,panel_soiling
0.01317815654511135,15.000322611638397,0.03,0.0,0.0,01:38:00,3,panel_soiling
0.02140810836165881,15.000331968682923,0.06,0.0,0.0,01:39:00,3,panel_soiling
0.0072502049119404785,15.000341584450547,0.02,0.0,0.0,01:40:00,3,panel_soiling
0.016735821938137597,15.000351465711828,0.04,0.0,0.0,01:41:00,3,panel_soiling
0.02373806430952727,15.000361619403346,0.06,0.0,0.0,01:42:00,3,panel_soiling
0.00848448439365054,15.000372052631452,0.02,0.0,0.0,01:43:00,3,panel_soiling
0.025423529077094734,15.000382772676113,0.07,0.0,0.0,01:44:00,3,panel_soiling
0.026308425700053237,15.000393786994827,0.07,0.0,0.0,01:45:00,3,panel_soiling
0.02722260770637307,15.000405103226607,0.07,0.0,0.0,01:46:00,3,panel_soiling
0.028166989241901613,15.000416729196056,0.07,0.0,0.0,01:47:00,3,panel_soiling
0.013046543612040468,15.000428672917533,0.03,0.0,0.0,01:48:00,3,panel_soiling
0.030150141251579277,15.00044094259938,0.08,0.0,0.0,01:49:00,3,panel_soiling
0.031190875932556886,15.000453546648254,0.08,0.0,0.0,01:50:00,3,panel_soiling
0.009859145690100223,15.000466493673539,0.03,0.0,0.0,01:51:00,3,panel_soiling
0.03337578801332306,15.000479792491838,0.09,0.0,0.0,01:52:00,3,panel_soiling
0.02423410987402564,15.00049345213157,0.06,0.0,0.0,01:53:00,3,panel_soiling
0.03570580603092211,15.000507481837644,0.09,0.0,0.0,01:54:00,3,panel_soiling
0.028849419160783256,15.000521891076238,0.07,0.0,0.0,01:55:00,3,panel_soiling
0.038189986985302654,15.00053668953966,0.1,0.0,0.0,01:56:00,3,panel_soiling
0.03949286160593621,15.000551887151307,0.1,0.0,0.0,01:57:00,3,panel_soiling
0.0165214223241725,15.000567494070737,0.04,0.0,0.0,01:58:00,3,panel_soiling
0.04222642419866861,15.00058352069882,0.11,0.0,0.0,01:59:00,3,panel_soiling
0.043659716983917206,15.000599977682993,0.11,0.0,0.0,02:00:00,3,panel_soiling
0.04513914878230544,15.000616875922633,0.12,0.0,0.0,02:01:00,3,panel_soiling
0.04666611564370319,15.000634226574514,0.12,0.0,0.0,02:02:00,3,panel_soiling
0.04824205281620754,15.000652041058375,0.12,0.0,0.0,02:03:00,3,panel_soiling
0.04986843574737013,15.000670331062613,0.13,0.0,0.0,02:04:00,3,panel_soiling
0.020747501165432544,15.000689108550056,0.05,0.0,0.0,02:05:00,3,panel_soiling
0.053278647838207946,15.000708385763868,0.14,0.0,0.0,02:06:00,3,panel_soiling
0.055065638218353856,15.000728175233562,0.14,0.0,0.0,02:07:00,3,panel_soiling
0.056909398961572495,15.000748489781119,0.15,0.0,0.0,02:08:00,3,panel_soiling
0.05881162233204889,15.000769342527237,0.15,0.0,0.0,02:09:00,3,panel_soiling
0.06077404728722916,15.000790746897684,0.16,0.0,0.0,02:10:00,3,panel_soiling
0.06279846064514599,15.000812716629785,0.16,0.0,0.0,02:11:00,3,panel_soiling
0.028087169529681412,15.000835265779017,0.07,0.0,0.0,02:12:00,3,panel_soiling
0.06704064632681975,15.00085840872574,0.17,0.0,0.0,02:13:00,3,panel_soiling
0.06926224245450152,15.000882160182046,0.18,0.0,0.0,02:14:00,3,panel_soiling
0.05365592924403356,15.000906535198732,0.14,0.0,0.0,02:15:00,3,panel_soiling
0.0739163948294131,15.000931549172419,0.19,0.0,0.0,02:16:00,3,panel_soiling
0.07635309556595987,15.000957217852784,0.2,0.0,0.0,02:17:00,3,panel_soiling
0.07886573604096063,15.000983557349933,0.2,0.0,0.0,02:18:00,3,panel_soiling
0.08145653112946216,15.001010584141916,0.21,0.0,0.0,02:19:00,3,panel_soiling
0.08412775527259703,15.001038315082369,0.22,0.0,0.0,02:20:00,3,panel_soiling
0.08688174391995472,15.001066767408293,0.22,0.0,0.0,02:21:00,3,panel_soiling
0.08972089500204429,15.001095958748001,0.23,0.0,0.0,02:22:00,3,panel_soiling
0.04997618400901026,15.001125907129168,0.13,0.0,0.0,02:23:00,3,panel_soiling
0.0956645976464008,15.001156630987065,0.25,0.0,0.0,02:24:00,3,panel_soiling
0.09877427115754947,15.001188149172913,0.25,0.0,0.0,02:25:00,3,panel_soiling
0.10197935416463033,15.001220480962408,0.26,0.0,0.0,02:26:00,3,panel_soiling
0.08133654039052715,15.001253646064383,0.21,0.0,0.0,02:27:00,3,panel_soiling
0.10868675468054378,15.001287664629631,0.28,0.0,0.0,02:28:00,3,panel_soiling
0.05690535018861546,15.001322557259892,0.15,0.0,0.0,02:29:00,3,panel_soiling
0.11580954119031615,15.001358345016984,0.3,0.0,0.0,02:30:00,3,panel_soiling
0.08651627964632054,15.001395049432109,0.22,0.0,0.0,02:31:00,3,panel_soiling
0.12337166241947155,15.001432692515309,0.32,0.0,0.0,02:32:00,3,panel_soiling
0.12732530149421264,15.001471296765107,0.33,0.0,0.0,02:33:00,3,panel_soiling
0.05197958155920459,15.001510885178293,0.13,0.0,0.0,02:34:00,3,panel_soiling
0.13559410939450484,15.001551481259906,0.35,0.0,0.0,02:35:00,3,panel_soiling
0.06407213271917071,15.00159310903336,0.16,0.0,0.0,02:36:00,3,panel_soiling
0.1443677834368862,15.001635793050776,0.37,0.0,0.0,02:37:00,3,panel_soiling
0.14895283717410077,15.001679558403463,0.38,0.0,0.0,02:38:00,3,panel_soiling
0.11591708138227465,15.001724430732603,0.3,0.0,0.0,02:39:00,3,panel_soiling
0.1585379650369791,15.001770436240104,0.41,0.0,0.0,02:40:00,3,panel_soiling
0.1635457593574214,15.001817601699639,0.42,0.0,0.0,02:41:00,3,panel_soiling
0.16870235098928105,15.001865954467876,0.43,0.0,0.0,02:42:00,3,panel_soiling
0.1740118487259892,15.001915522495903,0.45,0.0,0.0,02:43:00,3,panel_soiling
0.17947846487254726,15.001966334340835,0.46,0.0,0.0,02:44:00,3,panel_soiling
0.1851065175512361,15.002018419177615,0.48,0.0,0.0,02:45:00,3,panel_soiling
0.19090043304993268,15.002071806811028,0.49,0.0,0.0,02:46:00,3,panel_soiling
0.1968647482135739,15.002126527687896,0.51,0.0,0.0,02:47:00,3,panel_soiling
0.20300411287931042,15.002182612909484,0.52,0.0,0.0,02:48:00,3,panel_soiling
0.20932329235589284,15.002240094244119,0.54,0.0,0.0,02:49:00,3,panel_soiling
0.21582716994783124,15.002299004139994,0.56,0.0,0.0,02:50:00,3,panel_soiling
0.22252074952486905,15.002359375738212,0.57,0.0,0.0,02:51:00,3,panel_soiling
0.22940915813731044,15.002421242886015,0.59,0.0,0.0,02:52:00,3,panel_soiling
0.180341574459339,15.002484640150241,0.46,0.0,0.0,02:53:00,3,panel_soiling
0.2437916025896779,15.002549602831008,0.63,0.0,0.0,02:54:00,3,panel_soiling
0.2512965326236757,15.002616166975598,0.65,0.0,0.0,02:55:00,3,panel_soiling
0.25901808564144124,15.002684369392574,0.67,0.0,0.0,02:56:00,3,panel_soiling
0.09162751999232636,15.002754247666136,0.24,0.0,0.0,02:57:00,3,panel_soiling
0.2751343357957083,15.00282584017068,0.71,0.0,0.0,02:58:00,3,panel_soiling
0.2835410231308632,15.002899186085607,0.73,0.0,0.0,02:59:00,3,panel_soiling
0.2921883197997181,15.002974325410362,0.75,0.0,0.0,03:00:00,3,panel_soiling
0.3010825869981287,15.0030512989797,0.77,0.0,0.0,03:01:00,3,panel_soiling
0.3102303378951199,15.003130148479212,0.8,0.0,0.0,03:02:00,3,panel_soiling
0.31963824078761904,15.003210916461063,0.82,0.0,0.0,03:03:00,3,panel_soiling
0.3293131223073244,15.003293646360007,0.85,0.0,0.0,03:04:00,3,panel_soiling
0.3392619706802103,15.003378382509624,0.87,0.0,0.0,03:05:00,3,panel_soiling
0.34949193903915876,15.00346517015882,0.9,0.0,0.0,03:06:00,3,panel_soiling
0.14362195161108032,15.003554055488582,0.37,0.0,0.0,03:07:00,3,panel_soiling
0.37082469303282634,15.003645085628973,0.95,0.0,0.0,03:08:00,3,panel_soiling
0.38194264003492706,15.0037383086764,0.98,0.0,0.0,03:09:00,3,panel_soiling
0.3933720367626651,15.003833773711147,1.01,0.0,0.0,03:10:00,3,panel_soiling
0.4051209124659083,15.003931530815146,1.04,0.0,0.0,03:11:00,3,panel_soiling
0.23786277841688824,15.004031631090053,0.61,0.0,0.0,03:12:00,3,panel_soiling
0.42961015112127376,15.00413412667555,1.11,0.0,0.0,03:13:00,3,panel_soiling
0.442367517045974,15.004239070767962,1.14,0.0,0.0,03:14:00,3,panel_soiling
0.4554783754575944,15.00434651763911,1.17,0.0,0.0,03:15:00,3,panel_soiling
0.46895172277846536,15.004456522655468,1.21,0.0,0.0,03:16:00,3,panel_soiling
0.19052922376719947,15.004569142297598,0.49,0.0,0.0,03:17:00,3,panel_soiling
0.22117239817044904,15.00468443417984,0.57,0.0,0.0,03:18:00,3,panel_soiling
0.2411887566721028,15.004802457070333,0.62,0.0,0.0,03:19:00,3,panel_soiling
0.5266571882194079,15.004923270911288,1.36,0.0,0.0,03:20:00,3,panel_soiling
0.5420852416672205,15.005046936839557,1.4,0.0,0.0,03:21:00,3,panel_soiling
0.5579342088309517,15.00517351720752,1.44,0.0,0.0,03:22:00,3,panel_soiling
0.5742146068072733,15.005303075604239,1.48,0.0,0.0,03:23:00,3,panel_soiling
0.5909371868269302,15.005435676876926,1.52,0.0,0.0,03:24:00,3,panel_soiling
0.20416316426986902,15.005571387152708,0.53,0.0,0.0,03:25:00,3,panel_soiling
0.19357083279147452,15.005710273860705,0.5,0.0,0.0,03:26:00,3,panel_soiling
0.3609261192949289,15.005852405754403,0.93,0.0,0.0,03:27:00,3,panel_soiling
0.4467917754549097,15.005997852934339,1.15,0.0,0.0,03:28:00,3,panel_soiling
0.3984226419623202,15.006146686871109,1.03,0.0,0.0,03:29:00,3,panel_soiling
0.3017598688877425,15.00629898042868,0.78,0.0,0.0,03:30:00,3,panel_soiling
0.7213306790107641,15.006454807888016,1.86,0.0,0.0,03:31:00,3,panel_soiling
0.3750149868353843,15.00661424497104,0.97,0.0,0.0,03:32:00,3,panel_soiling
0.2971642127857608,15.006777368864908,0.76,0.0,0.0,03:33:00,3,panel_soiling
0.7850246786212061,15.006944258246602,2.02,0.0,0.0,03:34:00,3,panel_soiling
0.8073923368702475,15.007114993307859,2.08,0.0,0.0,03:35:00,3,panel_soiling
0.8303511193436002,15.007289655780435,2.14,0.0,0.0,03:36:00,3,panel_soiling
0.8539152443139086,15.00746832896169,2.2,0.0,0.0,03:37:00,3,panel_soiling
0.34146693897282865,15.00765109774051,0.88,0.0,0.0,03:38:00,3,panel_soiling
0.9029179073073109,15.007838048623578,2.32,0.0,0.0,03:39:00,3,panel_soiling
0.391313598680851,15.008029269761959,1.01,0.0,0.0,03:40:00,3,panel_soiling
0.9545201962456011,15.008224850978063,2.46,0.0,0.0,03:41:00,3,panel_soiling
0.5578149121311293,15.008424883792918,1.44,0.0,0.0,03:42:00,3,panel_soiling
1.008847061403106,15.008629461453806,2.6,0.0,0.0,03:43:00,3,panel_soiling
1.0370726892707154,15.00883867896225,2.67,0.0,0.0,03:44:00,3,panel_soiling
0.7714778493257142,15.009052633102344,1.99,0.0,0.0,03:45:00,3,panel_soiling
1.0957322467372992,15.009271422469435,2.82,0.0,0.0,03:46:00,3,panel_soiling
1.1262007805618959,15.009495147499173,2.9,0.0,0.0,03:47:00,3,panel_soiling
1.1574521451137436,15.0097239104969,2.98,0.0,0.0,03:48:00,3,panel_soiling
1.189504538105382,15.009957815667411,3.06,0.0,0.0,03:49:00,3,panel_soiling
0.45436640559991365,15.010196969145072,1.17,0.0,0.0,03:50:00,3,panel_soiling
1.2560870508720041,15.010441479024301,3.23,0.0,0.0,03:51:00,3,panel_soiling
1.290655434829434,15.010691455390411,3.32,0.0,0.0,03:52:00,3,panel_soiling
1.326101387829236,15.010947010350826,3.41,0.0,0.0,03:53:00,3,panel_soiling
1.3624450130535983,15.011208258066658,3.51,0.0,0.0,03:54:00,3,panel_soiling
1.399706813345741,15.011475314784663,3.6,0.0,0.0,03:55:00,3,panel_soiling
0.7600276112178549,15.01174829886956,1.96,0.0,0.0,03:56:00,3,panel_soiling
1.4770689868410931,15.012027330836721,3.8,0.0,0.0,03:57:00,3,panel_soiling
1.517212421285665,15.012312533385256,3.9,0.0,0.0,03:58:00,3,panel_soiling
1.0328358409962597,15.012604031431446,2.66,0.0,0.0,03:59:00,3,panel_soiling
1.600534818915271,15.012901952142577,4.12,0.0,0.0,04:00:00,3,panel_soiling
0.9853863301227966,15.013206424971141,2.54,0.0,0.0,04:01:00,3,panel_soiling
1.6880574356681448,15.013517581689415,4.34,0.0,0.0,04:02:00,3,panel_soiling
1.7334528134754281,15.013835556424437,4.46,0.0,0.0,04:03:00,3,panel_soiling
1.779969940013561,15.014160485693347,4.58,0.0,0.0,04:04:00,3,panel_soiling
1.1388022902707313,15.014492508439119,2.93,0.0,0.0,04:05:00,3,panel_soiling
1.876469339767093,15.014831766066685,4.83,0.0,0.0,04:06:00,3,panel_soiling
1.926502751172295,15.015178402479428,4.96,0.0,0.0,04:07:00,3,panel_soiling
1.9777602016148852,15.01553256411608,5.09,0.0,0.0,04:08:00,3,panel_soiling
2.0302684795601436,15.015894399987992,5.22,0.0,0.0,04:09:00,3,panel_soiling
2.0840548739287352,15.0162640617168,5.36,0.0,0.0,04:10:00,3,panel_soiling
2.1391471812305975,15.01664170357248,5.5,0.0,0.0,04:11:00,3,panel_soiling
2.1955737127449653,15.017027482511786,5.65,0.0,0.0,04:12:00,3,panel_soiling
2.2533633017453423,15.017421558217082,5.8,0.0,0.0,04:13:00,3,panel_soiling
2.312545310768131,15.017824093135564,5.95,0.0,0.0,04:14:00,3,panel_soiling
2.373149638923672,15.018235252518869,6.11,0.0,0.0,04:15:00,3,panel_soiling
2.4352067292482613,15.018655204463073,6.27,0.0,0.0,04:16:00,3,panel_soiling
1.1733578070721715,15.019084119949087,3.02,0.0,0.0,04:17:00,3,panel_soiling
2.56380373256767,15.01952217288343,6.6,0.0,0.0,04:18:00,3,panel_soiling
2.6304073179789826,15.019969540139405,6.77,0.0,0.0,04:19:00,3,panel_soiling
2.6985910253602547,15.020426401598648,6.94,0.0,0.0,04:20:00,3,panel_soiling
2.7683881289922616,15.02089294019309,7.12,0.0,0.0,04:21:00,3,panel_soiling
2.8398324919727473,15.021369341947281,7.31,0.0,0.0,04:22:00,3,panel_soiling
1.0241947872169364,15.021855796021121,2.64,0.0,0.0,04:23:00,3,panel_soiling
2.3247502715559527,15.022352494752965,5.98,0.0,0.0,04:24:00,3,panel_soiling
1.625668039976398,15.022859633703128,4.18,0.0,0.0,04:25:00,3,panel_soiling
3.142780834120803,15.023377411697755,8.09,0.0,0.0,04:26:00,3,panel_soiling
3.222990582203697,15.0239060308731,8.29,0.0,0.0,04:27:00,3,panel_soiling
3.3050635606659933,15.024445696720168,8.5,0.0,0.0,04:28:00,3,panel_soiling
1.205496739892506,15.024996618129745,3.1,0.0,0.0,04:29:00,3,panel_soiling
3.474952654896245,15.025559007437804,8.94,0.0,0.0,04:30:00,3,panel_soiling
1.299611404435939,15.02613308047131,3.34,0.0,0.0,04:31:00,3,panel_soiling
1.1275270203259593,15.02671905659436,2.9,0.0,0.0,04:32:00,3,panel_soiling
3.7447367955184996,15.02731715875474,9.63,0.0,0.0,04:33:00,3,panel_soiling
2.0771446278037313,15.02792761353083,5.34,0.0,0.0,04:34:00,3,panel_soiling
2.1815984751921844,15.028550651178884,5.61,0.0,0.0,04:35:00,3,panel_soiling
4.033446075936725,15.029186505680686,10.38,0.0,0.0,04:36:00,3,panel_soiling
4.134086748126009,15.029835414791558,10.63,0.0,0.0,04:37:00,3,panel_soiling
2.4806645359961026,15.03049762008874,6.38,0.0,0.0,04:38:00,3,panel_soiling
4.342239393901013,15.031173367020125,11.17,0.0,0.0,04:39:00,3,panel_soiling
4.449842199991834,15.03186290495336,11.45,0.0,0.0,04:40:00,3,panel_soiling
4.559857771305322,15.032566487225289,11.73,0.0,0.0,04:41:00,3,panel_soiling
4.672333367864497,15.033284371191753,12.02,0.0,0.0,04:42:00,3,panel_soiling
4.787317001151328,15.034016818277733,12.31,0.0,0.0,04:43:00,3,panel_soiling
4.904857441827369,15.034764094027846,12.62,0.0,0.0,04:44:00,3,panel_soiling
5.025004227430894,15.035526468157165,12.92,0.0,0.0,04:45:00,3,panel_soiling
2.9962989733758993,15.036304214602396,7.71,0.0,0.0,04:46:00,3,panel_soiling
5.273318863949472,15.03709761157336,13.56,0.0,0.0,04:47:00,3,panel_soiling
5.40158969320509,15.037906941604827,13.89,0.0,0.0,04:48:00,3,panel_soiling
3.604071932045617,15.038732491608659,9.27,0.0,0.0,04:49:00,3,panel_soiling
2.1385257488356375,15.039574552926274,5.5,0.0,0.0,04:50:00,3,panel_soiling
5.803490839385191,15.040433421381422,14.93,0.0,0.0,04:51:00,3,panel_soiling
5.943335110724671,15.041309397333277,15.28,0.0,0.0,04:52:00,3,panel_soiling
3.360516759430971,15.042202785729819,8.65,0.0,0.0,04:53:00,3,panel_soiling
3.39814087597363,15.043113896161525,8.74,0.0,0.0,04:54:00,3,panel_soiling
3.063476261653624,15.044043042915343,7.88,0.0,0.0,04:55:00,3,panel_soiling
3.0343373795365527,15.044990545028963,7.81,0.0,0.0,04:56:00,3,panel_soiling
6.689172235192269,15.045956726345354,17.2,0.0,0.0,04:57:00,3,panel_soiling
6.848072151645586,15.046941915567587,17.61,0.0,0.0,04:58:00,3,panel_soiling
3.650293871130773,15.047946446313915,9.39,0.0,0.0,04:59:00,3,panel_soiling
7.176087777703407,15.04897065717313,18.45,0.0,0.0,05:00:00,3,panel_soiling
7.3453282473822075,15.050014891760155,18.89,0.0,0.0,05:01:00,3,panel_soiling
7.518141808342731,15.051079498771884,19.33,0.0,0.0,05:02:00,3,panel_soiling
7.694593070861702,15.052164832043287,19.78,0.0,0.0,05:03:00,3,panel_soiling
7.874747549228971,15.05327125060371,20.25,0.0,0.0,05:04:00,3,panel_soiling
8.058671668215675,15.054399118733434,20.72,0.0,0.0,05:05:00,3,panel_soiling
8.24643276943764,15.055548806020415,21.2,0.0,0.0,05:06:00,3,panel_soiling
8.438099117609687,15.05672068741727,21.69,0.0,0.0,05:07:00,3,panel_soiling
8.633739906686117,15.057915143298432,22.2,0.0,0.0,05:08:00,3,panel_soiling
7.001731304888626,15.059132559517511,18.0,0.0,0.0,05:09:00,3,panel_soiling
9.037226265574535,15.060373327464836,23.23,0.0,0.0,05:10:00,3,panel_soiling
9.245214923067614,15.061637844125164,23.77,0.0,0.0,05:11:00,3,panel_soiling
9.457464208234738,15.062926512135563,24.31,0.0,0.0,05:12:00,3,panel_soiling
9.674048049015235,15.064239739843437,24.87,0.0,0.0,05:13:00,3,panel_soiling
9.895041336770705,15.065577941364708,25.43,0.0,0.0,05:14:00,3,panel_soiling
10.120519931492776,15.066941536642117,26.01,0.0,0.0,05:15:00,3,panel_soiling
10.3505606668574,15.068330951503672,26.6,0.0,0.0,05:16:00,3,panel_soiling
10.585241355120536,15.069746617721181,27.2,0.0,0.0,05:17:00,3,panel_soiling
10.824640791850074,15.071188973068908,27.82,0.0,0.0,05:18:00,3,panel_soiling
8.753753823756359,15.072658461382323,22.5,0.0,0.0,05:19:00,3,panel_soiling
11.317916036740787,15.074155532616906,29.08,0.0,0.0,05:20:00,3,panel_soiling
7.2580108766485445,15.075680642907056,18.66,0.0,0.0,05:21:00,3,panel_soiling
11.83103660128474,15.077234254625028,30.4,0.0,0.0,05:22:00,3,panel_soiling
12.09524643924038,15.078816836439929,31.08,0.0,0.0,05:23:00,3,panel_soiling
9.54016748865779,15.080428863376744,24.52,0.0,0.0,05:24:00,3,panel_soiling
12.639389154726047,15.08207081687538,32.47,0.0,0.0,05:25:00,3,panel_soiling
8.366738757839222,15.083743184849714,21.51,0.0,0.0,05:26:00,3,panel_soiling
13.205072974732525,15.085446461746653,33.92,0.0,0.0,05:27:00,3,panel_soiling
9.646538192071656,15.087181148605138,24.79,0.0,0.0,05:28:00,3,panel_soiling
5.238608674965979,15.08894775311516,13.47,0.0,0.0,05:29:00,3,panel_soiling
14.095538689579453,15.090746789676693,36.21,0.0,0.0,05:30:00,3,panel_soiling
14.403907157513371,15.092578779458583,37.0,0.0,0.0,05:31:00,3,panel_soiling
14.718202972903764,15.094444250457354,37.8,0.0,0.0,05:32:00,3,panel_soiling
15.038520120669997,15.096343737555932,38.62,0.0,0.0,05:33:00,3,panel_soiling
15.364953617970869,15.098277782582256,39.46,0.0,0.0,05:34:00,3,panel_soiling
12.110030767158046,15.10024693436777,31.11,0.0,0.0,05:35:00,3,panel_soiling
16.036554897294042,15.102251748805774,41.18,0.0,0.0,05:36:00,3,panel_soiling
16.381917883318522,15.10429278890964,42.07,0.0,0.0,05:37:00,3,panel_soiling
16.733787627707585,15.106370624870838,42.97,0.0,0.0,05:38:00,3,panel_soiling
17.092264319768915,15.108485834116781,43.89,0.0,0.0,05:39:00,3,panel_soiling
5.668560772853546,15.110639001368492,14.57,0.0,0.0,05:40:00,3,panel_soiling
17.829444476874542,15.112830718698016,45.77,0.0,0.0,05:41:00,3,panel_soiling
18.208353491164956,15.115061585585622,46.74,0.0,0.0,05:42:00,3,panel_soiling
18.594280549502265,15.11733220897675,47.73,0.0,0.0,05:43:00,3,panel_soiling
8.058899857988148,15.119643203338674,20.71,0.0,0.0,05:44:00,3,panel_soiling
19.387611241178874,15.121995190716884,49.76,0.0,0.0,05:45:00,3,panel_soiling
9.214683803275697,15.12438880079116,23.68,0.0,0.0,05:46:00,3,panel_soiling
20.210291709892687,15.126824670931324,51.87,50.31,2.22,05:47:00,3,panel_soiling
20.632909828711615,15.129303446252635,52.95,51.36,2.26,05:48:00,3,panel_soiling
21.063193492883258,15.131825779670836,54.05,52.43,2.31,05:49:00,3,panel_soiling
12.15667159462518,15.134392331956798,31.23,0.0,0.0,05:50:00,3,panel_soiling
21.947204409625815,15.137003771790775,56.31,54.62,2.41,05:51:00,3,panel_soiling
22.401157659953828,15.139660775816239,57.47,55.75,2.46,05:52:00,3,panel_soiling
22.86322844221714,15.142364028693244,58.66,56.9,2.51,05:53:00,3,panel_soiling
23.333532256128308,15.145114223151362,59.86,58.06,2.56,05:54:00,3,panel_soiling
8.173983166797841,15.147912060042108,21.01,0.0,0.0,05:55:00,3,panel_soiling
24.299305926803587,15.150758248390861,62.33,60.46,2.66,05:56:00,3,panel_soiling
10.923764194371518,15.153653505448275,28.06,0.0,0.0,05:57:00,3,panel_soiling
8.513231212265715,15.156598556741114,21.88,0.0,0.0,05:58:00,3,panel_soiling
25.812658322297867,15.159594136122529,66.19,64.21,2.83,05:59:00,3,panel_soiling
26.334840885947543,15.162640985821744,67.53,65.5,2.88,06:00:00,3,panel_soiling
26.86609237342364,15.165739856493124,68.89,66.82,2.94,06:01:00,3,panel_soiling
27.40653602713071,15.16889150726459,70.27,68.16,3.0,06:02:00,3,panel_soiling
27.956296022595854,15.172096705785385,71.67,69.52,3.06,06:03:00,3,panel_soiling
28.51549745933068,15.17535622827316,73.1,70.9,3.12,06:04:00,3,panel_soiling
29.084266351249713,15.178670859560322,74.55,72.31,3.18,06:05:00,3,panel_soiling
29.662729616640426,15.182041393139684,76.03,73.75,3.25,06:06:00,3,panel_soiling
30.251015067678445,15.185468631209334,77.53,75.2,3.31,06:07:00,3,panel_soiling
30.849251399483226,15.188953384716728,79.05,76.68,3.38,06:08:00,3,panel_soiling
10.180238711723845,15.192496473401976,26.15,0.0,0.0,06:09:00,3,panel_soiling
14.028253469881566,15.196098725840297,36.02,0.0,0.0,06:10:00,3,panel_soiling
32.70496563194048,15.199760979483624,83.79,81.27,3.58,06:11:00,3,panel_soiling
33.34430968761246,15.203484080701312,85.42,82.85,3.65,06:12:00,3,panel_soiling
33.994260927870904,15.207268884819943,87.07,84.46,3.72,06:13:00,3,panel_soiling
14.524580383173205,15.211116256162214,37.29,0.0,0.0,06:14:00,3,panel_soiling
35.32652070120699,15.215027068084838,90.47,87.76,3.86,06:15:00,3,panel_soiling
20.709982631264253,15.219002203015483,53.13,51.54,2.27,06:16:00,3,panel_soiling
36.702824270737935,15.223042552488677,93.98,91.16,4.01,06:17:00,3,panel_soiling
37.40783311650082,15.227149017180688,95.77,92.9,4.09,06:18:00,3,panel_soiling
38.12426315712631,15.231322506943338,97.59,94.67,4.17,06:19:00,3,panel_soiling
38.852252654768215,15.23556394083671,99.45,96.46,4.25,06:20:00,3,panel_soiling
39.59194056802255,15.239874247160746,101.33,98.29,4.33,06:21:00,3,panel_soiling
40.34346653401056,15.244254363485688,103.24,100.15,4.41,06:22:00,3,panel_soiling
41.106970849929155,15.248705236681348,105.19,102.03,4.49,06:23:00,3,panel_soiling
41.88259445406577,15.253227822945169,107.16,103.94,4.58,06:24:00,3,panel_soiling
24.273469245433912,15.257823087829049,62.24,60.37,2.66,06:25:00,3,panel_soiling
21.563597891862848,15.262492006264917,55.3,53.65,2.36,06:26:00,3,panel_soiling
44.283599581176304,15.267235562588997,113.26,109.86,4.84,06:27:00,3,panel_soiling
45.1091218480474,15.27205475056477,115.36,111.9,4.93,06:28:00,3,panel_soiling
45.94747700845344,15.276950573404584,117.49,113.96,5.02,06:29:00,3,panel_soiling
30.03142676450103,15.281924043789873,76.94,74.63,3.29,06:30:00,3,panel_soiling
47.663263925393956,15.286976183889994,121.85,118.19,5.2,06:31:00,3,panel_soiling
48.540985848503055,15.292108025379598,124.08,120.35,5.3,06:32:00,3,panel_soiling
49.43212095093672,15.297320609454557,126.34,122.55,5.4,06:33:00,3,panel_soiling
50.33681541724548,15.302614986846383,128.63,124.77,5.49,06:34:00,3,panel_soiling
51.255215827876974,15.307992217835125,130.96,127.03,5.59,06:35:00,3,panel_soiling
52.187469133506504,15.313453372260708,133.33,129.33,5.7,06:36:00,3,panel_soiling
53.1337226287946,15.318999529532691,135.72,131.65,5.8,06:37:00,3,panel_soiling
17.713311703851005,15.324631778638391,45.44,0.0,0.0,06:38:00,3,panel_soiling
55.06882092543655,15.330351218149382,140.63,136.41,6.01,06:39:00,3,panel_soiling
41.47148540738454,15.3361589562263,106.08,102.9,4.53,06:40:00,3,panel_soiling
57.06169492133527,15.34205611062194,145.68,141.31,6.22,06:41:00,3,panel_soiling
30.117997800685583,15.348043808682627,77.14,74.83,3.3,06:42:00,3,panel_soiling
59.11353254749393,15.354123187347797,150.87,146.34,6.44,06:43:00,3,panel_soiling
60.16193473868699,15.360295393147789,153.52,148.92,6.56,06:44:00,3,panel_soiling
61.225524521023694,15.3665615821998,156.21,151.53,6.67,06:45:00,3,panel_soiling
32.489552625339044,15.372922920201981,83.18,80.69,3.55,06:46:00,3,panel_soiling
24.3285066007692,15.379380582425629,62.35,60.48,2.66,06:47:00,3,panel_soiling
64.50891077562672,15.385935753705457,164.51,159.58,7.03,06:48:00,3,panel_soiling
65.63474240122743,15.39258962842792,167.36,162.34,7.15,06:49:00,3,panel_soiling
66.77650735912854,15.39934341051752,170.24,165.13,7.27,06:50:00,3,panel_soiling
67.93435468088603,15.406198313421132,173.16,167.97,7.4,06:51:00,3,panel_soiling
69.1084332790426,15.41315556009024,176.12,170.84,7.52,06:52:00,3,panel_soiling
70.29889191164128,15.420216382961124,179.13,173.75,7.65,06:53:00,3,panel_soiling
71.50587914616844,15.427382023932902,182.17,176.71,7.78,06:54:00,3,panel_soiling
72.72954332292748,15.434653734343454,185.26,179.7,7.91,06:55:00,3,panel_soiling
73.97003251784716,15.442032774943156,188.38,182.73,8.05,06:56:00,3,panel_soiling
75.2274945047261,15.449520415866404,191.55,185.8,8.18,06:57:00,3,panel_soiling
76.50207671691705,15.457117936600904,194.76,188.92,8.32,06:58:00,3,panel_soiling
77.79392620845445,15.464826625954696,198.01,192.07,8.46,06:59:00,3,panel_soiling
57.13110593745701,15.472647782020873,145.78,141.4,6.23,07:00:00,3,panel_soiling
42.60604106707486,15.480582712139961,108.9,105.64,4.65,07:01:00,3,panel_soiling
81.77454237793023,15.488632732859948,208.02,201.78,8.89,07:02:00,3,panel_soiling
83.1369225494182,15.496799169893915,211.45,205.1,9.03,07:03:00,3,panel_soiling
84.51729818160527,15.505083358075241,214.91,208.47,9.18,07:04:00,3,panel_soiling
85.91581320559581,15.513486641310353,218.43,211.87,9.33,07:05:00,3,panel_soiling
87.33261088581355,15.522010372528994,221.98,215.32,9.48,07:06:00,3,panel_soiling
88.76783377682762,15.530655913631977,225.58,218.82,9.64,07:07:00,3,panel_soiling
90.22162367966465,15.53942463543638,229.23,222.35,9.79,07:08:00,3,panel_soiling
91.6941215976127,15.548317917618185,232.92,225.93,9.95,07:09:00,3,panel_soiling
93.18546769152427,15.557337148652302,236.66,229.56,10.11,07:10:00,3,panel_soiling
31.31940449261253,15.566483725749947,80.14,77.73,3.42,07:11:00,3,panel_soiling
96.22526056683154,15.57575905479338,244.27,236.94,10.43,07:12:00,3,panel_soiling
50.1419800225871,15.585164550267931,128.0,124.16,5.47,07:13:00,3,panel_soiling
99.34210501428204,15.594701635191306,252.07,244.51,10.77,07:14:00,3,panel_soiling
100.92976172504562,15.604371741040149,256.04,248.36,10.94,07:15:00,3,panel_soiling
70.0711318805022,15.614176307673812,178.42,173.07,7.62,07:16:00,3,panel_soiling
41.49826445724346,15.624116783255335,106.03,102.85,4.53,07:17:00,3,panel_soiling
105.81127583988368,15.634194624169574,268.23,260.18,11.46,07:18:00,3,panel_soiling
107.47840100515421,15.644411294938472,272.39,264.22,11.64,07:19:00,3,panel_soiling
109.16571944370044,15.654768268133438,276.6,268.3,11.82,07:20:00,3,panel_soiling
110.87335896363622,15.665267024284812,280.85,272.43,12.0,07:21:00,3,panel_soiling
112.60144595796392,15.675909051788379,285.16,276.61,12.18,07:22:00,3,panel_soiling
114.35010535409398,15.686695846808913,289.51,280.83,12.37,07:23:00,3,panel_soiling
116.1194605629876,15.697628913180738,293.92,285.1,12.55,07:24:00,3,panel_soiling
117.90963342793263,15.70870976230524,298.37,289.42,12.75,07:25:00,3,panel_soiling
70.30614774309375,15.719939913045355,178.94,173.57,7.64,07:26:00,3,panel_soiling
121.55291135094984,15.731320891616978,307.43,298.2,13.13,07:27:00,3,panel_soiling
123.40625179132468,15.742854231477262,312.03,302.67,13.33,07:28:00,3,panel_soiling
125.28088054753513,15.754541473209818,316.68,307.18,13.53,07:29:00,3,panel_soiling
52.52204169488565,15.766384164406752,133.94,129.92,5.72,07:30:00,3,panel_soiling
129.09445402372936,15.77838385954754,326.14,316.35,13.93,07:31:00,3,panel_soiling
131.03361949331,15.790542119874722,330.94,321.01,14.14,07:32:00,3,panel_soiling
132.99451467076318,15.802860513266362,335.8,325.72,14.34,07:33:00,3,panel_soiling
134.97724493079886,15.815340614105297,340.71,330.48,14.55,07:34:00,3,panel_soiling
76.11928338306038,15.827984003145115,193.51,187.71,8.27,07:35:00,3,panel_soiling
139.0086216562749,15.840792267372862,350.67,340.15,14.98,07:36:00,3,panel_soiling
141.05746816648625,15.853766999868453,355.73,345.06,15.2,07:37:00,3,panel_soiling
143.12854973937723,15.866909799660766,360.85,350.02,15.41,07:38:00,3,panel_soiling
145.22196071670524,15.880222271580397,366.01,355.03,15.63,07:39:00,3,panel_soiling
147.33779306886237,15.893706026109076,371.23,360.09,15.86,07:40:00,3,panel_soiling
149.47613633957744,15.907362679225688,376.5,365.2,16.08,07:41:00,3,panel_soiling
105.30843851708015,15.921193852248924,266.67,258.67,11.39,07:42:00,3,panel_soiling
153.8207013456188,15.935201171676532,387.19,375.57,16.54,07:43:00,3,panel_soiling
156.02708953572412,15.949386269021115,392.62,380.84,16.77,07:44:00,3,panel_soiling
72.14944390888813,15.963750780642536,183.41,177.91,7.83,07:45:00,3,panel_soiling
160.50847364336033,15.978296347576833,403.62,391.52,17.24,07:46:00,3,panel_soiling
162.7836199545271,15.993024615361694,409.21,396.93,17.48,07:47:00,3,panel_soiling
165.08183137631164,16.007937233858442,414.84,402.4,17.72,07:48:00,3,panel_soiling
167.40317603672986,16.023035857070532,420.53,407.91,17.96,07:49:00,3,panel_soiling
100.27904163877196,16.038322142958545,253.98,246.36,10.85,07:50:00,3,panel_soiling
172.11552288974482,16.053797753251676,432.06,419.1,18.46,07:51:00,3,panel_soiling
75.30615504298113,16.06946435325567,191.29,185.55,8.17,07:52:00,3,panel_soiling
107.83561342603875,16.08532361165726,272.81,264.63,11.65,07:53:00,3,panel_soiling
112.18274270964086,16.101377200325047,283.64,275.13,12.12,07:54:00,3,panel_soiling
181.82048122791974,16.11762679410681,455.77,442.09,19.47,07:55:00,3,panel_soiling
135.73405967445981,16.134074070623296,342.16,331.89,14.62,07:56:00,3,panel_soiling
186.81391329203856,16.150720710058412,467.93,453.9,19.99,07:57:00,3,panel_soiling
189.3460213661179,16.167568394945864,474.1,459.87,20.25,07:58:00,3,panel_soiling
127.3628046170362,16.18461880995222,321.32,311.68,13.73,07:59:00,3,panel_soiling
194.48120328526113,16.201873641656377,486.58,471.98,20.78,08:00:00,3,panel_soiling
197.08433932942242,16.219334578325487,492.9,478.11,21.05,08:01:00,3,panel_soiling
199.71120761627796,16.237003309687246,499.27,484.29,21.33,08:02:00,3,panel_soiling
202.36183024487448,16.254881526698643,505.7,490.53,21.6,08:03:00,3,panel_soiling
205.03622561744345,16.2729709213111,512.17,496.81,21.88,08:04:00,3,panel_soiling
207.73440838621477,16.291273186232033,518.7,503.14,22.16,08:05:00,3,panel_soiling
210.45638940057628,16.309790014682832,525.28,509.52,22.44,08:06:00,3,panel_soiling
213.2021756546008,16.32852310015326,531.92,515.96,22.72,08:07:00,3,panel_soiling
81.16362324657872,16.34747413615227,205.79,199.62,8.79,08:08:00,3,panel_soiling
77.12116406001606,16.366644815955276,195.63,189.76,8.36,08:09:00,3,panel_soiling
221.58237687483694,16.386036832347802,552.12,535.56,23.58,08:10:00,3,panel_soiling
224.4233751078873,16.405651877365635,558.96,542.19,23.88,08:11:00,3,panel_soiling
227.28815391328644,16.425491642031385,565.85,548.87,24.17,08:12:00,3,panel_soiling
230.17669607473863,16.44555781608751,572.79,555.61,24.47,08:13:00,3,panel_soiling
233.0889801655284,16.465852087725818,579.78,562.39,24.77,08:14:00,3,panel_soiling
236.02498049981114,16.48637614331343,586.82,569.22,25.07,08:15:00,3,panel_soiling
137.0145402930229,16.50713166711524,344.82,334.48,14.73,08:16:00,3,panel_soiling
133.64982329364068,16.52812034101288,336.47,326.37,14.37,08:17:00,3,panel_soiling
244.9749572115961,16.549343844220196,608.24,589.99,25.98,08:18:00,3,panel_soiling
154.97532654717816,16.570803852995247,389.07,377.39,16.62,08:19:00,3,panel_soiling
251.0595226660167,16.592502040348855,622.77,604.09,26.6,08:20:00,3,panel_soiling
254.13703655953427,16.61444007574974,630.11,611.2,26.92,08:21:00,3,panel_soiling
79.1496487422198,16.63661962482621,200.51,194.5,8.56,08:22:00,3,panel_soiling
260.36224257368855,16.659042349064453,644.92,625.58,27.55,08:23:00,3,panel_soiling
263.5098071483651,16.681709905503467,652.4,632.83,27.87,08:24:00,3,panel_soiling
156.69955404770545,16.70462394642665,393.1,381.31,16.79,08:25:00,3,panel_soiling
269.8745053010794,16.727786119050002,667.51,647.48,28.51,08:26:00,3,panel_soiling
273.09148294703533,16.751198065207085,675.13,654.88,28.84,08:27:00,3,panel_soiling
276.33143432509684,16.774861421030653,682.8,662.31,29.17,08:28:00,3,panel_soiling
202.34177542831443,16.798777816631056,504.56,489.42,21.55,08:29:00,3,panel_soiling
282.8798931154033,16.82294887577139,698.27,677.32,29.83,08:30:00,3,panel_soiling
286.1882056407851,16.847376215539494,706.08,684.89,30.16,08:31:00,3,panel_soiling
289.5191020521187,16.872061446016712,713.92,692.51,30.5,08:32:00,3,panel_soiling
292.8724724389024,16.897006169943573,721.82,700.16,30.83,08:33:00,3,panel_soiling
296.2482018420347,16.92221198238236,729.75,707.86,31.17,08:34:00,3,panel_soiling
299.64617022106825,16.947680470376586,737.73,715.6,31.51,08:35:00,3,panel_soiling
303.0662524225074,16.97341321260745,745.76,723.38,31.86,08:36:00,3,panel_soiling
93.90070701423662,16.999411779047307,237.11,230.0,10.13,08:37:00,3,panel_soiling
309.97223193064497,17.025677730610155,761.93,739.07,32.55,08:38:00,3,panel_soiling
313.45785309484313,17.052212618799224,770.07,746.97,32.89,08:39:00,3,panel_soiling
316.9650357407036,17.07901798535167,778.26,754.91,33.24,08:40:00,3,panel_soiling
113.09741918981335,17.106095361880442,284.8,276.25,12.17,08:41:00,3,panel_soiling
238.84677164539536,17.133446269513335,592.1,574.33,25.29,08:42:00,3,panel_soiling
215.17538262128255,17.161072218529338,534.93,518.89,22.85,08:43:00,3,panel_soiling
203.40791493856105,17.1889747079922,506.36,491.17,21.63,08:44:00,3,panel_soiling
334.818895434123,17.21715522538143,819.79,795.2,35.02,08:45:00,3,panel_soiling
338.4520870801221,17.2456152462206,828.21,803.37,35.38,08:46:00,3,panel_soiling
342.1056704433508,17.274356233703152,836.67,811.57,35.74,08:47:00,3,panel_soiling
345.7794569510515,17.303379638315675,845.16,819.81,36.1,08:48:00,3,panel_soiling
233.1074161588294,17.332686897458707,577.82,560.49,24.68,08:49:00,3,panel_soiling
353.1868579930806,17.362279435065155,862.25,836.38,36.83,08:50:00,3,panel_soiling
177.22312750753855,17.39215866121636,442.26,428.99,18.89,08:51:00,3,panel_soiling
265.6458162096265,17.42232597175586,655.57,635.9,28.0,08:52:00,3,panel_soiling
364.44445640592176,17.452782747900947,888.14,861.5,37.94,08:53:00,3,panel_soiling
368.235197262223,17.483530355851993,896.83,869.93,38.31,08:54:00,3,panel_soiling
372.0446687555713,17.514570146399727,905.56,878.39,38.68,08:55:00,3,panel_soiling
375.87263861466306,17.545903454530396,914.31,886.88,39.06,08:56:00,3,panel_soiling
258.4309086727122,17.577531599028966,637.94,618.81,27.25,08:57:00,3,panel_soiling
383.58311684405805,17.6094558820804,931.91,903.96,39.81,08:58:00,3,panel_soiling
387.4651331622469,17.641677588869037,940.76,912.53,40.18,08:59:00,3,panel_soiling
391.36466373967244,17.674197987176218,949.63,921.14,40.56,09:00:00,3,panel_soiling
395.2814487887223,17.70701832697614,958.52,929.77,40.94,09:01:00,3,panel_soiling
399.2152230204861,17.74013984003009,967.44,938.42,41.32,09:02:00,3,panel_soiling
267.2070520922085,17.773563739479062,658.36,638.61,28.12,09:03:00,3,panel_soiling
190.08540699400467,17.80729121943487,472.82,458.63,20.2,09:04:00,3,panel_soiling
411.11574550426104,17.841323454569793,994.36,964.53,42.47,09:05:00,3,panel_soiling
211.6566956808864,17.875661599704888,524.92,509.17,22.42,09:06:00,3,panel_soiling
419.1292623886587,17.91030678939698,1012.42,982.04,43.25,09:07:00,3,panel_soiling
146.82220432612766,17.945260137524436,366.97,355.96,15.68,09:08:00,3,panel_soiling
427.2039029252951,17.980522736871794,1030.56,999.64,44.02,09:09:00,3,panel_soiling
431.26338220763887,18.01609565871337,1039.65,1008.46,44.41,09:10:00,3,panel_soiling
435.3372167461643,18.05197995239581,1048.77,1017.31,44.8,09:11:00,3,panel_soiling
439.42508673879524,18.088176644919827,1057.91,1026.17,45.19,09:12:00,3,panel_soiling
443.5266670181054,18.124686740521053,1067.06,1035.05,45.58,09:13:00,3,panel_soiling
447.6416270736342,18.161511220250205,1076.23,1043.94,45.97,09:14:00,3,panel_soiling
172.91142613712626,18.198651041552566,430.35,417.44,18.38,09:15:00,3,panel_soiling
181.8280446773084,18.23610713784695,451.97,438.41,19.31,09:16:00,3,panel_soiling
460.0634011637579,18.273880418104152,1103.81,1070.7,47.15,09:17:00,3,panel_soiling
464.228469235444,18.311971766425046,1113.03,1079.64,47.54,09:18:00,3,panel_soiling
468.40518528614257,18.350382041618357,1122.26,1088.59,47.94,09:19:00,3,panel_soiling
472.59318731164456,18.389112076778268,1131.5,1097.56,48.33,09:20:00,3,panel_soiling
201.7849955954122,18.428162678861888,499.95,484.95,21.36,09:21:00,3,panel_soiling
279.1211524786891,18.46753462826671,684.77,664.23,29.25,09:22:00,3,panel_soiling
485.2212123317579,18.507228678408147,1159.27,1124.49,49.52,09:23:00,3,panel_soiling
489.45063599119936,18.547245555297252,1168.54,1133.49,49.92,09:24:00,3,panel_soiling
493.68945927140106,18.587585957118677,1177.82,1142.48,50.31,09:25:00,3,panel_soiling
497.93728991227243,18.628250553809035,1187.1,1151.48,50.71,09:26:00,3,panel_soiling
502.19373075791526,18.6692399866357,1196.38,1160.49,51.1,09:27:00,3,panel_soiling
250.04971293589225,18.710554867776175,615.1,596.65,26.27,09:28:00,3,panel_soiling
510.73083024242095,18.752195779898152,1214.95,1178.5,51.9,09:29:00,3,panel_soiling
515.0106705188991,18.794163275740285,1224.24,1187.51,52.29,09:30:00,3,panel_soiling
175.6432588630661,18.836457877693896,435.89,422.81,18.62,09:31:00,3,panel_soiling
261.82495489496586,18.879080077385602,642.67,623.39,27.45,09:32:00,3,panel_soiling
391.24689601125124,18.922030335261045,944.52,916.19,40.35,09:33:00,3,panel_soiling
532.1955355495583,18.96530908016979,1261.35,1223.51,53.88,09:34:00,3,panel_soiling
536.5059891221819,19.008916708951528,1270.62,1232.5,54.28,09:35:00,3,panel_soiling
540.8212664574017,19.05285358602366,1279.89,1241.49,54.67,09:36:00,3,panel_soiling
545.1409242947311,19.097120042970367,1289.14,1250.47,55.07,09:37:00,3,panel_soiling
549.4645150868856,19.141716378133346,1298.39,1259.44,55.46,09:38:00,3,panel_soiling
410.4927446196308,19.18664285620421,987.46,957.84,42.18,09:39:00,3,panel_soiling
558.1216843087241,19.23189970781872,1316.85,1277.35,56.25,09:40:00,3,panel_soiling
268.1484637891391,19.27748712915301,656.61,636.92,28.05,09:41:00,3,panel_soiling
374.1556633484341,19.323405281521804,903.75,876.64,38.6,09:42:00,3,panel_soiling
260.5239152244516,19.369654290978843,638.32,619.17,27.27,09:43:00,3,panel_soiling
397.0580888296355,19.416234247919544,955.89,927.22,40.83,09:44:00,3,panel_soiling
579.8013103259385,19.463145206686093,1362.79,1321.9,58.21,09:45:00,3,panel_soiling
349.82331369584676,19.51038718517501,846.96,821.56,36.18,09:46:00,3,panel_soiling
320.23649603275345,19.55796016444736,778.11,754.77,33.24,09:47:00,3,panel_soiling
406.8996775490659,19.605864088341654,977.58,948.26,41.76,09:48:00,3,panel_soiling
597.15150510485,19.654098863089672,1399.23,1357.26,59.77,09:49:00,3,panel_soiling
601.4859170780336,19.70266435693516,1408.29,1366.05,60.16,09:50:00,3,panel_soiling
605.8180859999603,19.75156039975567,1417.33,1374.81,60.54,09:51:00,3,panel_soiling
610.1475119714245,19.800786782687616,1426.35,1383.56,60.93,09:52:00,3,panel_soiling
614.4736919661982,19.850343257754552,1435.34,1392.28,61.31,09:53:00,3,panel_soiling
618.7961199210198,19.900229537499,1444.3,1400.97,61.69,09:54:00,3,panel_soiling
623.1142868270684,19.950445294617744,1453.24,1409.64,62.08,09:55:00,3,panel_soiling
627.427680822909,20.00099016160081,1462.14,1418.28,62.46,09:56:00,3,panel_soiling
450.12187685011395,20.051863730374297,1073.42,1041.22,45.85,09:57:00,3,panel_soiling
636.038088942922,20.103065551946997,1479.87,1435.48,63.21,09:58:00,3,panel_soiling
640.3340659377769,20.154595136061168,1488.69,1444.03,63.59,09:59:00,3,panel_soiling
644.623195959611,20.206451950847345,1497.48,1452.55,63.97,10:00:00,3,panel_soiling
648.9049543279625,20.258635422483486,1506.23,1461.04,64.34,10:01:00,3,panel_soiling
653.1788140970355,20.311144934858476,1514.95,1469.5,64.71,10:02:00,3,panel_soiling
435.9326515917401,20.363979829240108,1040.15,1008.94,44.43,10:03:00,3,panel_soiling
661.700719344369,20.417139403947733,1532.27,1486.3,65.45,10:04:00,3,panel_soiling
387.46806987368024,20.470622914029633,929.91,902.01,39.72,10:05:00,3,panel_soiling
670.1846547591757,20.52442957094523,1549.45,1502.96,66.19,10:06:00,3,panel_soiling
674.4110453112282,20.5785585422523,1557.97,1511.24,66.55,10:07:00,3,panel_soiling
678.6263338510262,20.63300895129929,1566.46,1519.47,66.91,10:08:00,3,panel_soiling
682.8299805181339,20.68777987692284,1574.91,1527.66,67.27,10:09:00,3,panel_soiling
344.35073493184547,20.74287035315063,830.1,805.19,35.46,10:10:00,3,panel_soiling
237.20317089920266,20.79827936890971,579.54,562.15,24.76,10:11:00,3,panel_soiling
695.3656502000997,20.854005867740398,1599.98,1551.98,68.34,10:12:00,3,panel_soiling
282.82659256241396,20.910048747515834,686.7,666.1,29.33,10:13:00,3,panel_soiling
703.654598242686,20.96640686016739,1616.46,1567.97,69.05,10:14:00,3,panel_soiling
254.35835136736515,21.023079011415977,619.54,600.95,26.46,10:15:00,3,panel_soiling
711.8839188043954,21.080063960509413,1632.75,1583.77,69.74,10:16:00,3,panel_soiling
715.974850091082,21.137360419965923,1640.82,1591.6,70.09,10:17:00,3,panel_soiling
720.049230966964,21.194967055323943,1648.84,1599.38,70.43,10:18:00,3,panel_soiling
315.11635278190494,21.252882484898308,760.88,738.06,32.5,10:19:00,3,panel_soiling
560.2686055764922,21.31110527954292,1310.01,1270.71,55.96,10:20:00,3,panel_soiling
732.1675820349219,21.36963396242008,1672.58,1622.41,71.45,10:21:00,3,panel_soiling
736.1702714288232,21.428467008776515,1680.39,1629.97,71.78,10:22:00,3,panel_soiling
740.1536651750642,21.48760284572624,1688.13,1637.49,72.11,10:23:00,3,panel_soiling
744.1172144640987,21.54703985204045,1695.82,1644.95,72.44,10:24:00,3,panel_soiling
461.11081194000974,21.60677635794438,1090.96,1058.23,46.6,10:25:00,3,panel_soiling
751.9825863897145,21.666810644921437,1711.03,1659.7,73.09,10:26:00,3,panel_soiling
310.22807625578633,21.727140945524546,748.09,725.65,31.96,10:27:00,3,panel_soiling
759.7620063029772,21.787765443194942,1725.99,1674.21,73.73,10:28:00,3,panel_soiling
763.6181183562646,21.848682272088453,1733.38,1681.38,74.04,10:29:00,3,panel_soiling
767.4511051628915,21.909889516909374,1740.7,1688.48,74.36,10:30:00,3,panel_soiling
771.260423107495,21.9713852127521,1747.97,1695.53,74.67,10:31:00,3,panel_soiling
775.0455298212827,22.033167344950545,1755.16,1702.51,74.97,10:32:00,3,panel_soiling
778.8058843092086,22.095233848935504,1762.29,1709.42,75.28,10:33:00,3,panel_soiling
782.5409470773936,22.157582610100025,1769.36,1716.28,75.58,10:34:00,3,panel_soiling
247.50649508520596,22.220211463672953,600.44,582.42,25.65,10:35:00,3,panel_soiling
789.9330477507575,22.283118194600647,1783.28,1729.78,76.17,10:36:00,3,panel_soiling
793.5890153233864,22.34630053743706,1790.14,1736.44,76.47,10:37:00,3,panel_soiling
797.2175507670601,22.409756176242247,1796.93,1743.02,76.76,10:38:00,3,panel_soiling
800.8181240106812,22.473482744489377,1803.65,1749.54,77.04,10:39:00,3,panel_soiling
804.3902072516383,22.537477824980364,1810.3,1755.99,77.33,10:40:00,3,panel_soiling
807.933275083764,22.601738949770215,1816.87,1762.36,77.61,10:41:00,3,panel_soiling
456.849231639551,22.666263600100194,1076.69,1044.39,45.99,10:42:00,3,panel_soiling
814.9302756461171,22.731049206339833,1829.8,1774.9,78.16,10:43:00,3,panel_soiling
818.3831706962783,22.796093147937967,1836.15,1781.07,78.43,10:44:00,3,panel_soiling
821.804975232345,22.861392753382823,1842.43,1787.15,78.7,10:45:00,3,panel_soiling
825.1951777449422,22.926945300171255,1848.63,1793.17,78.97,10:46:00,3,panel_soiling
828.5532698854013,22.992748014787217,1854.75,1799.11,79.23,10:47:00,3,panel_soiling
831.8787465921507,23.058798072689566,1860.79,1804.97,79.48,10:48:00,3,panel_soiling
835.1711062167086,23.12509259830926,1866.76,1810.76,79.74,10:49:00,3,panel_soiling
838.4298506492322,23.19162866505601,1872.64,1816.47,79.99,10:50:00,3,panel_soiling
591.1653293648203,23.25840329533456,1365.21,1324.25,58.32,10:51:00,3,panel_soiling
588.9358728173676,23.325413460570484,1360.07,1319.27,58.1,10:52:00,3,panel_soiling
847.9994673983638,23.392656081245796,1889.82,1833.13,80.72,10:53:00,3,panel_soiling
851.1188451029375,23.46012802694426,1895.38,1838.52,80.96,10:54:00,3,panel_soiling
676.1977496461633,23.527826116406594,1541.99,1495.73,65.87,10:55:00,3,panel_soiling
857.2489813287917,23.59574711759553,1906.26,1849.07,81.43,10:56:00,3,panel_soiling
860.2587957080729,23.66388774777092,1911.57,1854.22,81.65,10:57:00,3,panel_soiling
863.2311522930999,23.73224467357481,1916.79,1859.29,81.88,10:58:00,3,panel_soiling
275.109654478589,23.80081451112666,660.75,640.92,28.22,10:59:00,3,panel_soiling
869.0616540129836,23.869593826128714,1926.99,1869.18,82.31,11:00:00,3,panel_soiling
871.9188921325027,23.938579133981563,1931.96,1874.0,82.52,11:01:00,3,panel_soiling
874.7368586617538,24.007766899910017,1936.84,1878.74,82.73,11:02:00,3,panel_soiling
877.5151126376971,24.077153539099253,1941.64,1883.39,82.94,11:03:00,3,panel_soiling
880.2532183228218,24.146735416841377,1946.34,1887.95,83.14,11:04:00,3,panel_soiling
360.255398931775,24.216508848692378,854.27,828.65,36.49,11:05:00,3,panel_soiling
885.6072686793536,24.286470100639562,1955.49,1896.83,83.53,11:06:00,3,panel_soiling
888.2223690210975,24.35661538927947,1959.93,1901.13,83.72,11:07:00,3,panel_soiling
890.7956326343077,24.42694088200637,1964.28,1905.35,83.91,11:08:00,3,panel_soiling
511.70279562414527,24.497442697211333,1188.0,1152.36,50.75,11:09:00,3,panel_soiling
895.8150238555669,24.568116904491916,1972.7,1913.52,84.27,11:10:00,3,panel_soiling
404.052035952725,24.63895952487248,950.97,922.44,40.62,11:11:00,3,panel_soiling
374.90812148641686,24.709966531035256,885.49,858.92,37.82,11:12:00,3,panel_soiling
305.8715512132766,24.781133847562064,728.75,706.89,31.13,11:13:00,3,panel_soiling
553.7702754837757,24.85245735118679,1276.52,1238.22,54.53,11:14:00,3,panel_soiling
907.6035390513323,24.923932871058618,1992.16,1932.39,85.1,11:15:00,3,panel_soiling
909.8279314339107,24.995556189016067,1995.77,1935.89,85.25,11:16:00,3,panel_soiling
912.0070365363331,25.0673230398718,1999.28,1939.31,85.4,11:17:00,3,panel_soiling
914.1405031491947,25.139229111708232,2002.71,1942.63,85.55,11:18:00,3,panel_soiling
916.2279868574776,25.21127004618401,2006.04,1945.85,85.69,11:19:00,3,panel_soiling
918.2691501331734,25.28344143885129,2009.27,1948.99,85.83,11:20:00,3,panel_soiling
920.2636624262036,25.355738839483877,2012.41,1952.03,85.96,11:21:00,3,panel_soiling
709.593089782693,25.42815775241617,1597.46,1549.53,68.24,11:22:00,3,panel_soiling
924.1114472869166,25.500693636892994,2018.39,1957.84,86.22,11:23:00,3,panel_soiling
925.9640944378318,25.573341907430276,2021.24,1960.61,86.34,11:24:00,3,panel_soiling
927.7688399419194,25.646097934186525,2024.0,1963.28,86.46,11:25:00,3,panel_soiling
723.1371369523866,25.718957043345167,1622.84,1574.15,69.32,11:26:00,3,panel_soiling
931.2334560608706,25.7919145175077,2029.21,1968.34,86.68,11:27:00,3,panel_soiling
308.7953246217112,25.864965596097637,732.12,710.16,31.27,11:28:00,3,panel_soiling
934.5030310706595,25.938105475775295,2034.04,1973.02,86.89,11:29:00,3,panel_soiling
936.0640038361892,26.01132931086326,2036.31,1975.22,86.98,11:30:00,3,panel_soiling
937.5754226217674,26.084632213782708,2038.48,1977.32,87.07,11:31:00,3,panel_soiling
939.0370391149061,26.158009255500367,2040.55,1979.33,87.16,11:32:00,3,panel_soiling
940.4486129273479,26.231455465986244,2042.52,1981.24,87.25,11:33:00,3,panel_soiling
494.42401911125717,26.30496583468193,1141.68,1107.43,48.77,11:34:00,3,panel_soiling
943.1207109714579,26.37853531097965,2046.17,1984.79,87.4,11:35:00,3,panel_soiling
603.0824989519913,26.45215880471181,1371.44,1330.29,58.58,11:36:00,3,panel_soiling
945.5899545830534,26.525831186651157,2049.43,1987.94,87.54,11:37:00,3,panel_soiling
946.7479910086803,26.59954728902141,2050.91,1989.38,87.61,11:38:00,3,panel_soiling
947.8547123725662,26.673301906018388,2052.29,1990.72,87.66,11:39:00,3,panel_soiling
948.9099354803143,26.74708979434157,2053.57,1991.96,87.72,11:40:00,3,panel_soiling
395.4914263812023,26.82090567373595,923.32,895.62,39.44,11:41:00,3,panel_soiling
950.8651961508473,26.89474422754427,2055.84,1994.16,87.82,11:42:00,3,panel_soiling
951.7649094683602,26.968600103269488,2056.82,1995.12,87.86,11:43:00,3,panel_soiling
692.0098941825147,27.042467913147416,1550.58,1504.06,66.23,11:44:00,3,panel_soiling
953.4077553501163,27.116342234729508,2058.49,1996.74,87.93,11:45:00,3,panel_soiling
954.1506149589461,27.190217611475695,2059.18,1997.4,87.96,11:46:00,3,panel_soiling
954.840931427281,27.264088553357205,2059.77,1997.97,87.98,11:47:00,3,panel_soiling
955.4785899066733,27.337949537469314,2060.25,1998.45,88.0,11:48:00,3,panel_soiling
584.7654971733101,27.411795008653925,1327.54,1287.72,56.71,11:49:00,3,panel_soiling
956.5955170913392,27.485619380131915,2060.93,1999.11,88.03,11:50:00,3,panel_soiling
957.0745997721334,27.559417034145138,2061.12,1999.29,88.04,11:51:00,3,panel_soiling
957.5006524666628,27.633182322608057,2061.22,1999.38,88.05,11:52:00,3,panel_soiling
519.0044136445474,27.706909567768854,1187.29,1151.67,50.72,11:53:00,3,panel_soiling
958.1933926467524,27.780593062879944,2061.1,1999.27,88.04,11:54:00,3,panel_soiling
958.4599646104939,27.854227072877848,2060.9,1999.07,88.03,11:55:00,3,panel_soiling
958.6732755764407,27.927805835072235,2060.6,1998.78,88.02,11:56:00,3,panel_soiling
958.833289954889,28.00132355984413,2060.2,1998.39,88.0,11:57:00,3,panel_soiling
533.0630498866007,28.074774431353106,1215.19,1178.74,51.91,11:58:00,3,panel_soiling
745.8406072764661,28.14815260825341,1650.61,1601.09,70.51,11:59:00,3,panel_soiling
958.993331041708,28.221452224418883,2058.4,1996.65,87.93,12:00:00,3,panel_soiling
958.9399810448964,28.294667389676547,2057.61,1995.88,87.89,12:01:00,3,panel_soiling
438.25496833287735,28.367792190548823,1010.65,980.33,43.17,12:02:00,3,panel_soiling
707.8188381921186,28.44082069100414,1572.74,1525.56,67.18,12:03:00,3,panel_soiling
576.170672800268,28.51374693321595,1303.28,1264.18,55.67,12:04:00,3,panel_soiling
958.1933926467525,28.586564938329857,2053.46,1991.85,87.71,12:05:00,3,panel_soiling
957.8736041537851,28.659268707238972,2052.18,1990.61,87.66,12:06:00,3,panel_soiling
957.5006524666629,28.73185222136709,2050.8,1989.28,87.6,12:07:00,3,panel_soiling
522.3043293271616,28.804309443459772,1188.63,1152.97,50.77,12:08:00,3,panel_soiling
956.5955170913392,28.876634318383086,2047.76,1986.33,87.47,12:09:00,3,panel_soiling
956.0634842600867,28.94882077392993,2046.09,1984.71,87.4,12:10:00,3,panel_soiling
460.58394038804386,29.020862721633748,1055.98,1024.3,45.11,12:11:00,3,panel_soiling
954.8409314272811,29.092754057589502,2042.48,1981.2,87.25,12:12:00,3,panel_soiling
524.8747212127681,29.164488663281798,1192.19,1156.43,50.93,12:13:00,3,panel_soiling
953.4077553501163,29.236060406419995,2038.48,1977.33,87.08,12:14:00,3,panel_soiling
952.6124761288058,29.307463141780104,2036.34,1975.25,86.98,12:15:00,3,panel_soiling
951.7649094683602,29.378690712053398,2034.11,1973.09,86.89,12:16:00,3,panel_soiling
950.8651961508474,29.44973694870151,2031.78,1970.83,86.79,12:17:00,3,panel_soiling
949.9134855280834,29.520595672817926,2029.36,1968.48,86.69,12:18:00,3,panel_soiling
948.9099354803144,29.59126069599565,2026.85,1966.04,86.58,12:19:00,3,panel_soiling
947.8547123725663,29.661725821200914,2024.24,1963.52,86.47,12:20:00,3,panel_soiling
946.7479910086804,29.731984843652764,2021.55,1960.9,86.35,12:21:00,3,panel_soiling
945.5899545830536,29.80203155170834,2018.76,1958.19,86.23,12:22:00,3,panel_soiling
944.3807946301005,29.871859727753705,2015.88,1955.4,86.11,12:23:00,3,panel_soiling
379.4097484727643,29.941463149100038,875.94,849.66,37.42,12:24:00,3,panel_soiling
941.8099116609521,30.01083558888498,2009.84,1949.55,85.85,12:25:00,3,panel_soiling
643.0881193579775,30.079970816979046,1431.36,1388.41,61.14,12:26:00,3,panel_soiling
939.0370391149062,30.148862600896805,2003.45,1943.34,85.58,12:27:00,3,panel_soiling
937.5754226217675,30.217504706712788,2000.11,1940.11,85.44,12:28:00,3,panel_soiling
936.0640038361894,30.285890899981773,1996.69,1936.79,85.29,12:29:00,3,panel_soiling
934.5030310706597,30.354014946663455,1993.19,1933.39,85.14,12:30:00,3,panel_soiling
932.8927604939123,30.421870614051127,1989.59,1929.9,84.99,12:31:00,3,panel_soiling
931.2334560608707,30.48945167170432,1985.91,1926.33,84.83,12:32:00,3,panel_soiling
929.5253894405463,30.556751892385133,1982.14,1922.67,84.67,12:33:00,3,panel_soiling
927.7688399419196,30.623765052998113,1978.28,1918.93,84.5,12:34:00,3,panel_soiling
925.964094437832,30.690484935533448,1974.34,1915.11,84.33,12:35:00,3,panel_soiling
924.1114472869167,30.7569053280133,1970.31,1911.2,84.16,12:36:00,3,panel_soiling
429.1109999598995,30.823020025441075,980.35,950.93,41.88,12:37:00,3,panel_soiling
920.2636624262037,30.888822830753444,1962.0,1903.14,83.81,12:38:00,3,panel_soiling
918.2691501331738,30.954307555774875,1957.72,1898.98,83.62,12:39:00,3,panel_soiling
916.2279868574778,31.019468022174536,1953.35,1894.75,83.44,12:40:00,3,panel_soiling
383.4286475326365,31.084298062425294,880.41,853.99,37.61,12:41:00,3,panel_soiling
912.0070365363333,31.148791520764668,1944.38,1886.04,83.06,12:42:00,3,panel_soiling
909.8279314339111,31.212942254157497,1939.77,1881.57,82.86,12:43:00,3,panel_soiling
907.6035390513325,31.276744133260113,1935.07,1877.02,82.66,12:44:00,3,panel_soiling
905.3342172980963,31.34019104338581,1930.3,1872.39,82.45,12:45:00,3,panel_soiling
903.0203306878697,31.403276885471445,1925.45,1867.69,82.25,12:46:00,3,panel_soiling
900.6622502409649,31.465995577044875,1920.52,1862.91,82.04,12:47:00,3,panel_soiling
898.2603533852553,31.528341053193095,1915.51,1858.05,81.82,12:48:00,3,panel_soiling
576.7412973932195,31.590307267530825,1286.9,1248.29,54.97,12:49:00,3,panel_soiling
893.3266515915849,31.651888193169334,1905.26,1848.11,81.38,12:50:00,3,panel_soiling
546.6250690290888,31.7130778236853,1224.13,1187.4,52.29,12:51:00,3,panel_soiling
888.2223690210978,31.77387017408948,1894.71,1837.87,80.93,12:52:00,3,panel_soiling
490.85321028163906,31.834259281794978,1107.11,1073.9,47.29,12:53:00,3,panel_soiling
882.950745318857,31.89423920758488,1883.85,1827.33,80.47,12:54:00,3,panel_soiling
880.253218322822,31.95380403657906,1878.31,1821.96,80.23,12:55:00,3,panel_soiling
402.0481254982203,32.012947879199935,917.15,889.63,39.18,12:56:00,3,panel_soiling
874.7368586617541,32.07166487213691,1867.01,1811.0,79.75,12:57:00,3,panel_soiling
871.9188921325031,32.12994917930938,1861.25,1805.42,79.5,12:58:00,3,panel_soiling
869.0616540129838,32.187794992827946,1855.42,1799.76,79.26,12:59:00,3,panel_soiling
866.1655903769655,32.24519653395377,1849.53,1794.04,79.0,13:00:00,3,panel_soiling
863.2311522931002,32.302148054055706,1843.56,1788.25,78.75,13:01:00,3,panel_soiling
860.2587957080732,32.35864383556509,1837.52,1782.39,78.49,13:02:00,3,panel_soiling
857.2489813287921,32.41467819292794,1831.41,1776.47,78.23,13:03:00,3,panel_soiling
279.47296336412154,32.47024547355426,646.86,627.46,27.63,13:04:00,3,panel_soiling
653.7814438178059,32.52534005876446,1437.17,1394.05,61.39,13:05:00,3,panel_soiling
334.71662054402236,32.579956364732325,768.65,745.59,32.83,13:06:00,3,panel_soiling
501.8763953602434,32.63408884342465,1126.29,1092.5,48.11,13:07:00,3,panel_soiling
841.6544854435832,32.68773198353706,1799.88,1745.89,76.88,13:08:00,3,panel_soiling
838.4298506492325,32.74088031142607,1793.38,1739.58,76.61,13:09:00,3,panel_soiling
613.7656703143304,32.793528392036755,1355.17,1314.52,57.89,13:10:00,3,panel_soiling
603.6539418101945,32.84567082982633,1334.42,1294.39,57.0,13:11:00,3,panel_soiling
828.5532698854016,32.89730226968295,1773.5,1720.3,75.76,13:12:00,3,panel_soiling
825.1951777449425,32.948417397839805,1766.76,1713.75,75.47,13:13:00,3,panel_soiling
821.8049752323453,32.999010942784146,1759.95,1707.15,75.18,13:14:00,3,panel_soiling
818.3831706962786,33.04907767616117,1753.08,1700.49,74.88,13:15:00,3,panel_soiling
814.9302756461175,33.09861241367233,1746.15,1693.77,74.59,13:16:00,3,panel_soiling
811.4468046251988,33.14761001596807,1739.17,1687.0,74.29,13:17:00,3,panel_soiling
572.899010364213,33.19606538953465,1269.9,1231.8,54.24,13:18:00,3,panel_soiling
614.9697335051748,33.24397348757489,1354.86,1314.21,57.87,13:19:00,3,panel_soiling
800.8181240106816,33.29132931088256,1717.89,1666.35,73.38,13:20:00,3,panel_soiling
542.7251224655022,33.338127908710334,1207.32,1171.1,51.57,13:21:00,3,panel_soiling
793.5890153233868,33.384364379630924,1703.42,1652.32,72.76,13:22:00,3,panel_soiling
330.45212915632607,33.43003387239136,756.51,733.81,32.31,13:23:00,3,panel_soiling
536.0507211405326,33.475131586760064,1192.85,1157.06,50.95,13:24:00,3,panel_soiling
782.540947077394,33.5196527743666,1681.33,1630.89,71.82,13:25:00,3,panel_soiling
778.805884309209,33.56359273953384,1673.87,1623.65,71.5,13:26:00,3,panel_soiling
775.045529821283,33.60694684010241,1666.36,1616.37,71.18,13:27:00,3,panel_soiling
503.0360535556055,33.64971048824713,1123.65,1089.94,48.0,13:28:00,3,panel_soiling
767.451105162892,33.691879151285306,1651.19,1601.65,70.53,13:29:00,3,panel_soiling
511.57898233297743,33.73344835247667,1140.96,1106.73,48.74,13:30:00,3,panel_soiling
759.7620063029776,33.77441367181473,1635.83,1586.75,69.88,13:31:00,3,panel_soiling
755.8833137380736,33.81477074680936,1628.08,1579.24,69.54,13:32:00,3,panel_soiling
751.9825863897148,33.8545152732605,1620.29,1571.68,69.21,13:33:00,3,panel_soiling
748.0603708529848,33.89364300602264,1612.46,1564.09,68.88,13:34:00,3,panel_soiling
744.1172144640991,33.93214975975998,1604.58,1556.45,68.54,13:35:00,3,panel_soiling
740.1536651750648,33.97003140969214,1596.67,1548.77,68.2,13:36:00,3,panel_soiling
736.1702714288236,34.00728389233004,1588.71,1541.05,67.86,13:37:00,3,panel_soiling
732.1675820349224,34.043903206202025,1580.71,1533.29,67.52,13:38:00,3,panel_soiling
728.1461460457468,34.079885412569816,1572.68,1525.5,67.18,13:39:00,3,panel_soiling
359.18974329926635,34.11522663613424,816.67,792.17,34.88,13:40:00,3,panel_soiling
720.0492309669644,34.149923065730555,1556.49,1509.8,66.49,13:41:00,3,panel_soiling
715.9748500910824,34.18397095501315,1548.35,1501.9,66.14,13:42:00,3,panel_soiling
250.7655389098579,34.21736662312946,578.31,560.96,24.7,13:43:00,3,panel_soiling
707.7769855393764,34.25010645538296,1531.95,1485.99,65.44,13:44:00,3,panel_soiling
703.6545982426865,34.282186903885034,1523.7,1477.99,65.09,13:45:00,3,panel_soiling
699.5173042564033,34.31360448819556,1515.42,1469.96,64.73,13:46:00,3,panel_soiling
695.3656502001002,34.34435579595208,1507.11,1461.9,64.38,13:47:00,3,panel_soiling
497.87443926885226,34.37443748348735,1109.35,1076.07,47.39,13:48:00,3,panel_soiling
687.021444041956,34.40384627643513,1490.39,1445.68,63.66,13:49:00,3,panel_soiling
682.8299805181343,34.43257897032413,1481.99,1437.53,63.3,13:50:00,3,panel_soiling
678.6263338510266,34.46063243115976,1473.56,1429.36,62.94,13:51:00,3,panel_soiling
224.3900648868683,34.488003595993845,518.71,503.15,22.16,13:52:00,3,panel_soiling
670.1846547591762,34.51468947348188,1456.62,1412.92,62.22,13:53:00,3,panel_soiling
665.9477005341452,34.54068714442777,1448.12,1404.67,61.86,13:54:00,3,panel_soiling
661.7007193443694,34.56599376231607,1439.58,1396.4,61.49,13:55:00,3,panel_soiling
376.08030900050613,34.59060655383128,851.33,825.79,36.37,13:56:00,3,panel_soiling
653.1788140970358,34.6145228193644,1422.45,1379.78,60.76,13:57:00,3,panel_soiling
648.9049543279629,34.63773993350637,1413.85,1371.44,60.39,13:58:00,3,panel_soiling
449.7740084359685,34.66025534552833,1007.59,977.36,43.04,13:59:00,3,panel_soiling
640.3340659377774,34.682066579848694,1396.6,1354.7,59.66,14:00:00,3,panel_soiling
636.0380889429224,34.70317123648674,1387.94,1346.3,59.29,14:01:00,3,panel_soiling
631.7357872888826,34.72356699150273,1379.26,1337.89,58.92,14:02:00,3,panel_soiling
340.13100339351,34.74325159742436,773.22,750.03,33.03,14:03:00,3,panel_soiling
623.1142868270689,34.76222288365954,1361.86,1321.01,58.17,14:04:00,3,panel_soiling
618.7961199210201,34.78047875689527,1353.14,1312.55,57.8,14:05:00,3,panel_soiling
614.4736919661988,34.79801720148257,1344.41,1304.07,57.43,14:06:00,3,panel_soiling
610.1475119714249,34.81483627980742,1335.65,1295.59,57.05,14:07:00,3,panel_soiling
383.53372627644427,34.8309341326475,866.41,840.42,37.01,14:08:00,3,panel_soiling
601.485917078034,34.8463089795147,1318.12,1278.57,56.3,14:09:00,3,panel_soiling
597.1515051048505,34.86095911898339,1309.33,1270.05,55.93,14:10:00,3,panel_soiling
592.8153467641151,34.874882929004116,1300.54,1261.52,55.55,14:11:00,3,panel_soiling
588.4779354370786,34.88807886720304,1291.74,1252.99,55.18,14:12:00,3,panel_soiling
584.1397611171278,34.90054547116658,1282.93,1244.44,54.8,14:13:00,3,panel_soiling
579.801310325939,34.91228135871158,1274.11,1235.89,54.42,14:14:00,3,panel_soiling
575.4630660312074,34.9232852281407,1265.29,1227.33,54.05,14:15:00,3,panel_soiling
335.1970791101465,34.93355585848302,761.89,739.03,32.54,14:16:00,3,panel_soiling
566.7891105495451,34.94309210971986,1247.62,1210.19,53.29,14:17:00,3,panel_soiling
562.4543468100735,34.95189292299568,1238.79,1201.62,52.92,14:18:00,3,panel_soiling
441.52932657052077,34.95995732081401,988.94,959.27,42.24,14:19:00,3,panel_soiling
190.9773852751744,34.96728440721837,442.54,429.26,18.9,14:20:00,3,panel_soiling
302.57033060657545,34.97387336795825,690.66,669.94,29.5,14:21:00,3,panel_soiling
321.4117041948232,34.979723470639826,731.78,709.83,31.26,14:22:00,3,panel_soiling
237.71873132306922,34.9848340648617,547.37,530.95,23.38,14:23:00,3,panel_soiling
536.5059891221824,34.989204582335404,1185.75,1150.17,50.65,14:24:00,3,panel_soiling
532.1955355495587,34.9928345369907,1176.91,1141.6,50.27,14:25:00,3,panel_soiling
527.890344649182,34.99572352506571,1168.08,1133.03,49.9,14:26:00,3,panel_soiling
523.5908509175493,34.99787122518174,1159.25,1124.47,49.52,14:27:00,3,panel_soiling
519.2974843774092,34.99927739840285,1150.43,1115.91,49.14,14:28:00,3,panel_soiling
515.0106705188996,34.99994188828021,1141.61,1107.36,48.76,14:29:00,3,panel_soiling
510.7308302424214,34.999864620881056,1132.8,1098.81,48.39,14:30:00,3,panel_soiling
506.4583798032541,34.99904560480244,1124.0,1090.28,48.01,14:31:00,3,panel_soiling
502.19373075791566,34.9974849311696,1115.2,1081.74,47.64,14:32:00,3,panel_soiling
497.93728991227295,34.99518277361909,1106.42,1073.22,47.26,14:33:00,3,panel_soiling
493.68945927140146,34.99213938826658,1097.64,1064.71,46.89,14:34:00,3,panel_soiling
489.4506359911998,34.98835511365934,1088.88,1056.21,46.51,14:35:00,3,panel_soiling
157.56196015486339,34.98383037071352,366.71,355.71,15.66,14:36:00,3,panel_soiling
481.0015756124822,34.97856566263607,1071.38,1039.24,45.76,14:37:00,3,panel_soiling
228.91541120344087,34.972561574831545,527.75,511.92,22.54,14:38:00,3,panel_soiling
472.59318731164507,34.965818774793505,1053.94,1022.33,45.02,14:39:00,3,panel_soiling
468.4051852861431,34.95833801198094,1045.25,1013.89,44.65,14:40:00,3,panel_soiling
464.2284692354444,34.95012011767941,1036.56,1005.47,44.28,14:41:00,3,panel_soiling
246.93076063693368,34.94116600484704,567.99,550.95,24.26,14:42:00,3,panel_soiling
174.56722396008357,34.931476667945546,405.46,393.3,17.32,14:43:00,3,panel_soiling
451.76963107590456,34.921053182756104,1010.62,980.3,43.17,14:44:00,3,panel_soiling
447.64162707363454,34.90989670618035,1002.0,971.94,42.8,14:45:00,3,panel_soiling
443.52666701810585,34.898008476026284,993.41,963.61,42.43,14:46:00,3,panel_soiling
439.42508673879564,34.88538981077949,984.83,955.29,42.07,14:47:00,3,panel_soiling
435.33721674616476,34.87204210935934,976.28,946.99,41.7,14:48:00,3,panel_soiling
431.26338220763927,34.85796685086056,967.75,938.72,41.34,14:49:00,3,panel_soiling
427.2039029252955,34.84316559428005,959.24,930.46,40.97,14:50:00,3,panel_soiling
423.1590933152374,34.82763997822912,950.75,922.23,40.61,14:51:00,3,panel_soiling
419.1292623886591,34.81139172063112,942.29,914.02,40.25,14:52:00,3,panel_soiling
415.11471373458295,34.79442261840466,933.85,905.83,39.89,14:53:00,3,panel_soiling
314.29429099968723,34.77673454713238,716.9,695.39,30.62,14:54:00,3,panel_soiling
407.1326503972342,34.75832946071547,917.04,889.53,39.17,14:55:00,3,panel_soiling
403.1657156490279,34.739209391013986,908.68,881.42,38.81,14:56:00,3,panel_soiling
279.01930188117007,34.71937644747293,639.64,620.45,27.32,14:57:00,3,panel_soiling
395.2814487887227,34.69883281673448,892.03,865.27,38.1,14:58:00,3,panel_soiling
164.24354469768872,34.67758076223613,382.42,370.95,16.34,14:59:00,3,panel_soiling
387.46513316224735,34.655622623795125,875.49,849.23,37.4,15:00:00,3,panel_soiling
383.58311684405845,34.6329608171791,867.27,841.25,37.05,15:01:00,3,panel_soiling
379.7188690687145,34.609597833663194,859.07,833.3,36.7,15:02:00,3,panel_soiling
375.8726386146634,34.585536239573585,850.91,825.38,36.35,15:03:00,3,panel_soiling
372.0446687555717,34.5607786758177,842.77,817.49,36.0,15:04:00,3,panel_soiling
368.2351972622234,34.53532785740121,834.67,809.63,35.65,15:05:00,3,panel_soiling
364.4444564059221,34.50918657293177,826.6,801.8,35.31,15:06:00,3,panel_soiling
150.9517334956692,34.48235768410991,352.39,341.81,15.05,15:07:00,3,panel_soiling
356.92006822307934,34.454844125206925,810.56,786.24,34.62,15:08:00,3,panel_soiling
353.186857993081,34.42664890253011,802.58,778.51,34.28,15:09:00,3,panel_soiling
349.47325261027663,34.39777509387535,794.65,770.81,33.94,15:10:00,3,panel_soiling
122.86830164936573,34.36822584796725,288.03,279.39,12.3,15:11:00,3,panel_soiling
342.10567044335113,34.33800438388694,778.88,755.51,33.27,15:12:00,3,panel_soiling
338.4520870801226,34.307113990487736,771.04,747.91,32.94,15:13:00,3,panel_soiling
334.8188954341235,34.275558025798745,763.25,740.35,32.6,15:14:00,3,panel_soiling
331.2062786740685,34.24333991641657,755.49,732.82,32.27,15:15:00,3,panel_soiling
327.6144145820995,34.210463156885396,747.77,725.33,31.94,15:16:00,3,panel_soiling
324.0434755725579,34.17693130906533,740.08,717.88,31.61,15:17:00,3,panel_soiling
320.4936287120382,34.14274800148955,732.44,710.46,31.29,15:18:00,3,panel_soiling
132.71042617967146,34.10791692871004,311.04,301.71,13.29,15:19:00,3,panel_soiling
313.4578530948436,34.07244185063233,717.26,695.74,30.64,15:20:00,3,panel_soiling
309.9722319306453,34.03632659183932,709.73,688.43,30.32,15:21:00,3,panel_soiling
306.50831814917143,33.999575040904354,702.23,681.17,30.0,15:22:00,3,panel_soiling
303.0662524225077,33.96219114969371,694.78,673.94,29.68,15:23:00,3,panel_soiling
199.95623879804583,33.92417893265871,464.86,450.91,19.86,15:24:00,3,panel_soiling
296.2482018420351,33.88554246611767,680.0,659.6,29.05,15:25:00,3,panel_soiling
292.8724724389027,33.8462858875277,672.67,652.49,28.73,15:26:00,3,panel_soiling
182.96652983948127,33.806413394746755,426.53,413.74,18.22,15:27:00,3,panel_soiling
286.1882056407854,33.765929245285975,658.14,638.4,28.11,15:28:00,3,panel_soiling
165.69154987911935,33.72483775555253,387.28,375.66,16.54,15:29:00,3,panel_soiling
279.5942693716417,33.68314330008322,643.78,624.46,27.5,15:30:00,3,panel_soiling
190.47402388848863,33.64085031076892,443.9,430.59,18.96,15:31:00,3,panel_soiling
273.09148294703573,33.597963276070104,629.58,610.7,26.89,15:32:00,3,panel_soiling
269.87450530107975,33.55448674022373,622.55,603.87,26.59,15:33:00,3,panel_soiling
190.68847297233017,33.51042530244154,444.64,431.3,18.99,15:34:00,3,panel_soiling
263.5098071483653,33.46578361610004,608.62,590.36,26.0,15:35:00,3,panel_soiling
260.3622425736889,33.42056638792236,601.72,583.67,25.7,15:36:00,3,panel_soiling
257.23796367494487,33.374778377152225,594.86,577.02,25.41,15:37:00,3,panel_soiling
199.70363967276455,33.32842439472019,465.46,451.5,19.88,15:38:00,3,panel_soiling
251.05952266601702,33.28150930240228,581.29,563.85,24.83,15:39:00,3,panel_soiling
248.00547880680026,33.23403801197147,574.57,557.33,24.54,15:40:00,3,panel_soiling
244.97495721159646,33.18601548434195,567.89,550.86,24.26,15:41:00,3,panel_soiling
241.96800557161595,33.13744672870651,561.26,544.43,23.97,15:42:00,3,panel_soiling
137.55249860043102,33.088336801667275,323.57,313.87,13.82,15:43:00,3,panel_soiling
236.02498049981145,33.03869080635995,548.14,531.7,23.41,15:44:00,3,panel_soiling
104.18436864979101,32.9885138915718,246.26,238.87,10.52,15:45:00,3,panel_soiling
230.17669607473889,32.93781125085355,535.21,519.15,22.86,15:46:00,3,panel_soiling
82.79459323153915,32.88658812162553,196.33,190.44,8.39,15:47:00,3,panel_soiling
224.42337510788755,32.83484978427811,522.46,506.78,22.32,15:48:00,3,panel_soiling
221.58237687483722,32.7826015612668,516.15,500.67,22.05,15:49:00,3,panel_soiling
218.7651722692733,32.729848816202086,509.9,494.6,21.78,15:50:00,3,panel_soiling
215.97177023496383,32.6765969529344,503.69,488.58,21.52,15:51:00,3,panel_soiling
119.78113581966015,32.622851414634226,282.98,274.49,12.09,15:52:00,3,panel_soiling
210.45638940057663,32.56861768286774,491.41,476.67,20.99,15:53:00,3,panel_soiling
207.73440838621514,32.513901276668136,485.34,470.78,20.73,15:54:00,3,panel_soiling
205.0362256174437,32.4587077516028,479.32,464.94,20.47,15:55:00,3,panel_soiling
202.36183024487474,32.403042698836664,473.35,459.15,20.22,15:56:00,3,panel_soiling
199.71120761627822,32.346911744191885,467.42,453.4,19.97,15:57:00,3,panel_soiling
197.08433932942268,32.290320547204075,461.54,447.7,19.72,15:58:00,3,panel_soiling
115.82468851466085,32.23327480017535,274.22,265.99,11.71,15:59:00,3,panel_soiling
95.01779425721521,32.17578022722432,225.63,218.86,9.64,16:00:00,3,panel_soiling
189.3460213661184,32.11784258333339,444.2,430.87,18.97,16:01:00,3,panel_soiling
69.61156542271674,32.05946765339344,165.92,160.95,7.09,16:02:00,3,panel_soiling
100.83199479119332,32.000661251246214,239.43,232.24,10.23,16:03:00,3,panel_soiling
74.06218842841008,31.941429218724565,176.52,171.22,7.54,16:04:00,3,panel_soiling
88.06489671651626,31.881777424690846,209.56,203.27,8.95,16:05:00,3,panel_soiling
176.92114597399288,31.821711764073562,416.25,403.76,17.78,16:06:00,3,panel_soiling
174.5066464752934,31.7612381569027,410.8,398.48,17.55,16:07:00,3,panel_soiling
172.11552288974514,31.700362547343687,405.4,393.24,17.32,16:08:00,3,panel_soiling
92.02832109021666,31.63909090273038,219.1,212.53,9.36,16:09:00,3,panel_soiling
132.03471092737448,31.57742921259732,312.79,303.41,13.36,16:10:00,3,panel_soiling
165.08183137631164,31.515383487711347,389.5,377.81,16.64,16:11:00,3,panel_soiling
162.7836199545273,31.452959759102892,384.29,372.76,16.42,16:12:00,3,panel_soiling
51.945601631573744,31.390164077097054,124.44,120.71,5.32,16:13:00,3,panel_soiling
158.25632144261104,31.32700251034484,374.02,362.8,15.98,16:14:00,3,panel_soiling
156.02708953572412,31.26348114485468,368.96,357.89,15.76,16:15:00,3,panel_soiling
153.82070134561906,31.1996060830244,363.95,353.03,15.55,16:16:00,3,panel_soiling
151.63707759049132,31.135383442673895,358.98,348.21,15.33,16:17:00,3,panel_soiling
149.47613633957766,31.070819356078797,354.06,343.44,15.12,16:18:00,3,panel_soiling
55.86884510811225,31.005919969005273,133.99,129.97,5.72,16:19:00,3,panel_soiling
145.22196071670544,30.940691439746114,344.36,334.03,14.71,16:20:00,3,panel_soiling
143.12854973937766,30.875139938158398,339.58,329.39,14.51,16:21:00,3,panel_soiling
141.0574681664865,30.809271644702932,334.85,324.8,14.3,16:22:00,3,panel_soiling
139.0086216562749,30.743092749485726,330.16,320.26,14.1,16:23:00,3,panel_soiling
83.87011994381231,30.676609451301527,200.69,194.67,8.57,16:24:00,3,panel_soiling
134.9772449307993,30.60982795667975,320.94,311.31,13.71,16:25:00,3,panel_soiling
132.9945146707634,30.54275447893308,316.39,306.9,13.51,16:26:00,3,panel_soiling
131.03361949331,30.475395237208787,311.89,302.54,13.32,16:27:00,3,panel_soiling
129.0944540237296,30.407756455543012,307.44,298.22,13.13,16:28:00,3,panel_soiling
127.17691084415723,30.339844361918242,303.04,293.94,12.94,16:29:00,3,panel_soiling
125.28088054753535,30.27166518732416,298.68,289.72,12.76,16:30:00,3,panel_soiling
123.40625179132468,30.203225164822104,294.36,285.53,12.57,16:31:00,3,panel_soiling
121.55291135095003,30.134530528613208,290.09,281.39,12.39,16:32:00,3,panel_soiling
119.72074417296592,30.0655875131105,285.87,277.29,12.21,16:33:00,3,panel_soiling
41.23285499564333,29.996402352015174,99.49,96.5,4.25,16:34:00,3,panel_soiling
61.20188184852249,29.926981277397232,147.33,142.91,6.29,16:35:00,3,panel_soiling
90.3073439793641,29.857330518780515,216.64,210.15,9.25,16:36:00,3,panel_soiling
67.50084200118822,29.78745630223245,162.46,157.58,6.94,16:37:00,3,panel_soiling
110.87335896363642,29.717364849458754,265.43,257.47,11.34,16:38:00,3,panel_soiling
63.77526715347261,29.647062376903115,153.65,149.04,6.56,16:39:00,3,panel_soiling
107.47840100515435,29.57655509485214,257.57,249.84,11.0,16:40:00,3,panel_soiling
105.81127583988406,29.505849206545573,253.7,246.09,10.84,16:41:00,3,panel_soiling
104.1642147747558,29.434950907292276,249.88,242.38,10.67,16:42:00,3,panel_soiling
102.5370873213103,29.363866383591848,246.1,238.71,10.51,16:43:00,3,panel_soiling
60.683266081471956,29.29260181226213,146.47,142.08,6.26,16:44:00,3,panel_soiling
99.34210501428234,29.221163359572806,238.67,231.51,10.19,16:45:00,3,panel_soiling
66.24036488831435,29.149557180385226,159.87,155.07,6.83,16:46:00,3,panel_soiling
96.22526056683154,29.077789417298717,231.41,224.47,9.88,16:47:00,3,panel_soiling
94.69580123462457,29.005866199803293,227.84,221.01,9.73,16:48:00,3,panel_soiling
93.1854676915246,28.933793643439145,224.32,217.59,9.58,16:49:00,3,panel_soiling
91.69412159761286,28.861577848963,220.84,214.21,9.43,16:50:00,3,panel_soiling
90.22162367966465,28.789224901521514,217.4,210.87,9.29,16:51:00,3,panel_soiling
88.76783377682777,28.71674086983175,214.0,207.58,9.14,16:52:00,3,panel_soiling
87.33261088581388,28.644131805368968,210.64,204.32,9.0,16:53:00,3,panel_soiling
85.91581320559597,28.571403741561912,207.32,201.1,8.86,16:54:00,3,panel_soiling
84.51729818160527,28.49856269299567,204.04,197.92,8.72,16:55:00,3,panel_soiling
83.13692254941836,28.425614654622215,200.81,194.78,8.58,16:56:00,3,panel_soiling
81.77454237793053,28.35256560097878,197.61,191.68,8.44,16:57:00,3,panel_soiling
80.43001311201037,28.279421485414282,194.45,188.62,8.31,16:58:00,3,panel_soiling
54.27537478345571,28.206188239323865,131.7,127.75,5.63,16:59:00,3,panel_soiling
49.85113592939452,28.132871771391628,121.07,117.43,5.17,17:00:00,3,panel_soiling
76.50207671691732,28.059477966841694,185.21,179.66,7.91,17:01:00,3,panel_soiling
75.22749450472622,27.986012686697837,182.21,176.75,7.78,17:02:00,3,panel_soiling
73.97003251784716,27.91248176705171,179.25,173.87,7.66,17:03:00,3,panel_soiling
72.72954332292763,27.8388910183397,176.33,171.04,7.53,17:04:00,3,panel_soiling
71.5058791461687,27.76524622462867,173.44,168.23,7.41,17:05:00,3,panel_soiling
70.29889191164143,27.691553142910607,170.59,165.47,7.29,17:06:00,3,panel_soiling
51.69978530645861,27.617817502406382,125.79,122.02,5.37,17:07:00,3,panel_soiling
67.93435468088616,27.544045003878566,165.0,160.05,7.05,17:08:00,3,panel_soiling
26.266687929737714,27.470241318953473,64.15,62.23,2.74,17:09:00,3,panel_soiling
65.63474240122756,27.396412089452618,159.56,154.77,6.82,17:10:00,3,panel_soiling
64.50891077562672,27.32256292673362,156.89,152.18,6.7,17:11:00,3,panel_soiling
63.39886336667062,27.24869941104053,154.26,149.63,6.59,17:12:00,3,panel_soiling
62.30445100894174,27.174827090863797,151.66,147.11,6.48,17:13:00,3,panel_soiling
61.22552452102382,27.10095148230999,149.1,144.63,6.37,17:14:00,3,panel_soiling
60.16193473868699,27.027078068481284,146.57,142.18,6.26,17:15:00,3,panel_soiling
59.11353254749407,26.953212298864745,144.08,139.76,6.15,17:16:00,3,panel_soiling
58.08016891482709,26.87935958873155,141.62,137.38,6.05,17:17:00,3,panel_soiling
57.061694921335366,26.80552531854628,139.2,135.02,5.95,17:18:00,3,panel_soiling
25.31847711261541,26.73171483338625,62.03,60.17,2.65,17:19:00,3,panel_soiling
22.274418275483406,26.657933442370975,54.61,52.97,2.33,17:20:00,3,panel_soiling
40.85316832372606,26.584186418101787,99.95,96.96,4.27,17:21:00,3,panel_soiling
53.13372262879469,26.510478996111807,129.84,125.94,5.55,17:22:00,3,panel_soiling
52.187469133506504,26.43681637432624,127.58,123.75,5.45,17:23:00,3,panel_soiling
28.51601722080252,26.363203712532957,69.94,67.84,2.99,17:24:00,3,panel_soiling
50.33681541724568,26.28964613186353,123.16,119.46,5.26,17:25:00,3,panel_soiling
20.878646069736778,26.216148714284806,51.29,49.75,2.19,17:26:00,3,panel_soiling
48.540985848503055,26.142716502100985,118.86,115.3,5.08,17:27:00,3,panel_soiling
47.66326392539404,26.0693544974662,116.76,113.26,4.99,17:28:00,3,panel_soiling
24.13297470115142,25.996067661907738,59.31,57.53,2.53,17:29:00,3,panel_soiling
45.94747700845352,25.92286091585988,112.65,109.27,4.81,17:30:00,3,panel_soiling
45.1091218480474,25.849739138208527,110.64,107.32,4.73,17:31:00,3,panel_soiling
44.28359958117638,25.776707165846354,108.65,105.4,4.64,17:32:00,3,panel_soiling
30.444444221208247,25.703769793238777,74.85,72.61,3.2,17:33:00,3,panel_soiling
42.670478906273026,25.630931772000693,104.78,101.64,4.48,17:34:00,3,panel_soiling
41.88259445406577,25.558197810483996,102.89,99.8,4.39,17:35:00,3,panel_soiling
30.43824474323637,25.485572573375876,74.9,72.65,3.2,17:36:00,3,panel_soiling
40.34346653401073,25.41306068130784,99.18,96.21,4.24,17:37:00,3,panel_soiling
39.591940568022636,25.34066671047571,97.37,94.45,4.16,17:38:00,3,panel_soiling
14.684220028968543,25.26839519227039,36.24,0.0,0.0,17:39:00,3,panel_soiling
38.12426315712638,25.196250612919435,93.83,91.02,4.01,17:40:00,3,panel_soiling
37.407833116500946,25.12423741313947,92.11,89.34,3.93,17:41:00,3,panel_soiling
36.70282427073802,25.052359987799505,90.4,87.69,3.86,17:42:00,3,panel_soiling
36.00909907151529,24.980622685595094,88.73,86.07,3.79,17:43:00,3,panel_soiling
35.326520701207066,24.909029808733273,87.08,84.47,3.72,17:44:00,3,panel_soiling
10.541074244386781,24.837585612628338,26.07,0.0,0.0,17:45:00,3,panel_soiling
33.99426092787097,24.766294305608497,83.86,81.34,3.58,17:46:00,3,panel_soiling
33.34430968761246,24.695160048633333,82.28,79.82,3.51,17:47:00,3,panel_soiling
22.958275313365657,24.62418695502201,56.74,55.04,2.42,17:48:00,3,panel_soiling
32.07609583165965,24.55337909019224,79.21,76.84,3.38,17:49:00,3,panel_soiling
31.45756817870817,24.482740471410075,77.71,75.38,3.32,17:50:00,3,panel_soiling
12.837640590605336,24.412275067550446,31.8,0.0,0.0,17:51:00,3,panel_soiling
30.251015067678512,24.34198679886832,74.79,72.54,3.19,17:52:00,3,panel_soiling
29.662729616640544,24.271879536780546,73.36,71.16,3.13,17:53:00,3,panel_soiling
29.084266351249774,24.201957103658433,71.95,69.79,3.07,17:54:00,3,panel_soiling
28.51549745933068,24.1322232726309,70.57,68.45,3.01,17:55:00,3,panel_soiling
27.956296022595915,24.062681767398175,69.21,67.13,2.96,17:56:00,3,panel_soiling
27.40653602713082,23.99333626205602,67.87,65.84,2.9,17:57:00,3,panel_soiling
26.8660923734237,23.924190380930526,66.56,64.56,2.84,17:58:00,3,panel_soiling
26.334840885947543,23.855247698423337,65.26,63.3,2.79,17:59:00,3,panel_soiling
25.812658322297924,23.78651173886727,63.99,62.07,2.73,18:00:00,3,panel_soiling
25.299422381893706,23.717985976392228,62.74,60.86,2.68,18:01:00,3,panel_soiling
12.81121463107962,23.64967383480157,31.83,0.0,0.0,18:02:00,3,panel_soiling
24.299305926803587,23.581578687458656,60.3,58.49,2.58,18:03:00,3,panel_soiling
13.383207292191255,23.513703857183593,33.26,0.0,0.0,18:04:00,3,panel_soiling
8.195033704409749,23.446052616160106,20.39,0.0,0.0,18:05:00,3,panel_soiling
22.86322844221719,23.378628185852552,56.79,55.09,2.43,18:06:00,3,panel_soiling
22.401157659953828,23.311433736932965,55.66,53.99,2.38,18:07:00,3,panel_soiling
21.94720440962586,23.244472389218018,54.55,52.92,2.33,18:08:00,3,panel_soiling
21.50125418790634,23.177747211615856,53.46,51.86,2.28,18:09:00,3,panel_soiling
21.063193492883304,23.111261222082828,52.39,50.82,2.24,18:10:00,3,panel_soiling
20.632909828711615,23.045017387589997,51.33,49.79,2.19,18:11:00,3,panel_soiling
11.26079466668949,22.97901862409925,28.06,0.0,0.0,18:12:00,3,panel_soiling
14.169394783752477,22.91326779654904,35.3,0.0,0.0,18:13:00,3,panel_soiling
19.387611241178917,22.84776771884972,48.28,0.0,0.0,18:14:00,3,panel_soiling
12.8242853150034,22.782521153888347,31.97,0.0,0.0,18:15:00,3,panel_soiling
10.469733724378742,22.717530813542798,26.12,0.0,0.0,18:16:00,3,panel_soiling
18.20835349116503,22.65279935870519,45.39,0.0,0.0,18:17:00,3,panel_soiling
17.829444476874585,22.58832939931461,44.46,0.0,0.0,18:18:00,3,panel_soiling
6.463022828076215,22.524123494398918,16.14,0.0,0.0,18:19:00,3,panel_soiling
17.092264319768958,22.460184152125596,42.64,0.0,0.0,18:20:00,3,panel_soiling
16.733787627707663,22.39651382986154,41.76,0.0,0.0,18:21:00,3,panel_soiling
16.381917883318554,22.333114934241777,40.89,0.0,0.0,18:22:00,3,panel_soiling
16.036554897294042,22.26998982124698,40.04,0.0,0.0,18:23:00,3,panel_soiling
15.697599515296686,22.207140796289586,39.21,0.0,0.0,18:24:00,3,panel_soiling
8.797616657601502,22.14457011430857,22.0,0.0,0.0,18:25:00,3,panel_soiling
6.0065893300639015,22.082279979872688,15.03,0.0,0.0,18:26:00,3,panel_soiling
14.718202972903764,22.020272547292215,36.79,0.0,0.0,18:27:00,3,panel_soiling
14.403907157513398,21.95854992073887,36.02,0.0,0.0,18:28:00,3,panel_soiling
10.058057140520368,21.89711415437401,25.17,0.0,0.0,18:29:00,3,panel_soiling
13.793004615069556,21.8359672524849,34.51,0.0,0.0,18:30:00,3,panel_soiling
13.496213009230493,21.775111169629085,33.78,0.0,0.0,18:31:00,3,panel_soiling
13.20507297473255,21.71454781078657,33.06,0.0,0.0,18:32:00,3,panel_soiling
12.919494639570143,21.65427903151976,32.35,0.0,0.0,18:33:00,3,panel_soiling
12.63938915472607,21.59430663814123,31.66,0.0,0.0,18:34:00,3,panel_soiling
12.364668691604834,21.534632387889026,30.98,0.0,0.0,18:35:00,3,panel_soiling
12.095246439240402,21.47525798910941,30.31,0.0,0.0,18:36:00,3,panel_soiling
11.831036601284792,21.41618510144699,29.66,0.0,0.0,18:37:00,3,panel_soiling
4.673524124122384,21.35741533604217,11.73,0.0,0.0,18:38:00,3,panel_soiling
8.145979383252397,21.29895025573571,20.44,0.0,0.0,18:39:00,3,panel_soiling
5.659489035430704,21.240791375280367,14.21,0.0,0.0,18:40:00,3,panel_soiling
10.824640791850133,21.182940161559383,27.16,0.0,0.0,18:41:00,3,panel_soiling
3.282622991005828,21.125398033811905,8.25,0.0,0.0,18:42:00,3,panel_soiling
10.3505606668574,21.068166363865064,25.99,0.0,0.0,18:43:00,3,panel_soiling
10.120519931492812,21.011246476372662,25.42,0.0,0.0,18:44:00,3,panel_soiling
3.3263915574147496,20.95463964906029,8.36,0.0,0.0,18:45:00,3,panel_soiling
9.674048049015251,20.898347112976868,24.31,0.0,0.0,18:46:00,3,panel_soiling
4.4613953412877905,20.84237005275245,11.22,0.0,0.0,18:47:00,3,panel_soiling
9.24521492306763,20.786709606862125,23.24,0.0,0.0,18:48:00,3,panel_soiling
9.037226265574583,20.731366867895897,22.72,0.0,0.0,18:49:00,3,panel_soiling
8.8334252658826,20.67634288283456,22.22,0.0,0.0,18:50:00,3,panel_soiling
8.633739906686117,20.621638653331328,21.72,0.0,0.0,18:51:00,3,panel_soiling
8.438099117609704,20.56725513599909,21.23,0.0,0.0,18:52:00,3,panel_soiling
8.246432769437677,20.513193242703224,20.76,0.0,0.0,18:53:00,3,panel_soiling
8.058671668215696,20.459453840859876,20.29,0.0,0.0,18:54:00,3,panel_soiling
7.874747549228971,20.406037753739557,19.83,0.0,0.0,18:55:00,3,panel_soiling
7.694593070861715,20.352945760775885,19.38,0.0,0.0,18:56:00,3,panel_soiling
7.518141808342771,20.300178597879395,18.94,0.0,0.0,18:57:00,3,panel_soiling
7.345328247382227,20.24773695775636,18.51,0.0,0.0,18:58:00,3,panel_soiling
7.176087777703407,20.195621490232455,18.09,0.0,0.0,18:59:00,3,panel_soiling
7.010356686474667,20.143832802581052,17.67,0.0,0.0,19:00:00,3,panel_soiling
6.848072151645622,20.092371459856174,17.27,0.0,0.0,19:01:00,3,panel_soiling
6.689172235192287,20.0412379852299,16.87,0.0,0.0,19:02:00,3,panel_soiling
6.533595876275413,19.990432860334195,16.48,0.0,0.0,19:03:00,3,panel_soiling
3.502586014939554,19.939956525606892,8.84,0.0,0.0,19:04:00,3,panel_soiling
3.659556764514366,19.889809380641807,9.24,0.0,0.0,19:05:00,3,panel_soiling
2.901492752568513,19.839991784542896,7.33,0.0,0.0,19:06:00,3,panel_soiling
1.8752202421627926,19.790504056282302,4.74,0.0,0.0,19:07:00,3,panel_soiling
3.07840475793578,19.741346475062105,7.78,0.0,0.0,19:08:00,3,panel_soiling
5.666621788403462,19.692519280679743,14.31,0.0,0.0,19:09:00,3,panel_soiling
5.532672839246964,19.644022673896973,13.98,0.0,0.0,19:10:00,3,panel_soiling
3.673622990148343,19.59585681681225,9.28,0.0,0.0,19:11:00,3,panel_soiling
5.273318863949486,19.548021833236383,13.33,0.0,0.0,19:12:00,3,panel_soiling
3.1156650817350795,19.500517809071304,7.88,0.0,0.0,19:13:00,3,panel_soiling
5.025004227430907,19.453344792692008,12.71,0.0,0.0,19:14:00,3,panel_soiling
2.4171375057035616,19.40650279533138,6.11,0.0,0.0,19:15:00,3,panel_soiling
4.78731700115134,19.359991791467827,12.11,0.0,0.0,19:16:00,3,panel_soiling
4.672333367864522,19.313811719215618,11.82,0.0,0.0,19:17:00,3,panel_soiling
4.559857771305333,19.267962480717856,11.54,0.0,0.0,19:18:00,3,panel_soiling
4.449842199991834,19.222443942541936,11.26,0.0,0.0,19:19:00,3,panel_soiling
4.342239393901024,19.177255936077316,10.99,0.0,0.0,19:20:00,3,panel_soiling
1.39339825506938,19.13239825793557,3.53,0.0,0.0,19:21:00,3,panel_soiling
4.134086748126016,19.087870670352583,10.47,0.0,0.0,19:22:00,3,panel_soiling
1.8161108035772655,19.0436729015928,4.6,0.0,0.0,19:23:00,3,panel_soiling
2.1724466837879772,18.99980464635535,5.5,0.0,0.0,19:24:00,3,panel_soiling
1.208038938290916,18.956265566181976,3.06,0.0,0.0,19:25:00,3,panel_soiling
2.6088353131448914,18.913055289866687,6.61,0.0,0.0,19:26:00,3,panel_soiling
3.652761558501108,18.87017341386702,9.26,0.0,0.0,19:27:00,3,panel_soiling
3.5628471271998787,18.82761950271673,9.03,0.0,0.0,19:28:00,3,panel_soiling
3.474952654896266,18.78539308943986,8.81,0.0,0.0,19:29:00,3,panel_soiling
3.3890379684811225,18.743493675966107,8.59,0.0,0.0,19:30:00,3,panel_soiling
3.3050635606659933,18.70192073354735,8.38,0.0,0.0,19:31:00,3,panel_soiling
2.573323372874833,18.66067370317519,6.53,0.0,0.0,19:32:00,3,panel_soiling
3.1427808341208223,18.61975199599946,7.97,0.0,0.0,19:33:00,3,panel_soiling
1.3865837352372479,18.5791549937476,3.52,0.0,0.0,19:34:00,3,panel_soiling
2.9878014380635807,18.538882049144778,7.58,0.0,0.0,19:35:00,3,panel_soiling
2.038886421334834,18.498932486334635,5.18,0.0,0.0,19:36:00,3,panel_soiling
2.839832491972762,18.459305601300557,7.21,0.0,0.0,19:37:00,3,panel_soiling
1.731514400332252,18.42000066228742,4.4,0.0,0.0,19:38:00,3,panel_soiling
2.6985910253602547,18.381016910223735,6.85,0.0,0.0,19:39:00,3,panel_soiling
2.6304073179789875,18.342353559143913,6.68,0.0,0.0,19:40:00,3,panel_soiling
1.3719050998574214,18.30400979661077,3.49,0.0,0.0,19:41:00,3,panel_soiling
1.5648641968609376,18.265984784138073,3.98,0.0,0.0,19:42:00,3,panel_soiling
2.4352067292482613,18.228277657613084,6.19,0.0,0.0,19:43:00,3,panel_soiling
2.373149638923678,18.19088752771889,6.03,0.0,0.0,19:44:00,3,panel_soiling
2.3125453107681433,18.153813480356572,5.88,0.0,0.0,19:45:00,3,panel_soiling
2.253363301745348,18.117054577067048,5.73,0.0,0.0,19:46:00,3,panel_soiling
2.1955737127449653,18.080609855452533,5.58,0.0,0.0,19:47:00,3,panel_soiling
2.1391471812306033,18.04447832959747,5.44,0.0,0.0,19:48:00,3,panel_soiling
2.0840548739287463,18.008658990488904,5.3,0.0,0.0,19:49:00,3,panel_soiling
2.030268479560149,17.973150806436166,5.16,0.0,0.0,19:50:00,3,panel_soiling
1.9777602016148852,17.937952723489886,5.03,0.0,0.0,19:51:00,3,panel_soiling
1.007040651259974,17.903063665860074,2.56,0.0,0.0,19:52:00,3,panel_soiling
1.1671262936202922,17.868482536333325,2.97,0.0,0.0,19:53:00,3,panel_soiling
1.8276336723028073,17.83420821668904,4.65,0.0,0.0,19:54:00,3,panel_soiling
1.779969940013561,17.800239568114566,4.53,0.0,0.0,19:55:00,3,panel_soiling
1.7334528134754343,17.766575431619167,4.41,0.0,0.0,19:56:00,3,panel_soiling
0.7922166799842904,17.733214628446742,2.02,0.0,0.0,19:57:00,3,panel_soiling
1.643759415088372,17.70015596048727,4.19,0.0,0.0,19:58:00,3,panel_soiling
0.8080768532282212,17.667398210686866,2.06,0.0,0.0,19:59:00,3,panel_soiling
1.558360166229411,17.634940143456348,3.97,0.0,0.0,20:00:00,3,panel_soiling
0.8657904811281416,17.602780505078286,2.21,0.0,0.0,20:01:00,3,panel_soiling
1.0900150745556254,17.57091802411243,2.78,0.0,0.0,20:02:00,3,panel_soiling
1.4379076975383986,17.539351411799533,3.66,0.0,0.0,20:03:00,3,panel_soiling
1.3997068133457449,17.50807936246333,3.57,0.0,0.0,20:04:00,3,panel_soiling
1.0159192046708179,17.477100553910763,2.59,0.0,0.0,20:05:00,3,panel_soiling
1.326101387829241,17.446413647830312,3.38,0.0,0.0,20:06:00,3,panel_soiling
1.290655434829434,17.416017290188435,3.29,0.0,0.0,20:07:00,3,panel_soiling
1.2560870508720074,17.38591011162391,3.2,0.0,0.0,20:08:00,3,panel_soiling
0.42506200638538055,17.35609072784017,1.08,0.0,0.0,20:09:00,3,panel_soiling
0.5307922400906875,17.326557739995494,1.35,0.0,0.0,20:10:00,3,panel_soiling
1.1574521451137436,17.297309735091027,2.95,0.0,0.0,20:11:00,3,panel_soiling
0.5606020325758843,17.268345286356535,1.43,0.0,0.0,20:12:00,3,panel_soiling
1.095732246737305,17.23966295363382,2.8,0.0,0.0,20:13:00,3,panel_soiling
0.752006747858471,17.211261283757846,1.92,0.0,0.0,20:14:00,3,panel_soiling
1.0370726892707154,17.183138810935404,2.65,0.0,0.0,20:15:00,3,panel_soiling
1.0088470614031086,17.155294057121335,2.57,0.0,0.0,20:16:00,3,panel_soiling
0.98133504418856,17.12772553239218,2.5,0.0,0.0,20:17:00,3,panel_soiling
0.9545201962456036,17.10043173531733,2.44,0.0,0.0,20:18:00,3,panel_soiling
0.3152101968860553,17.07341115332751,0.8,0.0,0.0,20:19:00,3,panel_soiling
0.6402953996075539,17.04666226308062,1.64,0.0,0.0,20:20:00,3,panel_soiling
0.3977562140609958,17.020183530824823,1.02,0.0,0.0,20:21:00,3,panel_soiling
0.8539152443139116,16.993973412758923,2.18,0.0,0.0,20:22:00,3,panel_soiling
0.6275142675628325,16.96803035538991,1.6,0.0,0.0,20:23:00,3,panel_soiling
0.6141586230774729,16.942352795887665,1.57,0.0,0.0,20:24:00,3,panel_soiling
0.7850246786212102,16.91693916243677,2.01,0.0,0.0,20:25:00,3,panel_soiling
0.40243039777387046,16.891787874585383,1.03,0.0,0.0,20:26:00,3,panel_soiling
0.7420073376750363,16.866897343591194,1.9,0.0,0.0,20:27:00,3,panel_soiling
0.7213306790107672,16.842265972764316,1.84,0.0,0.0,20:28:00,3,panel_soiling
0.7011911825225535,16.817892157807147,1.79,0.0,0.0,20:29:00,3,panel_soiling
0.6815760601738078,16.793774287151184,1.74,0.0,0.0,20:30:00,3,panel_soiling
0.20321580073959883,16.769910742290715,0.52,0.0,0.0,20:31:00,3,panel_soiling
0.3765554241364163,16.74629989811335,0.96,0.0,0.0,20:32:00,3,panel_soiling
0.6257530950791063,16.72294012322739,1.6,0.0,0.0,20:33:00,3,panel_soiling
0.6081129386594811,16.69982978028599,1.55,0.0,0.0,20:34:00,3,panel_soiling
0.5909371868269302,16.676967226308115,1.51,0.0,0.0,20:35:00,3,panel_soiling
0.5742146068072749,16.654350812996178,1.47,0.0,0.0,20:36:00,3,panel_soiling
0.5579342088309551,16.631978887050437,1.43,0.0,0.0,20:37:00,3,panel_soiling
0.19732611979838674,16.609849790480062,0.5,0.0,0.0,20:38:00,3,panel_soiling
0.5266571882194079,16.587961860910884,1.35,0.0,0.0,20:39:00,3,panel_soiling
0.27822528761106147,16.566313431889746,0.71,0.0,0.0,20:40:00,3,panel_soiling
0.28029602928092223,16.544902833185503,0.72,0.0,0.0,20:41:00,3,panel_soiling
0.4827967604167308,16.52372839108661,1.24,0.0,0.0,20:42:00,3,panel_soiling
0.46895172277846536,16.502788428695304,1.2,0.0,0.0,20:43:00,3,panel_soiling
0.455478375457596,16.48208126621833,1.17,0.0,0.0,20:44:00,3,panel_soiling
0.4423675170459764,16.46160522125418,1.13,0.0,0.0,20:45:00,3,panel_soiling
0.3192575640974185,16.44135860907694,0.82,0.0,0.0,20:46:00,3,panel_soiling
0.2160630161525225,16.421339742916572,0.55,0.0,0.0,20:47:00,3,panel_soiling
0.40512091246590937,16.401546934235746,1.04,0.0,0.0,20:48:00,3,panel_soiling
0.26654480080820736,16.381978493003103,0.68,0.0,0.0,20:49:00,3,panel_soiling
0.38194264003492806,16.362632727963057,0.98,0.0,0.0,20:50:00,3,panel_soiling
0.37082469303282634,16.343507946902026,0.95,0.0,0.0,20:51:00,3,panel_soiling
0.36001034879019717,16.32460245691111,0.92,0.0,0.0,20:52:00,3,panel_soiling
0.34949193903916126,16.305914564645228,0.9,0.0,0.0,20:53:00,3,panel_soiling
0.3392619706802115,16.287442576578687,0.87,0.0,0.0,20:54:00,3,panel_soiling
0.3293131223073244,16.269184799257218,0.84,0.0,0.0,20:55:00,3,panel_soiling
0.3196382407876202,16.25113953954637,0.82,0.0,0.0,20:56:00,3,panel_soiling
0.3102303378951221,16.233305104876386,0.79,0.0,0.0,20:57:00,3,panel_soiling
0.30108258699812973,16.21567980348347,0.77,0.0,0.0,20:58:00,3,panel_soiling
0.2921883197997181,16.198261944647495,0.75,0.0,0.0,20:59:00,3,panel_soiling
0.2835410231308642,16.18104983892609,0.73,0.0,0.0,21:00:00,3,panel_soiling
0.2751343357957103,16.164041798385163,0.71,0.0,0.0,21:01:00,3,panel_soiling
0.26696204546846647,16.147236136825857,0.68,0.0,0.0,21:02:00,3,panel_soiling
0.25901808564144124,16.130631170007884,0.66,0.0,0.0,21:03:00,3,panel_soiling
0.08762840871656925,16.114225215869315,0.22,0.0,0.0,21:04:00,3,panel_soiling
0.24379160258967963,16.098016594742752,0.62,0.0,0.0,21:05:00,3,panel_soiling
0.10409927127259837,16.082003629567964,0.27,0.0,0.0,21:06:00,3,panel_soiling
0.09154682382800866,16.066184646100954,0.23,0.0,0.0,21:07:00,3,panel_soiling
0.22252074952486944,16.05055797311941,0.57,0.0,0.0,21:08:00,3,panel_soiling
0.2158271699478328,16.035121942624674,0.55,0.0,0.0,21:09:00,3,panel_soiling
0.1096420629729939,16.019874890040093,0.28,0.0,0.0,21:10:00,3,panel_soiling
0.20300411287931042,16.00481515440589,0.52,0.0,0.0,21:11:00,3,panel_soiling
0.19686474821357458,15.989941078570457,0.5,0.0,0.0,21:12:00,3,panel_soiling
0.11888851428870317,15.975251009378137,0.3,0.0,0.0,21:13:00,3,panel_soiling
0.18510651755123675,15.960743297853513,0.47,0.0,0.0,21:14:00,3,panel_soiling
0.11598080370573849,15.946416299382179,0.3,0.0,0.0,21:15:00,3,panel_soiling
0.17401184872598985,15.932268373888023,0.45,0.0,0.0,21:16:00,3,panel_soiling
0.16870235098928224,15.918297886007037,0.43,0.0,0.0,21:17:00,3,panel_soiling
0.16354575935742227,15.904503205257663,0.42,0.0,0.0,21:18:00,3,panel_soiling
0.1585379650369791,15.890882706207707,0.41,0.0,0.0,21:19:00,3,panel_soiling
0.1536749604824442,15.877434768637793,0.39,0.0,0.0,21:20:00,3,panel_soiling
0.05056699641769341,15.864157777701408,0.13,0.0,0.0,21:21:00,3,panel_soiling
0.1443677834368867,15.851050124081558,0.37,0.0,0.0,21:22:00,3,panel_soiling
0.1399160822996803,15.838110204144034,0.36,0.0,0.0,21:23:00,3,panel_soiling
0.13559410939450534,15.825336420087293,0.35,0.0,0.0,21:24:00,3,panel_soiling
0.08721822285966498,15.812727180089013,0.22,0.0,0.0,21:25:00,3,panel_soiling
0.1273253014942131,15.800280898449294,0.33,0.0,0.0,21:26:00,3,panel_soiling
0.12337166241947155,15.787995995730583,0.32,0.0,0.0,21:27:00,3,panel_soiling
0.11953413948662746,15.775870898894258,0.31,0.0,0.0,21:28:00,3,panel_soiling
0.11580954119031697,15.76390404143398,0.3,0.0,0.0,21:29:00,3,panel_soiling
0.11219475683140862,15.75209386350577,0.29,0.0,0.0,21:30:00,3,panel_soiling
0.10868675468054378,15.740438812054874,0.28,0.0,0.0,21:31:00,3,panel_soiling
0.032409181456859816,15.728937340939412,0.08,0.0,0.0,21:32:00,3,panel_soiling
0.10197935416463107,15.717587911050826,0.26,0.0,0.0,21:33:00,3,panel_soiling
0.09877427115754982,15.70638899043119,0.25,0.0,0.0,21:34:00,3,panel_soiling
0.0956645976464008,15.695339054387375,0.25,0.0,0.0,21:35:00,3,panel_soiling
0.09264767043334095,15.68443658560208,0.24,0.0,0.0,21:36:00,3,panel_soiling
0.08972089500204493,15.673680074241789,0.23,0.0,0.0,21:37:00,3,panel_soiling
0.08688174391995503,15.66306801806165,0.22,0.0,0.0,21:38:00,3,panel_soiling
0.06681957083176798,15.65259892250733,0.17,0.0,0.0,21:39:00,3,panel_soiling
0.0814565311294623,15.642271300813821,0.21,0.0,0.0,21:40:00,3,panel_soiling
0.05191518888263118,15.632083674101285,0.13,0.0,0.0,21:41:00,3,panel_soiling
0.07635309556596001,15.622034571467912,0.2,0.0,0.0,21:42:00,3,panel_soiling
0.0739163948294131,15.61212253007986,0.19,0.0,0.0,21:43:00,3,panel_soiling
0.07155347710960104,15.60234609525826,0.18,0.0,0.0,21:44:00,3,panel_soiling
0.06926224245450202,15.59270382056335,0.18,0.0,0.0,21:45:00,3,panel_soiling
0.029858680740861388,15.583194267875749,0.08,0.0,0.0,21:46:00,3,panel_soiling
0.06488669827719784,15.5738160074749,0.17,0.0,0.0,21:47:00,3,panel_soiling
0.0408108320274682,15.564567618114713,0.1,0.0,0.0,21:48:00,3,panel_soiling
0.06077404728722959,15.555447687096425,0.16,0.0,0.0,21:49:00,3,panel_soiling
0.03319593803160177,15.546454810338727,0.09,0.0,0.0,21:50:00,3,panel_soiling
0.056909398961572495,15.53758759244517,0.15,0.0,0.0,21:51:00,3,panel_soiling
0.055065638218354154,15.528844646768887,0.14,0.0,0.0,21:52:00,3,panel_soiling
0.02199163235576705,15.520224595474636,0.06,0.0,0.0,21:53:00,3,panel_soiling
0.02209522566112348,15.511726069598245,0.06,0.0,0.0,21:54:00,3,panel_soiling
0.030571572068005228,15.503347709103448,0.08,0.0,0.0,21:55:00,3,panel_soiling
0.04824205281620779,15.495088162936133,0.12,0.0,0.0,21:56:00,3,panel_soiling
0.046666115643703515,15.486946089076072,0.12,0.0,0.0,21:57:00,3,panel_soiling
0.04513914878230559,15.478920154586135,0.12,0.0,0.0,21:58:00,3,panel_soiling
0.043659716983917206,15.471009035659018,0.11,0.0,0.0,21:59:00,3,panel_soiling
0.04222642419866876,15.463211417661546,0.11,0.0,0.0,22:00:00,3,panel_soiling
0.021933088938442924,15.455525995176519,0.06,0.0,0.0,22:01:00,3,panel_soiling
0.03949286160593627,15.447951472042208,0.1,0.0,0.0,22:02:00,3,panel_soiling
0.029024036463068382,15.440486561389479,0.07,0.0,0.0,22:03:00,3,panel_soiling
0.03692803989991365,15.433129985676587,0.09,0.0,0.0,22:04:00,3,panel_soiling
0.03570580603092236,15.42588047672168,0.09,0.0,0.0,22:05:00,3,panel_soiling
0.0345221046998059,15.418736775733047,0.09,0.0,0.0,22:06:00,3,panel_soiling
0.01963766335582562,15.411697633337123,0.05,0.0,0.0,22:07:00,3,panel_soiling
0.0206745312386498,15.4047618096043,0.05,0.0,0.0,22:08:00,3,panel_soiling
0.031190875932557108,15.39792807407256,0.08,0.0,0.0,22:09:00,3,panel_soiling
0.01959859239464887,15.391195205768975,0.05,0.0,0.0,22:10:00,3,panel_soiling
0.029142511063964437,15.384561993229108,0.07,0.0,0.0,22:11:00,3,panel_soiling
0.028166989241901714,15.378027234514322,0.07,0.0,0.0,22:12:00,3,panel_soiling
0.027222607706373265,15.37158973722705,0.07,0.0,0.0,22:13:00,3,panel_soiling
0.011202065882384336,15.365248318524051,0.03,0.0,0.0,22:14:00,3,panel_soiling
0.012521861560466238,15.3590018051277,0.03,0.0,0.0,22:15:00,3,panel_soiling
0.024567029609468393,15.352849033335303,0.06,0.0,0.0,22:16:00,3,panel_soiling
0.02373806430952744,15.346788849026495,0.06,0.0,0.0,22:17:00,3,panel_soiling
0.022935794768474557,15.340820107668769,0.06,0.0,0.0,22:18:00,3,panel_soiling
0.022159406510411664,15.334941674321133,0.06,0.0,0.0,22:19:00,3,panel_soiling
0.021408108361658882,15.329152423635943,0.06,0.0,0.0,22:20:00,3,panel_soiling
0.020681131835033253,15.323451239858937,0.05,0.0,0.0,22:21:00,3,panel_soiling
0.01997773052878411,15.31783701682751,0.05,0.0,0.0,22:22:00,3,panel_soiling
0.006559808375420464,15.312308657967268,0.02,0.0,0.0,22:23:00,3,panel_soiling
0.01370418888043237,15.306865076286847,0.04,0.0,0.0,22:24:00,3,panel_soiling
0.012537158593274941,15.301505194371089,0.03,0.0,0.0,22:25:00,3,panel_soiling
0.012921984386143857,15.296227944372562,0.03,0.0,0.0,22:26:00,3,panel_soiling
0.016789701467570924,15.291032268001489,0.04,0.0,0.0,22:27:00,3,panel_soiling
0.012239250035611736,15.28591711651406,0.03,0.0,0.0,22:28:00,3,panel_soiling
0.008607570522396735,15.280881450699233,0.02,0.0,0.0,22:29:00,3,panel_soiling
0.01511649608621944,15.275924240863985,0.04,0.0,0.0,22:30:00,3,panel_soiling
0.014595048231721601,15.271044466817095,0.04,0.0,0.0,22:31:00,3,panel_soiling
0.009227116672300206,15.266241117851454,0.02,0.0,0.0,22:32:00,3,panel_soiling
0.01360322397186425,15.261513192724943,0.03,0.0,0.0,22:33:00,3,panel_soiling
0.010137936994953866,15.256859699639916,0.03,0.0,0.0,22:34:00,3,panel_soiling
0.012675979221731004,15.252279656221317,0.03,0.0,0.0,22:35:00,3,panel_soiling
0.005073779575901894,15.247772089493438,0.01,0.0,0.0,22:36:00,3,panel_soiling
0.00418239703253907,15.243336035855373,0.01,0.0,0.0,22:37:00,3,panel_soiling
0.0036413543882074803,15.238970541055188,0.01,0.0,0.0,22:38:00,3,panel_soiling
0.010999448900316131,15.23467466016284,0.03,0.0,0.0,22:39:00,3,panel_soiling
0.0077534934827653635,15.23044745754185,0.02,0.0,0.0,22:40:00,3,panel_soiling
0.01024284649752373,15.226288006819797,0.03,0.0,0.0,22:41:00,3,panel_soiling
0.009883466434345924,15.222195390857626,0.03,0.0,0.0,22:42:00,3,panel_soiling
0.009536165026024168,15.218168701717829,0.02,0.0,0.0,22:43:00,3,panel_soiling
0.009200555795725133,15.214207040631486,0.02,0.0,0.0,22:44:00,3,panel_soiling
0.008876263940630083,15.210309517964243,0.02,0.0,0.0,22:45:00,3,panel_soiling
0.008562926003020692,15.206475253181212,0.02,0.0,0.0,22:46:00,3,panel_soiling
0.008260189549849358,15.202703374810843,0.02,0.0,0.0,22:47:00,3,panel_soiling
0.004921652997705417,15.198993020407793,0.01,0.0,0.0,22:48:00,3,panel_soiling
0.005349805287600453,15.1953433365148,0.01,0.0,0.0,22:49:00,3,panel_soiling
0.00340671347499806,15.191753478623621,0.01,0.0,0.0,22:50:00,3,panel_soiling
0.007148578529568654,15.188222611135027,0.02,0.0,0.0,22:51:00,3,panel_soiling
0.006893927464992183,15.184749907317906,0.02,0.0,0.0,22:52:00,3,panel_soiling
0.006647977881495976,15.18133454926748,0.02,0.0,0.0,22:53:00,3,panel_soiling
0.006410446219559783,15.17797572786267,0.02,0.0,0.0,22:54:00,3,panel_soiling
0.003185573819000341,15.174672642722657,0.01,0.0,0.0,22:55:00,3,panel_soiling
0.004341169542282871,15.171424502162601,0.01,0.0,0.0,22:56:00,3,panel_soiling
0.004031197783595793,15.168230523148624,0.01,0.0,0.0,22:57:00,3,panel_soiling
0.003579916935679603,15.165089931252009,0.01,0.0,0.0,22:58:00,3,panel_soiling
0.0053397302944808486,15.162001960602693,0.01,0.0,0.0,22:59:00,3,panel_soiling
0.0051472237896560075,15.158965853842039,0.01,0.0,0.0,23:00:00,3,panel_soiling
0.004961381453802276,15.155980862074937,0.01,0.0,0.0,23:01:00,3,panel_soiling
0.00478198297874358,15.153046244821244,0.01,0.0,0.0,23:02:00,3,panel_soiling
0.004608814960519376,15.150161269966588,0.01,0.0,0.0,23:03:00,3,panel_soiling
0.004441670696363108,15.147325213712563,0.01,0.0,0.0,23:04:00,3,panel_soiling
0.004280349987196789,15.144537360526325,0.01,0.0,0.0,23:05:00,3,panel_soiling
0.004124658945507224,15.14179700308964,0.01,0.0,0.0,23:06:00,3,panel_soiling
0.003974409808471128,15.139103442247361,0.01,0.0,0.0,23:07:00,3,panel_soiling
0.003829420756199974,15.136455986955411,0.01,0.0,0.0,23:08:00,3,panel_soiling
0.0013491124560427415,15.13385395422823,0.0,0.0,0.0,23:09:00,3,panel_soiling
0.002779791115409169,15.131296669085774,0.01,0.0,0.0,23:10:00,3,panel_soiling
0.0024650644706855963,15.128783464500026,0.01,0.0,0.0,23:11:00,3,panel_soiling
0.003298627236393701,15.126313681341088,0.01,0.0,0.0,23:12:00,3,panel_soiling
0.003177407208275439,15.12388666832284,0.01,0.0,0.0,23:13:00,3,panel_soiling
0.003060471582654167,15.121501781948202,0.01,0.0,0.0,23:14:00,3,panel_soiling
0.002266949552044818,15.119158386454032,0.01,0.0,0.0,23:15:00,3,panel_soiling
0.00148507270557945,15.11685585375563,0.0,0.0,0.0,23:16:00,3,panel_soiling
0.0017978118210415894,15.114593563390937,0.0,0.0,0.0,23:17:00,3,panel_soiling
0.0011150997775935042,15.112370902464384,0.0,0.0,0.0,23:18:00,3,panel_soiling
0.00200946483934291,15.110187265590467,0.01,0.0,0.0,23:19:00,3,panel_soiling
0.0024410339469494776,15.108042054836991,0.01,0.0,0.0,23:20:00,3,panel_soiling
0.0018624801793116312,15.105934679668103,0.0,0.0,0.0,23:21:00,3,panel_soiling
0.002262780115015576,15.103864556887027,0.01,0.0,0.0,23:22:00,3,panel_soiling
0.0021784137986470844,15.101831110578596,0.01,0.0,0.0,23:23:00,3,panel_soiling
0.0012479605614716296,15.099833772051554,0.0,0.0,0.0,23:24:00,3,panel_soiling
0.0020186635796963477,15.097871979780674,0.01,0.0,0.0,23:25:00,3,panel_soiling
0.0019430746698745115,15.095945179348675,0.0,0.0,0.0,23:26:00,3,panel_soiling
0.0018702121407054488,15.094052823387997,0.0,0.0,0.0,23:27:00,3,panel_soiling
0.0017999817116717176,15.092194371522407,0.0,0.0,0.0,23:28:00,3,panel_soiling
0.001732292209132169,15.090369290308482,0.0,0.0,0.0,23:29:00,3,panel_soiling
0.0016670554695590617,15.088577053176977,0.0,0.0,0.0,23:30:00,3,panel_soiling
0.0011237747848956547,15.086817140374077,0.0,0.0,0.0,23:31:00,3,panel_soiling
0.0015436021148191193,15.085089038902584,0.0,0.0,0.0,23:32:00,3,panel_soiling
0.0014852233912554145,15.083392242463004,0.0,0.0,0.0,23:33:00,3,panel_soiling
0.0005683931778541091,15.081726251394599,0.0,0.0,0.0,23:34:00,3,panel_soiling
0.0013747765906982176,15.080090572616385,0.0,0.0,0.0,23:35:00,3,panel_soiling
0.001322562062825304,15.078484719568092,0.0,0.0,0.0,23:36:00,3,panel_soiling
0.001272259880859435,15.076908212151128,0.0,0.0,0.0,23:37:00,3,panel_soiling
0.0012238028011573117,15.07536057666952,0.0,0.0,0.0,23:38:00,3,panel_soiling
0.0011771258373407946,15.073841345770866,0.0,0.0,0.0,23:39:00,3,panel_soiling
0.001132166188508802,15.072350058387332,0.0,0.0,0.0,23:40:00,3,panel_soiling
0.0005279613057777408,15.070886259676653,0.0,0.0,0.0,23:41:00,3,panel_soiling
0.00044186199617361706,15.069449500963204,0.0,0.0,0.0,23:42:00,3,panel_soiling
0.001006994456961735,15.068039339679117,0.0,0.0,0.0,23:43:00,3,panel_soiling
0.000380506411078401,15.066655339305479,0.0,0.0,0.0,23:44:00,3,panel_soiling
0.0009310740180492183,15.065297069313605,0.0,0.0,0.0,23:45:00,3,panel_soiling
0.0008952133086817421,15.063964105106413,0.0,0.0,0.0,23:46:00,3,panel_soiling
0.0006507141396870102,15.062656027959894,0.0,0.0,0.0,23:47:00,3,panel_soiling
0.0008274441533325347,15.06137242496471,0.0,0.0,0.0,23:48:00,3,panel_soiling
0.0007954420229369434,15.060112888967895,0.0,0.0,0.0,23:49:00,3,panel_soiling
0.0004491176137371442,15.058877018514734,0.0,0.0,0.0,23:50:00,3,panel_soiling
0.0007349803469488034,15.057664417790738,0.0,0.0,0.0,23:51:00,3,panel_soiling
0.0004973710232448052,15.05647469656382,0.0,0.0,0.0,23:52:00,3,panel_soiling
0.000678963265355402,15.055307470126598,0.0,0.0,0.0,23:53:00,3,panel_soiling
0.0006525222304671892,15.054162359238914,0.0,0.0,0.0,23:54:00,3,panel_soiling
0.0006270760083980565,15.053038990070494,0.0,0.0,0.0,23:55:00,3,panel_soiling
0.00030688069380527976,15.051936994143835,0.0,0.0,0.0,23:56:00,3,panel_soiling
0.0005790251776932798,15.050856008277282,0.0,0.0,0.0,23:57:00,3,panel_soiling
0.0002100173878545987,15.0497956745283,0.0,0.0,0.0,23:58:00,3,panel_soiling
0.0005345373641294117,15.04875564013699,0.0,0.0,0.0,23:59:00,3,panel_soiling
