irradiance_w_m2,ambient_temp_c,dc_power_w,ac_power_w,flow_rate_lpm,timestamp,day,label
0.00042318614380828335,15.000016355695166,0.0,0.0,0.0,00:00:00,1,pump_wear
0.0003063661988791587,15.000016891359769,0.0,0.0,0.0,00:01:00,1,pump_wear
0.0005741949363777938,15.000017443920918,0.0,0.0,0.0,00:02:00,1,pump_wear
0.0005975617729602942,15.000018013889683,0.0,0.0,0.0,00:03:00,1,pump_wear
0.0006218449259505233,15.000018601791883,0.0,0.0,0.0,00:04:00,1,pump_wear
0.00048007045401896135,15.000019208168471,0.0,0.0,0.0,00:05:00,1,pump_wear
0.0006732993382200029,15.000019833575962,0.0,0.0,0.0,00:06:00,1,pump_wear
0.0007005433138057025,15.000020478586844,0.0,0.0,0.0,00:07:00,1,pump_wear
0.0007288491240336935,15.000021143790022,0.0,0.0,0.0,00:08:00,1,pump_wear
0.0002426035385420119,15.000021829791255,0.0,0.0,0.0,00:09:00,1,pump_wear
0.0007888064273337084,15.000022537213615,0.0,0.0,0.0,00:10:00,1,pump_wear
0.0006339973653005334,15.000023266697962,0.0,0.0,0.0,00:11:00,1,pump_wear
0.0004997003744833562,15.00002401890341,0.0,0.0,0.0,00:12:00,1,pump_wear
0.0008877454187240169,15.000024794507828,0.0,0.0,0.0,00:13:00,1,pump_wear
0.00038138805462686247,15.000025594208342,0.0,0.0,0.0,00:14:00,1,pump_wear
0.0009602396484619546,15.000026418721852,0.0,0.0,0.0,00:15:00,1,pump_wear
0.0009985940861007403,15.00002726878556,0.0,0.0,0.0,00:16:00,1,pump_wear
0.0010384227265131385,15.000028145157517,0.0,0.0,0.0,00:17:00,1,pump_wear
0.0010797798480491978,15.000029048617172,0.0,0.0,0.0,00:18:00,1,pump_wear
0.00040924219711558875,15.000029979965953,0.0,0.0,0.0,00:19:00,1,pump_wear
0.001167306226601768,15.000030940027841,0.0,0.0,0.0,00:20:00,1,pump_wear
0.0012135938101153255,15.000031929649975,0.0,0.0,0.0,00:21:00,1,pump_wear
0.0012616466597469365,15.000032949703265,0.0,0.0,0.0,00:22:00,1,pump_wear
0.0013115292197568875,15.000034001083021,0.0,0.0,0.0,00:23:00,1,pump_wear
0.0013633081728404639,15.000035084709594,0.0,0.0,0.0,00:24:00,1,pump_wear
0.0008915289125493441,15.000036201529047,0.0,0.0,0.0,00:25:00,1,pump_wear
0.0014728336236536903,15.000037352513814,0.01,0.0,0.0,00:26:00,1,pump_wear
0.001530725350566194,15.00003853866341,0.01,0.0,0.0,00:27:00,1,pump_wear
0.0015908040871283034,15.000039761005135,0.01,0.0,0.0,00:28:00,1,pump_wear
0.0008938933489819519,15.000041020594796,0.0,0.0,0.0,00:29:00,1,pump_wear
0.0017178413877838143,15.000042318517464,0.01,0.0,0.0,00:30:00,1,pump_wear
0.0017849662229403518,15.000043655888224,0.01,0.0,0.0,00:31:00,1,pump_wear
0.0018546107881239643,15.000045033852967,0.01,0.0,0.0,00:32:00,1,pump_wear
0.0019268654964031844,15.000046453589185,0.01,0.0,0.0,00:33:00,1,pump_wear
0.002001823841805224,15.000047916306798,0.01,0.0,0.0,00:34:00,1,pump_wear
0.000824728630230005,15.000049423248983,0.0,0.0,0.0,00:35:00,1,pump_wear
0.002160241420764731,15.000050975693043,0.01,0.0,0.0,00:36:00,1,pump_wear
0.002243903951386662,15.000052574951287,0.01,0.0,0.0,00:37:00,1,pump_wear
0.002330676925956437,15.000054222371928,0.01,0.0,0.0,00:38:00,1,pump_wear
0.0016199339540868558,15.000055919340003,0.01,0.0,0.0,00:39:00,1,pump_wear
0.002513999691814344,15.00005766727833,0.01,0.0,0.0,00:40:00,1,pump_wear
0.0026107816425492134,15.00005946764847,0.01,0.0,0.0,00:41:00,1,pump_wear
0.002711138595049856,15.000061321951708,0.01,0.0,0.0,00:42:00,1,pump_wear
0.0017779706444698996,15.000063231730087,0.01,0.0,0.0,00:43:00,1,pump_wear
0.0029230858788977824,15.000065198567428,0.01,0.0,0.0,00:44:00,1,pump_wear
0.0030349410585027085,15.000067224090403,0.01,0.0,0.0,00:45:00,1,pump_wear
0.0031509012044524725,15.000069309969618,0.01,0.0,0.0,00:46:00,1,pump_wear
0.0011728558878528815,15.000071457920729,0.0,0.0,0.0,00:47:00,1,pump_wear
0.003395715941282146,15.000073669705586,0.01,0.0,0.0,00:48:00,1,pump_wear
0.00352487236223644,15.000075947133382,0.01,0.0,0.0,00:49:00,1,pump_wear
0.003658737710076921,15.00007829206187,0.01,0.0,0.0,00:50:00,1,pump_wear
0.0037974756404026656,15.000080706398562,0.01,0.0,0.0,00:51:00,1,pump_wear
0.003941255190673663,15.000083192101993,0.01,0.0,0.0,00:52:00,1,pump_wear
0.004090250945961783,15.000085751182993,0.01,0.0,0.0,00:53:00,1,pump_wear
0.0030735156275148207,15.000088385705997,0.01,0.0,0.0,00:54:00,1,pump_wear
0.0013958106093622266,15.000091097790378,0.0,0.0,0.0,00:55:00,1,pump_wear
0.004570368120389913,15.000093889611826,0.02,0.0,0.0,00:56:00,1,pump_wear
0.001497170372922081,15.000096763403736,0.01,0.0,0.0,00:57:00,1,pump_wear
0.003799857883703466,15.00009972145865,0.01,0.0,0.0,00:58:00,1,pump_wear
0.005104285530722467,15.000102766129716,0.02,0.0,0.0,00:59:00,1,pump_wear
0.005295186141867869,15.000105899832189,0.02,0.0,0.0,01:00:00,1,pump_wear
0.005492920853249516,15.000109125044961,0.02,0.0,0.0,01:01:00,1,pump_wear
0.0056977224550201514,15.000112444312133,0.02,0.0,0.0,01:02:00,1,pump_wear
0.005909831222140743,15.000115860244614,0.02,0.0,0.0,01:03:00,1,pump_wear
0.004670927373334271,15.00011937552176,0.02,0.0,0.0,01:04:00,1,pump_wear
0.006356970130136936,15.00012299289305,0.02,0.0,0.0,01:05:00,1,pump_wear
0.006592520297500122,15.000126715179801,0.02,0.0,0.0,01:06:00,1,pump_wear
0.006836418163928616,15.00013054527692,0.02,0.0,0.0,01:07:00,1,pump_wear
0.007088944923482575,15.000134486154689,0.02,0.0,0.0,01:08:00,1,pump_wear
0.007350390698502838,15.000138540860611,0.03,0.0,0.0,01:09:00,1,pump_wear
0.007621054803657873,15.000142712521262,0.03,0.0,0.0,01:10:00,1,pump_wear
0.003736982633503454,15.000147004344221,0.01,0.0,0.0,01:11:00,1,pump_wear
0.006432075976377935,15.000151419620018,0.02,0.0,0.0,01:12:00,1,pump_wear
0.008491493877865103,15.000155961724134,0.03,0.0,0.0,01:13:00,1,pump_wear
0.008802217943210774,15.000160634119048,0.03,0.0,0.0,01:14:00,1,pump_wear
0.009123804548211229,15.000165440356318,0.03,0.0,0.0,01:15:00,1,pump_wear
0.00945661411861208,15.000170384078723,0.03,0.0,0.0,01:16:00,1,pump_wear
0.00980101833061829,15.000175469022437,0.03,0.0,0.0,01:17:00,1,pump_wear
0.01015740043706465,15.000180699019264,0.03,0.0,0.0,01:18:00,1,pump_wear
0.01052615560219586,15.00018607799891,0.04,0.0,0.0,01:19:00,1,pump_wear
0.010907691245256142,15.00019160999131,0.04,0.0,0.0,01:20:00,1,pump_wear
0.011302427393091898,15.000197299129008,0.04,0.0,0.0,01:21:00,1,pump_wear
0.011710797041974691,15.00020314964958,0.04,0.0,0.0,01:22:00,1,pump_wear
0.004023194111862728,15.000209165898122,0.01,0.0,0.0,01:23:00,1,pump_wear
0.012570235912269223,15.000215352329773,0.04,0.0,0.0,01:24:00,1,pump_wear
0.013022239363096315,15.00022171351232,0.04,0.0,0.0,01:25:00,1,pump_wear
0.013489745565425246,15.000228254128823,0.05,0.0,0.0,01:26:00,1,pump_wear
0.00795132120448014,15.000234978980329,0.03,0.0,0.0,01:27:00,1,pump_wear
0.014473296004553956,15.000241892988623,0.05,0.0,0.0,01:28:00,1,pump_wear
0.014990393929087215,15.000249001199048,0.05,0.0,0.0,01:29:00,1,pump_wear
0.009068114909380386,15.00025630878338,0.03,0.0,0.0,01:30:00,1,pump_wear
0.005321930177915487,15.000263821042761,0.02,0.0,0.0,01:31:00,1,pump_wear
0.008429461916923772,15.000271543410703,0.03,0.0,0.0,01:32:00,1,pump_wear
0.017240658173559586,15.00027948145615,0.06,0.0,0.0,01:33:00,1,pump_wear
0.017851661269886833,15.000287640886599,0.06,0.0,0.0,01:34:00,1,pump_wear
0.018483289803654192,15.000296027551293,0.06,0.0,0.0,01:35:00,1,pump_wear
0.0063431671485000484,15.000304647444484,0.02,0.0,0.0,01:36:00,1,pump_wear
0.019811075842412533,15.00031350670875,0.07,0.0,0.0,01:37:00,1,pump_wear
0.02050860935882845,15.000322611638397,0.07,0.0,0.0,01:38:00,1,pump_wear
0.02122952143059179,15.000331968682923,0.07,0.0,0.0,01:39:00,1,pump_wear
0.016987568604645297,15.000341584450547,0.06,0.0,0.0,01:40:00,1,pump_wear
0.02274446384235577,15.000351465711828,0.08,0.0,0.0,01:41:00,1,pump_wear
0.008797101941727305,15.000361619403346,0.03,0.0,0.0,01:42:00,1,pump_wear
0.024362090884884627,15.000372052631452,0.08,0.0,0.0,01:43:00,1,pump_wear
0.010301548837247654,15.000382772676113,0.04,0.0,0.0,01:44:00,1,pump_wear
0.01124462637365038,15.000393786994827,0.04,0.0,0.0,01:45:00,1,pump_wear
0.01002759980943177,15.000405103226607,0.03,0.0,0.0,01:46:00,1,pump_wear
0.027932019571479078,15.000416729196056,0.1,0.0,0.0,01:47:00,1,pump_wear
0.009059881678284254,15.000428672917533,0.03,0.0,0.0,01:48:00,1,pump_wear
0.01635211386781214,15.00044094259938,0.06,0.0,0.0,01:49:00,1,pump_wear
0.03093068092999124,15.000453546648254,0.11,0.0,0.0,01:50:00,1,pump_wear
0.03199657848431898,15.000466493673539,0.11,0.0,0.0,01:51:00,1,pump_wear
0.03309736642405655,15.000479792491838,0.11,0.0,0.0,01:52:00,1,pump_wear
0.03423412051044347,15.00049345213157,0.12,0.0,0.0,01:53:00,1,pump_wear
0.03540794737790086,15.000507481837644,0.12,0.0,0.0,01:54:00,1,pump_wear
0.03661998534391841,15.000521891076238,0.13,0.0,0.0,01:55:00,1,pump_wear
0.03787140523777145,15.00053668953966,0.13,0.0,0.0,01:56:00,1,pump_wear
0.039163411248431,15.000551887151307,0.13,0.0,0.0,01:57:00,1,pump_wear
0.040497241792036405,15.000567494070737,0.14,0.0,0.0,01:58:00,1,pump_wear
0.04187417039930537,15.00058352069882,0.14,0.0,0.0,01:59:00,1,pump_wear
0.04329550662325887,15.000599977682993,0.15,0.0,0.0,02:00:00,1,pump_wear
0.024899394037883694,15.000616875922633,0.09,0.0,0.0,02:01:00,1,pump_wear
0.046276825836456446,15.000634226574514,0.16,0.0,0.0,02:02:00,1,pump_wear
0.04783961650491488,15.000652041058375,0.16,0.0,0.0,02:03:00,1,pump_wear
0.04945243211235557,15.000670331062613,0.17,0.0,0.0,02:04:00,1,pump_wear
0.051116776677378586,15.000689108550056,0.18,0.0,0.0,02:05:00,1,pump_wear
0.03327656458041889,15.000708385763868,0.11,0.0,0.0,02:06:00,1,pump_wear
0.0546062794010996,15.000728175233562,0.19,0.0,0.0,02:07:00,1,pump_wear
0.03699032974427024,15.000748489781119,0.13,0.0,0.0,02:08:00,1,pump_wear
0.05832101442938321,15.000769342527237,0.2,0.0,0.0,02:09:00,1,pump_wear
0.060267068790568236,15.000790746897684,0.21,0.0,0.0,02:10:00,1,pump_wear
0.020293135849835515,15.000812716629785,0.07,0.0,0.0,02:11:00,1,pump_wear
0.06434541195163207,15.000835265779017,0.22,0.0,0.0,02:12:00,1,pump_wear
0.06648139171721124,15.00085840872574,0.23,0.0,0.0,02:13:00,1,pump_wear
0.06868445523903123,15.000882160182046,0.24,0.0,0.0,02:14:00,1,pump_wear
0.07095657636207543,15.000906535198732,0.24,0.0,0.0,02:15:00,1,pump_wear
0.0318481237315351,15.000931549172419,0.11,0.0,0.0,02:16:00,1,pump_wear
0.07571615629116563,15.000957217852784,0.26,0.0,0.0,02:17:00,1,pump_wear
0.07820783626168254,15.000983557349933,0.27,0.0,0.0,02:18:00,1,pump_wear
0.04333626316676937,15.001010584141916,0.15,0.0,0.0,02:19:00,1,pump_wear
0.08342595960817495,15.001038315082369,0.29,0.0,0.0,02:20:00,1,pump_wear
0.08615697441905834,15.001066767408293,0.3,0.0,0.0,02:21:00,1,pump_wear
0.0889724412376894,15.001095958748001,0.31,0.0,0.0,02:22:00,1,pump_wear
0.09187480144119596,15.001125907129168,0.32,0.0,0.0,02:23:00,1,pump_wear
0.09486656137823479,15.001156630987065,0.33,0.0,0.0,02:24:00,1,pump_wear
0.09795029392161579,15.001188149172913,0.34,0.0,0.0,02:25:00,1,pump_wear
0.10112864005272518,15.001220480962408,0.35,0.0,0.0,02:26:00,1,pump_wear
0.10440431047824351,15.001253646064383,0.36,0.0,0.0,02:27:00,1,pump_wear
0.03814952026816982,15.001287664629631,0.13,0.0,0.0,02:28:00,1,pump_wear
0.11125882559610971,15.001322557259892,0.38,0.0,0.0,02:29:00,1,pump_wear
0.11484345534097044,15.001358345016984,0.39,0.0,0.0,02:30:00,1,pump_wear
0.04521860251383459,15.001395049432109,0.16,0.0,0.0,02:31:00,1,pump_wear
0.06225354981580212,15.001432692515309,0.21,0.0,0.0,02:32:00,1,pump_wear
0.1262631509082338,15.001471296765107,0.43,0.0,0.0,02:33:00,1,pump_wear
0.07462095498548947,15.001510885178293,0.26,0.0,0.0,02:34:00,1,pump_wear
0.13446298022333067,15.001551481259906,0.46,0.0,0.0,02:35:00,1,pump_wear
0.09505738147400133,15.00159310903336,0.33,0.0,0.0,02:36:00,1,pump_wear
0.14316346407557745,15.001635793050776,0.49,0.0,0.0,02:37:00,1,pump_wear
0.11725011291586916,15.001679558403463,0.4,0.0,0.0,02:38:00,1,pump_wear
0.08604035718876733,15.001724430732603,0.3,0.0,0.0,02:39:00,1,pump_wear
0.1572154376956904,15.001770436240104,0.54,0.0,0.0,02:40:00,1,pump_wear
0.16218145688103,15.001817601699639,0.56,0.0,0.0,02:41:00,1,pump_wear
0.16729503210720154,15.001865954467876,0.57,0.0,0.0,02:42:00,1,pump_wear
0.17256023789198724,15.001915522495903,0.59,0.0,0.0,02:43:00,1,pump_wear
0.17798125140124343,15.001966334340835,0.61,0.0,0.0,02:44:00,1,pump_wear
0.10937589911946942,15.002018419177615,0.38,0.0,0.0,02:45:00,1,pump_wear
0.05864983142615132,15.002071806811028,0.2,0.0,0.0,02:46:00,1,pump_wear
0.19522249796778807,15.002126527687896,0.67,0.0,0.0,02:47:00,1,pump_wear
0.20131064791264255,15.002182612909484,0.69,0.0,0.0,02:48:00,1,pump_wear
0.10638187762863757,15.002240094244119,0.37,0.0,0.0,02:49:00,1,pump_wear
0.21402673474492964,15.002299004139994,0.73,0.0,0.0,02:50:00,1,pump_wear
0.22066447632758132,15.002359375738212,0.76,0.0,0.0,02:51:00,1,pump_wear
0.22749542167735373,15.002421242886015,0.78,0.0,0.0,02:52:00,1,pump_wear
0.11798958605120932,15.002484640150241,0.4,0.0,0.0,02:53:00,1,pump_wear
0.24175788744815818,15.002549602831008,0.83,0.0,0.0,02:54:00,1,pump_wear
0.19376441652574444,15.002616166975598,0.66,0.0,0.0,02:55:00,1,pump_wear
0.25685735082899963,15.002684369392574,0.88,0.0,0.0,02:56:00,1,pump_wear
0.26473504196090797,15.002754247666136,0.91,0.0,0.0,02:57:00,1,pump_wear
0.18014314284955568,15.00282584017068,0.62,0.0,0.0,02:58:00,1,pump_wear
0.2811757174113148,15.002899186085607,0.96,0.0,0.0,02:59:00,1,pump_wear
0.21582023988017168,15.002974325410362,0.74,0.0,0.0,03:00:00,1,pump_wear
0.13874242500642328,15.0030512989797,0.48,0.0,0.0,03:01:00,1,pump_wear
0.3076423892995402,15.003130148479212,1.06,0.0,0.0,03:02:00,1,pump_wear
0.3169718112502875,15.003210916461063,1.09,0.0,0.0,03:03:00,1,pump_wear
0.32656598468640824,15.003293646360007,1.12,0.0,0.0,03:04:00,1,pump_wear
0.3364318395379354,15.003378382509624,1.15,0.0,0.0,03:05:00,1,pump_wear
0.15720786089280836,15.00346517015882,0.54,0.0,0.0,03:06:00,1,pump_wear
0.18136364911167632,15.003554055488582,0.62,0.0,0.0,03:07:00,1,pump_wear
0.14276034341397204,15.003645085628973,0.49,0.0,0.0,03:08:00,1,pump_wear
0.37875646576977645,15.0037383086764,1.3,0.0,0.0,03:09:00,1,pump_wear
0.3900905182078149,15.003833773711147,1.34,0.0,0.0,03:10:00,1,pump_wear
0.40174138452041586,15.003931530815146,1.38,0.0,0.0,03:11:00,1,pump_wear
0.41371721135130424,15.004031631090053,1.42,0.0,0.0,03:12:00,1,pump_wear
0.4260263333851213,15.00413412667555,1.46,0.0,0.0,03:13:00,1,pump_wear
0.43867727707061654,15.004239070767962,1.51,0.0,0.0,03:14:00,1,pump_wear
0.45167876440059673,15.00434651763911,1.55,0.0,0.0,03:15:00,1,pump_wear
0.3459353813407346,15.004456522655468,1.19,0.0,0.0,03:16:00,1,pump_wear
0.47876925876570353,15.004569142297598,1.64,0.0,0.0,03:17:00,1,pump_wear
0.2694076351070964,15.00468443417984,0.92,0.0,0.0,03:18:00,1,pump_wear
0.2655846028560004,15.004802457070333,0.91,0.0,0.0,03:19:00,1,pump_wear
0.5222638018734691,15.004923270911288,1.79,0.0,0.0,03:20:00,1,pump_wear
0.5375631541454918,15.005046936839557,1.84,0.0,0.0,03:21:00,1,pump_wear
0.24587441405726315,15.00517351720752,0.84,0.0,0.0,03:22:00,1,pump_wear
0.29695332645275785,15.005303075604239,1.02,0.0,0.0,03:23:00,1,pump_wear
0.5860075752579882,15.005435676876926,2.01,0.0,0.0,03:24:00,1,pump_wear
0.24488809806437078,15.005571387152708,0.84,0.0,0.0,03:25:00,1,pump_wear
0.6205330484048242,15.005710273860705,2.13,0.0,0.0,03:26:00,1,pump_wear
0.6384979652852858,15.005852405754403,2.19,0.0,0.0,03:27:00,1,pump_wear
0.3913362430576018,15.005997852934339,1.34,0.0,0.0,03:28:00,1,pump_wear
0.6758903370440974,15.006146686871109,2.32,0.0,0.0,03:29:00,1,pump_wear
0.24360571851399004,15.00629898042868,0.84,0.0,0.0,03:30:00,1,pump_wear
0.7153133219387243,15.006454807888016,2.45,0.0,0.0,03:31:00,1,pump_wear
0.7358174954420851,15.00661424497104,2.53,0.0,0.0,03:32:00,1,pump_wear
0.2539356714553323,15.006777368864908,0.87,0.0,0.0,03:33:00,1,pump_wear
0.5058096459727569,15.006944258246602,1.74,0.0,0.0,03:34:00,1,pump_wear
0.8006570514740411,15.007114993307859,2.75,0.0,0.0,03:35:00,1,pump_wear
0.30888160674155596,15.007289655780435,1.06,0.0,0.0,03:36:00,1,pump_wear
0.6481579950581687,15.00746832896169,2.22,0.0,0.0,03:37:00,1,pump_wear
0.8707741075593555,15.00765109774051,2.99,0.0,0.0,03:38:00,1,pump_wear
0.895385745411108,15.007838048623578,3.07,0.0,0.0,03:39:00,1,pump_wear
0.9206417895110988,15.008029269761959,3.16,0.0,0.0,03:40:00,1,pump_wear
0.9465575668712896,15.008224850978063,3.25,0.0,0.0,03:41:00,1,pump_wear
0.9731487247375551,15.008424883792918,3.34,0.0,0.0,03:42:00,1,pump_wear
1.0004312360733616,15.008629461453806,3.43,0.0,0.0,03:43:00,1,pump_wear
1.0284214051057876,15.00883867896225,3.53,0.0,0.0,03:44:00,1,pump_wear
1.057135872933752,15.009052633102344,3.63,0.0,0.0,03:45:00,1,pump_wear
1.0865916231983017,15.009271422469435,3.73,0.0,0.0,03:46:00,1,pump_wear
1.1168059878147685,15.009495147499173,3.83,0.0,0.0,03:47:00,1,pump_wear
0.6474899687565339,15.0097239104969,2.22,0.0,0.0,03:48:00,1,pump_wear
0.5104978667844698,15.009957815667411,1.75,0.0,0.0,03:49:00,1,pump_wear
1.2121794331433235,15.010196969145072,4.16,0.0,0.0,03:50:00,1,pump_wear
1.2456087438782857,15.010441479024301,4.27,0.0,0.0,03:51:00,1,pump_wear
1.2798887575837243,15.010691455390411,4.39,0.0,0.0,03:52:00,1,pump_wear
1.315039019630452,15.010947010350826,4.51,0.0,0.0,03:53:00,1,pump_wear
0.7758904601691184,15.011208258066658,2.66,0.0,0.0,03:54:00,1,pump_wear
1.3880304269987485,15.011475314784663,4.76,0.0,0.0,03:55:00,1,pump_wear
1.4259126385391212,15.01174829886956,4.89,0.0,0.0,03:56:00,1,pump_wear
1.0822654123752928,15.012027330836721,3.71,0.0,0.0,03:57:00,1,pump_wear
0.7008046385655751,15.012312533385256,2.4,0.0,0.0,03:58:00,1,pump_wear
1.5453602899730614,15.012604031431446,5.3,0.0,0.0,03:59:00,1,pump_wear
1.5871831207387097,15.012901952142577,5.45,0.0,0.0,04:00:00,1,pump_wear
1.630047136338934,15.013206424971141,5.59,0.0,0.0,04:01:00,1,pump_wear
1.6739756218148132,15.013517581689415,5.74,0.0,0.0,04:02:00,1,pump_wear
1.7189923103390323,15.013835556424437,5.9,0.0,0.0,04:03:00,1,pump_wear
1.765121389940455,15.014160485693347,6.06,0.0,0.0,04:04:00,1,pump_wear
1.8123875102815052,15.014492508439119,6.22,0.0,0.0,04:05:00,1,pump_wear
1.8608157894874926,15.014831766066685,6.38,0.0,0.0,04:06:00,1,pump_wear
1.9104318210269577,15.015178402479428,6.55,0.0,0.0,04:07:00,1,pump_wear
1.9612616806420813,15.01553256411608,6.73,0.0,0.0,04:08:00,1,pump_wear
2.0133319333281507,15.015894399987992,6.91,0.0,0.0,04:09:00,1,pump_wear
0.8301395487439128,15.0162640617168,2.85,0.0,0.0,04:10:00,1,pump_wear
1.641966079171807,15.01664170357248,5.63,0.0,0.0,04:11:00,1,pump_wear
2.17725818646555,15.017027482511786,7.47,0.0,0.0,04:12:00,1,pump_wear
2.2345656933887597,15.017421558217082,7.67,0.0,0.0,04:13:00,1,pump_wear
2.2932540047346115,15.017824093135564,7.87,0.0,0.0,04:14:00,1,pump_wear
1.6472142014467768,15.018235252518869,5.65,0.0,0.0,04:15:00,1,pump_wear
2.414892178847859,15.018655204463073,8.28,0.0,0.0,04:16:00,1,pump_wear
2.4779029664933505,15.019084119949087,8.5,0.0,0.0,04:17:00,1,pump_wear
2.5424164230154895,15.01952217288343,8.72,0.0,0.0,04:18:00,1,pump_wear
2.608464399789377,15.019969540139405,8.95,0.0,0.0,04:19:00,1,pump_wear
2.676079317119502,15.020426401598648,9.18,0.0,0.0,04:20:00,1,pump_wear
2.7452941717118255,15.02089294019309,9.42,0.0,0.0,04:21:00,1,pump_wear
2.816142544177354,15.021369341947281,9.66,0.0,0.0,04:22:00,1,pump_wear
2.8886586065654933,15.021855796021121,9.91,0.0,0.0,04:23:00,1,pump_wear
2.962877129925407,15.022352494752965,10.16,0.0,0.0,04:24:00,1,pump_wear
3.0388334918935374,15.022859633703128,10.42,0.0,0.0,04:25:00,1,pump_wear
3.1165636843054054,15.023377411697755,10.69,0.0,0.0,04:26:00,1,pump_wear
3.196104320829735,15.0239060308731,10.96,0.0,0.0,04:27:00,1,pump_wear
3.2774926446228982,15.024445696720168,11.24,0.0,0.0,04:28:00,1,pump_wear
3.360766536001608,15.024996618129745,11.53,0.0,0.0,04:29:00,1,pump_wear
3.4459645201317297,15.025559007437804,11.82,0.0,0.0,04:30:00,1,pump_wear
1.6115905473029704,15.02613308047131,5.53,0.0,0.0,04:31:00,1,pump_wear
2.4908098177178313,15.02671905659436,8.55,0.0,0.0,04:32:00,1,pump_wear
3.7134981152639135,15.02731715875474,12.74,0.0,0.0,04:33:00,1,pump_wear
3.8067908888669835,15.02792761353083,13.06,0.0,0.0,04:34:00,1,pump_wear
3.9022103237444727,15.028550651178884,13.38,0.0,0.0,04:35:00,1,pump_wear
3.999798976241737,15.029186505680686,13.72,0.0,0.0,04:36:00,1,pump_wear
4.099600101634864,15.029835414791558,14.06,0.0,0.0,04:37:00,1,pump_wear
2.6026297993043235,15.03049762008874,8.93,0.0,0.0,04:38:00,1,pump_wear
4.306016333263674,15.031173367020125,14.77,0.0,0.0,04:39:00,1,pump_wear
4.412721514277616,15.03186290495336,15.13,0.0,0.0,04:40:00,1,pump_wear
4.521819333171388,15.032566487225289,15.51,0.0,0.0,04:41:00,1,pump_wear
4.633356655723813,15.033284371191753,15.89,0.0,0.0,04:42:00,1,pump_wear
4.747381092903976,15.034016818277733,16.28,0.0,0.0,04:43:00,1,pump_wear
4.863941008527454,15.034764094027846,16.68,0.0,0.0,04:44:00,1,pump_wear
2.2760288632403314,15.035526468157165,7.81,0.0,0.0,04:45:00,1,pump_wear
5.1048645403701425,15.036304214602396,17.51,0.0,0.0,04:46:00,1,pump_wear
3.0231362649201814,15.03709761157336,10.37,0.0,0.0,04:47:00,1,pump_wear
5.3565295080688635,15.037906941604827,18.37,0.0,0.0,04:48:00,1,pump_wear
5.486519155499327,15.038732491608659,18.81,0.0,0.0,04:49:00,1,pump_wear
5.619350699449076,15.039574552926274,19.27,0.0,0.0,04:50:00,1,pump_wear
5.7550779856676915,15.040433421381422,19.73,0.0,0.0,04:51:00,1,pump_wear
5.8937556728875515,15.041309397333277,20.21,0.0,0.0,04:52:00,1,pump_wear
2.0038060182793145,15.042202785729819,6.87,0.0,0.0,04:53:00,1,pump_wear
6.180184994082492,15.043113896161525,21.19,0.0,0.0,04:54:00,1,pump_wear
6.32805007610485,15.044043042915343,21.7,0.0,0.0,04:55:00,1,pump_wear
6.479092469591155,15.044990545028963,22.22,0.0,0.0,04:56:00,1,pump_wear
6.633371006952918,15.045956726345354,22.74,0.0,0.0,04:57:00,1,pump_wear
6.790945376657928,15.046941915567587,23.28,0.0,0.0,04:58:00,1,pump_wear
6.951876130174553,15.047946446313915,23.83,0.0,0.0,04:59:00,1,pump_wear
3.226293085202694,15.04897065717313,11.07,0.0,0.0,05:00:00,1,pump_wear
7.2840533506365785,15.050014891760155,24.97,0.0,0.0,05:01:00,1,pump_wear
7.45542529690713,15.051079498771884,25.56,0.0,0.0,05:02:00,1,pump_wear
2.8101588115070713,15.052164832043287,9.64,0.0,0.0,05:03:00,1,pump_wear
7.80905622452216,15.05327125060371,26.77,0.0,0.0,05:04:00,1,pump_wear
7.9914460442889546,15.054399118733434,27.39,0.0,0.0,05:05:00,1,pump_wear
8.17764083809718,15.055548806020415,28.03,0.0,0.0,05:06:00,1,pump_wear
5.544992429837533,15.05672068741727,19.01,0.0,0.0,05:07:00,1,pump_wear
8.561717050321686,15.057915143298432,29.35,0.0,0.0,05:08:00,1,pump_wear
3.146437253433439,15.059132559517511,10.79,0.0,0.0,05:09:00,1,pump_wear
2.9389782952757955,15.060373327464836,10.08,0.0,0.0,05:10:00,1,pump_wear
5.855163887368215,15.061637844125164,20.08,0.0,0.0,05:11:00,1,pump_wear
6.584290695908104,15.062926512135563,22.57,0.0,0.0,05:12:00,1,pump_wear
5.238205650911267,15.064239739843437,17.96,0.0,0.0,05:13:00,1,pump_wear
9.812496674941544,15.065577941364708,33.63,0.0,0.0,05:14:00,1,pump_wear
10.036094322053836,15.066941536642117,34.39,0.0,0.0,05:15:00,1,pump_wear
3.424880130447579,15.068330951503672,11.75,0.0,0.0,05:16:00,1,pump_wear
8.160656458260346,15.069746617721181,27.97,0.0,0.0,05:17:00,1,pump_wear
10.734341390041106,15.071188973068908,36.78,0.0,0.0,05:18:00,1,pump_wear
10.976502253623055,15.072658461382323,37.61,0.0,0.0,05:19:00,1,pump_wear
11.22350172152293,15.074155532616906,38.46,0.0,0.0,05:20:00,1,pump_wear
11.475420883771331,15.075680642907056,39.32,0.0,0.0,05:21:00,1,pump_wear
11.732341822546182,15.077234254625028,40.2,0.0,0.0,05:22:00,1,pump_wear
6.0563862491841745,15.078816836439929,20.76,0.0,0.0,05:23:00,1,pump_wear
12.261522341727003,15.080428863376744,42.01,0.0,0.0,05:24:00,1,pump_wear
12.533951080442616,15.08207081687538,42.94,0.0,0.0,05:25:00,1,pump_wear
9.086320359585372,15.083743184849714,31.14,0.0,0.0,05:26:00,1,pump_wear
9.241804953319052,15.085446461746653,31.67,0.0,0.0,05:27:00,1,pump_wear
13.383627290696767,15.087181148605138,45.84,0.0,0.0,05:28:00,1,pump_wear
13.677943054151317,15.08894775311516,46.85,0.0,0.0,05:29:00,1,pump_wear
13.977953382471387,15.090746789676693,47.87,0.0,0.0,05:30:00,1,pump_wear
10.050495482844013,15.092578779458583,34.44,0.0,0.0,05:31:00,1,pump_wear
9.214889754157408,15.094444250457354,31.58,0.0,0.0,05:32:00,1,pump_wear
14.913068440831248,15.096343737555932,51.07,49.54,1.45,05:33:00,1,pump_wear
8.502615727466196,15.098277782582256,29.14,0.0,0.0,05:34:00,1,pump_wear
7.569661021788949,15.10024693436777,25.95,0.0,0.0,05:35:00,1,pump_wear
15.902777588453217,15.102251748805774,54.45,52.82,1.55,05:36:00,1,pump_wear
11.316287546593786,15.10429278890964,38.77,0.0,0.0,05:37:00,1,pump_wear
9.631099559944847,15.106370624870838,33.0,0.0,0.0,05:38:00,1,pump_wear
6.64966974550267,15.108485834116781,22.79,0.0,0.0,05:39:00,1,pump_wear
17.311818741905068,15.110639001368492,59.27,57.49,1.69,05:40:00,1,pump_wear
17.68071084203096,15.112830718698016,60.52,58.71,1.72,05:41:00,1,pump_wear
18.05645898863178,15.115061585585622,61.81,59.95,1.76,05:42:00,1,pump_wear
9.435470198975354,15.11733220897675,32.33,0.0,0.0,05:43:00,1,pump_wear
18.828938254632188,15.119643203338674,64.44,62.51,1.84,05:44:00,1,pump_wear
19.22587934344224,15.121995190716884,65.8,63.83,1.87,05:45:00,1,pump_wear
19.630096413550174,15.12438880079116,67.18,65.16,1.91,05:46:00,1,pump_wear
20.041696992813293,15.126824670931324,68.58,66.53,1.95,05:47:00,1,pump_wear
20.460789621589935,15.129303446252635,70.01,67.91,1.99,05:48:00,1,pump_wear
20.887483849564106,15.131825779670836,71.47,69.33,2.04,05:49:00,1,pump_wear
15.207095882007296,15.134392331956798,52.07,50.51,1.48,05:50:00,1,pump_wear
16.623943967113306,15.137003771790775,56.91,55.2,1.62,05:51:00,1,pump_wear
22.21428668885932,15.139660775816239,75.99,73.72,2.16,05:52:00,1,pump_wear
22.672502866056828,15.142364028693244,77.56,75.23,2.21,05:53:00,1,pump_wear
15.288771496248572,15.145114223151362,52.35,50.77,1.49,05:54:00,1,pump_wear
23.61354379389585,15.147912060042108,80.77,78.34,2.3,05:55:00,1,pump_wear
24.09660055932243,15.150758248390861,82.41,79.94,2.35,05:56:00,1,pump_wear
13.771160059999476,15.153653505448275,47.16,0.0,0.0,05:57:00,1,pump_wear
25.088374020000842,15.156598556741114,85.79,83.22,2.44,05:58:00,1,pump_wear
17.56194566419142,15.159594136122529,60.11,58.31,1.71,05:59:00,1,pump_wear
26.11515503914089,15.162640985821744,89.29,86.61,2.54,06:00:00,1,pump_wear
26.641974814521255,15.165739856493124,91.08,88.35,2.59,06:01:00,1,pump_wear
27.177910074871015,15.16889150726459,92.91,90.12,2.65,06:02:00,1,pump_wear
27.723083959842185,15.172096705785385,94.77,91.92,2.7,06:03:00,1,pump_wear
28.27762052536337,15.17535622827316,96.65,93.75,2.75,06:04:00,1,pump_wear
28.84164473413814,15.178670859560322,98.57,95.62,2.81,06:05:00,1,pump_wear
29.41528244569869,15.182041393139684,100.53,97.51,2.86,06:06:00,1,pump_wear
29.99866040600855,15.185468631209334,102.51,99.44,2.92,06:07:00,1,pump_wear
12.495597244740816,15.188953384716728,42.79,0.0,0.0,06:08:00,1,pump_wear
20.211073631031518,15.192496473401976,69.14,67.07,1.97,06:09:00,1,pump_wear
31.80851630438811,15.196098725840297,108.67,105.41,3.09,06:10:00,1,pump_wear
12.208972782138886,15.199760979483624,41.81,0.0,0.0,06:11:00,1,pump_wear
33.06615069126116,15.203484080701312,112.94,109.55,3.22,06:12:00,1,pump_wear
33.71068002336312,15.207268884819943,115.13,111.68,3.28,06:13:00,1,pump_wear
19.845156618402868,15.211116256162214,67.89,65.85,1.93,06:14:00,1,pump_wear
35.03182605510724,15.215027068084838,119.62,116.03,3.41,06:15:00,1,pump_wear
35.70871034099169,15.219002203015483,121.92,118.27,3.47,06:16:00,1,pump_wear
20.86495974422159,15.223042552488677,71.37,69.23,2.03,06:17:00,1,pump_wear
13.623886341887978,15.227149017180688,46.64,0.0,0.0,06:18:00,1,pump_wear
37.8062296792775,15.231322506943338,129.05,125.17,3.67,06:19:00,1,pump_wear
18.33045545705296,15.23556394083671,62.71,60.83,1.79,06:20:00,1,pump_wear
39.261663691542694,15.239874247160746,133.99,129.97,3.82,06:21:00,1,pump_wear
40.00692041068201,15.244254363485688,136.51,132.42,3.89,06:22:00,1,pump_wear
13.375670970504581,15.248705236681348,45.79,0.0,0.0,06:23:00,1,pump_wear
21.496852639218204,15.253227822945169,73.51,71.31,2.09,06:24:00,1,pump_wear
42.314520792351985,15.257823087829049,144.34,140.01,4.11,06:25:00,1,pump_wear
43.108132237614925,15.262492006264917,147.03,142.62,4.19,06:26:00,1,pump_wear
43.91418477757942,15.267235562588997,149.76,145.27,4.26,06:27:00,1,pump_wear
44.73282051876233,15.27205475056477,152.54,147.96,4.34,06:28:00,1,pump_wear
45.564182101187924,15.276950573404584,155.35,150.69,4.42,06:29:00,1,pump_wear
46.40841267629782,15.281924043789873,158.21,153.47,4.51,06:30:00,1,pump_wear
47.265655884306206,15.286976183889994,161.12,156.28,4.59,06:31:00,1,pump_wear
48.13605583099729,15.292108025379598,164.06,159.14,4.67,06:32:00,1,pump_wear
20.18071235049809,15.297320609454557,69.01,66.94,1.97,06:33:00,1,pump_wear
27.961097620549605,15.302614986846383,95.53,92.66,2.72,06:34:00,1,pump_wear
50.827643641617314,15.307992217835125,173.17,167.97,4.93,06:35:00,1,pump_wear
51.75212006878487,15.313453372260708,176.29,171.01,5.02,06:36:00,1,pump_wear
52.690479895707675,15.318999529532691,179.47,174.08,5.11,06:37:00,1,pump_wear
26.250911006083278,15.324631778638391,89.7,87.01,2.55,06:38:00,1,pump_wear
54.6094355579668,15.330351218149382,185.95,180.37,5.3,06:39:00,1,pump_wear
55.5903249885348,15.3361589562263,189.26,183.59,5.39,06:40:00,1,pump_wear
43.637977843827294,15.34205611062194,148.78,144.32,4.24,06:41:00,1,pump_wear
57.595662813347595,15.348043808682627,196.04,190.15,5.58,06:42:00,1,pump_wear
58.62040610288502,15.354123187347797,199.49,193.51,5.68,06:43:00,1,pump_wear
59.6600624989482,15.360295393147789,203.0,196.91,5.78,06:44:00,1,pump_wear
60.714779790921305,15.3665615821998,206.56,200.36,5.88,06:45:00,1,pump_wear
61.784705849325746,15.372922920201981,210.17,203.86,5.98,06:46:00,1,pump_wear
62.8699885940601,15.379380582425629,213.82,207.41,6.09,06:47:00,1,pump_wear
63.9707759620657,15.385935753705457,217.53,211.01,6.19,06:48:00,1,pump_wear
65.08721587441845,15.39258962842792,221.29,214.66,6.3,06:49:00,1,pump_wear
66.21945620284802,15.39934341051752,225.11,218.35,6.41,06:50:00,1,pump_wear
67.36764473568573,15.406198313421132,228.97,222.1,6.52,06:51:00,1,pump_wear
68.53192914324245,15.41315556009024,232.89,225.9,6.63,06:52:00,1,pump_wear
48.63635842096913,15.420216382961124,165.67,160.7,4.72,06:53:00,1,pump_wear
70.90937546194597,15.427382023932902,240.89,233.66,6.86,06:54:00,1,pump_wear
32.896067121896714,15.434653734343454,112.26,108.9,3.2,06:55:00,1,pump_wear
73.35297280966908,15.442032774943156,249.1,241.63,7.09,06:56:00,1,pump_wear
74.59994501980658,15.449520415866404,253.29,245.69,7.21,06:57:00,1,pump_wear
75.86389463794382,15.457117936600904,257.53,249.81,7.33,06:58:00,1,pump_wear
57.57949074660539,15.464826625954696,195.89,190.02,5.58,06:59:00,1,pump_wear
27.036630027973494,15.472647782020873,92.32,89.55,2.63,07:00:00,1,pump_wear
79.75906409752007,15.480582712139961,270.6,262.48,7.71,07:01:00,1,pump_wear
81.09237726945949,15.488632732859948,275.07,266.82,7.83,07:02:00,1,pump_wear
82.44339243430315,15.496799169893915,279.6,271.21,7.96,07:03:00,1,pump_wear
66.8811250722463,15.505083358075241,227.24,220.43,6.47,07:04:00,1,pump_wear
25.686624377483003,15.513486641310353,87.71,85.08,2.5,07:05:00,1,pump_wear
86.60408024234482,15.522010372528994,293.53,284.73,8.36,07:06:00,1,pump_wear
88.02733047107724,15.530655913631977,298.3,289.35,8.49,07:07:00,1,pump_wear
54.45435145049972,15.53942463543638,185.28,179.72,5.28,07:08:00,1,pump_wear
90.92920713173064,15.548317917618185,308.0,298.76,8.77,07:09:00,1,pump_wear
67.75405282861036,15.557337148652302,230.14,223.24,6.55,07:10:00,1,pump_wear
41.916110067869894,15.566483725749947,142.82,138.53,4.07,07:11:00,1,pump_wear
95.42254723572137,15.57575905479338,323.01,313.32,9.2,07:12:00,1,pump_wear
96.95835023901707,15.585164550267931,328.13,318.29,9.34,07:13:00,1,pump_wear
98.51339089528906,15.594701635191306,333.32,323.32,9.49,07:14:00,1,pump_wear
100.08780333734973,15.604371741040149,338.57,328.41,9.64,07:15:00,1,pump_wear
101.6817205866174,15.614176307673812,343.88,333.57,9.79,07:16:00,1,pump_wear
103.29527450551888,15.624116783255335,349.26,338.78,9.95,07:17:00,1,pump_wear
62.96623279532313,15.634194624169574,213.94,207.52,6.09,07:18:00,1,pump_wear
106.58181371835417,15.644411294938472,360.2,349.39,10.26,07:19:00,1,pump_wear
108.25505650777802,15.654768268133438,365.76,354.79,10.42,07:20:00,1,pump_wear
109.94845085966428,15.665267024284812,371.39,360.25,10.58,07:21:00,1,pump_wear
111.66212211264201,15.675909051788379,377.08,365.77,10.74,07:22:00,1,pump_wear
113.39619415197433,15.686695846808913,382.84,371.36,10.9,07:23:00,1,pump_wear
115.15078935912534,15.697628913180738,388.67,377.01,11.07,07:24:00,1,pump_wear
116.92602856096345,15.70870976230524,394.56,382.72,11.24,07:25:00,1,pump_wear
118.72203097861339,15.719939913045355,400.51,388.5,11.41,07:26:00,1,pump_wear
120.53891417596799,15.731320891616978,406.53,394.34,11.58,07:27:00,1,pump_wear
122.37679400787255,15.742854231477262,412.62,400.24,11.75,07:28:00,1,pump_wear
91.29837336347322,15.754541473209818,308.99,299.72,8.8,07:29:00,1,pump_wear
126.11599813638493,15.766384164406752,424.99,412.24,12.1,07:30:00,1,pump_wear
128.01754512676396,15.77838385954754,431.28,418.34,12.28,07:31:00,1,pump_wear
92.09593585821908,15.790542119874722,311.61,302.27,8.87,07:32:00,1,pump_wear
131.8850713784106,15.802860513266362,444.06,430.74,12.65,07:33:00,1,pump_wear
133.8512616571321,15.815340614105297,450.55,437.03,12.83,07:34:00,1,pump_wear
63.88891385400045,15.827984003145115,216.88,210.38,6.18,07:35:00,1,pump_wear
137.8490085454822,15.840792267372862,463.73,449.82,13.21,07:36:00,1,pump_wear
139.88076353110367,15.853766999868453,470.42,456.31,13.4,07:37:00,1,pump_wear
108.40470711010445,15.866909799660766,365.96,354.98,10.42,07:38:00,1,pump_wear
93.02343966351884,15.880222271580397,314.61,305.17,8.96,07:39:00,1,pump_wear
146.10869781907,15.893706026109076,490.92,476.19,13.98,07:40:00,1,pump_wear
74.75688343175246,15.907362679225688,253.36,245.76,7.22,07:41:00,1,pump_wear
150.37211761059103,15.921193852248924,504.92,489.77,14.38,07:42:00,1,pump_wear
152.53752552626014,15.935201171676532,512.03,496.67,14.58,07:43:00,1,pump_wear
154.72550797546782,15.949386269021115,519.2,503.63,14.79,07:44:00,1,pump_wear
86.75533416001622,15.963750780642536,293.54,284.73,8.36,07:45:00,1,pump_wear
159.16950827407265,15.978296347576833,533.76,517.75,15.2,07:46:00,1,pump_wear
122.5722142504562,15.993024615361694,412.86,400.48,11.76,07:47:00,1,pump_wear
163.70471495190029,16.007937233858442,548.6,532.14,15.62,07:48:00,1,pump_wear
103.16915176047229,16.023035857070532,348.29,337.84,9.92,07:49:00,1,pump_wear
168.33167976865784,16.038322142958545,563.72,546.81,16.05,07:50:00,1,pump_wear
126.41651248643576,16.053797753251676,425.51,412.75,12.12,07:51:00,1,pump_wear
67.3971287192861,16.06946435325567,228.48,221.63,6.51,07:52:00,1,pump_wear
175.44526571560684,16.08532361165726,586.92,569.31,16.71,07:53:00,1,pump_wear
74.86934309404391,16.101377200325047,253.55,245.94,7.22,07:54:00,1,pump_wear
180.30373060245222,16.11762679410681,602.73,584.65,17.16,07:55:00,1,pump_wear
182.76793318615623,16.134074070623296,610.74,592.42,17.39,07:56:00,1,pump_wear
68.1241104642594,16.150720710058412,230.85,223.93,6.57,07:57:00,1,pump_wear
187.7664925121774,16.167568394945864,626.98,608.17,17.85,07:58:00,1,pump_wear
190.30092474255605,16.18461880995222,635.2,616.14,18.09,07:59:00,1,pump_wear
192.85883662594716,16.201873641656377,643.49,624.18,18.32,08:00:00,1,pump_wear
155.27053590063986,16.219334578325487,520.44,504.83,14.82,08:01:00,1,pump_wear
135.0439975989134,16.237003309687246,453.74,440.13,12.92,08:02:00,1,pump_wear
200.6737232146774,16.254881526698643,668.78,648.71,19.04,08:03:00,1,pump_wear
203.32580871969628,16.2729709213111,677.34,657.02,19.29,08:04:00,1,pump_wear
206.00148318591266,16.291273186232033,685.98,665.4,19.53,08:05:00,1,pump_wear
208.7007573722086,16.309790014682832,694.69,673.85,19.78,08:06:00,1,pump_wear
140.41720752058822,16.32852310015326,471.32,457.18,13.42,08:07:00,1,pump_wear
96.75211482613553,16.34747413615227,326.47,316.68,9.3,08:08:00,1,pump_wear
98.13362611322087,16.366644815955276,331.05,321.12,9.43,08:09:00,1,pump_wear
219.73393160372254,16.386036832347802,730.19,708.28,20.79,08:10:00,1,pump_wear
222.5512301643387,16.405651877365635,739.24,717.06,21.05,08:11:00,1,pump_wear
127.86047651541253,16.425491642031385,429.67,416.78,12.24,08:12:00,1,pump_wear
167.74069075073302,16.44555781608751,560.88,544.05,15.97,08:13:00,1,pump_wear
231.1445465457951,16.465852087725818,766.78,743.77,21.84,08:14:00,1,pump_wear
234.05605469793576,16.48637614331343,776.09,752.81,22.1,08:15:00,1,pump_wear
236.9910515092159,16.50713166711524,785.47,761.91,22.37,08:16:00,1,pump_wear
239.9495029182549,16.52812034101288,794.92,771.07,22.64,08:17:00,1,pump_wear
242.9313704986735,16.549343844220196,804.43,780.3,22.91,08:18:00,1,pump_wear
154.34292422824936,16.570803852995247,516.68,501.18,14.71,08:19:00,1,pump_wear
159.69849102289353,16.592502040348855,534.21,518.18,15.21,08:20:00,1,pump_wear
105.91094324934257,16.61444007574974,356.6,345.9,10.15,08:21:00,1,pump_wear
255.09207868078443,16.63661962482621,843.12,817.83,24.01,08:22:00,1,pump_wear
258.1902947732824,16.659042349064453,852.96,827.37,24.29,08:23:00,1,pump_wear
261.31160229207006,16.681709905503467,862.85,836.97,24.57,08:24:00,1,pump_wear
167.04290016848879,16.70462394642665,558.02,541.28,15.89,08:25:00,1,pump_wear
267.6232059867847,16.727786119050002,882.84,856.35,25.14,08:26:00,1,pump_wear
270.8133475314188,16.751198065207085,892.92,866.13,25.43,08:27:00,1,pump_wear
274.0262711607582,16.774861421030653,903.06,875.97,25.72,08:28:00,1,pump_wear
277.2618875624931,16.798777816631056,913.27,885.87,26.01,08:29:00,1,pump_wear
280.5201025576106,16.82294887577139,923.53,895.83,26.3,08:30:00,1,pump_wear
283.8008170640111,16.847376215539494,933.86,905.84,26.59,08:31:00,1,pump_wear
287.10392706106865,16.872061446016712,944.24,915.92,26.89,08:32:00,1,pump_wear
102.34159103349421,16.897006169943573,344.35,334.02,9.81,08:33:00,1,pump_wear
146.23650810954385,16.92221198238236,489.35,474.67,13.94,08:34:00,1,pump_wear
214.30676370167907,16.947680470376586,711.05,689.71,20.25,08:35:00,1,pump_wear
300.53806679228836,16.97341321260745,986.36,956.77,28.09,08:36:00,1,pump_wear
303.9514187276972,16.999411779047307,997.03,967.12,28.39,08:37:00,1,pump_wear
307.386436460942,17.025677730610155,1007.76,977.52,28.7,08:38:00,1,pump_wear
105.22339363338226,17.052212618799224,353.71,343.1,10.07,08:39:00,1,pump_wear
314.3209061411983,17.07901798535167,1029.37,998.49,29.31,08:40:00,1,pump_wear
317.82006350901776,17.106095361880442,1040.26,1009.05,29.62,08:41:00,1,pump_wear
135.34419633557644,17.133446269513335,453.13,439.54,12.9,08:42:00,1,pump_wear
147.1625100016326,17.161072218529338,491.93,477.17,14.01,08:43:00,1,pump_wear
328.4433482993105,17.1889747079922,1073.23,1041.03,30.56,08:44:00,1,pump_wear
223.22479309922295,17.21715522538143,739.02,716.85,21.05,08:45:00,1,pump_wear
113.93360302634187,17.2456152462206,382.29,370.82,10.89,08:46:00,1,pump_wear
339.2518170924156,17.274356233703152,1106.65,1073.45,31.51,08:47:00,1,pump_wear
342.8949567887904,17.303379638315675,1117.89,1084.35,31.83,08:48:00,1,pump_wear
346.5579387198881,17.332686897458707,1129.17,1095.3,32.16,08:49:00,1,pump_wear
197.1225881142591,17.362279435065155,654.35,634.72,18.63,08:50:00,1,pump_wear
353.9426328260147,17.39215866121636,1151.88,1117.32,32.8,08:51:00,1,pump_wear
357.6639332514853,17.42232597175586,1163.3,1128.4,33.13,08:52:00,1,pump_wear
361.4042523900225,17.452782747900947,1174.76,1139.52,33.45,08:53:00,1,pump_wear
365.16337079913876,17.483530355851993,1186.27,1150.68,33.78,08:54:00,1,pump_wear
368.94106359389815,17.514570146399727,1197.81,1161.88,34.11,08:55:00,1,pump_wear
372.73710044060954,17.545903454530396,1209.4,1173.12,34.44,08:56:00,1,pump_wear
376.55124555197824,17.577531599028966,1221.02,1184.39,34.77,08:57:00,1,pump_wear
380.38325768373227,17.6094558820804,1232.69,1195.71,35.1,08:58:00,1,pump_wear
294.50500946110657,17.641677588869037,964.69,935.75,27.47,08:59:00,1,pump_wear
388.09989073663036,17.674197987176218,1256.13,1218.44,35.77,09:00:00,1,pump_wear
391.98400187494775,17.70701832697614,1267.9,1229.86,36.11,09:01:00,1,pump_wear
395.8849604718272,17.74013984003009,1279.71,1241.32,36.44,09:02:00,1,pump_wear
399.8024980002347,17.773563739479062,1291.55,1252.8,36.78,09:03:00,1,pump_wear
403.73634048776785,17.80729121943487,1303.42,1264.32,37.12,09:04:00,1,pump_wear
407.6862085240378,17.841323454569793,1315.33,1275.87,37.46,09:05:00,1,pump_wear
411.65181726964335,17.875661599704888,1327.26,1287.44,37.8,09:06:00,1,pump_wear
415.63287646675116,17.91030678939698,1339.23,1299.05,38.14,09:07:00,1,pump_wear
419.62909045129334,17.945260137524436,1351.22,1310.68,38.48,09:08:00,1,pump_wear
423.6401581667942,17.980522736871794,1363.23,1322.34,38.82,09:09:00,1,pump_wear
427.6657731798379,18.01609565871337,1375.28,1334.02,39.16,09:10:00,1,pump_wear
431.70562369718687,18.05197995239581,1387.34,1345.72,39.51,09:11:00,1,pump_wear
435.7593925845613,18.088176644919827,1399.43,1357.45,39.85,09:12:00,1,pump_wear
439.8267573870889,18.124686740521053,1411.55,1369.2,40.2,09:13:00,1,pump_wear
443.9073903514349,18.161511220250205,1423.68,1380.97,40.54,09:14:00,1,pump_wear
448.00095844961925,18.198651041552566,1435.83,1392.76,40.89,09:15:00,1,pump_wear
452.1071234045294,18.23610713784695,1448.0,1404.56,41.23,09:16:00,1,pump_wear
456.2255417171363,18.273880418104152,1460.19,1416.39,41.58,09:17:00,1,pump_wear
460.3558646954194,18.311971766425046,1472.4,1428.22,41.93,09:18:00,1,pump_wear
464.4977384850069,18.350382041618357,1484.61,1440.08,42.28,09:19:00,1,pump_wear
468.650804101537,18.389112076778268,1496.85,1451.94,42.63,09:20:00,1,pump_wear
472.81469746474426,18.428162678861888,1509.09,1463.82,42.97,09:21:00,1,pump_wear
176.41687019552688,18.46753462826671,584.55,567.01,16.65,09:22:00,1,pump_wear
481.17348584723857,18.507228678408147,1533.61,1487.6,43.67,09:23:00,1,pump_wear
485.3676275574876,18.547245555297252,1545.88,1499.5,44.02,09:24:00,1,pump_wear
489.5710904766448,18.587585957118677,1558.16,1511.41,44.37,09:25:00,1,pump_wear
493.78348561686244,18.628250553809035,1570.44,1523.33,44.72,09:26:00,1,pump_wear
498.00441913532575,18.6692399866357,1582.73,1535.25,45.07,09:27:00,1,pump_wear
502.2334923804944,18.710554867776175,1595.02,1547.17,45.42,09:28:00,1,pump_wear
176.7476160379409,18.752195779898152,584.96,567.41,16.66,09:29:00,1,pump_wear
510.71443969079576,18.794163275740285,1619.6,1571.01,46.12,09:30:00,1,pump_wear
514.9654928497557,18.836457877693896,1631.89,1582.94,46.47,09:31:00,1,pump_wear
519.2230440277258,18.879080077385602,1644.18,1594.85,46.82,09:32:00,1,pump_wear
523.4866712840166,18.922030335261045,1656.46,1606.77,47.17,09:33:00,1,pump_wear
527.7559481831386,18.96530908016979,1668.74,1618.68,47.52,09:34:00,1,pump_wear
532.0304438531751,19.008916708951528,1681.01,1630.58,47.87,09:35:00,1,pump_wear
536.3097230458696,19.05285358602366,1693.28,1642.48,48.22,09:36:00,1,pump_wear
540.5933461984247,19.097120042970367,1705.53,1654.36,48.57,09:37:00,1,pump_wear
544.8808694970054,19.141716378133346,1717.77,1666.24,48.92,09:38:00,1,pump_wear
549.1718449419377,19.18664285620421,1730.0,1678.1,49.27,09:39:00,1,pump_wear
382.3642125699504,19.23189970781872,1230.61,1193.69,35.04,09:40:00,1,pump_wear
266.0518500753968,19.27748712915301,868.87,842.8,24.74,09:41:00,1,pump_wear
562.0609427868789,19.323405281521804,1766.6,1713.6,50.31,09:42:00,1,pump_wear
566.3611654799149,19.369654290978843,1778.77,1725.41,50.65,09:43:00,1,pump_wear
570.6625399329279,19.416234247919544,1790.91,1737.19,51.0,09:44:00,1,pump_wear
574.9645944942309,19.463145206686093,1803.04,1748.95,51.35,09:45:00,1,pump_wear
417.81773197351464,19.51038718517501,1337.06,1296.95,38.08,09:46:00,1,pump_wear
399.73250207087085,19.55796016444736,1281.92,1243.46,36.51,09:47:00,1,pump_wear
587.8700675418906,19.605864088341654,1839.27,1784.09,52.38,09:48:00,1,pump_wear
592.1700535502736,19.654098863089672,1851.3,1795.76,52.72,09:49:00,1,pump_wear
596.468307759343,19.70266435693516,1863.3,1807.4,53.06,09:50:00,1,pump_wear
600.7643376287407,19.75156039975567,1875.26,1819.01,53.4,09:51:00,1,pump_wear
605.0576474294314,19.800786782687616,1887.2,1830.58,53.74,09:52:00,1,pump_wear
609.3477383314437,19.850343257754552,1899.11,1842.13,54.08,09:53:00,1,pump_wear
219.65540489135793,19.900229537499,719.75,698.15,20.5,09:54:00,1,pump_wear
617.9162531517645,19.950445294617744,1922.81,1865.13,54.76,09:55:00,1,pump_wear
622.19366471594,20.00099016160081,1934.61,1876.57,55.09,09:56:00,1,pump_wear
498.9930251948567,20.051863730374297,1576.56,1529.26,44.9,09:57:00,1,pump_wear
630.7322446138882,20.103065551946997,1958.08,1899.34,55.76,09:58:00,1,pump_wear
423.3294638515198,20.154595136061168,1350.14,1309.64,38.45,09:59:00,1,pump_wear
290.27721643488655,20.206451950847345,941.52,913.28,26.81,10:00:00,1,pump_wear
295.8328272710832,20.258635422483486,958.66,929.9,27.3,10:01:00,1,pump_wear
647.7299814455481,20.311144934858476,2004.53,1944.4,57.08,10:02:00,1,pump_wear
420.53801116964905,20.363979829240108,1340.56,1300.34,38.18,10:03:00,1,pump_wear
656.1807967638111,20.417139403947733,2027.48,1966.66,57.74,10:04:00,1,pump_wear
247.43457041119012,20.470622914029633,806.07,781.89,22.95,10:05:00,1,pump_wear
664.5939589947614,20.52442957094523,2050.23,1988.72,58.38,10:06:00,1,pump_wear
668.7850928998729,20.5785585422523,2061.52,1999.68,58.71,10:07:00,1,pump_wear
672.9652174059707,20.63300895129929,2072.76,2010.58,59.03,10:08:00,1,pump_wear
277.9794441532894,20.68777987692284,901.28,874.24,25.67,10:09:00,1,pump_wear
681.2902953950986,20.74287035315063,2095.08,2032.23,59.66,10:10:00,1,pump_wear
685.4341740802705,20.79827936890971,2106.15,2042.96,59.98,10:11:00,1,pump_wear
689.5648939940509,20.854005867740398,2117.16,2053.64,60.29,10:12:00,1,pump_wear
693.6819148569751,20.910048747515834,2128.11,2064.26,60.6,10:13:00,1,pump_wear
697.7846954419128,20.96640686016739,2138.99,2074.82,60.91,10:14:00,1,pump_wear
701.8726936892039,21.023079011415977,2149.82,2085.32,61.22,10:15:00,1,pump_wear
468.131825813713,21.080063960509413,1478.66,1434.3,42.11,10:16:00,1,pump_wear
462.4705687099756,21.137360419965923,1461.51,1417.66,41.62,10:17:00,1,pump_wear
714.0425637639028,21.194967055323943,2181.89,2116.43,62.13,10:18:00,1,pump_wear
414.77104796288705,21.252882484898308,1318.3,1278.75,37.54,10:19:00,1,pump_wear
485.05346329317985,21.31110527954292,1527.24,1481.43,43.49,10:20:00,1,pump_wear
726.05982326925,21.36963396242008,2213.34,2146.94,63.03,10:21:00,1,pump_wear
730.0291221364034,21.428467008776515,2223.67,2156.96,63.32,10:22:00,1,pump_wear
733.979286320632,21.48760284572624,2233.94,2166.92,63.62,10:23:00,1,pump_wear
737.9097715905713,21.54703985204045,2244.12,2176.8,63.91,10:24:00,1,pump_wear
741.8200340784026,21.60677635794438,2254.24,2186.61,64.19,10:25:00,1,pump_wear
745.7095304031475,21.666810644921437,2264.27,2196.34,64.48,10:26:00,1,pump_wear
749.5777177944814,21.727140945524546,2274.22,2205.99,64.76,10:27:00,1,pump_wear
753.4240542170295,21.787765443194942,2284.09,2215.57,65.04,10:28:00,1,pump_wear
757.2479984951071,21.848682272088453,2293.88,2225.06,65.32,10:29:00,1,pump_wear
333.9601902534009,21.909889516909374,1069.68,1037.59,30.46,10:30:00,1,pump_wear
395.3764383969288,21.9713852127521,1256.07,1218.38,35.77,10:31:00,1,pump_wear
768.5800822315326,22.033167344950545,2322.74,2253.06,66.14,10:32:00,1,pump_wear
772.3090677560557,22.095233848935504,2332.19,2262.23,66.41,10:33:00,1,pump_wear
776.012972544944,22.157582610100025,2341.55,2271.31,66.68,10:34:00,1,pump_wear
431.9404221790625,22.220211463672953,1364.29,1323.36,38.85,10:35:00,1,pump_wear
290.66596070748324,22.283118194600647,934.77,906.73,26.62,10:36:00,1,pump_wear
272.2840832459421,22.34630053743706,877.49,851.17,24.99,10:37:00,1,pump_wear
790.5671436699417,22.409756176242247,2378.09,2306.75,67.72,10:38:00,1,pump_wear
794.1376808489655,22.473482744489377,2386.99,2315.38,67.97,10:39:00,1,pump_wear
797.6799656895809,22.537477824980364,2395.8,2323.93,68.23,10:40:00,1,pump_wear
412.2786304179778,22.601738949770215,1303.46,1264.35,37.12,10:41:00,1,pump_wear
804.6776967659682,22.666263600100194,2413.13,2340.73,68.72,10:42:00,1,pump_wear
808.1321085917178,22.731049206339833,2421.65,2349.0,68.96,10:43:00,1,pump_wear
811.5561995121592,22.796093147937967,2430.06,2357.16,69.2,10:44:00,1,pump_wear
628.8245353302884,22.861392753382823,1929.76,1871.87,54.95,10:45:00,1,pump_wear
818.3113806417518,22.926945300171255,2446.6,2373.2,69.67,10:46:00,1,pump_wear
821.6414595005386,22.992748014787217,2454.71,2381.07,69.9,10:47:00,1,pump_wear
824.9391950043121,23.058798072689566,2462.72,2388.84,70.13,10:48:00,1,pump_wear
378.06670402117305,23.12509259830926,1198.02,1162.08,34.12,10:49:00,1,pump_wear
831.4356496010635,23.19162866505601,2478.43,2404.08,70.58,10:50:00,1,pump_wear
834.6333844179846,23.25840329533456,2486.12,2411.54,70.8,10:51:00,1,pump_wear
837.7968075752962,23.325413460570484,2493.71,2418.9,71.01,10:52:00,1,pump_wear
840.9254363877413,23.392656081245796,2501.19,2426.16,71.23,10:53:00,1,pump_wear
553.2199086724289,23.46012802694426,1710.62,1659.31,48.71,10:54:00,1,pump_wear
847.0764003680652,23.527826116406594,2515.83,2440.35,71.64,10:55:00,1,pump_wear
850.0977906607726,23.59574711759553,2522.98,2447.29,71.85,10:56:00,1,pump_wear
853.0824970994549,23.66388774777092,2530.02,2454.12,72.05,10:57:00,1,pump_wear
317.12348518491746,23.73224467357481,1010.33,980.02,28.77,10:58:00,1,pump_wear
858.9400171517142,23.80081451112666,2543.77,2467.45,72.44,10:59:00,1,pump_wear
861.8119217584436,23.869593826128714,2550.47,2473.95,72.63,11:00:00,1,pump_wear
864.645324732023,23.938579133981563,2557.05,2480.34,72.82,11:01:00,1,pump_wear
313.562236451348,24.007766899910017,998.3,968.36,28.43,11:02:00,1,pump_wear
870.1948614373827,24.077153539099253,2569.88,2492.79,73.18,11:03:00,1,pump_wear
691.4073251859612,24.146735416841377,2092.24,2029.47,59.58,11:04:00,1,pump_wear
875.5851499460196,24.216508848692378,2582.24,2504.78,73.53,11:05:00,1,pump_wear
878.2195125277011,24.286470100639562,2588.25,2510.6,73.71,11:06:00,1,pump_wear
880.8127976424023,24.35661538927947,2594.13,2516.31,73.87,11:07:00,1,pump_wear
883.3645950315189,24.42694088200637,2599.9,2521.9,74.04,11:08:00,1,pump_wear
885.8745001705912,24.497442697211333,2605.54,2527.38,74.2,11:09:00,1,pump_wear
888.3421143760627,24.568116904491916,2611.07,2532.74,74.36,11:10:00,1,pump_wear
365.06336232397666,24.63895952487248,1151.47,1116.93,32.79,11:11:00,1,pump_wear
893.1489050877553,24.709966531035256,2621.75,2543.1,74.66,11:12:00,1,pump_wear
895.4873143734764,24.781133847562064,2626.91,2548.11,74.81,11:13:00,1,pump_wear
897.7818984885187,24.85245735118679,2631.95,2552.99,74.95,11:14:00,1,pump_wear
900.0322895076298,24.923932871058618,2636.86,2557.76,75.09,11:15:00,1,pump_wear
902.238125957924,24.995556189016067,2641.65,2562.4,75.23,11:16:00,1,pump_wear
904.399052915592,25.0673230398718,2646.31,2566.92,75.36,11:17:00,1,pump_wear
293.5581606037368,25.139229111708232,932.65,904.68,26.56,11:18:00,1,pump_wear
908.5847919723266,25.21127004618401,2655.27,2575.61,75.61,11:19:00,1,pump_wear
595.6509169578474,25.28344143885129,1817.06,1762.55,51.74,11:20:00,1,pump_wear
440.13911919248903,25.355738839483877,1370.48,1329.37,39.03,11:21:00,1,pump_wear
276.8023094060268,25.42815775241617,880.28,853.87,25.07,11:22:00,1,pump_wear
504.7797457864405,25.500693636892994,1557.33,1510.61,44.35,11:23:00,1,pump_wear
918.2396807198937,25.573341907430276,2675.44,2595.17,76.19,11:24:00,1,pump_wear
400.91011788111155,25.646097934186525,1253.28,1215.69,35.69,11:25:00,1,pump_wear
565.5040417208977,25.718957043345167,1728.88,1677.01,49.23,11:26:00,1,pump_wear
663.4377024500241,25.7919145175077,2000.85,1940.82,56.98,11:27:00,1,pump_wear
925.1105476847868,25.864965596097637,2689.27,2608.59,76.58,11:28:00,1,pump_wear
358.29730041749,25.938105475775295,1124.99,1091.24,32.04,11:29:00,1,pump_wear
928.2553364423524,26.01132931086326,2695.42,2614.55,76.76,11:30:00,1,pump_wear
929.7541469377485,26.084632213782708,2698.29,2617.35,76.84,11:31:00,1,pump_wear
534.7635310856147,26.158009255500367,1638.58,1589.42,46.66,11:32:00,1,pump_wear
478.76315768361616,26.231455465986244,1477.59,1433.26,42.08,11:33:00,1,pump_wear
933.9533117722267,26.30496583468193,2706.15,2624.96,77.06,11:34:00,1,pump_wear
484.73802614725713,26.37853531097965,1493.89,1449.07,42.54,11:35:00,1,pump_wear
469.7589074778908,26.45215880471181,1450.17,1406.67,41.3,11:36:00,1,pump_wear
937.7018214895555,26.525831186651157,2712.82,2631.44,77.25,11:37:00,1,pump_wear
938.8501975487538,26.59954728902141,2714.79,2633.35,77.31,11:38:00,1,pump_wear
939.9476866176334,26.673301906018388,2716.62,2635.12,77.36,11:39:00,1,pump_wear
940.9941070300093,26.74708979434157,2718.32,2636.77,77.41,11:40:00,1,pump_wear
445.36740632568456,26.82090567373595,1377.19,1335.87,39.22,11:41:00,1,pump_wear
942.9330568711739,26.89474422754427,2721.33,2639.69,77.5,11:42:00,1,pump_wear
943.8252647595522,26.968600103269488,2722.64,2640.96,77.53,11:43:00,1,pump_wear
944.6657609994726,27.042467913147416,2723.82,2642.1,77.57,11:44:00,1,pump_wear
945.4544059832748,27.116342234729508,2724.86,2643.11,77.6,11:45:00,1,pump_wear
946.1910686402063,27.190217611475695,2725.77,2644.0,77.62,11:46:00,1,pump_wear
946.875626472726,27.264088553357205,2726.55,2644.76,77.64,11:47:00,1,pump_wear
564.0284155289204,27.337949537469314,1712.66,1661.28,48.77,11:48:00,1,pump_wear
948.0879807417544,27.411795008653925,2727.72,2645.89,77.68,11:49:00,1,pump_wear
948.6155753429234,27.485619380131915,2728.11,2646.27,77.69,11:50:00,1,pump_wear
350.0832471085893,27.559417034145138,1092.89,1060.11,31.12,11:51:00,1,pump_wear
949.5131600581818,27.633182322608057,2728.49,2646.64,77.7,11:52:00,1,pump_wear
949.8830005737744,27.706909567768854,2728.48,2646.63,77.7,11:53:00,1,pump_wear
950.2001213837972,27.780593062879944,2728.35,2646.5,77.7,11:54:00,1,pump_wear
950.4644695981019,27.854227072877848,2728.08,2646.24,77.69,11:55:00,1,pump_wear
950.6760011190773,27.927805835072235,2727.68,2645.85,77.68,11:56:00,1,pump_wear
675.1672593248161,28.00132355984413,2013.27,1952.87,57.33,11:57:00,1,pump_wear
950.9404817243967,28.074774431353106,2726.49,2644.69,77.64,11:58:00,1,pump_wear
950.993386674311,28.14815260825341,2725.7,2643.93,77.62,11:59:00,1,pump_wear
590.2076376339621,28.221452224418883,1778.9,1725.53,50.66,12:00:00,1,pump_wear
950.9404817243967,28.294667389676547,2723.73,2642.02,77.56,12:01:00,1,pump_wear
950.8346806539097,28.367792190548823,2722.55,2640.87,77.53,12:02:00,1,pump_wear
296.4308790913617,28.44082069100414,928.51,900.66,26.44,12:03:00,1,pump_wear
950.4644695981019,28.51374693321595,2719.8,2638.21,77.45,12:04:00,1,pump_wear
950.2001213837973,28.586564938329857,2718.24,2636.69,77.41,12:05:00,1,pump_wear
949.8830005737744,28.659268707238972,2716.54,2635.05,77.36,12:06:00,1,pump_wear
949.5131600581819,28.73185222136709,2714.72,2633.28,77.31,12:07:00,1,pump_wear
294.5342435079573,28.804309443459772,921.39,893.75,26.24,12:08:00,1,pump_wear
948.6155753429234,28.876634318383086,2710.69,2629.37,77.19,12:09:00,1,pump_wear
948.0879807417544,28.94882077392993,2708.49,2627.23,77.13,12:10:00,1,pump_wear
745.3724274677758,29.020862721633748,2190.99,2125.26,62.39,12:11:00,1,pump_wear
537.8081342066336,29.092754057589502,1626.4,1577.61,46.32,12:12:00,1,pump_wear
436.0288679735071,29.164488663281798,1336.5,1296.41,38.06,12:13:00,1,pump_wear
945.4544059832749,29.236060406419995,2698.41,2617.45,76.84,12:14:00,1,pump_wear
703.4765729724301,29.307463141780104,2077.34,2015.02,59.16,12:15:00,1,pump_wear
943.8252647595522,29.378690712053398,2692.61,2611.84,76.68,12:16:00,1,pump_wear
942.933056871174,29.44973694870151,2689.53,2608.85,76.59,12:17:00,1,pump_wear
941.9892854402578,29.520595672817926,2686.33,2605.74,76.5,12:18:00,1,pump_wear
940.9941070300093,29.59126069599565,2683.0,2602.51,76.4,12:19:00,1,pump_wear
939.9476866176335,29.661725821200914,2679.54,2599.16,76.31,12:20:00,1,pump_wear
938.850197548754,29.731984843652764,2675.97,2595.69,76.2,12:21:00,1,pump_wear
431.68057223315543,29.80203155170834,1320.31,1280.71,37.6,12:22:00,1,pump_wear
936.5027483766689,29.871859727753705,2668.46,2588.4,75.99,12:23:00,1,pump_wear
935.253176364814,29.941463149100038,2664.52,2584.58,75.88,12:24:00,1,pump_wear
933.9533117722268,30.01083558888498,2660.46,2580.65,75.76,12:25:00,1,pump_wear
932.6033690238874,30.079970816979046,2656.28,2576.59,75.64,12:26:00,1,pump_wear
931.2035705925713,30.148862600896805,2651.99,2572.43,75.52,12:27:00,1,pump_wear
929.7541469377486,30.217504706712788,2647.57,2568.15,75.4,12:28:00,1,pump_wear
928.2553364423526,30.285890899981773,2643.04,2563.75,75.27,12:29:00,1,pump_wear
926.7073853474426,30.354014946663455,2638.39,2559.24,75.13,12:30:00,1,pump_wear
925.1105476847869,30.421870614051127,2633.63,2554.62,75.0,12:31:00,1,pump_wear
923.465085207391,30.48945167170432,2628.74,2549.88,74.86,12:32:00,1,pump_wear
921.7712673179974,30.556751892385133,2623.75,2545.04,74.72,12:33:00,1,pump_wear
920.0293709955846,30.623765052998113,2618.64,2540.08,74.57,12:34:00,1,pump_wear
567.1363049653605,30.690484935533448,1696.27,1645.38,48.3,12:35:00,1,pump_wear
654.156597684019,30.7569053280133,1932.49,1874.51,55.03,12:36:00,1,pump_wear
332.5487780188885,30.823020025441075,1026.23,995.45,29.22,12:37:00,1,pump_wear
912.5868018428778,30.888822830753444,2597.06,2519.15,73.96,12:38:00,1,pump_wear
910.6089278171514,30.954307555774875,2591.39,2513.65,73.8,12:39:00,1,pump_wear
908.5847919723268,31.019468022174536,2585.61,2508.04,73.63,12:40:00,1,pump_wear
906.5147221010265,31.084298062425294,2579.71,2502.32,73.46,12:41:00,1,pump_wear
904.3990529155923,31.148791520764668,2573.71,2496.5,73.29,12:42:00,1,pump_wear
902.2381259579244,31.212942254157497,2567.6,2490.58,73.12,12:43:00,1,pump_wear
409.4939460292085,31.276744133260113,1248.23,1210.79,35.55,12:44:00,1,pump_wear
897.7818984885189,31.34019104338581,2555.06,2478.41,72.76,12:45:00,1,pump_wear
895.4873143734766,31.403276885471445,2548.64,2472.18,72.58,12:46:00,1,pump_wear
893.1489050877556,31.465995577044875,2542.1,2465.84,72.39,12:47:00,1,pump_wear
678.587808655071,31.528341053193095,1990.91,1931.19,56.7,12:48:00,1,pump_wear
888.342114376063,31.590307267530825,2528.73,2452.86,72.01,12:49:00,1,pump_wear
693.9221764514687,31.651888193169334,2030.38,1969.47,57.82,12:50:00,1,pump_wear
883.3645950315191,31.7130778236853,2514.94,2439.49,71.62,12:51:00,1,pump_wear
880.8127976424026,31.77387017408948,2507.89,2432.66,71.42,12:52:00,1,pump_wear
556.1702860018673,31.834259281794978,1657.59,1607.86,47.2,12:53:00,1,pump_wear
479.4512461091785,31.89423920758488,1443.73,1400.42,41.11,12:54:00,1,pump_wear
872.9101257820686,31.95380403657906,2486.17,2411.58,70.8,12:55:00,1,pump_wear
494.6164213659829,32.012947879199935,1485.53,1440.96,42.3,12:56:00,1,pump_wear
867.4397837198417,32.07166487213691,2471.19,2397.06,70.37,12:57:00,1,pump_wear
864.6453247320234,32.12994917930938,2463.56,2389.66,70.16,12:58:00,1,pump_wear
861.8119217584439,32.187794992827946,2455.84,2382.16,69.94,12:59:00,1,pump_wear
858.9400171517145,32.24519653395377,2448.02,2374.58,69.71,13:00:00,1,pump_wear
856.0300582176624,32.302148054055706,2440.11,2366.91,69.49,13:01:00,1,pump_wear
853.0824970994553,32.35864383556509,2432.11,2359.15,69.26,13:02:00,1,pump_wear
599.1624733244726,32.41467819292794,1770.51,1717.39,50.42,13:03:00,1,pump_wear
847.0764003680655,32.47024547355426,2415.84,2343.36,68.8,13:04:00,1,pump_wear
844.0187921719436,32.52534005876446,2407.57,2335.34,68.56,13:05:00,1,pump_wear
840.9254363877417,32.579956364732325,2399.21,2327.24,68.32,13:06:00,1,pump_wear
666.6501536988233,32.63408884342465,1949.44,1890.96,55.51,13:07:00,1,pump_wear
283.26251535662703,32.68773198353706,872.92,846.74,24.86,13:08:00,1,pump_wear
461.5918965130018,32.74088031142607,1388.2,1346.55,39.53,13:09:00,1,pump_wear
828.2040896893537,32.793528392036755,2364.93,2293.98,67.35,13:10:00,1,pump_wear
345.47768893455475,32.84567082982633,1055.06,1023.41,30.05,13:11:00,1,pump_wear
821.641459500539,32.89730226968295,2347.29,2276.87,66.84,13:12:00,1,pump_wear
818.3113806417521,32.948417397839805,2338.35,2268.2,66.59,13:13:00,1,pump_wear
814.9494592762883,32.999010942784146,2329.33,2259.45,66.33,13:14:00,1,pump_wear
811.5561995121594,33.04907767616117,2320.23,2250.62,66.07,13:15:00,1,pump_wear
455.8425436664697,33.09861241367233,1369.84,1328.74,39.01,13:16:00,1,pump_wear
804.6776967659687,33.14761001596807,2301.8,2232.74,65.55,13:17:00,1,pump_wear
801.1934771685712,33.19606538953465,2292.47,2223.7,65.28,13:18:00,1,pump_wear
797.6799656895813,33.24397348757489,2283.07,2214.58,65.02,13:19:00,1,pump_wear
273.6815012549406,33.29132931088256,842.3,817.03,23.99,13:20:00,1,pump_wear
790.5671436699421,33.338127908710334,2264.05,2196.13,64.47,13:21:00,1,pump_wear
259.2444460383937,33.384364379630924,799.09,775.12,22.76,13:22:00,1,pump_wear
584.0304564689731,33.43003387239136,1721.61,1669.96,49.03,13:23:00,1,pump_wear
779.6912632199915,33.475131586760064,2234.99,2167.94,63.65,13:24:00,1,pump_wear
776.0129725449444,33.5196527743666,2225.17,2158.41,63.37,13:25:00,1,pump_wear
290.76093151822533,33.56359273953384,891.77,865.02,25.39,13:26:00,1,pump_wear
768.5800822315331,33.60694684010241,2205.32,2139.16,62.8,13:27:00,1,pump_wear
528.6288556939112,33.64971048824713,1568.85,1521.78,44.68,13:28:00,1,pump_wear
761.0490104378626,33.691879151285306,2185.23,2119.67,62.23,13:29:00,1,pump_wear
757.2479984951074,33.73344835247667,2175.08,2109.83,61.94,13:30:00,1,pump_wear
753.42405421703,33.77441367181473,2164.88,2099.93,61.65,13:31:00,1,pump_wear
387.9284710297789,33.81477074680936,1172.95,1137.76,33.4,13:32:00,1,pump_wear
745.7095304031479,33.8545152732605,2144.3,2079.97,61.06,13:33:00,1,pump_wear
741.820034078403,33.89364300602264,2133.92,2069.9,60.77,13:34:00,1,pump_wear
737.9097715905717,33.93214975975998,2123.49,2059.78,60.47,13:35:00,1,pump_wear
733.9792863206326,33.97003140969214,2113.0,2049.61,60.17,13:36:00,1,pump_wear
730.0291221364038,34.00728389233004,2102.46,2039.39,59.87,13:37:00,1,pump_wear
463.1902422120014,34.043903206202025,1384.73,1343.19,39.43,13:38:00,1,pump_wear
517.9343783799214,34.079885412569816,1536.45,1490.36,43.75,13:39:00,1,pump_wear
718.0659994935587,34.11522663613424,2070.53,2008.41,58.96,13:40:00,1,pump_wear
714.0425637639031,34.149923065730555,2059.78,1997.99,58.66,13:41:00,1,pump_wear
306.82680438269557,34.18397095501315,936.5,908.4,26.67,13:42:00,1,pump_wear
705.9453668227117,34.21736662312946,2038.15,1977.01,58.04,13:43:00,1,pump_wear
701.8726936892043,34.25010645538296,2027.27,1966.45,57.73,13:44:00,1,pump_wear
697.7846954419133,34.282186903885034,2016.35,1955.86,57.42,13:45:00,1,pump_wear
693.6819148569756,34.31360448819556,2005.38,1945.22,57.11,13:46:00,1,pump_wear
689.5648939940513,34.34435579595208,1994.37,1934.53,56.79,13:47:00,1,pump_wear
230.18342402189958,34.37443748348735,709.27,687.99,20.2,13:48:00,1,pump_wear
681.2902953950992,34.40384627643513,1972.22,1913.06,56.16,13:49:00,1,pump_wear
677.1337971561478,34.43257897032413,1961.1,1902.26,55.85,13:50:00,1,pump_wear
672.9652174059712,34.46063243115976,1949.93,1891.43,55.53,13:51:00,1,pump_wear
668.7850928998735,34.488003595993845,1938.73,1880.57,55.21,13:52:00,1,pump_wear
664.5939589947617,34.51468947348188,1927.5,1869.67,54.89,13:53:00,1,pump_wear
381.94758295296725,34.54068714442777,1152.15,1117.58,32.81,13:54:00,1,pump_wear
656.1807967638116,34.56599376231607,1904.93,1847.78,54.25,13:55:00,1,pump_wear
651.9598311747058,34.59060655383128,1893.6,1836.79,53.92,13:56:00,1,pump_wear
647.7299814455486,34.6145228193644,1882.24,1825.77,53.6,13:57:00,1,pump_wear
643.491774312714,34.63773993350637,1870.85,1814.72,53.28,13:58:00,1,pump_wear
639.2457344708972,34.66025534552833,1859.44,1803.65,52.95,13:59:00,1,pump_wear
634.9923844701004,34.682066579848694,1847.99,1792.55,52.63,14:00:00,1,pump_wear
462.29588983021017,34.70317123648674,1378.21,1336.86,39.25,14:01:00,1,pump_wear
626.465832858944,34.72356699150273,1825.04,1770.29,51.97,14:02:00,1,pump_wear
622.1936647159405,34.74325159742436,1813.53,1759.12,51.64,14:03:00,1,pump_wear
617.9162531517649,34.76222288365954,1802.0,1747.94,51.32,14:04:00,1,pump_wear
613.6341084931076,34.78047875689527,1790.45,1736.73,50.99,14:05:00,1,pump_wear
609.3477383314442,34.79801720148257,1778.88,1725.51,50.66,14:06:00,1,pump_wear
605.0576474294319,34.81483627980742,1767.29,1714.27,50.33,14:07:00,1,pump_wear
600.7643376287413,34.8309341326475,1755.68,1703.01,50.0,14:08:00,1,pump_wear
596.4683077593435,34.8463089795147,1744.06,1691.74,49.67,14:09:00,1,pump_wear
419.60290155498717,34.86095911898339,1257.44,1219.72,35.81,14:10:00,1,pump_wear
587.870067541891,34.874882929004116,1720.79,1669.16,49.0,14:11:00,1,pump_wear
583.5688389996473,34.88807886720304,1709.13,1657.86,48.67,14:12:00,1,pump_wear
579.2668538293937,34.90054547116658,1697.46,1646.54,48.34,14:13:00,1,pump_wear
399.17532245446336,34.91228135871158,1199.32,1163.34,34.15,14:14:00,1,pump_wear
570.6625399329283,34.9232852281407,1674.1,1623.88,47.67,14:15:00,1,pump_wear
268.86061005357857,34.93355585848302,822.17,797.5,23.41,14:16:00,1,pump_wear
562.0609427868794,34.94309210971986,1650.72,1601.2,47.01,14:17:00,1,pump_wear
557.7623397459645,34.95189292299568,1639.02,1589.85,46.67,14:18:00,1,pump_wear
553.4658204145954,34.95995732081401,1627.31,1578.49,46.34,14:19:00,1,pump_wear
549.1718449419382,34.96728440721837,1615.61,1567.14,46.01,14:20:00,1,pump_wear
544.8808694970058,34.97387336795825,1603.9,1555.78,45.67,14:21:00,1,pump_wear
273.0421385336214,34.979723470639826,834.32,809.29,23.76,14:22:00,1,pump_wear
195.6699612743428,34.9848340648617,604.13,586.0,17.2,14:23:00,1,pump_wear
292.901346457157,34.989204582335404,892.56,865.79,25.42,14:24:00,1,pump_wear
527.755948183139,34.9928345369907,1557.09,1510.38,44.34,14:25:00,1,pump_wear
386.8335634524382,34.99572352506571,1163.78,1128.87,33.14,14:26:00,1,pump_wear
519.2230440277262,34.99787122518174,1533.71,1487.7,43.68,14:27:00,1,pump_wear
354.58388108553714,34.99927739840285,1071.46,1039.32,30.51,14:28:00,1,pump_wear
510.71443969079615,34.99994188828021,1510.35,1465.04,43.01,14:29:00,1,pump_wear
506.47030194008624,34.999864620881056,1498.69,1453.73,42.68,14:30:00,1,pump_wear
502.2334923804949,34.99904560480244,1487.03,1442.42,42.35,14:31:00,1,pump_wear
162.69477315343877,34.9974849311696,504.5,489.37,14.37,14:32:00,1,pump_wear
493.78348561686295,34.99518277361909,1463.76,1419.85,41.68,14:33:00,1,pump_wear
489.5710904766453,34.99213938826658,1452.14,1408.58,41.35,14:34:00,1,pump_wear
288.66688155173273,34.98835511365934,880.17,853.76,25.06,14:35:00,1,pump_wear
481.17348584723896,34.98383037071352,1428.96,1386.09,40.69,14:36:00,1,pump_wear
476.9890494342759,34.97856566263607,1417.38,1374.86,40.36,14:37:00,1,pump_wear
472.81469746474465,34.972561574831545,1405.83,1363.66,40.03,14:38:00,1,pump_wear
468.65080410153746,34.965818774793505,1394.3,1352.47,39.71,14:39:00,1,pump_wear
464.49773848500735,34.95833801198094,1382.78,1341.3,39.38,14:40:00,1,pump_wear
460.35586469541977,34.95012011767941,1371.29,1330.15,39.05,14:41:00,1,pump_wear
456.22554171713676,34.94116600484704,1359.82,1319.02,38.72,14:42:00,1,pump_wear
452.1071234045298,34.931476667945546,1348.37,1307.92,38.4,14:43:00,1,pump_wear
448.00095844961965,34.921053182756104,1336.94,1296.83,38.07,14:44:00,1,pump_wear
443.9073903514353,34.90989670618035,1325.54,1285.78,37.75,14:45:00,1,pump_wear
439.82675738708934,34.898008476026284,1314.17,1274.74,37.42,14:46:00,1,pump_wear
435.7593925845617,34.88538981077949,1302.82,1263.73,37.1,14:47:00,1,pump_wear
431.7056236971874,34.87204210935934,1291.5,1252.75,36.78,14:48:00,1,pump_wear
427.6657731798383,34.85796685086056,1280.2,1241.8,36.46,14:49:00,1,pump_wear
423.6401581667946,34.84316559428005,1268.94,1230.87,36.14,14:50:00,1,pump_wear
154.49081671389115,34.82763997822912,479.93,465.54,13.67,14:51:00,1,pump_wear
415.6328764667516,34.81139172063112,1246.5,1209.11,35.5,14:52:00,1,pump_wear
411.6518172696438,34.79442261840466,1235.33,1198.27,35.18,14:53:00,1,pump_wear
407.68620852403825,34.77673454713238,1224.19,1187.46,34.86,14:54:00,1,pump_wear
217.5285411471217,34.75832946071547,670.31,650.2,19.09,14:55:00,1,pump_wear
230.42932231572806,34.739209391013986,708.89,687.62,20.19,14:56:00,1,pump_wear
395.8849604718277,34.71937644747293,1190.98,1155.25,33.92,14:57:00,1,pump_wear
191.17735205719129,34.69883281673448,591.33,573.59,16.84,14:58:00,1,pump_wear
388.09989073663075,34.67758076223613,1169.02,1133.95,33.29,14:59:00,1,pump_wear
384.23289013273956,34.655622623795125,1158.1,1123.35,32.98,15:00:00,1,pump_wear
224.62410430129327,34.6329608171791,691.88,671.13,19.7,15:01:00,1,pump_wear
376.55124555197864,34.609597833663194,1136.37,1102.28,32.36,15:02:00,1,pump_wear
372.73710044060994,34.585536239573585,1125.56,1091.79,32.05,15:03:00,1,pump_wear
368.94106359389855,34.5607786758177,1114.8,1081.35,31.75,15:04:00,1,pump_wear
365.16337079913916,34.53532785740121,1104.07,1070.95,31.44,15:05:00,1,pump_wear
361.40425239002286,34.50918657293177,1093.39,1060.59,31.14,15:06:00,1,pump_wear
357.66393325148573,34.48235768410991,1082.75,1050.27,30.83,15:07:00,1,pump_wear
353.9426328260151,34.454844125206925,1072.16,1040.0,30.53,15:08:00,1,pump_wear
350.2405651213973,34.42664890253011,1061.61,1029.76,30.23,15:09:00,1,pump_wear
346.5579387198885,34.39777509387535,1051.11,1019.57,29.93,15:10:00,1,pump_wear
342.8949567887907,34.36822584796725,1040.65,1009.43,29.63,15:11:00,1,pump_wear
169.07074865747018,34.33800438388694,525.3,509.54,14.96,15:12:00,1,pump_wear
162.52104711392067,34.307113990487736,505.46,490.29,14.39,15:13:00,1,pump_wear
332.02582852747804,34.275558025798745,1009.56,979.27,28.75,15:14:00,1,pump_wear
328.4433482993109,34.24333991641657,999.29,969.31,28.46,15:15:00,1,pump_wear
324.8814476199965,34.210463156885396,989.07,959.4,28.17,15:16:00,1,pump_wear
173.94157807012786,34.17693130906533,540.46,524.24,15.39,15:17:00,1,pump_wear
194.00351519783294,34.14274800148955,601.27,583.23,17.12,15:18:00,1,pump_wear
314.3209061411987,34.10791692871004,958.72,929.95,27.3,15:19:00,1,pump_wear
310.84298049342675,34.07244185063233,948.7,920.24,27.02,15:20:00,1,pump_wear
307.3864364609423,34.03632659183932,938.73,910.57,26.73,15:21:00,1,pump_wear
181.2081410407099,33.999575040904354,562.92,546.03,16.03,15:22:00,1,pump_wear
300.53806679228865,33.96219114969371,918.96,891.39,26.17,15:23:00,1,pump_wear
297.14651499503265,33.92417893265871,909.16,881.88,25.89,15:24:00,1,pump_wear
192.41963177683692,33.88554246611767,597.14,579.23,17.0,15:25:00,1,pump_wear
290.42932355515796,33.8462858875277,889.71,863.02,25.34,15:26:00,1,pump_wear
287.10392706106904,33.806413394746755,880.07,853.66,25.06,15:27:00,1,pump_wear
222.2225549289981,33.765929245285975,687.25,666.63,19.57,15:28:00,1,pump_wear
176.42960597517995,33.72483775555253,549.06,532.59,15.64,15:29:00,1,pump_wear
277.2618875624935,33.68314330008322,851.47,825.93,24.25,15:30:00,1,pump_wear
274.0262711607585,33.64085031076892,842.06,816.79,23.98,15:31:00,1,pump_wear
270.81334753141914,33.597963276070104,832.7,807.72,23.71,15:32:00,1,pump_wear
267.623205986785,33.55448674022373,823.39,798.69,23.45,15:33:00,1,pump_wear
125.61639603094862,33.51042530244154,393.91,382.1,11.22,15:34:00,1,pump_wear
261.31160229207035,33.46578361610004,804.96,780.81,22.92,15:35:00,1,pump_wear
258.19029477328274,33.42056638792236,795.83,771.96,22.66,15:36:00,1,pump_wear
255.09207868078477,33.374778377152225,786.76,763.16,22.4,15:37:00,1,pump_wear
95.61848723238279,33.32842439472019,301.26,292.22,8.58,15:38:00,1,pump_wear
248.96517836849029,33.28150930240228,768.8,745.74,21.89,15:39:00,1,pump_wear
245.9366114132086,33.23403801197147,759.91,737.11,21.64,15:40:00,1,pump_wear
242.93137049867386,33.18601548434195,751.08,728.55,21.39,15:41:00,1,pump_wear
166.01875375986137,33.13744672870651,518.66,503.1,14.77,15:42:00,1,pump_wear
177.92982954132077,33.088336801667275,555.11,538.46,15.81,15:43:00,1,pump_wear
234.05605469793608,33.03869080635995,724.95,703.2,20.64,15:44:00,1,pump_wear
231.14454654579538,32.9885138915718,716.36,694.87,20.4,15:45:00,1,pump_wear
148.15210094044957,32.93781125085355,464.32,450.39,13.22,15:46:00,1,pump_wear
225.3921109192239,32.88658812162553,699.37,678.39,19.92,15:47:00,1,pump_wear
222.55123016433896,32.83484978427811,690.97,670.24,19.68,15:48:00,1,pump_wear
140.33537981027015,32.7826015612668,440.57,427.35,12.55,15:49:00,1,pump_wear
216.9402281836068,32.729848816202086,674.35,654.12,19.2,15:50:00,1,pump_wear
114.23965023777319,32.6765969529344,360.03,349.23,10.25,15:51:00,1,pump_wear
211.42363821431243,32.622851414634226,657.99,638.25,18.74,15:52:00,1,pump_wear
208.70075737220895,32.56861768286774,649.9,630.4,18.51,15:53:00,1,pump_wear
206.001483185913,32.513901276668136,641.87,622.61,18.28,15:54:00,1,pump_wear
203.32580871969654,32.4587077516028,633.9,614.89,18.05,15:55:00,1,pump_wear
200.67372321467766,32.403042698836664,626.0,607.22,17.83,15:56:00,1,pump_wear
198.04521214085568,32.346911744191885,618.16,599.62,17.6,15:57:00,1,pump_wear
195.44025724951092,32.290320547204075,610.39,592.08,17.38,15:58:00,1,pump_wear
192.85883662594748,32.23327480017535,602.68,584.6,17.16,15:59:00,1,pump_wear
190.30092474255636,32.17578022722432,595.03,577.18,16.94,16:00:00,1,pump_wear
187.7664925121779,32.11784258333339,587.44,569.82,16.73,16:01:00,1,pump_wear
185.25550734174024,32.05946765339344,579.92,562.53,16.51,16:02:00,1,pump_wear
182.76793318615623,32.000661251246214,572.47,555.29,16.3,16:03:00,1,pump_wear
180.3037306024525,31.941429218724565,565.07,548.12,16.09,16:04:00,1,pump_wear
177.86285680411123,31.881777424690846,557.74,541.01,15.88,16:05:00,1,pump_wear
175.44526571560712,31.821711764073562,550.47,533.96,15.68,16:06:00,1,pump_wear
173.05090802711578,31.7612381569027,543.27,526.97,15.47,16:07:00,1,pump_wear
170.67973124937186,31.700362547343687,536.13,520.05,15.27,16:08:00,1,pump_wear
168.33167976865832,31.63909090273038,529.05,513.18,15.07,16:09:00,1,pump_wear
56.77597788867651,31.57742921259732,181.1,175.67,5.16,16:10:00,1,pump_wear
163.70471495190029,31.515383487711347,515.09,499.64,14.67,16:11:00,1,pump_wear
161.42567526251872,31.452959759102892,508.21,492.96,14.47,16:12:00,1,pump_wear
122.10247446978525,31.390164077097054,386.49,374.89,11.01,16:13:00,1,pump_wear
156.93614357864766,31.32700251034484,494.62,479.78,14.09,16:14:00,1,pump_wear
154.72550797546782,31.26348114485468,487.93,473.29,13.89,16:15:00,1,pump_wear
152.5375255262604,31.1996060830244,481.29,466.85,13.71,16:16:00,1,pump_wear
101.36757743304483,31.135383442673895,322.06,312.4,9.17,16:17:00,1,pump_wear
148.22920298116617,31.070819356078797,468.21,454.17,13.33,16:18:00,1,pump_wear
146.10869781907,31.005919969005273,461.77,447.92,13.15,16:19:00,1,pump_wear
47.48202743433777,30.940691439746114,152.04,147.48,4.33,16:20:00,1,pump_wear
43.69489668419037,30.875139938158398,140.02,135.82,3.99,16:21:00,1,pump_wear
60.18089030657274,30.809271644702932,192.49,186.71,5.48,16:22:00,1,pump_wear
137.8490085454822,30.743092749485726,436.61,423.51,12.43,16:23:00,1,pump_wear
135.83920728549185,30.676609451301527,430.48,417.56,12.26,16:24:00,1,pump_wear
133.85126165713257,30.60982795667975,424.41,411.67,12.09,16:25:00,1,pump_wear
131.88507137841086,30.54275447893308,418.4,405.84,11.91,16:26:00,1,pump_wear
95.11072515375436,30.475395237208787,303.26,294.16,8.64,16:27:00,1,pump_wear
63.15028602700136,30.407756455543012,202.24,196.18,5.76,16:28:00,1,pump_wear
126.11599813638533,30.339844361918242,400.73,388.71,11.41,16:29:00,1,pump_wear
124.23578456799386,30.27166518732416,394.97,383.12,11.25,16:30:00,1,pump_wear
56.42138345374445,30.203225164822104,181.0,175.57,5.15,16:31:00,1,pump_wear
120.53891417596817,30.134530528613208,383.62,372.11,10.92,16:32:00,1,pump_wear
118.72203097861376,30.0655875131105,378.03,366.69,10.77,16:33:00,1,pump_wear
116.92602856096366,29.996402352015174,372.5,361.33,10.61,16:34:00,1,pump_wear
115.15078935912534,29.926981277397232,367.04,356.03,10.45,16:35:00,1,pump_wear
113.39619415197447,29.857330518780515,361.63,350.78,10.3,16:36:00,1,pump_wear
111.66212211264235,29.78745630223245,356.29,345.6,10.15,16:37:00,1,pump_wear
109.94845085966448,29.717364849458754,351.0,340.47,10.0,16:38:00,1,pump_wear
44.28340339915492,29.647062376903115,142.61,138.33,4.06,16:39:00,1,pump_wear
106.58181371835431,29.57655509485214,340.6,330.38,9.7,16:40:00,1,pump_wear
104.9285957494575,29.505849206545573,335.48,325.42,9.55,16:41:00,1,pump_wear
33.119718403729074,29.434950907292276,106.9,103.7,3.04,16:42:00,1,pump_wear
101.6817205866174,29.363866383591848,325.43,315.66,9.27,16:43:00,1,pump_wear
100.0878033373499,29.29260181226213,320.49,310.87,9.13,16:44:00,1,pump_wear
98.51339089528938,29.221163359572806,315.6,306.13,8.99,16:45:00,1,pump_wear
96.9583502390172,29.149557180385226,310.77,301.45,8.85,16:46:00,1,pump_wear
32.556717797406606,29.077789417298717,105.25,102.09,3.0,16:47:00,1,pump_wear
93.90584668835034,29.005866199803293,301.29,292.25,8.58,16:48:00,1,pump_wear
65.50712881998277,28.933793643439145,211.0,204.67,6.01,16:49:00,1,pump_wear
90.92920713173079,28.861577848963,292.02,283.26,8.32,16:50:00,1,pump_wear
89.46899282519404,28.789224901521514,287.47,278.85,8.19,16:51:00,1,pump_wear
88.02733047107739,28.71674086983175,282.98,274.49,8.06,16:52:00,1,pump_wear
86.60408024234515,28.644131805368968,278.53,270.18,7.93,16:53:00,1,pump_wear
61.361721431961804,28.571403741561912,198.05,192.11,5.64,16:54:00,1,pump_wear
83.8122529412999,28.49856269299567,269.81,261.72,7.68,16:55:00,1,pump_wear
82.44339243430329,28.425614654622215,265.53,257.57,7.56,16:56:00,1,pump_wear
55.64618602494687,28.35256560097878,179.89,174.5,5.12,16:57:00,1,pump_wear
79.7590640975202,28.279421485414282,257.13,249.41,7.32,16:58:00,1,pump_wear
53.355900330935945,28.206188239323865,172.64,167.46,4.92,16:59:00,1,pump_wear
77.14496749138718,28.132871771391628,248.93,241.47,7.09,17:00:00,1,pump_wear
75.86389463794407,28.059477966841694,244.91,237.57,6.97,17:01:00,1,pump_wear
28.5839215181438,27.986012686697837,92.86,90.08,2.64,17:02:00,1,pump_wear
73.35297280966908,27.91248176705171,237.03,229.91,6.75,17:03:00,1,pump_wear
51.569004862007446,27.8388910183397,167.15,162.13,4.76,17:04:00,1,pump_wear
70.90937546194623,27.76524622462867,229.34,222.46,6.53,17:05:00,1,pump_wear
41.8106438305496,27.691553142910607,135.77,131.7,3.87,17:06:00,1,pump_wear
36.11405800939321,27.617817502406382,117.39,113.87,3.34,17:07:00,1,pump_wear
67.36764473568586,27.544045003878566,218.18,211.63,6.21,17:08:00,1,pump_wear
66.21945620284826,27.470241318953473,214.56,208.12,6.11,17:09:00,1,pump_wear
65.08721587441856,27.396412089452618,210.98,204.65,6.01,17:10:00,1,pump_wear
63.9707759620657,27.32256292673362,207.45,201.23,5.91,17:11:00,1,pump_wear
62.869988594060224,27.24869941104053,203.97,197.86,5.81,17:12:00,1,pump_wear
24.894845605090996,27.174827090863797,81.18,78.75,2.31,17:13:00,1,pump_wear
60.71477979092143,27.10095148230999,197.15,191.24,5.61,17:14:00,1,pump_wear
18.68627577153601,27.027078068481284,61.02,59.19,1.74,17:15:00,1,pump_wear
41.292610686808324,26.953212298864745,134.5,130.46,3.83,17:16:00,1,pump_wear
31.78206592056103,26.87935958873155,103.68,100.57,2.95,17:17:00,1,pump_wear
56.585684953274175,26.80552531854628,184.06,178.54,5.24,17:18:00,1,pump_wear
29.097309629167977,26.73171483338625,95.01,92.16,2.71,17:19:00,1,pump_wear
54.60943555796692,26.657933442370975,177.79,172.45,5.06,17:20:00,1,pump_wear
24.071133743995972,26.584186418101787,78.69,76.33,2.24,17:21:00,1,pump_wear
38.268644883429346,26.510478996111807,124.92,121.17,3.56,17:22:00,1,pump_wear
51.75212006878487,26.43681637432624,168.7,163.63,4.8,17:23:00,1,pump_wear
28.756812687010775,26.363203712532957,94.04,91.22,2.68,17:24:00,1,pump_wear
49.91690454828013,26.28964613186353,162.85,157.96,4.64,17:25:00,1,pump_wear
37.90525874636103,26.216148714284806,123.89,120.17,3.53,17:26:00,1,pump_wear
48.13605583099729,26.142716502100985,157.17,152.45,4.48,17:27:00,1,pump_wear
18.423909279402956,26.0693544974662,60.4,58.59,1.72,17:28:00,1,pump_wear
46.408412676298006,25.996067661907738,151.65,147.1,4.32,17:29:00,1,pump_wear
18.722804988088484,25.92286091585988,61.41,59.57,1.75,17:30:00,1,pump_wear
44.73282051876233,25.849739138208527,146.29,141.9,4.17,17:31:00,1,pump_wear
16.719134928693364,25.776707165846354,54.89,53.24,1.56,17:32:00,1,pump_wear
21.923825570104682,25.703769793238777,71.95,69.79,2.05,17:33:00,1,pump_wear
42.31452079235208,25.630931772000693,138.55,134.39,3.95,17:34:00,1,pump_wear
24.798684830787593,25.558197810483996,81.4,78.96,2.32,17:35:00,1,pump_wear
40.76405555608208,25.485572573375876,133.57,129.57,3.8,17:36:00,1,pump_wear
40.00692041068217,25.41306068130784,131.14,127.21,3.73,17:37:00,1,pump_wear
28.905209695542208,25.34066671047571,94.91,92.07,2.7,17:38:00,1,pump_wear
38.528146271829584,25.26839519227039,126.39,122.6,3.6,17:39:00,1,pump_wear
37.806229679277564,25.196250612919435,124.07,120.35,3.53,17:40:00,1,pump_wear
37.09577611448634,25.12423741313947,121.79,118.13,3.47,17:41:00,1,pump_wear
36.39664846868807,25.052359987799505,119.54,115.95,3.4,17:42:00,1,pump_wear
35.70871034099169,24.980622685595094,117.32,113.8,3.34,17:43:00,1,pump_wear
14.156906213703595,24.909029808733273,46.65,0.0,0.0,17:44:00,1,pump_wear
34.36586067555497,24.837585612628338,112.99,109.6,3.22,17:45:00,1,pump_wear
33.71068002336318,24.766294305608497,110.88,107.55,3.16,17:46:00,1,pump_wear
24.960823466871307,24.695160048633333,82.21,79.75,2.34,17:47:00,1,pump_wear
12.651278161847902,24.62418695502201,41.75,0.0,0.0,17:48:00,1,pump_wear
31.80851630438825,24.55337909019224,104.74,101.6,2.98,17:49:00,1,pump_wear
31.195148423307057,24.482740471410075,102.76,99.67,2.93,17:50:00,1,pump_wear
21.045536700407585,24.412275067550446,69.43,67.35,1.98,17:51:00,1,pump_wear
17.982117057318828,24.34198679886832,59.36,57.58,1.69,17:52:00,1,pump_wear
29.41528244569881,24.271879536780546,97.0,94.09,2.76,17:53:00,1,pump_wear
10.075244780387841,24.201957103658433,33.31,0.0,0.0,17:54:00,1,pump_wear
28.27762052536337,24.1322232726309,93.31,90.51,2.66,17:55:00,1,pump_wear
27.723083959842246,24.062681767398175,91.51,88.77,2.61,17:56:00,1,pump_wear
27.177910074871125,23.99333626205602,89.74,87.05,2.56,17:57:00,1,pump_wear
26.641974814521312,23.924190380930526,88.0,85.36,2.51,17:58:00,1,pump_wear
26.11515503914089,23.855247698423337,86.29,83.7,2.46,17:59:00,1,pump_wear
25.5973285344164,23.78651173886727,84.61,82.07,2.41,18:00:00,1,pump_wear
25.088374020000952,23.717985976392228,82.96,80.47,2.36,18:01:00,1,pump_wear
24.58817115771459,23.64967383480157,81.33,78.89,2.32,18:02:00,1,pump_wear
24.09660055932243,23.581578687458656,79.73,77.34,2.27,18:03:00,1,pump_wear
23.613543793895893,23.513703857183593,78.16,75.81,2.23,18:04:00,1,pump_wear
23.138883394763408,23.446052616160106,76.61,74.31,2.18,18:05:00,1,pump_wear
22.672502866056877,23.378628185852552,75.09,72.84,2.14,18:06:00,1,pump_wear
22.21428668885932,23.311433736932965,73.6,71.39,2.1,18:07:00,1,pump_wear
21.764120326959535,23.244472389218018,72.13,69.97,2.05,18:08:00,1,pump_wear
12.484459883385778,23.177747211615856,41.43,0.0,0.0,18:09:00,1,pump_wear
20.887483849564152,23.111261222082828,69.27,67.19,1.97,18:10:00,1,pump_wear
12.134655110338844,23.045017387589997,40.3,0.0,0.0,18:11:00,1,pump_wear
10.950704236372003,22.97901862409925,36.38,0.0,0.0,18:12:00,1,pump_wear
15.262513235874474,22.91326779654904,50.69,49.17,1.44,18:13:00,1,pump_wear
6.811353097007795,22.84776771884972,22.65,0.0,0.0,18:14:00,1,pump_wear
18.828938254632188,22.782521153888347,62.54,60.66,1.78,18:15:00,1,pump_wear
10.08034371642454,22.717530813542798,33.53,0.0,0.0,18:16:00,1,pump_wear
18.05645898863185,22.65279935870519,60.01,58.21,1.71,18:17:00,1,pump_wear
11.54422220369031,22.58832939931461,38.41,0.0,0.0,18:18:00,1,pump_wear
17.311818741905068,22.524123494398918,57.57,55.84,1.64,18:19:00,1,pump_wear
16.949680258707275,22.460184152125596,56.38,54.69,1.61,18:20:00,1,pump_wear
16.594193987434814,22.39651382986154,55.22,53.56,1.57,18:21:00,1,pump_wear
16.24525954852549,22.333114934241777,54.07,52.45,1.54,18:22:00,1,pump_wear
15.902777588453217,22.26998982124698,52.95,51.36,1.51,18:23:00,1,pump_wear
15.566649780028309,22.207140796289586,51.84,50.29,1.48,18:24:00,1,pump_wear
15.236778822409137,22.14457011430857,50.76,49.24,1.45,18:25:00,1,pump_wear
7.668604108877737,22.082279979872688,25.58,0.0,0.0,18:26:00,1,pump_wear
14.595423386059936,22.020272547292215,48.65,0.0,0.0,18:27:00,1,pump_wear
14.28374943357168,21.95854992073887,47.63,0.0,0.0,18:28:00,1,pump_wear
13.97795338247145,21.89711415437401,46.62,0.0,0.0,18:29:00,1,pump_wear
13.677943054151353,21.8359672524849,45.63,0.0,0.0,18:30:00,1,pump_wear
13.383627290696767,21.775111169629085,44.66,0.0,0.0,18:31:00,1,pump_wear
13.09491595304552,21.71454781078657,43.71,0.0,0.0,18:32:00,1,pump_wear
12.811719918906366,21.65427903151976,42.78,0.0,0.0,18:33:00,1,pump_wear
12.53395108044264,21.59430663814123,41.86,0.0,0.0,18:34:00,1,pump_wear
12.261522341727003,21.534632387889026,40.96,0.0,0.0,18:35:00,1,pump_wear
11.994347615972494,21.47525798910941,40.08,0.0,0.0,18:36:00,1,pump_wear
11.732341822546232,21.41618510144699,39.21,0.0,0.0,18:37:00,1,pump_wear
11.475420883771351,21.35741533604217,38.37,0.0,0.0,18:38:00,1,pump_wear
11.22350172152293,21.29895025573571,37.53,0.0,0.0,18:39:00,1,pump_wear
10.976502253623083,21.240791375280367,36.72,0.0,0.0,18:40:00,1,pump_wear
10.734341390041164,21.182940161559383,35.92,0.0,0.0,18:41:00,1,pump_wear
10.496939028904752,21.125398033811905,35.13,0.0,0.0,18:42:00,1,pump_wear
3.262780567368212,21.068166363865064,10.93,0.0,0.0,18:43:00,1,pump_wear
10.036094322053874,21.011246476372662,33.61,0.0,0.0,18:44:00,1,pump_wear
9.812496674941594,20.95463964906029,32.87,0.0,0.0,18:45:00,1,pump_wear
9.593346918262258,20.898347112976868,32.14,0.0,0.0,18:46:00,1,pump_wear
6.82453632721998,20.84237005275245,22.88,0.0,0.0,18:47:00,1,pump_wear
9.168091128088964,20.786709606862125,30.73,0.0,0.0,18:48:00,1,pump_wear
8.961837516748101,20.731366867895897,30.05,0.0,0.0,18:49:00,1,pump_wear
8.759736629670856,20.67634288283456,29.38,0.0,0.0,18:50:00,1,pump_wear
8.561717050321686,20.621638653331328,28.72,0.0,0.0,18:51:00,1,pump_wear
4.418192833888469,20.56725513599909,14.83,0.0,0.0,18:52:00,1,pump_wear
8.177640838097217,20.513193242703224,27.44,0.0,0.0,18:53:00,1,pump_wear
4.358882896909441,20.459453840859876,14.64,0.0,0.0,18:54:00,1,pump_wear
7.80905622452216,20.406037753739557,26.22,0.0,0.0,18:55:00,1,pump_wear
7.6304045989462885,20.352945760775885,25.62,0.0,0.0,18:56:00,1,pump_wear
7.45542529690717,20.300178597879395,25.04,0.0,0.0,18:57:00,1,pump_wear
4.676191874995904,20.24773695775636,15.72,0.0,0.0,18:58:00,1,pump_wear
7.116224688838312,20.195621490232455,23.91,0.0,0.0,18:59:00,1,pump_wear
6.951876130174566,20.143832802581052,23.37,0.0,0.0,19:00:00,1,pump_wear
6.790945376657964,20.092371459856174,22.83,0.0,0.0,19:01:00,1,pump_wear
6.6333710069529355,20.0412379852299,22.31,0.0,0.0,19:02:00,1,pump_wear
6.479092469591155,19.990432860334195,21.79,0.0,0.0,19:03:00,1,pump_wear
2.9549041623960446,19.939956525606892,9.94,0.0,0.0,19:04:00,1,pump_wear
2.9058306279333572,19.889809380641807,9.78,0.0,0.0,19:05:00,1,pump_wear
2.299379081414225,19.839991784542896,7.74,0.0,0.0,19:06:00,1,pump_wear
3.783218356039042,19.790504056282302,12.74,0.0,0.0,19:07:00,1,pump_wear
2.959398357665965,19.741346475062105,9.97,0.0,0.0,19:08:00,1,pump_wear
1.9374279822388933,19.692519280679743,6.53,0.0,0.0,19:09:00,1,pump_wear
5.4865191554993356,19.644022673896973,18.48,0.0,0.0,19:10:00,1,pump_wear
3.260794726452167,19.59585681681225,10.99,0.0,0.0,19:11:00,1,pump_wear
5.229328717013515,19.548021833236383,17.62,0.0,0.0,19:12:00,1,pump_wear
2.9152817397963617,19.500517809071304,9.83,0.0,0.0,19:13:00,1,pump_wear
2.7162431389626844,19.453344792692008,9.16,0.0,0.0,19:14:00,1,pump_wear
4.863941008527454,19.40650279533138,16.4,0.0,0.0,19:15:00,1,pump_wear
4.7473810929039875,19.359991791467827,16.01,0.0,0.0,19:16:00,1,pump_wear
4.633356655723838,19.313811719215618,15.63,0.0,0.0,19:17:00,1,pump_wear
4.5218193331714,19.267962480717856,15.26,0.0,0.0,19:18:00,1,pump_wear
4.412721514277616,19.222443942541936,14.89,0.0,0.0,19:19:00,1,pump_wear
2.112514453846648,19.177255936077316,7.13,0.0,0.0,19:20:00,1,pump_wear
4.201657661864481,19.13239825793557,14.18,0.0,0.0,19:21:00,1,pump_wear
2.2260522515690004,19.087870670352583,7.52,0.0,0.0,19:22:00,1,pump_wear
3.999798976241737,19.0436729015928,13.51,0.0,0.0,19:23:00,1,pump_wear
2.2478908724094344,18.99980464635535,7.59,0.0,0.0,19:24:00,1,pump_wear
1.5221388895612757,18.956265566181976,5.14,0.0,0.0,19:25:00,1,pump_wear
2.6573457976266677,18.913055289866687,8.98,0.0,0.0,19:26:00,1,pump_wear
3.622290137783685,18.87017341386702,12.24,0.0,0.0,19:27:00,1,pump_wear
2.6644751878003765,18.82761950271673,9.01,0.0,0.0,19:28:00,1,pump_wear
3.445964520131751,18.78539308943986,11.65,0.0,0.0,19:29:00,1,pump_wear
3.3607665360016137,18.743493675966107,11.36,0.0,0.0,19:30:00,1,pump_wear
1.5713676688751157,18.70192073354735,5.32,0.0,0.0,19:31:00,1,pump_wear
3.1961043208297437,18.66067370317519,10.81,0.0,0.0,19:32:00,1,pump_wear
3.1165636843054245,18.61975199599946,10.54,0.0,0.0,19:33:00,1,pump_wear
3.0388334918935453,18.5791549937476,10.28,0.0,0.0,19:34:00,1,pump_wear
2.962877129925407,18.538882049144778,10.03,0.0,0.0,19:35:00,1,pump_wear
2.8886586065655013,18.498932486334635,9.78,0.0,0.0,19:36:00,1,pump_wear
2.816142544177369,18.459305601300557,9.53,0.0,0.0,19:37:00,1,pump_wear
2.7452941717118327,18.42000066228742,9.29,0.0,0.0,19:38:00,1,pump_wear
2.676079317119502,18.381016910223735,9.06,0.0,0.0,19:39:00,1,pump_wear
2.6084643997893817,18.342353559143913,8.83,0.0,0.0,19:40:00,1,pump_wear
2.542416423015503,18.30400979661077,8.61,0.0,0.0,19:41:00,1,pump_wear
2.477902966493359,18.265984784138073,8.39,0.0,0.0,19:42:00,1,pump_wear
2.414892178847859,18.228277657613084,8.18,0.0,0.0,19:43:00,1,pump_wear
2.353352770194388,18.19088752771889,7.98,0.0,0.0,19:44:00,1,pump_wear
2.293254004734624,18.153813480356572,7.77,0.0,0.0,19:45:00,1,pump_wear
2.2345656933887654,18.117054577067048,7.58,0.0,0.0,19:46:00,1,pump_wear
2.17725818646555,18.080609855452533,7.38,0.0,0.0,19:47:00,1,pump_wear
2.1213023663715367,18.04447832959747,7.19,0.0,0.0,19:48:00,1,pump_wear
2.0666696403610403,18.008658990488904,7.01,0.0,0.0,19:49:00,1,pump_wear
1.3765004514455375,17.973150806436166,4.67,0.0,0.0,19:50:00,1,pump_wear
1.9612616806420813,17.937952723489886,6.65,0.0,0.0,19:51:00,1,pump_wear
1.9104318210269648,17.903063665860074,6.48,0.0,0.0,19:52:00,1,pump_wear
1.8608157894875041,17.868482536333325,6.31,0.0,0.0,19:53:00,1,pump_wear
1.8123875102815117,17.83420821668904,6.15,0.0,0.0,19:54:00,1,pump_wear
1.765121389940455,17.800239568114566,5.99,0.0,0.0,19:55:00,1,pump_wear
1.7189923103390385,17.766575431619167,5.84,0.0,0.0,19:56:00,1,pump_wear
1.6739756218148223,17.733214628446742,5.68,0.0,0.0,19:57:00,1,pump_wear
1.6300471363389384,17.70015596048727,5.54,0.0,0.0,19:58:00,1,pump_wear
0.9564672440189584,17.667398210686866,3.25,0.0,0.0,19:59:00,1,pump_wear
1.5453602899730656,17.634940143456348,5.25,0.0,0.0,20:00:00,1,pump_wear
1.5045558004616009,17.602780505078286,5.11,0.0,0.0,20:01:00,1,pump_wear
1.4647472434680744,17.57091802411243,4.98,0.0,0.0,20:02:00,1,pump_wear
1.4259126385391212,17.539351411799533,4.85,0.0,0.0,20:03:00,1,pump_wear
0.7984766171877957,17.50807936246333,2.71,0.0,0.0,20:04:00,1,pump_wear
1.351079465499458,17.477100553910763,4.59,0.0,0.0,20:05:00,1,pump_wear
0.7738580785361362,17.446413647830312,2.63,0.0,0.0,20:06:00,1,pump_wear
1.2798887575837243,17.416017290188435,4.35,0.0,0.0,20:07:00,1,pump_wear
1.245608743878289,17.38591011162391,4.24,0.0,0.0,20:08:00,1,pump_wear
1.2121794331433302,17.35609072784017,4.12,0.0,0.0,20:09:00,1,pump_wear
1.1795816639606063,17.326557739995494,4.01,0.0,0.0,20:10:00,1,pump_wear
1.1477966527666008,17.297309735091027,3.9,0.0,0.0,20:11:00,1,pump_wear
1.1168059878147725,17.268345286356535,3.8,0.0,0.0,20:12:00,1,pump_wear
1.0865916231983075,17.23966295363382,3.7,0.0,0.0,20:13:00,1,pump_wear
1.0571358729337548,17.211261283757846,3.6,0.0,0.0,20:14:00,1,pump_wear
0.3104092724863479,17.183138810935404,1.06,0.0,0.0,20:15:00,1,pump_wear
1.0004312360733643,17.155294057121335,3.4,0.0,0.0,20:16:00,1,pump_wear
0.9731487247375605,17.12772553239218,3.31,0.0,0.0,20:17:00,1,pump_wear
0.4504019585203494,17.10043173531733,1.53,0.0,0.0,20:18:00,1,pump_wear
0.9206417895110988,17.07341115332751,3.13,0.0,0.0,20:19:00,1,pump_wear
0.5494703381266453,17.04666226308062,1.87,0.0,0.0,20:20:00,1,pump_wear
0.8707741075593601,17.020183530824823,2.96,0.0,0.0,20:21:00,1,pump_wear
0.31936718278265364,16.993973412758923,1.09,0.0,0.0,20:22:00,1,pump_wear
0.4810734878976327,16.96803035538991,1.64,0.0,0.0,20:23:00,1,pump_wear
0.8006570514740432,16.942352795887665,2.73,0.0,0.0,20:24:00,1,pump_wear
0.7784759847432439,16.91693916243677,2.65,0.0,0.0,20:25:00,1,pump_wear
0.7568673051545217,16.891787874585383,2.58,0.0,0.0,20:26:00,1,pump_wear
0.7358174954420851,16.866897343591194,2.51,0.0,0.0,20:27:00,1,pump_wear
0.7153133219387274,16.842265972764316,2.44,0.0,0.0,20:28:00,1,pump_wear
0.6953418295922298,16.817892157807147,2.37,0.0,0.0,20:29:00,1,pump_wear
0.6758903370440993,16.793774287151184,2.3,0.0,0.0,20:30:00,1,pump_wear
0.6569464317705077,16.769910742290715,2.24,0.0,0.0,20:31:00,1,pump_wear
0.6384979652852873,16.74629989811335,2.18,0.0,0.0,20:32:00,1,pump_wear
0.3115828044618715,16.72294012322739,1.06,0.0,0.0,20:33:00,1,pump_wear
0.6030400465747305,16.69982978028599,2.06,0.0,0.0,20:34:00,1,pump_wear
0.5860075752579882,16.676967226308115,2.0,0.0,0.0,20:35:00,1,pump_wear
0.2368439170546651,16.654350812996178,0.81,0.0,0.0,20:36:00,1,pump_wear
0.33653282945670104,16.631978887050437,1.15,0.0,0.0,20:37:00,1,pump_wear
0.5375631541454933,16.609849790480062,1.83,0.0,0.0,20:38:00,1,pump_wear
0.5222638018734691,16.587961860910884,1.78,0.0,0.0,20:39:00,1,pump_wear
0.5073716505559208,16.566313431889746,1.73,0.0,0.0,20:40:00,1,pump_wear
0.49287672232882385,16.544902833185503,1.68,0.0,0.0,20:41:00,1,pump_wear
0.4787692587657049,16.52372839108661,1.63,0.0,0.0,20:42:00,1,pump_wear
0.46503971674903083,16.502788428695304,1.59,0.0,0.0,20:43:00,1,pump_wear
0.160091817554134,16.48208126621833,0.55,0.0,0.0,20:44:00,1,pump_wear
0.43867727707061893,16.46160522125418,1.5,0.0,0.0,20:45:00,1,pump_wear
0.4260263333851232,16.44135860907694,1.45,0.0,0.0,20:46:00,1,pump_wear
0.41371721135130424,16.421339742916572,1.41,0.0,0.0,20:47:00,1,pump_wear
0.29108666687598406,16.401546934235746,0.99,0.0,0.0,20:48:00,1,pump_wear
0.3900905182078176,16.381978493003103,1.33,0.0,0.0,20:49:00,1,pump_wear
0.37875646576977745,16.362632727963057,1.29,0.0,0.0,20:50:00,1,pump_wear
0.36773126493661923,16.343507946902026,1.26,0.0,0.0,20:51:00,1,pump_wear
0.35700713420174923,16.32460245691111,1.22,0.0,0.0,20:52:00,1,pump_wear
0.3465764692661547,16.305914564645228,1.18,0.0,0.0,20:53:00,1,pump_wear
0.14157285614296417,16.287442576578687,0.48,0.0,0.0,20:54:00,1,pump_wear
0.32656598468640824,16.269184799257218,1.12,0.0,0.0,20:55:00,1,pump_wear
0.3169718112502886,16.25113953954637,1.08,0.0,0.0,20:56:00,1,pump_wear
0.09901062634319092,16.233305104876386,0.34,0.0,0.0,20:57:00,1,pump_wear
0.2985709491503873,16.21567980348347,1.02,0.0,0.0,20:58:00,1,pump_wear
0.2897508781329843,16.198261944647495,0.99,0.0,0.0,20:59:00,1,pump_wear
0.2811757174113158,16.18104983892609,0.96,0.0,0.0,21:00:00,1,pump_wear
0.27283915885476584,16.164041798385163,0.93,0.0,0.0,21:01:00,1,pump_wear
0.2647350419609089,16.147236136825857,0.9,0.0,0.0,21:02:00,1,pump_wear
0.25685735082899963,16.130631170007884,0.88,0.0,0.0,21:03:00,1,pump_wear
0.24920021118364546,16.114225215869315,0.85,0.0,0.0,21:04:00,1,pump_wear
0.1042353280276005,16.098016594742752,0.36,0.0,0.0,21:05:00,1,pump_wear
0.07535366417848675,16.082003629567964,0.26,0.0,0.0,21:06:00,1,pump_wear
0.07914032371885689,16.066184646100954,0.27,0.0,0.0,21:07:00,1,pump_wear
0.22066447632758168,16.05055797311941,0.75,0.0,0.0,21:08:00,1,pump_wear
0.21402673474493117,16.035121942624674,0.73,0.0,0.0,21:09:00,1,pump_wear
0.1639461120156591,16.019874890040093,0.56,0.0,0.0,21:10:00,1,pump_wear
0.20131064791264255,16.00481515440589,0.69,0.0,0.0,21:11:00,1,pump_wear
0.08052281615341056,15.989941078570457,0.28,0.0,0.0,21:12:00,1,pump_wear
0.18930793725806808,15.975251009378137,0.65,0.0,0.0,21:13:00,1,pump_wear
0.1835623547353766,15.960743297853513,0.63,0.0,0.0,21:14:00,1,pump_wear
0.17798125140124343,15.946416299382179,0.61,0.0,0.0,21:15:00,1,pump_wear
0.13311335926888726,15.932268373888023,0.46,0.0,0.0,21:16:00,1,pump_wear
0.16729503210720273,15.918297886007037,0.57,0.0,0.0,21:17:00,1,pump_wear
0.16218145688103086,15.904503205257663,0.55,0.0,0.0,21:18:00,1,pump_wear
0.1572154376956904,15.890882706207707,0.54,0.0,0.0,21:19:00,1,pump_wear
0.15239300043670953,15.877434768637793,0.52,0.0,0.0,21:20:00,1,pump_wear
0.08080004327852529,15.864157777701408,0.28,0.0,0.0,21:21:00,1,pump_wear
0.14316346407557795,15.851050124081558,0.49,0.0,0.0,21:22:00,1,pump_wear
0.13874889913138266,15.838110204144034,0.47,0.0,0.0,21:23:00,1,pump_wear
0.13446298022333114,15.825336420087293,0.46,0.0,0.0,21:24:00,1,pump_wear
0.1303022030044027,15.812727180089013,0.45,0.0,0.0,21:25:00,1,pump_wear
0.12626315090823426,15.800280898449294,0.43,0.0,0.0,21:26:00,1,pump_wear
0.12234249318135292,15.787995995730583,0.42,0.0,0.0,21:27:00,1,pump_wear
0.11853698295284955,15.775870898894258,0.41,0.0,0.0,21:28:00,1,pump_wear
0.0560457884972833,15.76390404143398,0.19,0.0,0.0,21:29:00,1,pump_wear
0.11125882559611011,15.75209386350577,0.38,0.0,0.0,21:30:00,1,pump_wear
0.10778008727966333,15.740438812054874,0.37,0.0,0.0,21:31:00,1,pump_wear
0.1044043104782437,15.728937340939412,0.36,0.0,0.0,21:32:00,1,pump_wear
0.1011286400527259,15.717587911050826,0.35,0.0,0.0,21:33:00,1,pump_wear
0.06129748286119053,15.70638899043119,0.21,0.0,0.0,21:34:00,1,pump_wear
0.03958097961511275,15.695339054387375,0.14,0.0,0.0,21:35:00,1,pump_wear
0.09187480144119628,15.68443658560208,0.31,0.0,0.0,21:36:00,1,pump_wear
0.08897244123769002,15.673680074241789,0.3,0.0,0.0,21:37:00,1,pump_wear
0.08615697441905863,15.66306801806165,0.29,0.0,0.0,21:38:00,1,pump_wear
0.08342595960817495,15.65259892250733,0.29,0.0,0.0,21:39:00,1,pump_wear
0.06118811063003018,15.642271300813821,0.21,0.0,0.0,21:40:00,1,pump_wear
0.0782078362616831,15.632083674101285,0.27,0.0,0.0,21:41:00,1,pump_wear
0.07571615629116576,15.622034571467912,0.26,0.0,0.0,21:42:00,1,pump_wear
0.07329978256806242,15.61212253007986,0.25,0.0,0.0,21:43:00,1,pump_wear
0.07095657636207568,15.60234609525826,0.24,0.0,0.0,21:44:00,1,pump_wear
0.06868445523903172,15.59270382056335,0.24,0.0,0.0,21:45:00,1,pump_wear
0.0359748256827617,15.583194267875749,0.12,0.0,0.0,21:46:00,1,pump_wear
0.06434541195163207,15.5738160074749,0.22,0.0,0.0,21:47:00,1,pump_wear
0.023624232158857675,15.564567618114713,0.08,0.0,0.0,21:48:00,1,pump_wear
0.06026706879056866,15.555447687096425,0.21,0.0,0.0,21:49:00,1,pump_wear
0.03582069297367697,15.546454810338727,0.12,0.0,0.0,21:50:00,1,pump_wear
0.0564346594499014,15.53758759244517,0.19,0.0,0.0,21:51:00,1,pump_wear
0.0546062794010999,15.528844646768887,0.19,0.0,0.0,21:52:00,1,pump_wear
0.029391777525416458,15.520224595474636,0.1,0.0,0.0,21:53:00,1,pump_wear
0.024512484438217776,15.511726069598245,0.08,0.0,0.0,21:54:00,1,pump_wear
0.04945243211235557,15.503347709103448,0.17,0.0,0.0,21:55:00,1,pump_wear
0.04783961650491513,15.495088162936133,0.16,0.0,0.0,21:56:00,1,pump_wear
0.04627682583645677,15.486946089076072,0.16,0.0,0.0,21:57:00,1,pump_wear
0.028786584720512164,15.478920154586135,0.1,0.0,0.0,21:58:00,1,pump_wear
0.019678758343473848,15.471009035659018,0.07,0.0,0.0,21:59:00,1,pump_wear
0.041874170399305514,15.463211417661546,0.14,0.0,0.0,22:00:00,1,pump_wear
0.029891423867567785,15.455525995176519,0.1,0.0,0.0,22:01:00,1,pump_wear
0.03916341124843107,15.447951472042208,0.13,0.0,0.0,22:02:00,1,pump_wear
0.016838746353967284,15.440486561389479,0.06,0.0,0.0,22:03:00,1,pump_wear
0.03661998534391854,15.433129985676587,0.13,0.0,0.0,22:04:00,1,pump_wear
0.035407947377901115,15.42588047672168,0.12,0.0,0.0,22:05:00,1,pump_wear
0.0342341205104436,15.418736775733047,0.12,0.0,0.0,22:06:00,1,pump_wear
0.015935139283474103,15.411697633337123,0.05,0.0,0.0,22:07:00,1,pump_wear
0.01807639319993364,15.4047618096043,0.06,0.0,0.0,22:08:00,1,pump_wear
0.030930680929991457,15.39792807407256,0.11,0.0,0.0,22:09:00,1,pump_wear
0.01005794059861622,15.391195205768975,0.03,0.0,0.0,22:10:00,1,pump_wear
0.028899403568123233,15.384561993229108,0.1,0.0,0.0,22:11:00,1,pump_wear
0.017872120053423975,15.378027234514322,0.06,0.0,0.0,22:12:00,1,pump_wear
0.020644486513837736,15.37158973722705,0.07,0.0,0.0,22:13:00,1,pump_wear
0.026088960209333385,15.365248318524051,0.09,0.0,0.0,22:14:00,1,pump_wear
0.025211445414303535,15.3590018051277,0.09,0.0,0.0,22:15:00,1,pump_wear
0.024362090884884714,15.352849033335303,0.08,0.0,0.0,22:16:00,1,pump_wear
0.023540040832492802,15.346788849026495,0.08,0.0,0.0,22:17:00,1,pump_wear
0.022744463842355896,15.340820107668769,0.08,0.0,0.0,22:18:00,1,pump_wear
0.015995337420631212,15.334941674321133,0.05,0.0,0.0,22:19:00,1,pump_wear
0.021229521430591865,15.329152423635943,0.07,0.0,0.0,22:20:00,1,pump_wear
0.020508609358828596,15.323451239858937,0.07,0.0,0.0,22:21:00,1,pump_wear
0.019811075842412602,15.31783701682751,0.07,0.0,0.0,22:22:00,1,pump_wear
0.01913620202547439,15.312308657967268,0.07,0.0,0.0,22:23:00,1,pump_wear
0.01848328980365426,15.306865076286847,0.06,0.0,0.0,22:24:00,1,pump_wear
0.01785166126988699,15.301505194371089,0.06,0.0,0.0,22:25:00,1,pump_wear
0.017240658173559617,15.296227944372562,0.06,0.0,0.0,22:26:00,1,pump_wear
0.007633364798870475,15.291032268001489,0.03,0.0,0.0,22:27:00,1,pump_wear
0.016077990419363065,15.28591711651406,0.06,0.0,0.0,22:28:00,1,pump_wear
0.015525102856618393,15.280881450699233,0.05,0.0,0.0,22:29:00,1,pump_wear
0.009033920765271375,15.275924240863985,0.03,0.0,0.0,22:30:00,1,pump_wear
0.014473296004553956,15.271044466817095,0.05,0.0,0.0,22:31:00,1,pump_wear
0.011170514818647871,15.266241117851454,0.04,0.0,0.0,22:32:00,1,pump_wear
0.01348974556542534,15.261513192724943,0.05,0.0,0.0,22:33:00,1,pump_wear
0.01302223936309636,15.256859699639916,0.04,0.0,0.0,22:34:00,1,pump_wear
0.007968831793461553,15.252279656221317,0.03,0.0,0.0,22:35:00,1,pump_wear
0.012133246528856147,15.247772089493438,0.04,0.0,0.0,22:36:00,1,pump_wear
0.011710797041974773,15.243336035855373,0.04,0.0,0.0,22:37:00,1,pump_wear
0.011302427393091919,15.238970541055188,0.04,0.0,0.0,22:38:00,1,pump_wear
0.010907691245256142,15.23467466016284,0.04,0.0,0.0,22:39:00,1,pump_wear
0.010526155602195898,15.23044745754185,0.04,0.0,0.0,22:40:00,1,pump_wear
0.010157400437064722,15.226288006819797,0.03,0.0,0.0,22:41:00,1,pump_wear
0.009801018330618324,15.222195390857626,0.03,0.0,0.0,22:42:00,1,pump_wear
0.00945661411861208,15.218168701717829,0.03,0.0,0.0,22:43:00,1,pump_wear
0.009123804548211264,15.214207040631486,0.03,0.0,0.0,22:44:00,1,pump_wear
0.008802217943210854,15.210309517964243,0.03,0.0,0.0,22:45:00,1,pump_wear
0.008491493877865148,15.206475253181212,0.03,0.0,0.0,22:46:00,1,pump_wear
0.008191282859131116,15.202703374810843,0.03,0.0,0.0,22:47:00,1,pump_wear
0.00492477331753498,15.198993020407793,0.02,0.0,0.0,22:48:00,1,pump_wear
0.007621054803657928,15.1953433365148,0.03,0.0,0.0,22:49:00,1,pump_wear
0.007350390698502864,15.191753478623621,0.03,0.0,0.0,22:50:00,1,pump_wear
0.005165285579387062,15.188222611135027,0.02,0.0,0.0,22:51:00,1,pump_wear
0.00683641816392864,15.184749907317906,0.02,0.0,0.0,22:52:00,1,pump_wear
0.0037732483477581104,15.18133454926748,0.01,0.0,0.0,22:53:00,1,pump_wear
0.0035857953387795666,15.17797572786267,0.01,0.0,0.0,22:54:00,1,pump_wear
0.0061294951389865735,15.174672642722657,0.02,0.0,0.0,22:55:00,1,pump_wear
0.005909831222140764,15.171424502162601,0.02,0.0,0.0,22:56:00,1,pump_wear
0.0039455517274131924,15.168230523148624,0.01,0.0,0.0,22:57:00,1,pump_wear
0.005492920853249535,15.165089931252009,0.02,0.0,0.0,22:58:00,1,pump_wear
0.005295186141867869,15.162001960602693,0.02,0.0,0.0,22:59:00,1,pump_wear
0.005104285530722484,15.158965853842039,0.02,0.0,0.0,23:00:00,1,pump_wear
0.001773518320392165,15.155980862074937,0.01,0.0,0.0,23:01:00,1,pump_wear
0.004742091567033519,15.153046244821244,0.02,0.0,0.0,23:02:00,1,pump_wear
0.004570368120389913,15.150161269966588,0.02,0.0,0.0,23:03:00,1,pump_wear
0.0044046181775196196,15.147325213712563,0.02,0.0,0.0,23:04:00,1,pump_wear
0.004244643209409954,15.144537360526325,0.01,0.0,0.0,23:05:00,1,pump_wear
0.004090250945961805,15.14179700308964,0.01,0.0,0.0,23:06:00,1,pump_wear
0.003941255190673663,15.139103442247361,0.01,0.0,0.0,23:07:00,1,pump_wear
0.0013409389704928706,15.136455986955411,0.0,0.0,0.0,23:08:00,1,pump_wear
0.003658737710076954,15.13385395422823,0.01,0.0,0.0,23:09:00,1,pump_wear
0.0035248723622364592,15.131296669085774,0.01,0.0,0.0,23:10:00,1,pump_wear
0.003395715941282146,15.128783464500026,0.01,0.0,0.0,23:11:00,1,pump_wear
0.001789198857852884,15.126313681341088,0.01,0.0,0.0,23:12:00,1,pump_wear
0.003150901204452495,15.12388666832284,0.01,0.0,0.0,23:13:00,1,pump_wear
0.0030349410585027246,15.121501781948202,0.01,0.0,0.0,23:14:00,1,pump_wear
0.0029230858788977824,15.119158386454032,0.01,0.0,0.0,23:15:00,1,pump_wear
0.002247888577073737,15.11685585375563,0.01,0.0,0.0,23:16:00,1,pump_wear
0.0027111385950498797,15.114593563390937,0.01,0.0,0.0,23:17:00,1,pump_wear
0.0009450579302816781,15.112370902464384,0.0,0.0,0.0,23:18:00,1,pump_wear
0.002513999691814344,15.110187265590467,0.01,0.0,0.0,23:19:00,1,pump_wear
0.002420670785765332,15.108042054836991,0.01,0.0,0.0,23:20:00,1,pump_wear
0.002330676925956457,15.105934679668103,0.01,0.0,0.0,23:21:00,1,pump_wear
0.0006915875097829731,15.103864556887027,0.0,0.0,0.0,23:22:00,1,pump_wear
0.001253554488961946,15.101831110578596,0.0,0.0,0.0,23:23:00,1,pump_wear
0.002079582498139168,15.099833772051554,0.01,0.0,0.0,23:24:00,1,pump_wear
0.0020018238418052416,15.097871979780674,0.01,0.0,0.0,23:25:00,1,pump_wear
0.0011977973677487939,15.095945179348675,0.0,0.0,0.0,23:26:00,1,pump_wear
0.0009152641839053455,15.094052823387997,0.0,0.0,0.0,23:27:00,1,pump_wear
0.001784966222940358,15.092194371522407,0.01,0.0,0.0,23:28:00,1,pump_wear
0.0008208603787224663,15.090369290308482,0.0,0.0,0.0,23:29:00,1,pump_wear
0.001653148854588809,15.088577053176977,0.01,0.0,0.0,23:30:00,1,pump_wear
0.0015908040871283034,15.086817140374077,0.01,0.0,0.0,23:31:00,1,pump_wear
0.0015307253505661967,15.085089038902584,0.01,0.0,0.0,23:32:00,1,pump_wear
0.001472833623653701,15.083392242463004,0.01,0.0,0.0,23:33:00,1,pump_wear
0.0014170525134989441,15.081726251394599,0.0,0.0,0.0,23:34:00,1,pump_wear
0.0010891935076404247,15.080090572616385,0.0,0.0,0.0,23:35:00,1,pump_wear
0.0009646197796712913,15.078484719568092,0.0,0.0,0.0,23:36:00,1,pump_wear
0.000727987530542134,15.076908212151128,0.0,0.0,0.0,23:37:00,1,pump_wear
0.0006620772806513931,15.07536057666952,0.0,0.0,0.0,23:38:00,1,pump_wear
0.001167306226601768,15.073841345770866,0.0,0.0,0.0,23:39:00,1,pump_wear
0.000553864008231858,15.072350058387332,0.0,0.0,0.0,23:40:00,1,pump_wear
0.0010797798480492074,15.070886259676653,0.0,0.0,0.0,23:41:00,1,pump_wear
0.0010384227265131459,15.069449500963204,0.0,0.0,0.0,23:42:00,1,pump_wear
0.0009985940861007403,15.068039339679117,0.0,0.0,0.0,23:43:00,1,pump_wear
0.0009602396484619563,15.066655339305479,0.0,0.0,0.0,23:44:00,1,pump_wear
0.0009233069772312895,15.065297069313605,0.0,0.0,0.0,23:45:00,1,pump_wear
0.00036252628624045344,15.063964105106413,0.0,0.0,0.0,23:46:00,1,pump_wear
0.0008535060444255208,15.062656027959894,0.0,0.0,0.0,23:47:00,1,pump_wear
0.0005818199738946213,15.06137242496471,0.0,0.0,0.0,23:48:00,1,pump_wear
0.0007888064273337155,15.060112888967895,0.0,0.0,0.0,23:49:00,1,pump_wear
0.0007582564598735699,15.058877018514734,0.0,0.0,0.0,23:50:00,1,pump_wear
0.0007288491240336935,15.057664417790738,0.0,0.0,0.0,23:51:00,1,pump_wear
0.0007005433138057062,15.05647469656382,0.0,0.0,0.0,23:52:00,1,pump_wear
0.0006732993382200077,15.055307470126598,0.0,0.0,0.0,23:53:00,1,pump_wear
0.00034970296758125315,15.054162359238914,0.0,0.0,0.0,23:54:00,1,pump_wear
0.0006218449259505233,15.053038990070494,0.0,0.0,0.0,23:55:00,1,pump_wear
0.0005975617729602963,15.051936994143835,0.0,0.0,0.0,23:56:00,1,pump_wear
0.0005741949363777989,15.050856008277282,0.0,0.0,0.0,23:57:00,1,pump_wear
0.0005517111339227878,15.0497956745283,0.0,0.0,0.0,23:58:00,1,pump_wear
0.000530078241175256,15.04875564013699,0.0,0.0,0.0,23:59:00,1,pump_wear
0.0005206026048976752,15.000016355695166,0.0,0.0,0.0,00:00:00,2,pump_wear
0.0005418487897832617,15.000016891359769,0.0,0.0,0.0,00:01:00,2,pump_wear
0.0003276354017376852,15.000017443920918,0.0,0.0,0.0,00:02:00,2,pump_wear
0.00035320535012237157,15.000018013889683,0.0,0.0,0.0,00:03:00,2,pump_wear
0.000392585497362713,15.000018601791883,0.0,0.0,0.0,00:04:00,2,pump_wear
0.0006355117447928586,15.000019208168471,0.0,0.0,0.0,00:05:00,2,pump_wear
0.0005155429927236289,15.000019833575962,0.0,0.0,0.0,00:06:00,2,pump_wear
0.0006880204575126457,15.000020478586844,0.0,0.0,0.0,00:07:00,2,pump_wear
0.00033581980064933964,15.000021143790022,0.0,0.0,0.0,00:08:00,2,pump_wear
0.00047044202479169767,15.000021829791255,0.0,0.0,0.0,00:09:00,2,pump_wear
0.0007747057866768493,15.000022537213615,0.0,0.0,0.0,00:10:00,2,pump_wear
0.0008058736592414855,15.000023266697962,0.0,0.0,0.0,00:11:00,2,pump_wear
0.0008382488385840552,15.00002401890341,0.0,0.0,0.0,00:12:00,2,pump_wear
0.000871876152563861,15.000024794507828,0.0,0.0,0.0,00:13:00,2,pump_wear
0.00036795694314975514,15.000025594208342,0.0,0.0,0.0,00:14:00,2,pump_wear
0.0009430744812444433,15.000026418721852,0.0,0.0,0.0,00:15:00,2,pump_wear
0.0009807432980211265,15.00002726878556,0.0,0.0,0.0,00:16:00,2,pump_wear
0.000650406856926399,15.000028145157517,0.0,0.0,0.0,00:17:00,2,pump_wear
0.001060477789777025,15.000029048617172,0.0,0.0,0.0,00:18:00,2,pump_wear
0.0011026519500179554,15.000029979965953,0.0,0.0,0.0,00:19:00,2,pump_wear
0.001146439553781337,15.000030940027841,0.0,0.0,0.0,00:20:00,2,pump_wear
0.0011918997041511189,15.000031929649975,0.0,0.0,0.0,00:21:00,2,pump_wear
0.0012390935648829008,15.000032949703265,0.0,0.0,0.0,00:22:00,2,pump_wear
0.0012880844282365225,15.000034001083021,0.0,0.0,0.0,00:23:00,2,pump_wear
0.0013389377848927375,15.000035084709594,0.0,0.0,0.0,00:24:00,2,pump_wear
0.0013917213960126303,15.000036201529047,0.0,0.0,0.0,00:25:00,2,pump_wear
0.0014465053675000493,15.000037352513814,0.0,0.0,0.0,00:26:00,2,pump_wear
0.0009950011612361693,15.00003853866341,0.0,0.0,0.0,00:27:00,2,pump_wear
0.000807811371661942,15.000039761005135,0.0,0.0,0.0,00:28:00,2,pump_wear
0.0016235972977770158,15.000041020594796,0.01,0.0,0.0,00:29:00,2,pump_wear
0.0016871333924185937,15.000042318517464,0.01,0.0,0.0,00:30:00,2,pump_wear
0.0013391841511906516,15.000043655888224,0.0,0.0,0.0,00:31:00,2,pump_wear
0.00182145791388831,15.000045033852967,0.01,0.0,0.0,00:32:00,2,pump_wear
0.0018924210027766292,15.000046453589185,0.01,0.0,0.0,00:33:00,2,pump_wear
0.0019660393987866237,15.000047916306798,0.01,0.0,0.0,00:34:00,2,pump_wear
0.00204240804759409,15.000049423248983,0.01,0.0,0.0,00:35:00,2,pump_wear
0.0021216251177647305,15.000050975693043,0.01,0.0,0.0,00:36:00,2,pump_wear
0.0022037921036752285,15.000052574951287,0.01,0.0,0.0,00:37:00,2,pump_wear
0.0022890139314861325,15.000054222371928,0.01,0.0,0.0,00:38:00,2,pump_wear
0.0023773990682490133,15.000055919340003,0.01,0.0,0.0,00:39:00,2,pump_wear
0.0024690596342319634,15.00005766727833,0.01,0.0,0.0,00:40:00,2,pump_wear
0.002564111518549911,15.00005946764847,0.01,0.0,0.0,00:41:00,2,pump_wear
0.0026626744981877656,15.000061321951708,0.01,0.0,0.0,00:42:00,2,pump_wear
0.0027648723605069522,15.000063231730087,0.01,0.0,0.0,00:43:00,2,pump_wear
0.001985536636682046,15.000065198567428,0.01,0.0,0.0,00:44:00,2,pump_wear
0.0029806886946808935,15.000067224090403,0.01,0.0,0.0,00:45:00,2,pump_wear
0.0030945759463287164,15.000069309969618,0.01,0.0,0.0,00:46:00,2,pump_wear
0.0032126359111488015,15.000071457920729,0.01,0.0,0.0,00:47:00,2,pump_wear
0.00212129592653599,15.000073669705586,0.01,0.0,0.0,00:48:00,2,pump_wear
0.0034618620255823713,15.000075947133382,0.01,0.0,0.0,00:49:00,2,pump_wear
0.0035933344071628222,15.00007829206187,0.01,0.0,0.0,00:50:00,2,pump_wear
0.0037295922693334274,15.000080706398562,0.01,0.0,0.0,00:51:00,2,pump_wear
0.0038708016278540492,15.000083192101993,0.01,0.0,0.0,00:52:00,2,pump_wear
0.0015959534512022587,15.000085751182993,0.01,0.0,0.0,00:53:00,2,pump_wear
0.004168766306612902,15.000088385705997,0.01,0.0,0.0,00:54:00,2,pump_wear
0.004325881574977193,15.000091097790378,0.01,0.0,0.0,00:55:00,2,pump_wear
0.004488668585114804,15.000093889611826,0.02,0.0,0.0,00:56:00,2,pump_wear
0.004657322317149622,15.000096763403736,0.02,0.0,0.0,00:57:00,2,pump_wear
0.00483204408535067,15.00009972145865,0.02,0.0,0.0,00:58:00,2,pump_wear
0.005013041730488732,15.000102766129716,0.02,0.0,0.0,00:59:00,2,pump_wear
0.005200529817565289,15.000105899832189,0.02,0.0,0.0,01:00:00,2,pump_wear
0.0025585238130258654,15.000109125044961,0.01,0.0,0.0,01:01:00,2,pump_wear
0.0021966034344601927,15.000112444312133,0.01,0.0,0.0,01:02:00,2,pump_wear
0.005804187551503107,15.000115860244614,0.02,0.0,0.0,01:03:00,2,pump_wear
0.0039500964990892146,15.00011937552176,0.01,0.0,0.0,01:04:00,2,pump_wear
0.006243333440113457,15.00012299289305,0.02,0.0,0.0,01:05:00,2,pump_wear
0.002901746619452268,15.000126715179801,0.01,0.0,0.0,01:06:00,2,pump_wear
0.0067142108991685885,15.00013054527692,0.02,0.0,0.0,01:07:00,2,pump_wear
0.002150171863205326,15.000134486154689,0.01,0.0,0.0,01:08:00,2,pump_wear
0.0036867384002081303,15.000138540860611,0.01,0.0,0.0,01:09:00,2,pump_wear
0.007484821437030971,15.000142712521262,0.03,0.0,0.0,01:10:00,2,pump_wear
0.003316601447857811,15.000147004344221,0.01,0.0,0.0,01:11:00,2,pump_wear
0.0064263621278254105,15.000151419620018,0.02,0.0,0.0,01:12:00,2,pump_wear
0.005312849203429224,15.000155961724134,0.02,0.0,0.0,01:13:00,2,pump_wear
0.008644870198694914,15.000160634119048,0.03,0.0,0.0,01:14:00,2,pump_wear
0.008960708147244256,15.000165440356318,0.03,0.0,0.0,01:15:00,2,pump_wear
0.009287568440361391,15.000170384078723,0.03,0.0,0.0,01:16:00,2,pump_wear
0.009625816110197142,15.000175469022437,0.03,0.0,0.0,01:17:00,2,pump_wear
0.009975827558589258,15.000180699019264,0.03,0.0,0.0,01:18:00,2,pump_wear
0.010337990885857974,15.00018607799891,0.04,0.0,0.0,01:19:00,2,pump_wear
0.00807069950934886,15.00019160999131,0.03,0.0,0.0,01:20:00,2,pump_wear
0.005515907908359867,15.000197299129008,0.02,0.0,0.0,01:21:00,2,pump_wear
0.011501455769930979,15.00020314964958,0.04,0.0,0.0,01:22:00,2,pump_wear
0.011916353583545302,15.000209165898122,0.04,0.0,0.0,01:23:00,2,pump_wear
0.012345531379662938,15.000215352329773,0.04,0.0,0.0,01:24:00,2,pump_wear
0.012789454852925297,15.00022171351232,0.04,0.0,0.0,01:25:00,2,pump_wear
0.013248603951742564,15.000228254128823,0.05,0.0,0.0,01:26:00,2,pump_wear
0.01372347328211662,15.000234978980329,0.05,0.0,0.0,01:27:00,2,pump_wear
0.009020577466161984,15.000241892988623,0.03,0.0,0.0,01:28:00,2,pump_wear
0.014722426845181344,15.000249001199048,0.05,0.0,0.0,01:29:00,2,pump_wear
0.015247577358655598,15.00025630878338,0.05,0.0,0.0,01:30:00,2,pump_wear
0.015790581547513165,15.000263821042761,0.05,0.0,0.0,01:31:00,2,pump_wear
0.01121183709562863,15.000271543410703,0.04,0.0,0.0,01:32:00,2,pump_wear
0.016932465545851372,15.00027948145615,0.06,0.0,0.0,01:33:00,2,pump_wear
0.011076411794256606,15.000287640886599,0.04,0.0,0.0,01:34:00,2,pump_wear
0.018152883992232405,15.000296027551293,0.06,0.0,0.0,01:35:00,2,pump_wear
0.009148784485385636,15.000304647444484,0.03,0.0,0.0,01:36:00,2,pump_wear
0.010843614872565265,15.00031350670875,0.04,0.0,0.0,01:37:00,2,pump_wear
0.007659125615443728,15.000322611638397,0.03,0.0,0.0,01:38:00,2,pump_wear
0.020850024202074376,15.000331968682923,0.07,0.0,0.0,01:39:00,2,pump_wear
0.021581736893351924,15.000341584450547,0.07,0.0,0.0,01:40:00,2,pump_wear
0.013609632858648933,15.000351465711828,0.05,0.0,0.0,01:41:00,2,pump_wear
0.02311924094379403,15.000361619403346,0.08,0.0,0.0,01:42:00,2,pump_wear
0.023926596095144314,15.000372052631452,0.08,0.0,0.0,01:43:00,2,pump_wear
0.024760767630872243,15.000382772676113,0.08,0.0,0.0,01:44:00,2,pump_wear
0.025622596041553414,15.000393786994827,0.09,0.0,0.0,01:45:00,2,pump_wear
0.026512946400158964,15.000405103226607,0.09,0.0,0.0,01:46:00,2,pump_wear
0.027432709021831186,15.000416729196056,0.09,0.0,0.0,01:47:00,2,pump_wear
0.016318370811185097,15.000428672917533,0.06,0.0,0.0,01:48:00,2,pump_wear
0.029364162595385865,15.00044094259938,0.1,0.0,0.0,01:49:00,2,pump_wear
0.03037776654953924,15.000453546648254,0.1,0.0,0.0,01:50:00,2,pump_wear
0.018197917542452507,15.000466493673539,0.06,0.0,0.0,01:51:00,2,pump_wear
0.032505720546865215,15.000479792491838,0.11,0.0,0.0,01:52:00,2,pump_wear
0.033622154108048585,15.00049345213157,0.12,0.0,0.0,01:53:00,2,pump_wear
0.02030780073286575,15.000507481837644,0.07,0.0,0.0,01:54:00,2,pump_wear
0.0359653694124288,15.000521891076238,0.12,0.0,0.0,01:55:00,2,pump_wear
0.024942610653052127,15.00053668953966,0.09,0.0,0.0,01:56:00,2,pump_wear
0.03846332923873245,15.000551887151307,0.13,0.0,0.0,01:57:00,2,pump_wear
0.0397733163341346,15.000567494070737,0.14,0.0,0.0,01:58:00,2,pump_wear
0.04112563107565848,15.00058352069882,0.14,0.0,0.0,01:59:00,2,pump_wear
0.042521559606859924,15.000599977682993,0.15,0.0,0.0,02:00:00,2,pump_wear
0.043962424361494556,15.000616875922633,0.15,0.0,0.0,02:01:00,2,pump_wear
0.01921566118708012,15.000634226574514,0.07,0.0,0.0,02:02:00,2,pump_wear
0.04698443934341798,15.000652041058375,0.16,0.0,0.0,02:03:00,2,pump_wear
0.04856842438794964,15.000670331062613,0.17,0.0,0.0,02:04:00,2,pump_wear
0.05020301726253586,15.000689108550056,0.17,0.0,0.0,02:05:00,2,pump_wear
0.051889736267868844,15.000708385763868,0.18,0.0,0.0,02:06:00,2,pump_wear
0.053630141914434305,15.000728175233562,0.18,0.0,0.0,02:07:00,2,pump_wear
0.03512178989923644,15.000748489781119,0.12,0.0,0.0,02:08:00,2,pump_wear
0.05727847263621863,15.000769342527237,0.2,0.0,0.0,02:09:00,2,pump_wear
0.059189739485163755,15.000790746897684,0.2,0.0,0.0,02:10:00,2,pump_wear
0.061161378772227694,15.000812716629785,0.21,0.0,0.0,02:11:00,2,pump_wear
0.06319517850980479,15.000835265779017,0.22,0.0,0.0,02:12:00,2,pump_wear
0.06529297567179315,15.00085840872574,0.22,0.0,0.0,02:13:00,2,pump_wear
0.05064248749185945,15.000882160182046,0.17,0.0,0.0,02:14:00,2,pump_wear
0.06968816227358407,15.000906535198732,0.24,0.0,0.0,02:15:00,2,pump_wear
0.07198948151269222,15.000931549172419,0.25,0.0,0.0,02:16:00,2,pump_wear
0.07436266033222785,15.000957217852784,0.26,0.0,0.0,02:17:00,2,pump_wear
0.07680979923071661,15.000983557349933,0.26,0.0,0.0,02:18:00,2,pump_wear
0.07933305534402257,15.001010584141916,0.27,0.0,0.0,02:19:00,2,pump_wear
0.08193464382127802,15.001038315082369,0.28,0.0,0.0,02:20:00,2,pump_wear
0.0846168392296535,15.001066767408293,0.29,0.0,0.0,02:21:00,2,pump_wear
0.04335751192096484,15.001095958748001,0.15,0.0,0.0,02:22:00,2,pump_wear
0.09023245483288857,15.001125907129168,0.31,0.0,0.0,02:23:00,2,pump_wear
0.033932820419087815,15.001156630987065,0.12,0.0,0.0,02:24:00,2,pump_wear
0.05800067859417348,15.001188149172913,0.2,0.0,0.0,02:25:00,2,pump_wear
0.07589377206083772,15.001220480962408,0.26,0.0,0.0,02:26:00,2,pump_wear
0.10253798736769658,15.001253646064383,0.35,0.0,0.0,02:27:00,2,pump_wear
0.05621639837730653,15.001287664629631,0.19,0.0,0.0,02:28:00,2,pump_wear
0.1092699717211004,15.001322557259892,0.38,0.0,0.0,02:29:00,2,pump_wear
0.11279052291111083,15.001358345016984,0.39,0.0,0.0,02:30:00,2,pump_wear
0.11641802531857107,15.001395049432109,0.4,0.0,0.0,02:31:00,2,pump_wear
0.047189739188864786,15.001432692515309,0.16,0.0,0.0,02:32:00,2,pump_wear
0.1240060809130288,15.001471296765107,0.43,0.0,0.0,02:33:00,2,pump_wear
0.04328482013261657,15.001510885178293,0.15,0.0,0.0,02:34:00,2,pump_wear
0.13205933073458553,15.001551481259906,0.45,0.0,0.0,02:35:00,2,pump_wear
0.13626863489875018,15.00159310903336,0.47,0.0,0.0,02:36:00,2,pump_wear
0.14060428543279635,15.001635793050776,0.48,0.0,0.0,02:37:00,2,pump_wear
0.1450698122216998,15.001679558403463,0.5,0.0,0.0,02:38:00,2,pump_wear
0.14966883533952308,15.001724430732603,0.51,0.0,0.0,02:39:00,2,pump_wear
0.05175600504249274,15.001770436240104,0.18,0.0,0.0,02:40:00,2,pump_wear
0.15928231411869823,15.001817601699639,0.55,0.0,0.0,02:41:00,2,pump_wear
0.1643044794827826,15.001865954467876,0.56,0.0,0.0,02:42:00,2,pump_wear
0.16947556486973298,15.001915522495903,0.58,0.0,0.0,02:43:00,2,pump_wear
0.17479967277472278,15.001966334340835,0.6,0.0,0.0,02:44:00,2,pump_wear
0.18028100875167313,15.002018419177615,0.62,0.0,0.0,02:45:00,2,pump_wear
0.18592388370035154,15.002071806811028,0.64,0.0,0.0,02:46:00,2,pump_wear
0.19173271619549323,15.002126527687896,0.66,0.0,0.0,02:47:00,2,pump_wear
0.12111620317494241,15.002182612909484,0.42,0.0,0.0,02:48:00,2,pump_wear
0.15476672607602418,15.002240094244119,0.53,0.0,0.0,02:49:00,2,pump_wear
0.16326335229326888,15.002299004139994,0.56,0.0,0.0,02:50:00,2,pump_wear
0.21671989578334483,15.002359375738212,0.74,0.0,0.0,02:51:00,2,pump_wear
0.22342873169994573,15.002421242886015,0.77,0.0,0.0,02:52:00,2,pump_wear
0.2303324336444326,15.002484640150241,0.79,0.0,0.0,02:53:00,2,pump_wear
0.23743624277242875,15.002549602831008,0.81,0.0,0.0,02:54:00,2,pump_wear
0.24474552812357983,15.002616166975598,0.84,0.0,0.0,02:55:00,2,pump_wear
0.15633476606437408,15.002684369392574,0.54,0.0,0.0,02:56:00,2,pump_wear
0.08923474847479027,15.002754247666136,0.31,0.0,0.0,02:57:00,2,pump_wear
0.08258876931834248,15.00282584017068,0.28,0.0,0.0,02:58:00,2,pump_wear
0.09322681916279339,15.002899186085607,0.32,0.0,0.0,02:59:00,2,pump_wear
0.15341303316235166,15.002974325410362,0.53,0.0,0.0,03:00:00,2,pump_wear
0.29323371872393345,15.0030512989797,1.01,0.0,0.0,03:01:00,2,pump_wear
0.3021429985339332,15.003130148479212,1.04,0.0,0.0,03:02:00,2,pump_wear
0.311305648483458,15.003210916461063,1.07,0.0,0.0,03:03:00,2,pump_wear
0.3207283172419614,15.003293646360007,1.1,0.0,0.0,03:04:00,2,pump_wear
0.33041781086060107,15.003378382509624,1.13,0.0,0.0,03:05:00,2,pump_wear
0.3403810959985133,15.00346517015882,1.17,0.0,0.0,03:06:00,2,pump_wear
0.11893872998941418,15.003554055488582,0.41,0.0,0.0,03:07:00,2,pump_wear
0.3611577302321791,15.003645085628973,1.24,0.0,0.0,03:08:00,2,pump_wear
0.37198584545633145,15.0037383086764,1.28,0.0,0.0,03:09:00,2,pump_wear
0.21956970117228017,15.003833773711147,0.75,0.0,0.0,03:10:00,2,pump_wear
0.3945598876362444,15.003931530815146,1.35,0.0,0.0,03:11:00,2,pump_wear
0.244386528608633,15.004031631090053,0.84,0.0,0.0,03:12:00,2,pump_wear
0.4184107206957974,15.00413412667555,1.44,0.0,0.0,03:13:00,2,pump_wear
0.43083551712298196,15.004239070767962,1.48,0.0,0.0,03:14:00,2,pump_wear
0.44360459090447674,15.00434651763911,1.52,0.0,0.0,03:15:00,2,pump_wear
0.4567267039364824,15.004456522655468,1.57,0.0,0.0,03:16:00,2,pump_wear
0.294625030953711,15.004569142297598,1.01,0.0,0.0,03:17:00,2,pump_wear
0.48406609742914636,15.00468443417984,1.66,0.0,0.0,03:18:00,2,pump_wear
0.21003782072337954,15.004802457070333,0.72,0.0,0.0,03:19:00,2,pump_wear
0.5129278558883492,15.004923270911288,1.76,0.0,0.0,03:20:00,2,pump_wear
0.24322371388197703,15.005046936839557,0.83,0.0,0.0,03:21:00,2,pump_wear
0.42700210236005315,15.00517351720752,1.47,0.0,0.0,03:22:00,2,pump_wear
0.2754480641619048,15.005303075604239,0.95,0.0,0.0,03:23:00,2,pump_wear
0.5755321506739863,15.005435676876926,1.98,0.0,0.0,03:24:00,2,pump_wear
0.5922601508946339,15.005571387152708,2.03,0.0,0.0,03:25:00,2,pump_wear
0.6094404492219829,15.005710273860705,2.09,0.0,0.0,03:26:00,2,pump_wear
0.6270842266839715,15.005852405754403,2.15,0.0,0.0,03:27:00,2,pump_wear
0.6452029098566291,15.005997852934339,2.21,0.0,0.0,03:28:00,2,pump_wear
0.24108228508234575,15.006146686871109,0.83,0.0,0.0,03:29:00,2,pump_wear
0.41909182977389614,15.00629898042868,1.44,0.0,0.0,03:30:00,2,pump_wear
0.7025264381606399,15.006454807888016,2.41,0.0,0.0,03:31:00,2,pump_wear
0.7226640806970636,15.00661424497104,2.48,0.0,0.0,03:32:00,2,pump_wear
0.7433376056932928,15.006777368864908,2.55,0.0,0.0,03:33:00,2,pump_wear
0.7645600102525615,15.006944258246602,2.62,0.0,0.0,03:34:00,2,pump_wear
0.7863445700071023,15.007114993307859,2.7,0.0,0.0,03:35:00,2,pump_wear
0.257021944139704,15.007289655780435,0.88,0.0,0.0,03:36:00,2,pump_wear
0.8316546800721487,15.00746832896169,2.85,0.0,0.0,03:37:00,2,pump_wear
0.8552082192013019,15.00765109774051,2.93,0.0,0.0,03:38:00,2,pump_wear
0.8793799013816771,15.007838048623578,3.02,0.0,0.0,03:39:00,2,pump_wear
0.9041844704556953,15.008029269761959,3.1,0.0,0.0,03:40:00,2,pump_wear
0.5519705824517083,15.008224850978063,1.89,0.0,0.0,03:41:00,2,pump_wear
0.9557527959041814,15.008424883792918,3.28,0.0,0.0,03:42:00,2,pump_wear
0.9825476072476549,15.008629461453806,3.37,0.0,0.0,03:43:00,2,pump_wear
1.010037426255316,15.00883867896225,3.47,0.0,0.0,03:44:00,2,pump_wear
1.0382385965511298,15.009052633102344,3.56,0.0,0.0,03:45:00,2,pump_wear
1.0671677981779326,15.009271422469435,3.66,0.0,0.0,03:46:00,2,pump_wear
1.0968420532271228,15.009495147499173,3.76,0.0,0.0,03:47:00,2,pump_wear
0.562407096079255,15.0097239104969,1.93,0.0,0.0,03:48:00,2,pump_wear
0.7975917242464976,15.009957815667411,2.74,0.0,0.0,03:49:00,2,pump_wear
1.1905106104688372,15.010196969145072,4.09,0.0,0.0,03:50:00,2,pump_wear
1.2233423415166338,15.010441479024301,4.2,0.0,0.0,03:51:00,2,pump_wear
1.2570095684365914,15.010691455390411,4.31,0.0,0.0,03:52:00,2,pump_wear
1.291531487208036,15.010947010350826,4.43,0.0,0.0,03:53:00,2,pump_wear
1.3269276769468832,15.011208258066658,4.55,0.0,0.0,03:54:00,2,pump_wear
1.363218106011389,15.011475314784663,4.68,0.0,0.0,03:55:00,2,pump_wear
1.4004231381656562,15.01174829886956,4.81,0.0,0.0,03:56:00,2,pump_wear
0.8327409793364214,15.012027330836721,2.86,0.0,0.0,03:57:00,2,pump_wear
1.4776604812104392,15.012312533385256,5.07,0.0,0.0,03:58:00,2,pump_wear
1.1473631093451955,15.012604031431446,3.94,0.0,0.0,03:59:00,2,pump_wear
1.5588107621135172,15.012901952142577,5.35,0.0,0.0,04:00:00,2,pump_wear
1.6009085439963873,15.013206424971141,5.49,0.0,0.0,04:01:00,2,pump_wear
1.6440517673764832,15.013517581689415,5.64,0.0,0.0,04:02:00,2,pump_wear
1.6882637411741916,15.013835556424437,5.79,0.0,0.0,04:03:00,2,pump_wear
1.733568221035105,15.014160485693347,5.95,0.0,0.0,04:04:00,2,pump_wear
1.136362323588919,15.014492508439119,3.9,0.0,0.0,04:05:00,2,pump_wear
1.8275519951433419,15.014831766066685,6.27,0.0,0.0,04:06:00,2,pump_wear
1.8762810944681163,15.015178402479428,6.44,0.0,0.0,04:07:00,2,pump_wear
1.9262023235748726,15.01553256411608,6.61,0.0,0.0,04:08:00,2,pump_wear
0.8414552501828785,15.015894399987992,2.89,0.0,0.0,04:09:00,2,pump_wear
2.0297260190296544,15.0162640617168,6.96,0.0,0.0,04:10:00,2,pump_wear
2.0833821347960146,15.01664170357248,7.15,0.0,0.0,04:11:00,2,pump_wear
1.1791641536787092,15.017027482511786,4.05,0.0,0.0,04:12:00,2,pump_wear
2.1946207756310216,15.017421558217082,7.53,0.0,0.0,04:13:00,2,pump_wear
1.661546411879587,15.017824093135564,5.7,0.0,0.0,04:14:00,2,pump_wear
1.2203441669232007,15.018235252518869,4.19,0.0,0.0,04:15:00,2,pump_wear
2.3717237592470033,15.018655204463073,8.14,0.0,0.0,04:16:00,2,pump_wear
1.4022034891573496,15.019084119949087,4.81,0.0,0.0,04:17:00,2,pump_wear
1.9188748338444601,15.01952217288343,6.58,0.0,0.0,04:18:00,2,pump_wear
2.561835698636465,15.019969540139405,8.79,0.0,0.0,04:19:00,2,pump_wear
2.6282419371079015,15.020426401598648,9.02,0.0,0.0,04:20:00,2,pump_wear
2.696219512490899,15.02089294019309,9.25,0.0,0.0,04:21:00,2,pump_wear
2.765801405112144,15.021369341947281,9.49,0.0,0.0,04:22:00,2,pump_wear
2.8370211761642175,15.021855796021121,9.73,0.0,0.0,04:23:00,2,pump_wear
2.9099129751317876,15.022352494752965,9.98,0.0,0.0,04:24:00,2,pump_wear
2.9845115472434953,15.022859633703128,10.24,0.0,0.0,04:25:00,2,pump_wear
3.060852240947685,15.023377411697755,10.5,0.0,0.0,04:26:00,2,pump_wear
3.138971015410066,15.0239060308731,10.77,0.0,0.0,04:27:00,2,pump_wear
3.218904448031322,15.024445696720168,11.04,0.0,0.0,04:28:00,2,pump_wear
1.856662274413044,15.024996618129745,6.37,0.0,0.0,04:29:00,2,pump_wear
1.3819515413320307,15.025559007437804,4.74,0.0,0.0,04:30:00,2,pump_wear
3.4699679007348077,15.02613308047131,11.9,0.0,0.0,04:31:00,2,pump_wear
1.8766188270794937,15.02671905659436,6.44,0.0,0.0,04:32:00,2,pump_wear
3.647115919722918,15.02731715875474,12.51,0.0,0.0,04:33:00,2,pump_wear
1.9415603740596148,15.02792761353083,6.66,0.0,0.0,04:34:00,2,pump_wear
3.832454723845781,15.028550651178884,13.15,0.0,0.0,04:35:00,2,pump_wear
3.928298889389887,15.029186505680686,13.47,0.0,0.0,04:36:00,2,pump_wear
4.026315977841181,15.029835414791558,13.81,0.0,0.0,04:37:00,2,pump_wear
4.126549165280131,15.03049762008874,14.15,0.0,0.0,04:38:00,2,pump_wear
3.133483779510898,15.031173367020125,10.75,0.0,0.0,04:39:00,2,pump_wear
1.604564698758446,15.03186290495336,5.51,0.0,0.0,04:40:00,2,pump_wear
4.440987652136779,15.032566487225289,15.23,0.0,0.0,04:41:00,2,pump_wear
4.55053114242486,15.033284371191753,15.61,0.0,0.0,04:42:00,2,pump_wear
4.6625172878783525,15.034016818277733,15.99,0.0,0.0,04:43:00,2,pump_wear
4.7769935877651335,15.034764094027846,16.38,0.0,0.0,04:44:00,2,pump_wear
3.3793010229777014,15.035526468157165,11.59,0.0,0.0,04:45:00,2,pump_wear
5.013610389806217,15.036304214602396,17.19,0.0,0.0,04:46:00,2,pump_wear
3.29835540294046,15.03709761157336,11.31,0.0,0.0,04:47:00,2,pump_wear
5.260776614654383,15.037906941604827,18.04,0.0,0.0,04:48:00,2,pump_wear
5.388442577535616,15.038732491608659,18.48,0.0,0.0,04:49:00,2,pump_wear
5.51889963542107,15.039574552926274,18.93,0.0,0.0,04:50:00,2,pump_wear
5.652200671518006,15.040433421381422,19.38,0.0,0.0,04:51:00,2,pump_wear
5.788399367483673,15.041309397333277,19.85,0.0,0.0,04:52:00,2,pump_wear
2.580975975176648,15.042202785729819,8.85,0.0,0.0,04:53:00,2,pump_wear
2.4242091159866628,15.043113896161525,8.32,0.0,0.0,04:54:00,2,pump_wear
3.1155281608683976,15.044043042915343,10.69,0.0,0.0,04:55:00,2,pump_wear
6.3632727303871075,15.044990545028963,21.82,0.0,0.0,04:56:00,2,pump_wear
6.514793396944295,15.045956726345354,22.34,0.0,0.0,04:57:00,2,pump_wear
2.90726367086761,15.046941915567587,9.97,0.0,0.0,04:58:00,2,pump_wear
3.004647190956665,15.047946446313915,10.31,0.0,0.0,04:59:00,2,pump_wear
5.103257521823362,15.04897065717313,17.5,0.0,0.0,05:00:00,2,pump_wear
7.153844195052118,15.050014891760155,24.53,0.0,0.0,05:01:00,2,pump_wear
7.322152710106477,15.051079498771884,25.1,0.0,0.0,05:02:00,2,pump_wear
7.494004096125995,15.052164832043287,25.69,0.0,0.0,05:03:00,2,pump_wear
7.669462159520187,15.05327125060371,26.29,0.0,0.0,05:04:00,2,pump_wear
7.848591593444672,15.054399118733434,26.91,0.0,0.0,05:05:00,2,pump_wear
8.031457983998703,15.055548806020415,27.53,0.0,0.0,05:06:00,2,pump_wear
2.7570562230223423,15.05672068741727,9.46,0.0,0.0,05:07:00,2,pump_wear
8.408668480547272,15.057915143298432,28.82,0.0,0.0,05:08:00,2,pump_wear
8.603148277720882,15.059132559517511,29.49,0.0,0.0,05:09:00,2,pump_wear
8.801636425491779,15.060373327464836,30.17,0.0,0.0,05:10:00,2,pump_wear
6.48241128046578,15.061637844125164,22.23,0.0,0.0,05:11:00,2,pump_wear
5.755956390833535,15.062926512135563,19.74,0.0,0.0,05:12:00,2,pump_wear
9.421857015412128,15.064239739843437,32.29,0.0,0.0,05:13:00,2,pump_wear
9.637089268554575,15.065577941364708,33.03,0.0,0.0,05:14:00,2,pump_wear
9.856689901996091,15.066941536642117,33.78,0.0,0.0,05:15:00,2,pump_wear
7.418497263619123,15.068330951503672,25.43,0.0,0.0,05:16:00,2,pump_wear
10.30929658569612,15.069746617721181,35.33,0.0,0.0,05:17:00,2,pump_wear
8.385797232363108,15.071188973068908,28.74,0.0,0.0,05:18:00,2,pump_wear
10.780287176534104,15.072658461382323,36.94,0.0,0.0,05:19:00,2,pump_wear
6.205896556762159,15.074155532616906,21.28,0.0,0.0,05:20:00,2,pump_wear
11.270287177121372,15.075680642907056,38.62,0.0,0.0,05:21:00,2,pump_wear
11.522615417726744,15.077234254625028,39.48,0.0,0.0,05:22:00,2,pump_wear
11.77993761652817,15.078816836439929,40.36,0.0,0.0,05:23:00,2,pump_wear
12.042336348236615,15.080428863376744,41.26,0.0,0.0,05:24:00,2,pump_wear
6.781712413944421,15.08207081687538,23.25,0.0,0.0,05:25:00,2,pump_wear
12.582698637495788,15.083743184849714,43.1,0.0,0.0,05:26:00,2,pump_wear
12.860832281960562,15.085446461746653,44.06,0.0,0.0,05:27:00,2,pump_wear
9.080390267776034,15.087181148605138,31.12,0.0,0.0,05:28:00,2,pump_wear
13.433437237200136,15.08894775311516,46.01,0.0,0.0,05:29:00,2,pump_wear
13.728084604866746,15.090746789676693,47.02,0.0,0.0,05:30:00,2,pump_wear
10.005468540262402,15.092578779458583,34.29,0.0,0.0,05:31:00,2,pump_wear
14.334516764016804,15.094444250457354,49.09,0.0,0.0,05:32:00,2,pump_wear
11.397315871535627,15.096343737555932,39.05,0.0,0.0,05:33:00,2,pump_wear
14.96440738184024,15.098277782582256,51.25,49.71,1.46,05:34:00,2,pump_wear
6.077170580612623,15.10024693436777,20.83,0.0,0.0,05:35:00,2,pump_wear
15.618500807166463,15.102251748805774,53.48,51.88,1.52,05:36:00,2,pump_wear
15.954860587090199,15.10429278890964,54.63,52.99,1.56,05:37:00,2,pump_wear
16.29755750185494,15.106370624870838,55.8,54.13,1.59,05:38:00,2,pump_wear
16.646689128951163,15.108485834116781,56.99,55.28,1.62,05:39:00,2,pump_wear
12.950833137584818,15.110639001368492,44.36,0.0,0.0,05:40:00,2,pump_wear
7.966982242885121,15.112830718698016,27.3,0.0,0.0,05:41:00,2,pump_wear
11.835026538734006,15.115061585585622,40.54,0.0,0.0,05:42:00,2,pump_wear
18.109549565417222,15.11733220897675,61.99,60.13,1.77,05:43:00,2,pump_wear
18.492353659123516,15.119643203338674,63.3,61.4,1.8,05:44:00,2,pump_wear
18.882199060751894,15.121995190716884,64.63,62.69,1.84,05:45:00,2,pump_wear
19.27919037881794,15.12438880079116,65.98,64.0,1.88,05:46:00,2,pump_wear
19.683433219019573,15.126824670931324,67.36,65.34,1.92,05:47:00,2,pump_wear
20.09503418145636,15.129303446252635,68.77,66.7,1.96,05:48:00,2,pump_wear
20.51410085751091,15.131825779670836,70.2,68.09,2.0,05:49:00,2,pump_wear
20.94074182638627,15.134392331956798,71.65,69.5,2.04,05:50:00,2,pump_wear
16.708940193526608,15.137003771790775,57.2,55.48,1.63,05:51:00,2,pump_wear
10.314030883894103,15.139660775816239,35.33,0.0,0.0,05:52:00,2,pump_wear
13.607603758017907,15.142364028693244,46.6,0.0,0.0,05:53:00,2,pump_wear
12.19075769163806,15.145114223151362,41.75,0.0,0.0,05:54:00,2,pump_wear
23.191429972133253,15.147912060042108,79.33,76.95,2.26,05:55:00,2,pump_wear
23.665851653424973,15.150758248390861,80.94,78.51,2.31,05:56:00,2,pump_wear
24.14863497508452,15.153653505448275,82.59,80.11,2.35,05:57:00,2,pump_wear
24.639896250978744,15.156598556741114,84.26,81.73,2.4,05:58:00,2,pump_wear
25.139752735168102,15.159594136122529,85.97,83.39,2.45,05:59:00,2,pump_wear
25.64832261467675,15.162640985821744,87.7,85.07,2.5,06:00:00,2,pump_wear
26.16572500185368,15.165739856493124,89.46,86.78,2.55,06:01:00,2,pump_wear
17.95307925772104,15.16889150726459,61.44,59.6,1.75,06:02:00,2,pump_wear
14.632838595953954,15.172096705785385,50.1,48.6,1.43,06:03:00,2,pump_wear
21.313507390761377,15.17535622827316,72.91,70.72,2.08,06:04:00,2,pump_wear
19.496363485226272,15.178670859560322,66.71,64.71,1.9,06:05:00,2,pump_wear
18.270022594484637,15.182041393139684,62.52,60.65,1.78,06:06:00,2,pump_wear
11.502890162209159,15.185468631209334,39.4,0.0,0.0,06:07:00,2,pump_wear
30.045047765502954,15.188953384716728,102.67,99.59,2.92,06:08:00,2,pump_wear
30.637506443079634,15.192496473401976,104.68,101.54,2.98,06:09:00,2,pump_wear
31.23990980893638,15.196098725840297,106.73,103.53,3.04,06:10:00,2,pump_wear
12.662168663358377,15.199760979483624,43.36,0.0,0.0,06:11:00,2,pump_wear
32.475062824014636,15.203484080701312,110.93,107.6,3.16,06:12:00,2,pump_wear
33.108070601284076,15.207268884819943,113.08,109.69,3.22,06:13:00,2,pump_wear
14.59276589320988,15.211116256162214,49.95,0.0,0.0,06:14:00,2,pump_wear
34.40559993214528,15.215027068084838,117.49,113.97,3.35,06:15:00,2,pump_wear
21.461342423356758,15.219002203015483,73.4,71.2,2.09,06:16:00,2,pump_wear
35.746024889331835,15.223042552488677,122.05,118.39,3.48,06:17:00,2,pump_wear
36.432654985205176,15.227149017180688,124.38,120.65,3.54,06:18:00,2,pump_wear
16.95943603407803,15.231322506943338,58.03,56.29,1.65,06:19:00,2,pump_wear
37.839420208084995,15.23556394083671,129.16,125.28,3.68,06:20:00,2,pump_wear
38.559825329023006,15.239874247160746,131.6,127.65,3.75,06:21:00,2,pump_wear
18.917195738837385,15.244254363485688,64.72,62.77,1.84,06:22:00,2,pump_wear
40.035360556656755,15.248705236681348,136.61,132.51,3.89,06:23:00,2,pump_wear
40.790764567359155,15.253227822945169,139.17,135.0,3.96,06:24:00,2,pump_wear
41.55810980026999,15.257823087829049,141.77,137.52,4.04,06:25:00,2,pump_wear
42.337534710759556,15.262492006264917,144.42,140.08,4.11,06:26:00,2,pump_wear
31.5133036443617,15.267235562588997,107.63,104.4,3.07,06:27:00,2,pump_wear
23.344357546809178,15.27205475056477,79.81,77.41,2.27,06:28:00,2,pump_wear
30.91571334230478,15.276950573404584,105.6,102.43,3.01,06:29:00,2,pump_wear
45.57881960006537,15.281924043789873,155.4,150.74,4.43,06:30:00,2,pump_wear
27.223961461324517,15.286976183889994,93.02,90.23,2.65,06:31:00,2,pump_wear
25.574338529904633,15.292108025379598,87.4,84.78,2.49,06:32:00,2,pump_wear
15.958244701263899,15.297320609454557,54.6,52.96,1.55,06:33:00,2,pump_wear
49.024593951728136,15.302614986846383,167.07,162.05,4.76,06:34:00,2,pump_wear
49.91905274581553,15.307992217835125,170.09,164.99,4.84,06:35:00,2,pump_wear
50.827003306251385,15.313453372260708,173.16,167.97,4.93,06:36:00,2,pump_wear
51.74858908789797,15.318999529532691,176.28,170.99,5.02,06:37:00,2,pump_wear
23.711878895297556,15.324631778638391,81.05,78.61,2.31,06:38:00,2,pump_wear
53.633241652093574,15.330351218149382,182.65,177.17,5.2,06:39:00,2,pump_wear
54.59659678158939,15.3361589562263,185.9,180.33,5.29,06:40:00,2,pump_wear
55.57416377114404,15.34205611062194,189.21,183.53,5.39,06:41:00,2,pump_wear
56.566087347704155,15.348043808682627,192.56,186.78,5.48,06:42:00,2,pump_wear
57.57251240809107,15.354123187347797,195.95,190.07,5.58,06:43:00,2,pump_wear
58.59358398950328,15.360295393147789,199.4,193.42,5.68,06:44:00,2,pump_wear
36.037781959525525,15.3665615821998,122.97,119.28,3.5,06:45:00,2,pump_wear
60.680247385142216,15.372922920201981,206.44,200.24,5.88,06:46:00,2,pump_wear
33.34255400218323,15.379380582425629,113.81,110.39,3.24,06:47:00,2,pump_wear
62.82723948324854,15.385935753705457,213.67,207.26,6.08,06:48:00,2,pump_wear
28.858757214683326,15.39258962842792,98.55,95.59,2.81,06:49:00,2,pump_wear
65.0357224957519,15.39934341051752,221.12,214.48,6.3,06:50:00,2,pump_wear
66.16338610213509,15.406198313421132,224.91,218.16,6.4,06:51:00,2,pump_wear
67.30685785466714,15.41315556009024,228.76,221.9,6.51,06:52:00,2,pump_wear
68.46628263344417,15.420216382961124,232.66,225.68,6.63,06:53:00,2,pump_wear
69.64180513297322,15.427382023932902,236.62,229.52,6.74,06:54:00,2,pump_wear
70.8335698265008,15.434653734343454,240.62,233.41,6.85,06:55:00,2,pump_wear
72.04172092979067,15.442032774943156,244.69,237.35,6.97,06:56:00,2,pump_wear
73.26640236435263,15.449520415866404,248.8,241.34,7.09,06:57:00,2,pump_wear
24.90963374969091,15.457117936600904,85.08,82.53,2.42,06:58:00,2,pump_wear
75.76593021761883,15.464826625954696,257.2,249.48,7.32,06:59:00,2,pump_wear
42.406903762272634,15.472647782020873,144.53,140.2,4.12,07:00:00,2,pump_wear
60.919134950498524,15.480582712139961,207.16,200.94,5.9,07:01:00,2,pump_wear
79.64277641395917,15.488632732859948,270.2,262.1,7.69,07:02:00,2,pump_wear
27.582397718723577,15.496799169893915,94.17,91.34,2.68,07:03:00,2,pump_wear
82.31403180565101,15.505083358075241,279.16,270.78,7.95,07:04:00,2,pump_wear
35.25033801899051,15.513486641310353,120.23,116.62,3.42,07:05:00,2,pump_wear
85.05595262497378,15.522010372528994,288.34,279.69,8.21,07:06:00,2,pump_wear
86.45376094635766,15.530655913631977,293.02,284.23,8.34,07:07:00,2,pump_wear
87.86965225944398,15.53942463543638,297.76,288.83,8.48,07:08:00,2,pump_wear
89.30376389173125,15.548317917618185,302.55,293.48,8.62,07:09:00,2,pump_wear
55.23845657083962,15.557337148652302,187.91,182.28,5.35,07:10:00,2,pump_wear
92.2271932775174,15.566483725749947,312.33,302.96,8.89,07:11:00,2,pump_wear
93.71678140711226,15.57575905479338,317.3,307.78,9.04,07:12:00,2,pump_wear
59.64426080344959,15.585164550267931,202.77,196.69,5.77,07:13:00,2,pump_wear
96.752373392429,15.594701635191306,327.43,317.61,9.32,07:14:00,2,pump_wear
98.29864176349594,15.604371741040149,332.59,322.61,9.47,07:15:00,2,pump_wear
99.86406627539502,15.614176307673812,337.81,327.68,9.62,07:16:00,2,pump_wear
101.44877643339078,15.624116783255335,343.09,332.8,9.77,07:17:00,2,pump_wear
55.818070693481424,15.634194624169574,189.82,184.12,5.41,07:18:00,2,pump_wear
104.6765657339041,15.644411294938472,353.84,343.22,10.08,07:19:00,2,pump_wear
106.31989776894287,15.654768268133438,359.31,348.53,10.23,07:20:00,2,pump_wear
107.9830211387239,15.665267024284812,364.84,353.89,10.39,07:21:00,2,pump_wear
109.66605894133295,15.675909051788379,370.43,359.32,10.55,07:22:00,2,pump_wear
83.72244398801428,15.686695846808913,283.69,275.17,8.08,07:23:00,2,pump_wear
113.09236305091805,15.697628913180738,381.82,370.36,10.87,07:24:00,2,pump_wear
114.8358682186539,15.70870976230524,387.6,375.97,11.04,07:25:00,2,pump_wear
116.59976544061504,15.719939913045355,393.45,381.65,11.2,07:26:00,2,pump_wear
118.38417017913154,15.731320891616978,399.37,387.39,11.37,07:27:00,2,pump_wear
120.18919621803676,15.742854231477262,405.35,393.19,11.54,07:28:00,2,pump_wear
122.014955611468,15.754541473209818,411.4,399.06,11.72,07:29:00,2,pump_wear
123.86155863236964,15.766384164406752,417.51,404.99,11.89,07:30:00,2,pump_wear
125.72911372071243,15.77838385954754,423.69,410.98,12.07,07:31:00,2,pump_wear
127.61772743144061,15.790542119874722,429.93,417.04,12.24,07:32:00,2,pump_wear
129.52750438216142,15.802860513266362,436.25,423.16,12.42,07:33:00,2,pump_wear
131.45854720059032,15.815340614105297,442.62,429.34,12.6,07:34:00,2,pump_wear
133.41095647176567,15.827984003145115,449.07,435.59,12.79,07:35:00,2,pump_wear
73.22101679585498,15.840792267372862,248.27,240.82,7.07,07:36:00,2,pump_wear
137.3802661809157,15.853766999868453,462.16,448.29,13.16,07:37:00,2,pump_wear
139.3973570975791,15.866909799660766,468.8,454.74,13.35,07:38:00,2,pump_wear
141.43619531741678,15.880222271580397,475.51,461.25,13.54,07:39:00,2,pump_wear
143.49687041326115,15.893706026109076,482.29,467.83,13.73,07:40:00,2,pump_wear
145.57946959454154,15.907362679225688,489.14,474.47,13.93,07:41:00,2,pump_wear
147.68407765330392,15.921193852248924,496.06,481.18,14.13,07:42:00,2,pump_wear
98.59634648713964,15.935201171676532,333.16,323.16,9.49,07:43:00,2,pump_wear
151.95964715992318,15.949386269021115,510.1,494.79,14.53,07:44:00,2,pump_wear
154.13076561772522,15.963750780642536,517.22,501.7,14.73,07:45:00,2,pump_wear
156.32420686433636,15.978296347576833,524.41,508.67,14.93,07:46:00,2,pump_wear
93.65651323302131,15.993024615361694,316.58,307.09,9.02,07:47:00,2,pump_wear
160.77834255002617,16.007937233858442,538.99,522.82,15.35,07:48:00,2,pump_wear
76.82495008330524,16.023035857070532,260.19,252.39,7.41,07:49:00,2,pump_wear
165.3225961134873,16.038322142958545,553.85,537.23,15.77,07:50:00,2,pump_wear
167.6286740135784,16.053797753251676,561.38,544.54,15.99,07:51:00,2,pump_wear
169.9574638247383,16.06946435325567,568.98,551.91,16.2,07:52:00,2,pump_wear
172.30902016653712,16.08532361165726,576.65,559.35,16.42,07:53:00,2,pump_wear
174.68339458994683,16.101377200325047,584.39,566.86,16.64,07:54:00,2,pump_wear
177.0806355233337,16.11762679410681,592.19,574.43,16.86,07:55:00,2,pump_wear
62.29560715340568,16.134074070623296,211.27,204.93,6.02,07:56:00,2,pump_wear
139.38302361950642,16.150720710058412,468.23,454.18,13.33,07:57:00,2,pump_wear
108.28942569885656,16.167568394945864,365.14,354.19,10.4,07:58:00,2,pump_wear
186.89912061992362,16.18461880995222,624.11,605.38,17.77,07:59:00,2,pump_wear
72.57813460001687,16.201873641656377,245.76,238.39,7.0,08:00:00,2,pump_wear
191.94658282969814,16.219334578325487,640.47,621.26,18.24,08:01:00,2,pump_wear
194.5049717555825,16.237003309687246,648.76,629.3,18.47,08:02:00,2,pump_wear
63.70122896144742,16.254881526698643,215.89,209.42,6.15,08:03:00,2,pump_wear
67.98793327197549,16.2729709213111,230.29,223.38,6.56,08:04:00,2,pump_wear
202.3190171352707,16.291273186232033,674.03,653.8,19.19,08:05:00,2,pump_wear
150.66731865837494,16.309790014682832,505.12,489.97,14.38,08:06:00,2,pump_wear
207.6442461536988,16.32852310015326,691.21,670.47,19.68,08:07:00,2,pump_wear
210.34164066679452,16.34747413615227,699.9,678.9,19.93,08:08:00,2,pump_wear
213.06222200156517,16.366644815955276,708.66,687.4,20.18,08:09:00,2,pump_wear
215.80598540260448,16.386036832347802,717.49,695.96,20.43,08:10:00,2,pump_wear
218.57292215929795,16.405651877365635,726.38,704.59,20.69,08:11:00,2,pump_wear
221.36301955683996,16.425491642031385,735.34,713.28,20.94,08:12:00,2,pump_wear
224.17626082774336,16.44555781608751,744.37,722.03,21.2,08:13:00,2,pump_wear
171.27271026159193,16.465852087725818,572.39,555.22,16.3,08:14:00,2,pump_wear
229.8720873689506,16.48637614331343,762.61,739.74,21.72,08:15:00,2,pump_wear
98.63900710211733,16.50713166711524,332.55,322.58,9.47,08:16:00,2,pump_wear
235.66018477986339,16.52812034101288,781.12,757.69,22.24,08:17:00,2,pump_wear
75.60204196741202,16.549343844220196,255.56,247.9,7.28,08:18:00,2,pump_wear
241.54026820182602,16.570803852995247,799.89,775.9,22.78,08:19:00,2,pump_wear
244.51469673624567,16.592502040348855,809.37,785.09,23.05,08:20:00,2,pump_wear
157.83997933019,16.61444007574974,528.07,512.22,15.04,08:21:00,2,pump_wear
250.5320730681942,16.63661962482621,828.52,803.67,23.59,08:22:00,2,pump_wear
130.70595265310814,16.659042349064453,438.67,425.51,12.49,08:23:00,2,pump_wear
256.6404169724432,16.681709905503467,847.92,822.49,24.15,08:24:00,2,pump_wear
259.7285379212626,16.70462394642665,857.72,831.99,24.43,08:25:00,2,pump_wear
155.2083548864348,16.727786119050002,519.2,503.62,14.79,08:26:00,2,pump_wear
85.70467684032242,16.751198065207085,289.13,280.45,8.23,08:27:00,2,pump_wear
269.12779943653857,16.774861421030653,887.46,860.84,25.27,08:28:00,2,pump_wear
272.30557621805315,16.798777816631056,897.5,870.58,25.56,08:29:00,2,pump_wear
275.50554762230104,16.82294887577139,907.6,880.37,25.85,08:30:00,2,pump_wear
278.72761633836626,16.847376215539494,917.75,890.22,26.13,08:31:00,2,pump_wear
281.9716802050874,16.872061446016712,927.96,900.12,26.43,08:32:00,2,pump_wear
285.23763217720006,16.897006169943573,938.23,910.08,26.72,08:33:00,2,pump_wear
288.5253602924509,16.92221198238236,948.56,920.1,27.01,08:34:00,2,pump_wear
110.07170129906812,16.947680470376586,369.94,358.84,10.53,08:35:00,2,pump_wear
295.1656723280729,16.97341321260745,969.38,940.3,27.61,08:36:00,2,pump_wear
298.51800745706544,16.999411779047307,979.88,950.48,27.9,08:37:00,2,pump_wear
220.48293273090042,17.025677730610155,730.75,708.83,20.81,08:38:00,2,pump_wear
305.28637621541554,17.052212618799224,1001.03,971.0,28.51,08:39:00,2,pump_wear
308.70213074224944,17.07901798535167,1011.68,981.33,28.81,08:40:00,2,pump_wear
312.13873745259997,17.106095361880442,1022.39,991.72,29.11,08:41:00,2,pump_wear
315.59604398828856,17.133446269513335,1033.15,1002.16,29.42,08:42:00,2,pump_wear
117.99840175921817,17.161072218529338,395.86,383.99,11.27,08:43:00,2,pump_wear
152.5664824957944,17.1889747079922,509.6,494.31,14.51,08:44:00,2,pump_wear
110.29011408927356,17.21715522538143,370.27,359.16,10.54,08:45:00,2,pump_wear
129.72888084642028,17.2456152462206,434.44,421.41,12.37,08:46:00,2,pump_wear
177.5073396371487,17.274356233703152,590.88,573.15,16.83,08:47:00,2,pump_wear
139.73940534572873,17.303379638315675,467.28,453.26,13.31,08:48:00,2,pump_wear
340.3628967028134,17.332686897458707,1109.86,1076.56,31.61,08:49:00,2,pump_wear
343.9796927690691,17.362279435065155,1121.0,1087.37,31.92,08:50:00,2,pump_wear
347.61558260725315,17.39215866121636,1132.2,1098.23,32.24,08:51:00,2,pump_wear
351.270361363709,17.42232597175586,1143.43,1109.13,32.56,08:52:00,2,pump_wear
274.41217718068214,17.452782747900947,901.84,874.78,25.68,08:53:00,2,pump_wear
358.63573956508475,17.483530355851993,1166.03,1131.04,33.2,08:54:00,2,pump_wear
362.34590262534266,17.514570146399727,1177.39,1142.06,33.53,08:55:00,2,pump_wear
366.07408182074585,17.545903454530396,1188.78,1153.12,33.85,08:56:00,2,pump_wear
158.21610363025601,17.577531599028966,527.29,511.47,15.02,08:57:00,2,pump_wear
373.5835569680399,17.6094558820804,1211.7,1175.35,34.51,08:58:00,2,pump_wear
377.36437369503506,17.641677588869037,1223.21,1186.52,34.83,08:59:00,2,pump_wear
381.1622481051659,17.674197987176218,1234.76,1197.72,35.16,09:00:00,2,pump_wear
384.9769271831769,17.70701832697614,1246.35,1208.96,35.49,09:01:00,2,pump_wear
388.80815255592705,17.74013984003009,1257.97,1220.23,35.82,09:02:00,2,pump_wear
392.6556604965502,17.773563739479062,1269.62,1231.53,36.16,09:03:00,2,pump_wear
173.5667356141822,17.80729121943487,576.82,559.52,16.43,09:04:00,2,pump_wear
252.0711669664308,17.841323454569793,829.44,804.56,23.62,09:05:00,2,pump_wear
404.29316228164765,17.875661599704888,1304.76,1265.62,37.16,09:06:00,2,pump_wear
408.2030563826978,17.91030678939698,1316.54,1277.04,37.49,09:07:00,2,pump_wear
169.08153722489467,17.945260137524436,561.92,545.06,16.0,09:08:00,2,pump_wear
416.06720055497976,17.980522736871794,1340.16,1299.96,38.16,09:09:00,2,pump_wear
420.0208539957609,18.01609565871337,1352.02,1311.46,38.5,09:10:00,2,pump_wear
289.43117064085294,18.05197995239581,947.11,918.7,26.97,09:11:00,2,pump_wear
206.33729519883494,18.088176644919827,682.18,661.71,19.43,09:12:00,2,pump_wear
282.48541041187264,18.124686740521053,924.92,897.17,26.34,09:13:00,2,pump_wear
435.9721373167615,18.161511220250205,1399.66,1357.67,39.86,09:14:00,2,pump_wear
216.06985747619328,18.198651041552566,713.17,691.78,20.31,09:15:00,2,pump_wear
444.0252925970877,18.23610713784695,1423.6,1380.89,40.54,09:16:00,2,pump_wear
448.0700903930655,18.273880418104152,1435.6,1392.53,40.88,09:17:00,2,pump_wear
452.12658004786726,18.311971766425046,1447.61,1404.18,41.22,09:18:00,2,pump_wear
456.1944140325935,18.350382041618357,1459.64,1415.85,41.57,09:19:00,2,pump_wear
319.12712165815606,18.389112076778268,1038.96,1007.79,29.59,09:20:00,2,pump_wear
341.8554357882417,18.428162678861888,1109.57,1076.28,31.6,09:21:00,2,pump_wear
468.46243130558696,18.46753462826671,1495.79,1450.92,42.6,09:22:00,2,pump_wear
472.5720670676349,18.507228678408147,1507.87,1462.63,42.94,09:23:00,2,pump_wear
476.6912346358501,18.547245555297252,1519.95,1474.35,43.28,09:24:00,2,pump_wear
480.81955678778786,18.587585957118677,1532.04,1486.08,43.63,09:25:00,2,pump_wear
484.9566514891162,18.628250553809035,1544.13,1497.81,43.97,09:26:00,2,pump_wear
489.10213193732307,18.6692399866357,1556.23,1509.54,44.32,09:27:00,2,pump_wear
493.2556066071312,18.710554867776175,1568.33,1521.28,44.66,09:28:00,2,pump_wear
497.4166792976238,18.752195779898152,1580.44,1533.02,45.01,09:29:00,2,pump_wear
501.58494918107596,18.794163275740285,1592.54,1544.76,45.35,09:30:00,2,pump_wear
505.76001085349304,18.836457877693896,1604.64,1556.5,45.7,09:31:00,2,pump_wear
509.94145438685166,18.879080077385602,1616.74,1568.24,46.04,09:32:00,2,pump_wear
287.8645752646029,18.922030335261045,938.87,910.7,26.74,09:33:00,2,pump_wear
518.3218250294968,18.96530908016979,1640.93,1591.7,46.73,09:34:00,2,pump_wear
522.5199101565358,19.008916708951528,1653.01,1603.42,47.07,09:35:00,2,pump_wear
526.7226932963641,19.05285358602366,1665.09,1615.14,47.42,09:36:00,2,pump_wear
530.9297427437735,19.097120042970367,1677.16,1626.84,47.76,09:37:00,2,pump_wear
535.1406226185101,19.141716378133346,1689.22,1638.54,48.1,09:38:00,2,pump_wear
539.3548929293058,19.18664285620421,1701.26,1650.22,48.45,09:39:00,2,pump_wear
543.5721096395706,19.23189970781872,1713.29,1661.89,48.79,09:40:00,2,pump_wear
270.04740094868777,19.27748712915301,881.47,855.03,25.1,09:41:00,2,pump_wear
552.0135862912144,19.323405281521804,1737.31,1685.19,49.47,09:42:00,2,pump_wear
556.2369385470457,19.369654290978843,1749.29,1696.82,49.81,09:43:00,2,pump_wear
560.4614219740848,19.416234247919544,1761.26,1708.42,50.16,09:44:00,2,pump_wear
410.417082719663,19.463145206686093,1314.89,1275.44,37.44,09:45:00,2,pump_wear
403.0425659357578,19.51038718517501,1292.24,1253.47,36.8,09:46:00,2,pump_wear
573.1370090701053,19.55796016444736,1797.02,1743.11,51.17,09:47:00,2,pump_wear
577.3613491946644,19.605864088341654,1808.9,1754.63,51.51,09:48:00,2,pump_wear
581.5844689967986,19.654098863089672,1820.74,1766.12,51.85,09:49:00,2,pump_wear
585.8058879571255,19.70266435693516,1832.56,1777.59,52.19,09:50:00,2,pump_wear
590.0251223398989,19.75156039975567,1844.36,1789.03,52.52,09:51:00,2,pump_wear
353.6620997602338,19.800786782687616,1139.76,1105.57,32.46,09:52:00,2,pump_wear
598.4550868575903,19.850343257754552,1867.85,1811.81,53.19,09:53:00,2,pump_wear
299.2306889518522,19.900229537499,970.67,941.55,27.64,09:54:00,2,pump_wear
305.33912050462527,19.950445294617744,989.51,959.83,28.18,09:55:00,2,pump_wear
611.0713804886309,20.00099016160081,1902.83,1845.74,54.19,09:56:00,2,pump_wear
615.2671796953241,20.051863730374297,1914.41,1856.98,54.52,09:57:00,2,pump_wear
619.4573254146915,20.103065551946997,1925.96,1868.18,54.85,09:58:00,2,pump_wear
623.6413113512864,20.154595136061168,1937.47,1879.35,55.17,09:59:00,2,pump_wear
627.8186288073792,20.206451950847345,1948.94,1890.47,55.5,10:00:00,2,pump_wear
631.9887667803097,20.258635422483486,1960.36,1901.55,55.83,10:01:00,2,pump_wear
636.1512120611377,20.311144934858476,1971.74,1912.59,56.15,10:02:00,2,pump_wear
640.3054493345686,20.363979829240108,1983.07,1923.58,56.47,10:03:00,2,pump_wear
335.5643739960656,20.417139403947733,1081.21,1048.78,30.79,10:04:00,2,pump_wear
648.5872286745476,20.470622914029633,2005.59,1945.42,57.11,10:05:00,2,pump_wear
652.7137304953807,20.52442957094523,2016.78,1956.27,57.43,10:06:00,2,pump_wear
306.25861875596456,20.5785585422523,989.84,960.14,28.19,10:07:00,2,pump_wear
660.9353449602279,20.63300895129929,2038.99,1977.82,58.06,10:08:00,2,pump_wear
665.029407511926,20.68777987692284,2050.02,1988.52,58.38,10:09:00,2,pump_wear
669.111604520528,20.74287035315063,2060.99,1999.16,58.69,10:10:00,2,pump_wear
345.00187995924733,20.79827936890971,1108.54,1075.29,31.57,10:11:00,2,pump_wear
677.2382870561972,20.854005867740398,2082.76,2020.27,59.31,10:12:00,2,pump_wear
681.2817123831911,20.910048747515834,2093.55,2030.74,59.62,10:13:00,2,pump_wear
685.3111519902698,20.96640686016739,2104.28,2041.16,59.92,10:14:00,2,pump_wear
689.3260735075883,21.023079011415977,2114.95,2051.51,60.23,10:15:00,2,pump_wear
693.3259438616323,21.080063960509413,2125.56,2061.79,60.53,10:16:00,2,pump_wear
464.8374093962582,21.137360419965923,1468.53,1424.48,41.82,10:17:00,2,pump_wear
701.2783959573977,21.194967055323943,2146.58,2082.18,61.13,10:18:00,2,pump_wear
360.26094666576796,21.252882484898308,1153.14,1118.55,32.84,10:19:00,2,pump_wear
709.1642340007583,21.31110527954292,2167.32,2102.3,61.72,10:20:00,2,pump_wear
713.0808358921972,21.36963396242008,2177.59,2112.26,62.01,10:21:00,2,pump_wear
716.9791798900113,21.428467008776515,2187.78,2122.15,62.3,10:22:00,2,pump_wear
720.8587312549636,21.48760284572624,2197.91,2131.97,62.59,10:23:00,2,pump_wear
724.7189554843255,21.54703985204045,2207.95,2141.71,62.88,10:24:00,2,pump_wear
728.5593184324164,21.60677635794438,2217.92,2151.39,63.16,10:25:00,2,pump_wear
309.6202171339562,21.666810644921437,995.83,965.95,28.36,10:26:00,2,pump_wear
736.1783264143487,21.727140945524546,2237.63,2170.51,63.72,10:27:00,2,pump_wear
410.89506777654316,21.787765443194942,1303.73,1264.62,37.13,10:28:00,2,pump_wear
297.6362685682099,21.848682272088453,958.04,929.3,27.28,10:29:00,2,pump_wear
747.4445591471749,21.909889516909374,2266.6,2198.6,64.55,10:30:00,2,pump_wear
751.1545726615227,21.9713852127521,2276.09,2207.81,64.82,10:31:00,2,pump_wear
754.8410061033138,22.033167344950545,2285.5,2216.94,65.08,10:32:00,2,pump_wear
518.3869333069013,22.095233848935504,1619.7,1571.11,46.12,10:33:00,2,pump_wear
762.1410266634887,22.157582610100025,2304.06,2234.93,65.61,10:34:00,2,pump_wear
765.7535645083824,22.220211463672953,2313.2,2243.81,65.87,10:35:00,2,pump_wear
769.3404239824896,22.283118194600647,2322.26,2252.59,66.13,10:36:00,2,pump_wear
772.9010847883659,22.34630053743706,2331.23,2261.29,66.39,10:37:00,2,pump_wear
776.4350285885653,22.409756176242247,2340.11,2269.9,66.64,10:38:00,2,pump_wear
779.9417391303193,22.473482744489377,2348.89,2278.42,66.89,10:39:00,2,pump_wear
532.8297320600353,22.537477824980364,1658.55,1608.79,47.23,10:40:00,2,pump_wear
583.5169613762157,22.601738949770215,1803.63,1749.52,51.36,10:41:00,2,pump_wear
504.8304101997116,22.666263600100194,1576.36,1529.07,44.89,10:42:00,2,pump_wear
272.3623119451647,22.731049206339833,876.35,850.06,24.96,10:43:00,2,pump_wear
797.0488857459061,22.796093147937967,2391.39,2319.65,68.1,10:44:00,2,pump_wear
800.3814878696664,22.861392753382823,2399.6,2327.61,68.33,10:45:00,2,pump_wear
340.7181700489492,22.926945300171255,1085.81,1053.23,30.92,10:46:00,2,pump_wear
806.9538624327057,22.992748014787217,2415.72,2343.25,68.79,10:47:00,2,pump_wear
498.3848489777921,23.058798072689566,1554.98,1508.33,44.28,10:48:00,2,pump_wear
621.8698638739279,23.12509259830926,1908.04,1850.8,54.34,10:49:00,2,pump_wear
816.5729723737048,23.19162866505601,2439.13,2365.96,69.46,10:50:00,2,pump_wear
819.7135447385884,23.25840329533456,2446.73,2373.33,69.68,10:51:00,2,pump_wear
822.8204187963477,23.325413460570484,2454.22,2380.59,69.89,10:52:00,2,pump_wear
534.7899438152995,23.392656081245796,1658.18,1608.43,47.22,10:53:00,2,pump_wear
273.3307877327157,23.46012802694426,876.73,850.43,24.97,10:54:00,2,pump_wear
831.9341303299399,23.527826116406594,2476.05,2401.77,70.51,10:55:00,2,pump_wear
545.0588632427095,23.59574711759553,1686.25,1635.66,48.02,10:56:00,2,pump_wear
837.8328625561419,23.66388774777092,2490.06,2415.36,70.91,10:57:00,2,pump_wear
840.7277333073569,23.73224467357481,2496.91,2422.0,71.1,10:58:00,2,pump_wear
843.5856740480558,23.80081451112666,2503.64,2428.53,71.3,10:59:00,2,pump_wear
846.4062407175461,23.869593826128714,2510.25,2434.95,71.48,11:00:00,2,pump_wear
849.1889940060038,23.938579133981563,2516.76,2441.26,71.67,11:01:00,2,pump_wear
851.9334994682774,24.007766899910017,2523.15,2447.46,71.85,11:02:00,2,pump_wear
294.1684673408584,24.077153539099253,938.64,910.48,26.73,11:03:00,2,pump_wear
857.3060541329672,24.146735416841377,2535.59,2459.52,72.21,11:04:00,2,pump_wear
859.9332597787405,24.216508848692378,2541.64,2465.39,72.38,11:05:00,2,pump_wear
299.1910252175457,24.286470100639562,953.22,924.63,27.15,11:06:00,2,pump_wear
570.5549340385506,24.35661538927947,1753.39,1700.79,49.93,11:07:00,2,pump_wear
867.5736401255928,24.42694088200637,2559.07,2482.3,72.87,11:08:00,2,pump_wear
318.5113798470564,24.497442697211333,1011.35,981.01,28.8,11:09:00,2,pump_wear
872.4621817321163,24.568116904491916,2570.11,2493.0,73.19,11:10:00,2,pump_wear
874.8437644023235,24.63895952487248,2575.45,2498.18,73.34,11:11:00,2,pump_wear
877.1830466371855,24.709966531035256,2580.66,2503.24,73.49,11:12:00,2,pump_wear
515.3557372274689,24.781133847562064,1592.61,1544.83,45.35,11:13:00,2,pump_wear
289.50533043821684,24.85245735118679,921.36,893.72,26.24,11:14:00,2,pump_wear
883.9433842272621,24.923932871058618,2595.59,2517.72,73.91,11:15:00,2,pump_wear
886.1097893214522,24.995556189016067,2600.32,2522.31,74.05,11:16:00,2,pump_wear
888.2320877215174,25.0673230398718,2604.93,2526.78,74.18,11:17:00,2,pump_wear
890.3099373736683,25.139229111708232,2609.42,2531.14,74.31,11:18:00,2,pump_wear
892.3430028413807,25.21127004618401,2613.78,2535.37,74.43,11:19:00,2,pump_wear
894.3309553956037,25.28344143885129,2618.02,2539.48,74.55,11:20:00,2,pump_wear
896.2734731033099,25.355738839483877,2622.13,2543.47,74.67,11:21:00,2,pump_wear
898.170240914351,25.42815775241617,2626.12,2547.33,74.78,11:22:00,2,pump_wear
628.028862804487,25.500693636892994,1905.65,1848.48,54.27,11:23:00,2,pump_wear
901.8253015692752,25.573341907430276,2633.72,2554.71,75.0,11:24:00,2,pump_wear
903.5829994846223,25.646097934186525,2637.33,2558.21,75.1,11:25:00,2,pump_wear
378.5819053140664,25.718957043345167,1186.61,1151.01,33.79,11:26:00,2,pump_wear
906.9572971437467,25.7919145175077,2644.17,2564.84,75.3,11:27:00,2,pump_wear
908.5733454653952,25.864965596097637,2647.4,2567.98,75.39,11:28:00,2,pump_wear
649.5470452254522,25.938105475775295,1961.42,1902.58,55.86,11:29:00,2,pump_wear
911.6619182304491,26.01132931086326,2653.47,2573.87,75.56,11:30:00,2,pump_wear
913.1339361092082,26.084632213782708,2656.32,2576.63,75.64,11:31:00,2,pump_wear
914.5574499826092,26.158009255500367,2659.04,2579.27,75.72,11:32:00,2,pump_wear
915.9322257290333,26.231455465986244,2661.63,2581.78,75.8,11:33:00,2,pump_wear
917.2580370086853,26.30496583468193,2664.09,2584.17,75.87,11:34:00,2,pump_wear
607.9367232567538,26.37853531097965,1842.67,1787.39,52.47,11:35:00,2,pump_wear
919.7619000881269,26.45215880471181,2668.62,2588.57,75.99,11:36:00,2,pump_wear
920.9395386658726,26.525831186651157,2670.7,2590.58,76.05,11:37:00,2,pump_wear
922.0673864464102,26.59954728902141,2672.64,2592.46,76.11,11:38:00,2,pump_wear
336.06699283067064,26.673301906018388,1055.01,1023.36,30.04,11:39:00,2,pump_wear
630.8761738052671,26.74708979434157,1903.17,1846.07,54.2,11:40:00,2,pump_wear
527.0343203670923,26.82090567373595,1611.97,1563.61,45.9,11:41:00,2,pump_wear
717.933914376506,26.89474422754427,2138.61,2074.45,60.9,11:42:00,2,pump_wear
926.9535197533352,26.968600103269488,2680.42,2600.01,76.33,11:43:00,2,pump_wear
927.7789913496397,27.042467913147416,2681.59,2601.14,76.36,11:44:00,2,pump_wear
928.5535385787368,27.116342234729508,2682.62,2602.15,76.39,11:45:00,2,pump_wear
929.277032712884,27.190217611475695,2683.53,2603.03,76.42,11:46:00,2,pump_wear
929.9493534442967,27.264088553357205,2684.31,2603.78,76.44,11:47:00,2,pump_wear
930.5703889184911,27.337949537469314,2684.95,2604.41,76.46,11:48:00,2,pump_wear
931.1400357652983,27.411795008653925,2685.47,2604.91,76.47,11:49:00,2,pump_wear
931.65819912754,27.485619380131915,2685.86,2605.28,76.49,11:50:00,2,pump_wear
932.1247926873541,27.559417034145138,2686.12,2605.53,76.49,11:51:00,2,pump_wear
932.5397386901597,27.633182322608057,2686.25,2605.66,76.5,11:52:00,2,pump_wear
932.9029679662516,27.706909567768854,2686.24,2605.66,76.5,11:53:00,2,pump_wear
317.3042704164915,27.780593062879944,993.93,964.11,28.3,11:54:00,2,pump_wear
933.4740426967688,27.854227072877848,2685.85,2605.28,76.49,11:55:00,2,pump_wear
933.68179289718,27.927805835072235,2685.46,2604.9,76.47,11:56:00,2,pump_wear
933.8376358893288,28.00132355984413,2684.95,2604.4,76.46,11:57:00,2,pump_wear
933.9415456683349,28.074774431353106,2684.3,2603.77,76.44,11:58:00,2,pump_wear
933.9935048935926,28.14815260825341,2683.52,2603.02,76.42,11:59:00,2,pump_wear
933.9935048935926,28.221452224418883,2682.62,2602.14,76.39,12:00:00,2,pump_wear
933.9415456683349,28.294667389676547,2681.59,2601.14,76.36,12:01:00,2,pump_wear
337.03994781485284,28.367792190548823,1050.39,1018.88,29.91,12:02:00,2,pump_wear
933.68179289718,28.44082069100414,2679.14,2598.77,76.29,12:03:00,2,pump_wear
329.6571802785649,28.51374693321595,1027.75,996.92,29.27,12:04:00,2,pump_wear
933.2144199500175,28.586564938329857,2676.18,2595.9,76.21,12:05:00,2,pump_wear
932.9029679662516,28.659268707238972,2674.52,2594.28,76.16,12:06:00,2,pump_wear
932.5397386901598,28.73185222136709,2672.72,2592.54,76.11,12:07:00,2,pump_wear
932.1247926873541,28.804309443459772,2670.8,2590.68,76.06,12:08:00,2,pump_wear
931.65819912754,28.876634318383086,2668.75,2588.69,76.0,12:09:00,2,pump_wear
931.1400357652983,28.94882077392993,2666.58,2586.58,75.94,12:10:00,2,pump_wear
930.5703889184912,29.020862721633748,2664.28,2584.35,75.87,12:11:00,2,pump_wear
679.5722447004767,29.092754057589502,2015.37,1954.91,57.39,12:12:00,2,pump_wear
494.904617262435,29.164488663281798,1504.95,1459.8,42.86,12:13:00,2,pump_wear
928.5535385787368,29.236060406419995,2656.64,2576.94,75.65,12:14:00,2,pump_wear
544.0669444378195,29.307463141780104,1642.38,1593.11,46.77,12:15:00,2,pump_wear
446.8980145160643,29.378690712053398,1366.55,1325.55,38.92,12:16:00,2,pump_wear
926.077260901868,29.44973694870151,2647.89,2568.46,75.4,12:17:00,2,pump_wear
455.31581447610085,29.520595672817926,1389.86,1348.16,39.58,12:18:00,2,pump_wear
924.1729715731112,29.59126069599565,2641.45,2562.2,75.22,12:19:00,2,pump_wear
923.1452568884014,29.661725821200914,2638.04,2558.9,75.12,12:20:00,2,pump_wear
606.849365018939,29.731984843652764,1812.79,1758.4,51.62,12:21:00,2,pump_wear
920.9395386658728,29.80203155170834,2630.87,2551.95,74.92,12:22:00,2,pump_wear
919.761900088127,29.871859727753705,2627.11,2548.29,74.81,12:23:00,2,pump_wear
363.0745432500379,29.941463149100038,1120.09,1086.48,31.9,12:24:00,2,pump_wear
718.3378212892783,30.01083558888498,2110.15,2046.84,60.09,12:25:00,2,pump_wear
915.9322257290335,30.079970816979046,2615.1,2536.65,74.47,12:26:00,2,pump_wear
914.5574499826093,30.148862600896805,2610.86,2532.53,74.35,12:27:00,2,pump_wear
913.1339361092084,30.217504706712788,2606.51,2528.31,74.23,12:28:00,2,pump_wear
911.6619182304494,30.285890899981773,2602.03,2523.97,74.1,12:29:00,2,pump_wear
910.1416381856061,30.354014946663455,2597.45,2519.52,73.97,12:30:00,2,pump_wear
297.9913028358108,30.421870614051127,925.41,897.65,26.35,12:31:00,2,pump_wear
906.9572971437468,30.48945167170432,2587.93,2510.29,73.7,12:32:00,2,pump_wear
415.6628370690987,30.556751892385133,1269.93,1231.83,36.16,12:33:00,2,pump_wear
903.5829994846225,30.623765052998113,2577.96,2500.62,73.41,12:34:00,2,pump_wear
901.8253015692754,30.690484935533448,2572.8,2495.62,73.27,12:35:00,2,pump_wear
900.0209507465904,30.7569053280133,2567.53,2490.51,73.12,12:36:00,2,pump_wear
898.1702409143512,30.823020025441075,2562.16,2485.29,72.96,12:37:00,2,pump_wear
896.27347310331,30.888822830753444,2556.67,2479.97,72.81,12:38:00,2,pump_wear
894.3309553956041,30.954307555774875,2551.07,2474.54,72.65,12:39:00,2,pump_wear
268.3840576634152,31.019468022174536,834.63,809.59,23.77,12:40:00,2,pump_wear
890.3099373736685,31.084298062425294,2539.55,2463.36,72.32,12:41:00,2,pump_wear
888.2320877215176,31.148791520764668,2533.63,2457.62,72.15,12:42:00,2,pump_wear
636.0396654762316,31.212942254157497,1879.89,1823.5,53.53,12:43:00,2,pump_wear
883.9433842272623,31.276744133260113,2521.47,2445.82,71.8,12:44:00,2,pump_wear
881.7332210181668,31.34019104338581,2515.23,2439.77,71.63,12:45:00,2,pump_wear
879.4796547053913,31.403276885471445,2508.88,2433.62,71.45,12:46:00,2,pump_wear
395.26986296994113,31.465995577044875,1206.21,1170.02,34.35,12:47:00,2,pump_wear
874.8437644023237,31.528341053193095,2495.89,2421.01,71.08,12:48:00,2,pump_wear
872.4621817321165,31.590307267530825,2489.24,2414.56,70.89,12:49:00,2,pump_wear
870.0386784009805,31.651888193169334,2482.48,2408.01,70.69,12:50:00,2,pump_wear
867.5736401255929,31.7130778236853,2475.63,2401.36,70.5,12:51:00,2,pump_wear
353.5507158038296,31.77387017408948,1083.54,1051.04,30.86,12:52:00,2,pump_wear
862.5205307054396,31.834259281794978,2461.63,2387.78,70.1,12:53:00,2,pump_wear
859.9332597787409,31.89423920758488,2454.48,2380.85,69.9,12:54:00,2,pump_wear
857.3060541329675,31.95380403657906,2447.24,2373.82,69.69,12:55:00,2,pump_wear
314.0270709973196,32.012947879199935,966.54,937.55,27.52,12:56:00,2,pump_wear
447.9990568683434,32.07166487213691,1353.79,1313.17,38.55,12:57:00,2,pump_wear
849.188994006004,32.12994917930938,2424.94,2352.19,69.06,12:58:00,2,pump_wear
846.4062407175463,32.187794992827946,2417.32,2344.8,68.84,12:59:00,2,pump_wear
843.5856740480561,32.24519653395377,2409.6,2337.32,68.62,13:00:00,2,pump_wear
548.0641074939318,32.302148054055706,1631.88,1582.92,46.47,13:01:00,2,pump_wear
637.0810984317569,32.35864383556509,1873.06,1816.87,53.34,13:02:00,2,pump_wear
834.9015104912323,32.41467819292794,2385.92,2314.34,67.94,13:03:00,2,pump_wear
831.9341303299402,32.47024547355426,2377.85,2306.52,67.71,13:04:00,2,pump_wear
461.643706059044,32.52534005876446,1389.66,1347.97,39.57,13:05:00,2,pump_wear
825.8931204901689,32.579956364732325,2361.45,2290.6,67.25,13:06:00,2,pump_wear
822.820418796348,32.63408884342465,2353.12,2282.52,67.01,13:07:00,2,pump_wear
278.5548348809865,32.68773198353706,858.96,833.19,24.46,13:08:00,2,pump_wear
816.572972373705,32.74088031142607,2336.2,2266.12,66.53,13:09:00,2,pump_wear
813.3991795687238,32.793528392036755,2327.62,2257.79,66.28,13:10:00,2,pump_wear
810.1926478801555,32.84567082982633,2318.96,2249.39,66.04,13:11:00,2,pump_wear
362.90266378057385,32.89730226968295,1105.42,1072.26,31.48,13:12:00,2,pump_wear
531.300994858238,32.948417397839805,1581.11,1533.68,45.03,13:13:00,2,pump_wear
457.7667168877079,32.999010942784146,1375.86,1334.58,39.18,13:14:00,2,pump_wear
797.0488857459063,33.04907767616117,2283.52,2215.02,65.03,13:15:00,2,pump_wear
793.6860036011196,33.09861241367233,2274.47,2206.23,64.77,13:16:00,2,pump_wear
790.2933425651049,33.14761001596807,2265.34,2197.38,64.51,13:17:00,2,pump_wear
786.871406598786,33.19606538953465,2256.14,2188.46,64.25,13:18:00,2,pump_wear
436.3312611452681,33.24397348757489,1313.88,1274.46,37.42,13:19:00,2,pump_wear
420.0898126058863,33.29132931088256,1267.52,1229.5,36.1,13:20:00,2,pump_wear
776.4350285885656,33.338127908710334,2228.1,2161.26,63.45,13:21:00,2,pump_wear
609.8244869995414,33.384364379630924,1791.53,1737.78,51.02,13:22:00,2,pump_wear
307.99090825789074,33.43003387239136,942.97,914.68,26.85,13:23:00,2,pump_wear
765.7535645083829,33.475131586760064,2199.44,2133.46,62.63,13:24:00,2,pump_wear
762.1410266634891,33.5196527743666,2189.75,2124.06,62.36,13:25:00,2,pump_wear
758.5033325806061,33.56359273953384,2180.0,2114.6,62.08,13:26:00,2,pump_wear
754.8410061033143,33.60694684010241,2170.18,2105.07,61.8,13:27:00,2,pump_wear
751.154572661523,33.64971048824713,2160.3,2095.49,61.52,13:28:00,2,pump_wear
747.4445591471753,33.691879151285306,2150.36,2085.85,61.24,13:29:00,2,pump_wear
743.7114937901475,33.73344835247667,2140.36,2076.14,60.95,13:30:00,2,pump_wear
739.9559060343911,33.77441367181473,2130.29,2066.38,60.66,13:31:00,2,pump_wear
736.1783264143492,33.81477074680936,2120.17,2056.57,60.38,13:32:00,2,pump_wear
732.3792864316931,33.8545152732605,2109.99,2046.7,60.09,13:33:00,2,pump_wear
728.5593184324168,33.89364300602264,2099.76,2036.77,59.8,13:34:00,2,pump_wear
724.7189554843259,33.93214975975998,2089.47,2026.79,59.5,13:35:00,2,pump_wear
720.858731254964,33.97003140969214,2079.13,2016.76,59.21,13:36:00,2,pump_wear
716.9791798900118,34.00728389233004,2068.74,2006.67,58.91,13:37:00,2,pump_wear
455.5778539949686,34.043903206202025,1363.41,1322.5,38.83,13:38:00,2,pump_wear
709.1642340007586,34.079885412569816,2047.79,1986.36,58.32,13:39:00,2,pump_wear
705.2299090714866,34.11522663613424,2037.25,1976.13,58.01,13:40:00,2,pump_wear
701.2783959573981,34.149923065730555,2026.66,1965.86,57.71,13:41:00,2,pump_wear
697.3102293900636,34.18397095501315,2016.02,1955.53,57.41,13:42:00,2,pump_wear
399.8744920781666,34.21736662312946,1204.97,1168.83,34.31,13:43:00,2,pump_wear
689.3260735075887,34.25010645538296,1994.6,1934.76,56.8,13:44:00,2,pump_wear
685.3111519902702,34.282186903885034,1983.83,1924.31,56.49,13:45:00,2,pump_wear
681.2817123831916,34.31360448819556,1973.01,1913.82,56.19,13:46:00,2,pump_wear
677.2382870561976,34.34435579595208,1962.16,1903.29,55.88,13:47:00,2,pump_wear
673.1814075614858,34.37443748348735,1951.26,1892.73,55.57,13:48:00,2,pump_wear
669.1116045205285,34.40384627643513,1940.33,1882.12,55.25,13:49:00,2,pump_wear
665.0294075119265,34.43257897032413,1929.36,1871.48,54.94,13:50:00,2,pump_wear
660.9353449602282,34.46063243115976,1918.35,1860.8,54.63,13:51:00,2,pump_wear
656.8299440257432,34.488003595993845,1907.31,1850.09,54.31,13:52:00,2,pump_wear
652.7137304953811,34.51468947348188,1896.24,1839.35,54.0,13:53:00,2,pump_wear
648.587228674548,34.54068714442777,1885.13,1828.58,53.68,13:54:00,2,pump_wear
644.4509612801262,34.56599376231607,1873.99,1817.77,53.37,13:55:00,2,pump_wear
640.3054493345691,34.59060655383128,1862.83,1806.94,53.05,13:56:00,2,pump_wear
636.1512120611382,34.6145228193644,1851.63,1796.08,52.73,13:57:00,2,pump_wear
310.31436198822115,34.63773993350637,944.84,916.49,26.91,13:58:00,2,pump_wear
627.8186288073797,34.66025534552833,1829.16,1774.28,52.09,13:59:00,2,pump_wear
409.1174075704033,34.682066579848694,1228.76,1191.9,34.99,14:00:00,2,pump_wear
298.97712992792185,34.70317123648674,911.46,884.11,25.96,14:01:00,2,pump_wear
615.2671796953247,34.72356699150273,1795.26,1741.4,51.12,14:02:00,2,pump_wear
193.2878235384689,34.74325159742436,597.58,579.65,17.02,14:03:00,2,pump_wear
606.8704315917439,34.76222288365954,1772.55,1719.37,50.48,14:04:00,2,pump_wear
602.6648342087934,34.78047875689527,1761.17,1708.33,50.15,14:05:00,2,pump_wear
598.4550868575908,34.79801720148257,1749.77,1697.27,49.83,14:06:00,2,pump_wear
594.2416852776964,34.81483627980742,1738.35,1686.2,49.5,14:07:00,2,pump_wear
590.0251223398993,34.8309341326475,1726.91,1675.11,49.18,14:08:00,2,pump_wear
387.46181351614814,34.8463089795147,1166.34,1131.35,33.21,14:09:00,2,pump_wear
454.9437832222516,34.86095911898339,1356.72,1316.02,38.64,14:10:00,2,pump_wear
577.3613491946647,34.874882929004116,1692.53,1641.75,48.2,14:11:00,2,pump_wear
401.10882735695566,34.88807886720304,1204.94,1168.79,34.31,14:12:00,2,pump_wear
194.92292048041634,34.90054547116658,602.1,584.04,17.15,14:13:00,2,pump_wear
564.686573351853,34.91228135871158,1658.05,1608.31,47.22,14:14:00,2,pump_wear
322.158288015415,34.9232852281407,978.11,948.77,27.85,14:15:00,2,pump_wear
556.2369385470462,34.93355585848302,1635.02,1585.97,46.56,14:16:00,2,pump_wear
552.0135862912149,34.94309210971986,1623.5,1574.79,46.23,14:17:00,2,pump_wear
547.7918247347327,34.95189292299568,1611.97,1563.61,45.9,14:18:00,2,pump_wear
543.5721096395712,34.95995732081401,1600.44,1552.43,45.58,14:19:00,2,pump_wear
539.3548929293063,34.96728440721837,1588.91,1541.24,45.25,14:20:00,2,pump_wear
535.1406226185105,34.97387336795825,1577.38,1530.06,44.92,14:21:00,2,pump_wear
380.8721216128975,34.979723470639826,1146.87,1112.46,32.66,14:22:00,2,pump_wear
526.7226932963646,34.9848340648617,1554.32,1507.69,44.26,14:23:00,2,pump_wear
522.5199101565364,34.989204582335404,1542.79,1496.51,43.93,14:24:00,2,pump_wear
518.3218250294972,34.9928345369907,1531.27,1485.33,43.61,14:25:00,2,pump_wear
514.1288653830408,34.99572352506571,1519.75,1474.16,43.28,14:26:00,2,pump_wear
509.94145438685206,34.99787122518174,1508.24,1462.99,42.95,14:27:00,2,pump_wear
505.76001085349344,34.99927739840285,1496.74,1451.84,42.62,14:28:00,2,pump_wear
501.58494918107635,34.99994188828021,1485.24,1440.68,42.3,14:29:00,2,pump_wear
322.8380497091389,34.999864620881056,979.76,950.37,27.9,14:30:00,2,pump_wear
353.0868344144018,34.99904560480244,1067.16,1035.14,30.39,14:31:00,2,pump_wear
489.1021319373235,34.9974849311696,1450.81,1407.29,41.31,14:32:00,2,pump_wear
484.9566514891167,34.99518277361909,1439.36,1396.18,40.99,14:33:00,2,pump_wear
366.5589345507477,34.99213938826658,1105.87,1072.69,31.49,14:34:00,2,pump_wear
476.6912346358505,34.98835511365934,1416.5,1374.0,40.34,14:35:00,2,pump_wear
472.5720670676354,34.98383037071352,1405.09,1362.94,40.01,14:36:00,2,pump_wear
294.63129162447126,34.97856566263607,897.67,870.74,25.56,14:37:00,2,pump_wear
185.50864146679356,34.972561574831545,573.56,556.36,16.33,14:38:00,2,pump_wear
460.2732397800589,34.965818774793505,1370.96,1329.84,39.04,14:39:00,2,pump_wear
456.194414032594,34.95833801198094,1359.63,1318.84,38.72,14:40:00,2,pump_wear
452.1265800478676,34.95012011767941,1348.31,1307.86,38.4,14:41:00,2,pump_wear
448.0700903930659,34.94116600484704,1337.02,1296.91,38.07,14:42:00,2,pump_wear
194.42579296375206,34.931476667945546,600.52,582.51,17.1,14:43:00,2,pump_wear
439.9925291187642,34.921053182756104,1314.5,1275.06,37.43,14:44:00,2,pump_wear
325.2456728305174,34.90989670618035,987.13,957.52,28.11,14:45:00,2,pump_wear
431.9644494211792,34.898008476026284,1292.08,1253.31,36.79,14:46:00,2,pump_wear
427.96979250681454,34.88538981077949,1280.9,1242.48,36.48,14:47:00,2,pump_wear
320.32039797615045,34.87204210935934,972.99,943.8,27.71,14:48:00,2,pump_wear
420.0208539957613,34.85796685086056,1258.64,1220.88,35.84,14:49:00,2,pump_wear
416.0672005549802,34.84316559428005,1247.55,1210.13,35.53,14:50:00,2,pump_wear
313.2240758765269,34.82763997822912,952.54,923.96,27.13,14:51:00,2,pump_wear
408.2030563826982,34.81139172063112,1225.47,1188.7,34.9,14:52:00,2,pump_wear
404.29316228164805,34.79442261840466,1214.47,1178.04,34.58,14:53:00,2,pump_wear
205.0267256211001,34.77673454713238,632.79,613.81,18.02,14:54:00,2,pump_wear
396.519181930153,34.75832946071547,1192.58,1156.8,33.96,14:55:00,2,pump_wear
392.65566049655064,34.739209391013986,1181.69,1146.24,33.65,14:56:00,2,pump_wear
388.8081525559275,34.71937644747293,1170.83,1135.7,33.34,14:57:00,2,pump_wear
271.70814920541176,34.69883281673448,831.4,806.46,23.68,14:58:00,2,pump_wear
381.16224810516627,34.67758076223613,1149.21,1114.74,32.73,14:59:00,2,pump_wear
377.36437369503545,34.655622623795125,1138.46,1104.31,32.42,15:00:00,2,pump_wear
219.9798898155512,34.6329608171791,678.0,657.66,19.31,15:01:00,2,pump_wear
369.8200455789149,34.609597833663194,1117.08,1083.57,31.81,15:02:00,2,pump_wear
366.07408182074624,34.585536239573585,1106.45,1073.25,31.51,15:03:00,2,pump_wear
237.95322775485823,34.5607786758177,731.86,709.9,20.84,15:04:00,2,pump_wear
358.63573956508515,34.53532785740121,1085.3,1052.74,30.91,15:05:00,2,pump_wear
354.943818856237,34.50918657293177,1074.79,1042.55,30.61,15:06:00,2,pump_wear
351.2703613637094,34.48235768410991,1064.33,1032.4,30.31,15:07:00,2,pump_wear
347.6155826072535,34.454844125206925,1053.9,1022.29,30.01,15:08:00,2,pump_wear
343.9796927690695,34.42664890253011,1043.52,1012.22,29.72,15:09:00,2,pump_wear
340.3628967028137,34.39777509387535,1033.19,1002.19,29.42,15:10:00,2,pump_wear
225.78533729314876,34.36822584796725,696.14,675.26,19.82,15:11:00,2,pump_wear
333.1873787216788,34.33800438388694,1012.66,982.28,28.84,15:12:00,2,pump_wear
329.62903997167314,34.307113990487736,1002.46,972.39,28.55,15:13:00,2,pump_wear
326.09056135085643,34.275558025798745,992.31,962.54,28.26,15:14:00,2,pump_wear
322.572121252951,34.24333991641657,982.21,952.74,27.97,15:15:00,2,pump_wear
116.47243979064122,34.210463156885396,364.6,353.66,10.38,15:16:00,2,pump_wear
315.59604398828895,34.17693130906533,962.15,933.29,27.4,15:17:00,2,pump_wear
114.84308852588435,34.14274800148955,359.68,348.89,10.24,15:18:00,2,pump_wear
308.7021307422498,34.10791692871004,942.29,914.02,26.83,15:19:00,2,pump_wear
305.28637621541594,34.07244185063233,932.44,904.47,26.55,15:20:00,2,pump_wear
301.8916210878235,34.03632659183932,922.64,894.96,26.27,15:21:00,2,pump_wear
298.51800745706583,33.999575040904354,912.89,885.5,26.0,15:22:00,2,pump_wear
295.1656723280732,33.96219114969371,903.19,876.09,25.72,15:23:00,2,pump_wear
291.8347476397061,33.92417893265871,893.55,866.74,25.45,15:24:00,2,pump_wear
288.52536029245124,33.88554246611767,883.95,857.43,25.17,15:25:00,2,pump_wear
161.06670447894572,33.8462858875277,502.01,486.95,14.3,15:26:00,2,pump_wear
117.29158134644692,33.806413394746755,367.75,356.72,10.47,15:27:00,2,pump_wear
278.7276163383666,33.765929245285975,855.5,829.84,24.36,15:28:00,2,pump_wear
216.90347340422352,33.72483775555253,671.39,651.25,19.12,15:29:00,2,pump_wear
171.18689283939295,33.68314330008322,533.21,517.21,15.18,15:30:00,2,pump_wear
269.12779943653885,33.64085031076892,827.55,802.72,23.57,15:31:00,2,pump_wear
265.972309773234,33.597963276070104,818.34,793.79,23.3,15:32:00,2,pump_wear
262.83919494390875,33.55448674022373,809.19,784.92,23.04,15:33:00,2,pump_wear
198.9012201952893,33.51042530244154,617.71,599.18,17.59,15:34:00,2,pump_wear
101.43684509732859,33.46578361610004,319.16,309.59,9.09,15:35:00,2,pump_wear
174.5619052069879,33.42056638792236,544.08,527.76,15.49,15:36:00,2,pump_wear
136.54714895428913,33.374778377152225,427.82,414.99,12.18,15:37:00,2,pump_wear
247.51198346882717,33.32842439472019,764.31,741.38,21.77,15:38:00,2,pump_wear
244.51469673624598,33.28150930240228,755.51,732.84,21.51,15:39:00,2,pump_wear
241.54026820182634,33.23403801197147,746.76,724.36,21.27,15:40:00,2,pump_wear
238.58874873371335,33.18601548434195,738.08,715.94,21.02,15:41:00,2,pump_wear
235.6601847798637,33.13744672870651,729.46,707.57,20.77,15:42:00,2,pump_wear
232.75461841178537,33.088336801667275,720.89,699.27,20.53,15:43:00,2,pump_wear
229.8720873689509,33.03869080635995,712.39,691.02,20.29,15:44:00,2,pump_wear
227.01262510386215,32.9885138915718,703.95,682.83,20.05,15:45:00,2,pump_wear
224.17626082774362,32.93781125085355,695.56,674.7,19.81,15:46:00,2,pump_wear
221.3630195568403,32.88658812162553,687.24,666.62,19.57,15:47:00,2,pump_wear
218.5729221592982,32.83484978427811,678.98,658.61,19.34,15:48:00,2,pump_wear
215.80598540260476,32.7826015612668,670.78,650.66,19.1,15:49:00,2,pump_wear
213.06222200156546,32.729848816202086,662.64,642.76,18.87,15:50:00,2,pump_wear
210.3416406667948,32.6765969529344,654.56,634.93,18.64,15:51:00,2,pump_wear
118.12890815071013,32.622851414634226,372.18,361.02,10.6,15:52:00,2,pump_wear
204.9700393119276,32.56861768286774,638.59,619.44,18.19,15:53:00,2,pump_wear
202.31901713527103,32.513901276668136,630.7,611.78,17.96,15:54:00,2,pump_wear
199.69117281198376,32.4587077516028,622.87,604.19,17.74,15:55:00,2,pump_wear
126.82803393328685,32.403042698836664,399.5,387.52,11.38,15:56:00,2,pump_wear
194.50497175558274,32.346911744191885,607.4,589.18,17.3,15:57:00,2,pump_wear
114.72536916922031,32.290320547204075,362.12,351.26,10.31,15:58:00,2,pump_wear
189.4113074749053,32.23327480017535,592.17,574.41,16.86,15:59:00,2,pump_wear
186.8991206199239,32.17578022722432,584.65,567.12,16.65,16:00:00,2,pump_wear
118.1033532223464,32.11784258333339,372.89,361.7,10.62,16:01:00,2,pump_wear
181.94389469735583,32.05946765339344,569.81,552.71,16.23,16:02:00,2,pump_wear
122.45764324243484,32.000661251246214,386.61,375.01,11.01,16:03:00,2,pump_wear
177.080635523334,31.941429218724565,555.21,538.55,15.81,16:04:00,2,pump_wear
174.6833945899473,31.881777424690846,548.0,531.56,15.61,16:05:00,2,pump_wear
172.30902016653738,31.821711764073562,540.86,524.63,15.4,16:06:00,2,pump_wear
169.9574638247383,31.7612381569027,533.78,517.76,15.2,16:07:00,2,pump_wear
167.6286740135787,31.700362547343687,526.76,510.96,15.0,16:08:00,2,pump_wear
165.32259611348778,31.63909090273038,519.8,504.21,14.8,16:09:00,2,pump_wear
163.03917249041282,31.57742921259732,512.91,497.52,14.61,16:10:00,2,pump_wear
121.37407493821279,31.515383487711347,384.02,372.5,10.94,16:11:00,2,pump_wear
158.54004279200052,31.452959759102892,499.31,484.33,14.22,16:12:00,2,pump_wear
93.3319389019396,31.390164077097054,296.53,287.63,8.44,16:13:00,2,pump_wear
154.13076561772544,31.32700251034484,485.96,471.38,13.84,16:14:00,2,pump_wear
151.95964715992318,31.26348114485468,479.38,465.0,13.65,16:15:00,2,pump_wear
149.81077691012325,31.1996060830244,472.86,458.67,13.47,16:16:00,2,pump_wear
147.68407765330437,31.135383442673895,466.4,452.41,13.28,16:17:00,2,pump_wear
89.00623411058747,31.070819356078797,283.32,274.82,8.07,16:18:00,2,pump_wear
69.8160266673862,31.005919969005273,222.85,216.16,6.35,16:19:00,2,pump_wear
106.99661136751293,30.940691439746114,339.98,329.78,9.68,16:20:00,2,pump_wear
139.39735709757952,30.875139938158398,441.19,427.95,12.56,16:21:00,2,pump_wear
137.38026618091595,30.809271644702932,435.03,421.98,12.39,16:22:00,2,pump_wear
135.38483068504772,30.743092749485726,428.95,416.08,12.22,16:23:00,2,pump_wear
133.4109564717659,30.676609451301527,422.92,410.23,12.04,16:24:00,2,pump_wear
70.15723300349065,30.60982795667975,224.29,217.56,6.39,16:25:00,2,pump_wear
129.52750438216165,30.54275447893308,411.04,398.71,11.71,16:26:00,2,pump_wear
127.61772743144061,30.475395237208787,405.2,393.04,11.54,16:27:00,2,pump_wear
62.81967778908506,30.407756455543012,201.19,195.16,5.73,16:28:00,2,pump_wear
123.86155863237003,30.339844361918242,393.68,381.87,11.21,16:29:00,2,pump_wear
122.01495561146821,30.27166518732416,388.02,376.38,11.05,16:30:00,2,pump_wear
120.18919621803676,30.203225164822104,382.41,370.94,10.89,16:31:00,2,pump_wear
118.38417017913173,30.134530528613208,376.86,365.56,10.73,16:32:00,2,pump_wear
116.5997654406154,30.0655875131105,371.37,360.23,10.58,16:33:00,2,pump_wear
114.8358682186541,29.996402352015174,365.94,354.97,10.42,16:34:00,2,pump_wear
113.09236305091805,29.926981277397232,360.57,349.76,10.27,16:35:00,2,pump_wear
62.340691398040825,29.857330518780515,200.12,194.12,5.7,16:36:00,2,pump_wear
59.237595104770385,29.78745630223245,190.29,184.58,5.42,16:37:00,2,pump_wear
107.9830211387241,29.717364849458754,344.81,334.47,9.82,16:38:00,2,pump_wear
106.31989776894287,29.647062376903115,339.67,329.48,9.67,16:39:00,2,pump_wear
104.67656573390424,29.57655509485214,334.59,324.55,9.53,16:40:00,2,pump_wear
103.05290055730106,29.505849206545573,329.56,319.68,9.39,16:41:00,2,pump_wear
54.51397523075992,29.434950907292276,175.48,170.21,5.0,16:42:00,2,pump_wear
99.86406627539502,29.363866383591848,319.69,310.09,9.1,16:43:00,2,pump_wear
33.85459993298071,29.29260181226213,109.33,106.05,3.11,16:44:00,2,pump_wear
62.39271396363644,29.221163359572806,200.81,194.79,5.72,16:45:00,2,pump_wear
95.2251305186562,29.149557180385226,305.29,296.13,8.69,16:46:00,2,pump_wear
50.83230464073958,29.077789417298717,163.94,159.03,4.67,16:47:00,2,pump_wear
71.58692771148411,29.005866199803293,230.34,223.43,6.56,16:48:00,2,pump_wear
90.75623235024396,28.933793643439145,291.39,282.64,8.3,16:49:00,2,pump_wear
89.3037638917314,28.861577848963,286.86,278.25,8.17,16:50:00,2,pump_wear
87.86965225944398,28.789224901521514,282.39,273.92,8.04,16:51:00,2,pump_wear
86.45376094635782,28.71674086983175,277.97,269.63,7.92,16:52:00,2,pump_wear
65.90977594177633,28.644131805368968,212.54,206.16,6.05,16:53:00,2,pump_wear
83.67608919085156,28.571403741561912,269.3,261.22,7.67,16:54:00,2,pump_wear
82.31403180565101,28.49856269299567,265.04,257.09,7.55,16:55:00,2,pump_wear
34.70168619748246,28.425614654622215,112.45,109.08,3.2,16:56:00,2,pump_wear
79.64277641395945,28.35256560097878,256.68,248.98,7.31,16:57:00,2,pump_wear
78.33329744172856,28.279421485414282,252.58,245.0,7.19,16:58:00,2,pump_wear
77.04106266951315,28.206188239323865,248.53,241.07,7.08,16:59:00,2,pump_wear
75.76593021761896,28.132871771391628,244.53,237.19,6.96,17:00:00,2,pump_wear
74.50775772012594,28.059477966841694,240.58,233.36,6.85,17:01:00,2,pump_wear
30.47900698587623,27.986012686697837,99.0,96.03,2.82,17:02:00,2,pump_wear
72.04172092979067,27.91248176705171,232.83,225.84,6.63,17:03:00,2,pump_wear
70.83356982650093,27.8388910183397,229.03,222.16,6.52,17:04:00,2,pump_wear
69.64180513297347,27.76524622462867,225.28,218.52,6.42,17:05:00,2,pump_wear
68.46628263344432,27.691553142910607,221.57,214.93,6.31,17:06:00,2,pump_wear
50.22399605979547,27.617817502406382,162.96,158.07,4.64,17:07:00,2,pump_wear
22.40983986286577,27.544045003878566,72.99,70.8,2.08,17:08:00,2,pump_wear
65.03572249575213,27.470241318953473,210.75,204.43,6.0,17:09:00,2,pump_wear
45.962433404235455,27.396412089452618,149.35,144.87,4.25,17:10:00,2,pump_wear
62.82723948324854,27.32256292673362,203.78,197.66,5.8,17:11:00,2,pump_wear
61.74612970226315,27.24869941104053,200.36,194.35,5.71,17:12:00,2,pump_wear
60.68024738514242,27.174827090863797,196.98,191.07,5.61,17:13:00,2,pump_wear
59.62944723945386,27.10095148230999,193.66,187.85,5.51,17:14:00,2,pump_wear
58.59358398950328,27.027078068481284,190.37,184.66,5.42,17:15:00,2,pump_wear
25.312861007531538,26.953212298864745,82.62,80.14,2.35,17:16:00,2,pump_wear
56.56608734770438,26.87935958873155,183.94,178.43,5.24,17:17:00,2,pump_wear
31.02694991636811,26.80552531854628,101.25,98.21,2.88,17:18:00,2,pump_wear
54.59659678158939,26.73171483338625,177.69,172.36,5.06,17:19:00,2,pump_wear
19.062150436207595,26.657933442370975,62.34,60.47,1.78,17:20:00,2,pump_wear
52.68395385451775,26.584186418101787,171.61,166.46,4.89,17:21:00,2,pump_wear
51.74858908789806,26.510478996111807,168.63,163.57,4.8,17:22:00,2,pump_wear
50.827003306251385,26.43681637432624,165.7,160.73,4.72,17:23:00,2,pump_wear
49.91905274581565,26.363203712532957,162.81,157.92,4.64,17:24:00,2,pump_wear
28.63225766457437,26.28964613186353,93.66,90.85,2.67,17:25:00,2,pump_wear
18.729881734693368,26.216148714284806,61.36,59.52,1.75,17:26:00,2,pump_wear
47.275579543797555,26.142716502100985,154.37,149.74,4.4,17:27:00,2,pump_wear
46.420738796994826,26.0693544974662,151.64,147.09,4.32,17:28:00,2,pump_wear
45.57881960006555,25.996067661907738,148.95,144.49,4.24,17:29:00,2,pump_wear
44.74968042324879,25.92286091585988,146.3,141.91,4.17,17:30:00,2,pump_wear
43.933180194031564,25.849739138208527,143.69,139.38,4.09,17:31:00,2,pump_wear
43.12917831993612,25.776707165846354,141.12,136.88,4.02,17:32:00,2,pump_wear
16.03106655047831,25.703769793238777,52.65,51.07,1.5,17:33:00,2,pump_wear
41.558109800270074,25.630931772000693,136.08,132.0,3.88,17:34:00,2,pump_wear
40.790764567359155,25.558197810483996,133.62,129.61,3.81,17:35:00,2,pump_wear
40.03536055665685,25.485572573375876,131.2,127.26,3.74,17:36:00,2,pump_wear
39.29175989860899,25.41306068130784,128.81,124.95,3.67,17:37:00,2,pump_wear
17.608909509519894,25.34066671047571,57.9,56.17,1.65,17:38:00,2,pump_wear
18.380861549713845,25.26839519227039,60.45,58.64,1.72,17:39:00,2,pump_wear
28.81095768268746,25.196250612919435,94.66,91.82,2.7,17:40:00,2,pump_wear
36.4326549852053,25.12423741313947,119.62,116.03,3.41,17:41:00,2,pump_wear
20.836452654930902,25.052359987799505,68.57,66.51,1.95,17:42:00,2,pump_wear
23.62449107937114,24.980622685595094,77.74,75.4,2.21,17:43:00,2,pump_wear
34.40559993214536,24.909029808733273,113.09,109.7,3.22,17:44:00,2,pump_wear
33.751539296496674,24.837585612628338,110.98,107.65,3.16,17:45:00,2,pump_wear
22.774352965709184,24.766294305608497,75.01,72.76,2.14,17:46:00,2,pump_wear
22.849852043181443,24.695160048633333,75.28,73.02,2.14,17:47:00,2,pump_wear
31.852385714528133,24.62418695502201,104.85,101.71,2.99,17:48:00,2,pump_wear
31.239909808936513,24.55337909019224,102.87,99.79,2.93,17:49:00,2,pump_wear
9.290387709172359,24.482740471410075,30.69,0.0,0.0,17:50:00,2,pump_wear
13.258530503071473,24.412275067550446,43.78,0.0,0.0,17:51:00,2,pump_wear
29.462406749960092,24.34198679886832,97.12,94.21,2.77,17:52:00,2,pump_wear
28.88945720744762,24.271879536780546,95.27,92.41,2.71,17:53:00,2,pump_wear
28.32607379777611,24.201957103658433,93.44,90.64,2.66,17:54:00,2,pump_wear
27.77213204068285,24.1322232726309,91.65,88.9,2.61,17:55:00,2,pump_wear
27.227508326490703,24.062681767398175,89.88,87.19,2.56,17:56:00,2,pump_wear
26.692079926319277,23.99333626205602,88.14,85.5,2.51,17:57:00,2,pump_wear
9.467386073429825,23.924190380930526,31.34,0.0,0.0,17:58:00,2,pump_wear
25.64832261467675,23.855247698423337,84.76,82.21,2.41,17:59:00,2,pump_wear
25.139752735168155,23.78651173886727,83.1,80.61,2.37,18:00:00,2,pump_wear
24.639896250978854,23.717985976392228,81.48,79.03,2.32,18:01:00,2,pump_wear
15.672587725711589,23.64967383480157,51.9,50.34,1.48,18:02:00,2,pump_wear
9.421911485484557,23.581578687458656,31.23,0.0,0.0,18:03:00,2,pump_wear
16.68616827795075,23.513703857183593,55.28,53.62,1.57,18:04:00,2,pump_wear
22.725254564362803,23.446052616160106,75.25,72.99,2.14,18:05:00,2,pump_wear
22.267211016716217,23.378628185852552,73.75,71.54,2.1,18:06:00,2,pump_wear
21.8171858752835,23.311433736932965,72.29,70.12,2.06,18:07:00,2,pump_wear
15.577721161505325,23.244472389218018,51.67,50.12,1.47,18:08:00,2,pump_wear
20.94074182638636,23.177747211615856,69.43,67.34,1.98,18:09:00,2,pump_wear
20.514100857510954,23.111261222082828,68.03,65.99,1.94,18:10:00,2,pump_wear
13.860343294728608,23.045017387589997,46.02,0.0,0.0,18:11:00,2,pump_wear
19.683433219019616,22.97901862409925,65.32,63.36,1.86,18:12:00,2,pump_wear
19.27919037881802,22.91326779654904,64.0,62.08,1.82,18:13:00,2,pump_wear
18.882199060751937,22.84776771884972,62.7,60.82,1.79,18:14:00,2,pump_wear
18.492353659123516,22.782521153888347,61.42,59.58,1.75,18:15:00,2,pump_wear
18.10954956541726,22.717530813542798,60.17,58.37,1.71,18:16:00,2,pump_wear
17.73368317074884,22.65279935870519,58.94,57.17,1.68,18:17:00,2,pump_wear
17.364651867988385,22.58832939931461,57.73,56.0,1.64,18:18:00,2,pump_wear
17.00235405356397,22.524123494398918,56.54,54.85,1.61,18:19:00,2,pump_wear
5.9043431269459035,22.460184152125596,19.67,0.0,0.0,18:20:00,2,pump_wear
16.29755750185501,22.39651382986154,54.23,52.61,1.54,18:21:00,2,pump_wear
15.954860587090227,22.333114934241777,53.11,51.51,1.51,18:22:00,2,pump_wear
15.618500807166463,22.26998982124698,52.0,50.44,1.48,18:23:00,2,pump_wear
6.921430487766218,22.207140796289586,23.08,0.0,0.0,18:24:00,2,pump_wear
9.407678153861553,22.14457011430857,31.36,0.0,0.0,18:25:00,2,pump_wear
6.282632551564929,22.082279979872688,20.96,0.0,0.0,18:26:00,2,pump_wear
14.334516764016804,22.020272547292215,47.78,0.0,0.0,18:27:00,2,pump_wear
14.02841427019553,21.95854992073887,46.78,0.0,0.0,18:28:00,2,pump_wear
13.728084604866808,21.89711415437401,45.79,0.0,0.0,18:29:00,2,pump_wear
13.433437237200172,21.8359672524849,44.82,0.0,0.0,18:30:00,2,pump_wear
4.387954699718919,21.775111169629085,14.66,0.0,0.0,18:31:00,2,pump_wear
12.860832281960585,21.71454781078657,42.93,0.0,0.0,18:32:00,2,pump_wear
12.582698637495843,21.65427903151976,42.01,0.0,0.0,18:33:00,2,pump_wear
8.367750645849803,21.59430663814123,27.96,0.0,0.0,18:34:00,2,pump_wear
8.335579128332254,21.534632387889026,27.86,0.0,0.0,18:35:00,2,pump_wear
4.080369051180892,21.47525798910941,13.65,0.0,0.0,18:36:00,2,pump_wear
11.522615417726794,21.41618510144699,38.51,0.0,0.0,18:37:00,2,pump_wear
3.738999959743271,21.35741533604217,12.51,0.0,0.0,18:38:00,2,pump_wear
11.02287130168498,21.29895025573571,36.86,0.0,0.0,18:39:00,2,pump_wear
10.780287176534133,21.240791375280367,36.06,0.0,0.0,18:40:00,2,pump_wear
10.542455161197106,21.182940161559383,35.28,0.0,0.0,18:41:00,2,pump_wear
10.30929658569615,21.125398033811905,34.5,0.0,0.0,18:42:00,2,pump_wear
10.08073374644923,21.068166363865064,33.75,0.0,0.0,18:43:00,2,pump_wear
4.604166860475652,21.011246476372662,15.43,0.0,0.0,18:44:00,2,pump_wear
9.637089268554625,20.95463964906029,32.28,0.0,0.0,18:45:00,2,pump_wear
5.059220491762922,20.898347112976868,16.96,0.0,0.0,18:46:00,2,pump_wear
9.210919260157711,20.84237005275245,30.87,0.0,0.0,18:47:00,2,pump_wear
9.004203063759299,20.786709606862125,30.18,0.0,0.0,18:48:00,2,pump_wear
8.801636425491825,20.731366867895897,29.51,0.0,0.0,18:49:00,2,pump_wear
8.603148277720905,20.67634288283456,28.85,0.0,0.0,18:50:00,2,pump_wear
5.731143507876955,20.621638653331328,19.23,0.0,0.0,18:51:00,2,pump_wear
8.218127816316438,20.56725513599909,27.57,0.0,0.0,18:52:00,2,pump_wear
8.031457983998738,20.513193242703224,26.95,0.0,0.0,18:53:00,2,pump_wear
7.848591593444693,20.459453840859876,26.35,0.0,0.0,18:54:00,2,pump_wear
2.5412523506297786,20.406037753739557,8.54,0.0,0.0,18:55:00,2,pump_wear
7.494004096126008,20.352945760775885,25.17,0.0,0.0,18:56:00,2,pump_wear
2.2167541322875217,20.300178597879395,7.45,0.0,0.0,18:57:00,2,pump_wear
3.594173554373203,20.24773695775636,12.08,0.0,0.0,18:58:00,2,pump_wear
6.989015624999982,20.195621490232455,23.49,0.0,0.0,18:59:00,2,pump_wear
6.827604948036851,20.143832802581052,22.95,0.0,0.0,19:00:00,2,pump_wear
2.9353728964405916,20.092371459856174,9.87,0.0,0.0,19:01:00,2,pump_wear
6.514793396944313,20.0412379852299,21.91,0.0,0.0,19:02:00,2,pump_wear
4.268553704326869,19.990432860334195,14.36,0.0,0.0,19:03:00,2,pump_wear
6.214930358656093,19.939956525606892,20.91,0.0,0.0,19:04:00,2,pump_wear
6.06970850102321,19.889809380641807,20.42,0.0,0.0,19:05:00,2,pump_wear
4.168521224772435,19.839991784542896,14.03,0.0,0.0,19:06:00,2,pump_wear
5.788399367483673,19.790504056282302,19.49,0.0,0.0,19:07:00,2,pump_wear
5.65220067151802,19.741346475062105,19.03,0.0,0.0,19:08:00,2,pump_wear
5.518899635421098,19.692519280679743,18.59,0.0,0.0,19:09:00,2,pump_wear
5.388442577535625,19.644022673896973,18.15,0.0,0.0,19:10:00,2,pump_wear
5.260776614654383,19.59585681681225,17.72,0.0,0.0,19:11:00,2,pump_wear
3.1829440205797686,19.548021833236383,10.73,0.0,0.0,19:12:00,2,pump_wear
5.013610389806244,19.500517809071304,16.9,0.0,0.0,19:13:00,2,pump_wear
4.8940082882382345,19.453344792692008,16.5,0.0,0.0,19:14:00,2,pump_wear
4.7769935877651335,19.40650279533138,16.11,0.0,0.0,19:15:00,2,pump_wear
2.2027137028328068,19.359991791467827,7.43,0.0,0.0,19:16:00,2,pump_wear
4.550531142424884,19.313811719215618,15.35,0.0,0.0,19:17:00,2,pump_wear
3.4666222853761974,19.267962480717856,11.7,0.0,0.0,19:18:00,2,pump_wear
4.333840057134904,19.222443942541936,14.62,0.0,0.0,19:19:00,2,pump_wear
1.5821950673556884,19.177255936077316,5.34,0.0,0.0,19:20:00,2,pump_wear
4.126549165280153,19.13239825793557,13.93,0.0,0.0,19:21:00,2,pump_wear
4.026315977841188,19.087870670352583,13.59,0.0,0.0,19:22:00,2,pump_wear
3.019220158610381,19.0436729015928,10.2,0.0,0.0,19:23:00,2,pump_wear
3.832454723845787,18.99980464635535,12.94,0.0,0.0,19:24:00,2,pump_wear
3.7387409991606533,18.956265566181976,12.63,0.0,0.0,19:25:00,2,pump_wear
1.7956995102319309,18.913055289866687,6.07,0.0,0.0,19:26:00,2,pump_wear
3.5575383687591606,18.87017341386702,12.02,0.0,0.0,19:27:00,2,pump_wear
3.469967900734814,18.82761950271673,11.73,0.0,0.0,19:28:00,2,pump_wear
3.384364733757156,18.78539308943986,11.44,0.0,0.0,19:29:00,2,pump_wear
2.6276013758681005,18.743493675966107,8.89,0.0,0.0,19:30:00,2,pump_wear
3.218904448031322,18.70192073354735,10.89,0.0,0.0,19:31:00,2,pump_wear
3.1389710154100743,18.66067370317519,10.62,0.0,0.0,19:32:00,2,pump_wear
3.060852240947704,18.61975199599946,10.35,0.0,0.0,19:33:00,2,pump_wear
2.346686820090195,18.5791549937476,7.94,0.0,0.0,19:34:00,2,pump_wear
2.9099129751317876,18.538882049144778,9.85,0.0,0.0,19:35:00,2,pump_wear
2.837021176164225,18.498932486334635,9.6,0.0,0.0,19:36:00,2,pump_wear
2.046623821865708,18.459305601300557,6.93,0.0,0.0,19:37:00,2,pump_wear
2.6962195124909063,18.42000066228742,9.13,0.0,0.0,19:38:00,2,pump_wear
2.6282419371079015,18.381016910223735,8.9,0.0,0.0,19:39:00,2,pump_wear
2.56183569863647,18.342353559143913,8.68,0.0,0.0,19:40:00,2,pump_wear
2.4969683902171185,18.30400979661077,8.46,0.0,0.0,19:41:00,2,pump_wear
2.4336081710881152,18.265984784138073,8.24,0.0,0.0,19:42:00,2,pump_wear
2.3717237592470033,18.228277657613084,8.04,0.0,0.0,19:43:00,2,pump_wear
2.3112844241446457,18.19088752771889,7.83,0.0,0.0,19:44:00,2,pump_wear
2.2522599794133953,18.153813480356572,7.63,0.0,0.0,19:45:00,2,pump_wear
2.194620775631027,18.117054577067048,7.44,0.0,0.0,19:46:00,2,pump_wear
2.138337693121791,18.080609855452533,7.25,0.0,0.0,19:47:00,2,pump_wear
2.0833821347960204,18.04447832959747,7.06,0.0,0.0,19:48:00,2,pump_wear
2.0297260190296655,18.008658990488904,6.88,0.0,0.0,19:49:00,2,pump_wear
1.9773417725851712,17.973150806436166,6.71,0.0,0.0,19:50:00,2,pump_wear
0.9219096370115425,17.937952723489886,3.13,0.0,0.0,19:51:00,2,pump_wear
1.2403486982978065,17.903063665860074,4.21,0.0,0.0,19:52:00,2,pump_wear
1.8275519951433532,17.868482536333325,6.2,0.0,0.0,19:53:00,2,pump_wear
1.7799894159862586,17.83420821668904,6.04,0.0,0.0,19:54:00,2,pump_wear
1.733568221035105,17.800239568114566,5.88,0.0,0.0,19:55:00,2,pump_wear
1.6882637411741979,17.766575431619167,5.73,0.0,0.0,19:56:00,2,pump_wear
1.644051767376492,17.733214628446742,5.58,0.0,0.0,19:57:00,2,pump_wear
1.6009085439963917,17.70015596048727,5.44,0.0,0.0,19:58:00,2,pump_wear
1.5588107621135172,17.667398210686866,5.29,0.0,0.0,19:59:00,2,pump_wear
0.8147464944941818,17.634940143456348,2.77,0.0,0.0,20:00:00,2,pump_wear
1.4776604812104472,17.602780505078286,5.02,0.0,0.0,20:01:00,2,pump_wear
1.4385635388004012,17.57091802411243,4.89,0.0,0.0,20:02:00,2,pump_wear
1.4004231381656562,17.539351411799533,4.76,0.0,0.0,20:03:00,2,pump_wear
1.3632181060113928,17.50807936246333,4.63,0.0,0.0,20:04:00,2,pump_wear
1.3269276769468914,17.477100553910763,4.51,0.0,0.0,20:05:00,2,pump_wear
1.2915314872080406,17.446413647830312,4.39,0.0,0.0,20:06:00,2,pump_wear
0.7029931455396625,17.416017290188435,2.39,0.0,0.0,20:07:00,2,pump_wear
1.2233423415166371,17.38591011162391,4.16,0.0,0.0,20:08:00,2,pump_wear
1.1905106104688437,17.35609072784017,4.05,0.0,0.0,20:09:00,2,pump_wear
1.1584955564029509,17.326557739995494,3.94,0.0,0.0,20:10:00,2,pump_wear
0.4523776276900398,17.297309735091027,1.54,0.0,0.0,20:11:00,2,pump_wear
1.0968420532271266,17.268345286356535,3.73,0.0,0.0,20:12:00,2,pump_wear
1.0671677981779382,17.23966295363382,3.63,0.0,0.0,20:13:00,2,pump_wear
1.0382385965511325,17.211261283757846,3.53,0.0,0.0,20:14:00,2,pump_wear
0.42223775347171566,17.183138810935404,1.44,0.0,0.0,20:15:00,2,pump_wear
0.6593563019645917,17.155294057121335,2.24,0.0,0.0,20:16:00,2,pump_wear
0.9557527959041867,17.12772553239218,3.25,0.0,0.0,20:17:00,2,pump_wear
0.9296369794508799,17.10043173531733,3.16,0.0,0.0,20:18:00,2,pump_wear
0.9041844704556953,17.07341115332751,3.08,0.0,0.0,20:19:00,2,pump_wear
0.8793799013816794,17.04666226308062,2.99,0.0,0.0,20:20:00,2,pump_wear
0.8552082192013064,17.020183530824823,2.91,0.0,0.0,20:21:00,2,pump_wear
0.8316546800721517,16.993973412758923,2.83,0.0,0.0,20:22:00,2,pump_wear
0.8087048440739547,16.96803035538991,2.75,0.0,0.0,20:23:00,2,pump_wear
0.6178542132696951,16.942352795887665,2.1,0.0,0.0,20:24:00,2,pump_wear
0.3007528785204378,16.91693916243677,1.02,0.0,0.0,20:25:00,2,pump_wear
0.24638501890625333,16.891787874585383,0.84,0.0,0.0,20:26:00,2,pump_wear
0.7226640806970636,16.866897343591194,2.46,0.0,0.0,20:27:00,2,pump_wear
0.702526438160643,16.842265972764316,2.39,0.0,0.0,20:28:00,2,pump_wear
0.682911954615292,16.817892157807147,2.33,0.0,0.0,20:29:00,2,pump_wear
0.45011465280343327,16.793774287151184,1.53,0.0,0.0,20:30:00,2,pump_wear
0.3351633811694973,16.769910742290715,1.14,0.0,0.0,20:31:00,2,pump_wear
0.6270842266839731,16.74629989811335,2.14,0.0,0.0,20:32:00,2,pump_wear
0.6094404492219867,16.72294012322739,2.08,0.0,0.0,20:33:00,2,pump_wear
0.3523438044027444,16.69982978028599,1.2,0.0,0.0,20:34:00,2,pump_wear
0.41611463590732184,16.676967226308115,1.42,0.0,0.0,20:35:00,2,pump_wear
0.5592455086110477,16.654350812996178,1.91,0.0,0.0,20:36:00,2,pump_wear
0.5433895214266028,16.631978887050437,1.85,0.0,0.0,20:37:00,2,pump_wear
0.5279537181618199,16.609849790480062,1.8,0.0,0.0,20:38:00,2,pump_wear
0.5129278558883492,16.587961860910884,1.75,0.0,0.0,20:39:00,2,pump_wear
0.49830191547763414,16.566313431889746,1.7,0.0,0.0,20:40:00,2,pump_wear
0.32670634660125664,16.544902833185503,1.11,0.0,0.0,20:41:00,2,pump_wear
0.47021081775727486,16.52372839108661,1.6,0.0,0.0,20:42:00,2,pump_wear
0.4567267039364824,16.502788428695304,1.56,0.0,0.0,20:43:00,2,pump_wear
0.4436045909044783,16.48208126621833,1.51,0.0,0.0,20:44:00,2,pump_wear
0.4308355171229843,16.46160522125418,1.47,0.0,0.0,20:45:00,2,pump_wear
0.17121794628305462,16.44135860907694,0.58,0.0,0.0,20:46:00,2,pump_wear
0.2999915785302362,16.421339742916572,1.02,0.0,0.0,20:47:00,2,pump_wear
0.39455988763624544,16.401546934235746,1.35,0.0,0.0,20:48:00,2,pump_wear
0.38311729127876093,16.381978493003103,1.31,0.0,0.0,20:49:00,2,pump_wear
0.3719858454563324,16.362632727963057,1.27,0.0,0.0,20:50:00,2,pump_wear
0.3611577302321791,16.343507946902026,1.23,0.0,0.0,20:51:00,2,pump_wear
0.3506253032012973,16.32460245691111,1.2,0.0,0.0,20:52:00,2,pump_wear
0.34038109599851574,16.305914564645228,1.16,0.0,0.0,20:53:00,2,pump_wear
0.33041781086060223,16.287442576578687,1.13,0.0,0.0,20:54:00,2,pump_wear
0.3207283172419614,16.269184799257218,1.1,0.0,0.0,20:55:00,2,pump_wear
0.3113056484834591,16.25113953954637,1.06,0.0,0.0,20:56:00,2,pump_wear
0.3021429985339354,16.233305104876386,1.03,0.0,0.0,20:57:00,2,pump_wear
0.2932337187239345,16.21567980348347,1.0,0.0,0.0,20:58:00,2,pump_wear
0.2845713145911749,16.198261944647495,0.97,0.0,0.0,20:59:00,2,pump_wear
0.08940286953808986,16.18104983892609,0.31,0.0,0.0,21:00:00,2,pump_wear
0.26796190785525903,16.164041798385163,0.92,0.0,0.0,21:01:00,2,pump_wear
0.17696933458887956,16.147236136825857,0.6,0.0,0.0,21:02:00,2,pump_wear
0.2522657893525611,16.130631170007884,0.86,0.0,0.0,21:03:00,2,pump_wear
0.2447455281235803,16.114225215869315,0.84,0.0,0.0,21:04:00,2,pump_wear
0.23743624277243042,16.098016594742752,0.81,0.0,0.0,21:05:00,2,pump_wear
0.2303324336444334,16.082003629567964,0.79,0.0,0.0,21:06:00,2,pump_wear
0.22342873169994573,16.066184646100954,0.76,0.0,0.0,21:07:00,2,pump_wear
0.21671989578334522,16.05055797311941,0.74,0.0,0.0,21:08:00,2,pump_wear
0.2102008099387652,16.035121942624674,0.72,0.0,0.0,21:09:00,2,pump_wear
0.16077718049488293,16.019874890040093,0.55,0.0,0.0,21:10:00,2,pump_wear
0.19771203485847333,16.00481515440589,0.68,0.0,0.0,21:11:00,2,pump_wear
0.19173271619549392,15.989941078570457,0.66,0.0,0.0,21:12:00,2,pump_wear
0.18592388370035287,15.975251009378137,0.64,0.0,0.0,21:13:00,2,pump_wear
0.18028100875167374,15.960743297853513,0.62,0.0,0.0,21:14:00,2,pump_wear
0.17479967277472278,15.946416299382179,0.6,0.0,0.0,21:15:00,2,pump_wear
0.16947556486973359,15.932268373888023,0.58,0.0,0.0,21:16:00,2,pump_wear
0.11459678195117538,15.918297886007037,0.39,0.0,0.0,21:17:00,2,pump_wear
0.11536853963054865,15.904503205257663,0.39,0.0,0.0,21:18:00,2,pump_wear
0.15440506709545201,15.890882706207707,0.53,0.0,0.0,21:19:00,2,pump_wear
0.14966883533952335,15.877434768637793,0.51,0.0,0.0,21:20:00,2,pump_wear
0.14506981222170084,15.864157777701408,0.5,0.0,0.0,21:21:00,2,pump_wear
0.14060428543279685,15.851050124081558,0.48,0.0,0.0,21:22:00,2,pump_wear
0.13626863489875018,15.838110204144034,0.47,0.0,0.0,21:23:00,2,pump_wear
0.132059330734586,15.825336420087293,0.45,0.0,0.0,21:24:00,2,pump_wear
0.12797293123671097,15.812727180089013,0.44,0.0,0.0,21:25:00,2,pump_wear
0.12400608091302923,15.800280898449294,0.42,0.0,0.0,21:26:00,2,pump_wear
0.12015550855035081,15.787995995730583,0.41,0.0,0.0,21:27:00,2,pump_wear
0.11641802531857147,15.775870898894258,0.4,0.0,0.0,21:28:00,2,pump_wear
0.047310857975559235,15.76390404143398,0.16,0.0,0.0,21:29:00,2,pump_wear
0.10926997172110078,15.75209386350577,0.37,0.0,0.0,21:30:00,2,pump_wear
0.07479871658022633,15.740438812054874,0.26,0.0,0.0,21:31:00,2,pump_wear
0.10253798736769675,15.728937340939412,0.35,0.0,0.0,21:32:00,2,pump_wear
0.054756376955040695,15.717587911050826,0.19,0.0,0.0,21:33:00,2,pump_wear
0.09619934229525708,15.70638899043119,0.33,0.0,0.0,21:34:00,2,pump_wear
0.09317073430838202,15.695339054387375,0.32,0.0,0.0,21:35:00,2,pump_wear
0.09023245483288889,15.68443658560208,0.31,0.0,0.0,21:36:00,2,pump_wear
0.08738197698843583,15.673680074241789,0.3,0.0,0.0,21:37:00,2,pump_wear
0.0846168392296538,15.66306801806165,0.29,0.0,0.0,21:38:00,2,pump_wear
0.08193464382127802,15.65259892250733,0.28,0.0,0.0,21:39:00,2,pump_wear
0.07933305534402271,15.642271300813821,0.27,0.0,0.0,21:40:00,2,pump_wear
0.07680979923071715,15.632083674101285,0.26,0.0,0.0,21:41:00,2,pump_wear
0.07436266033222799,15.622034571467912,0.25,0.0,0.0,21:42:00,2,pump_wear
0.05362932062222783,15.61212253007986,0.18,0.0,0.0,21:43:00,2,pump_wear
0.06968816227358432,15.60234609525826,0.24,0.0,0.0,21:44:00,2,pump_wear
0.06745665740615733,15.59270382056335,0.23,0.0,0.0,21:45:00,2,pump_wear
0.06529297567179339,15.583194267875749,0.22,0.0,0.0,21:46:00,2,pump_wear
0.04781536489105961,15.5738160074749,0.16,0.0,0.0,21:47:00,2,pump_wear
0.06116137877222792,15.564567618114713,0.21,0.0,0.0,21:48:00,2,pump_wear
0.05918973948516417,15.555447687096425,0.2,0.0,0.0,21:49:00,2,pump_wear
0.05727847263621893,15.546454810338727,0.2,0.0,0.0,21:50:00,2,pump_wear
0.05542583798760032,15.53758759244517,0.19,0.0,0.0,21:51:00,2,pump_wear
0.0536301419144346,15.528844646768887,0.18,0.0,0.0,21:52:00,2,pump_wear
0.05188973626786922,15.520224595474636,0.18,0.0,0.0,21:53:00,2,pump_wear
0.050203017262536134,15.511726069598245,0.17,0.0,0.0,21:54:00,2,pump_wear
0.04856842438794964,15.503347709103448,0.17,0.0,0.0,21:55:00,2,pump_wear
0.04698443934341823,15.495088162936133,0.16,0.0,0.0,21:56:00,2,pump_wear
0.04544958499605744,15.486946089076072,0.16,0.0,0.0,21:57:00,2,pump_wear
0.04396242436149471,15.478920154586135,0.15,0.0,0.0,21:58:00,2,pump_wear
0.03271558957111558,15.471009035659018,0.11,0.0,0.0,21:59:00,2,pump_wear
0.04112563107565863,15.463211417661546,0.14,0.0,0.0,22:00:00,2,pump_wear
0.03977331633413488,15.455525995176519,0.14,0.0,0.0,22:01:00,2,pump_wear
0.021075338185864472,15.447951472042208,0.07,0.0,0.0,22:02:00,2,pump_wear
0.03719441902426765,15.440486561389479,0.13,0.0,0.0,22:03:00,2,pump_wear
0.035965369412428935,15.433129985676587,0.12,0.0,0.0,22:04:00,2,pump_wear
0.01687766194810392,15.42588047672168,0.06,0.0,0.0,22:05:00,2,pump_wear
0.021320719388173755,15.418736775733047,0.07,0.0,0.0,22:06:00,2,pump_wear
0.032505720546865215,15.411697633337123,0.11,0.0,0.0,22:07:00,2,pump_wear
0.031424610204368125,15.4047618096043,0.11,0.0,0.0,22:08:00,2,pump_wear
0.030377766549539456,15.39792807407256,0.1,0.0,0.0,22:09:00,2,pump_wear
0.014788769423468755,15.391195205768975,0.05,0.0,0.0,22:10:00,2,pump_wear
0.028382800139460672,15.384561993229108,0.1,0.0,0.0,22:11:00,2,pump_wear
0.016125707753903307,15.378027234514322,0.06,0.0,0.0,22:12:00,2,pump_wear
0.026512946400159155,15.37158973722705,0.09,0.0,0.0,22:13:00,2,pump_wear
0.0256225960415535,15.365248318524051,0.09,0.0,0.0,22:14:00,2,pump_wear
0.024760767630872243,15.3590018051277,0.08,0.0,0.0,22:15:00,2,pump_wear
0.0239265960951444,15.352849033335303,0.08,0.0,0.0,22:16:00,2,pump_wear
0.02311924094379419,15.346788849026495,0.08,0.0,0.0,22:17:00,2,pump_wear
0.02233788562435374,15.340820107668769,0.08,0.0,0.0,22:18:00,2,pump_wear
0.021581736893351924,15.334941674321133,0.07,0.0,0.0,22:19:00,2,pump_wear
0.02085002420207445,15.329152423635943,0.07,0.0,0.0,22:20:00,2,pump_wear
0.020141999096893702,15.323451239858937,0.07,0.0,0.0,22:21:00,2,pump_wear
0.008005043624253775,15.31783701682751,0.03,0.0,0.0,22:22:00,2,pump_wear
0.0187941248073534,15.312308657967268,0.06,0.0,0.0,22:23:00,2,pump_wear
0.01815288399223247,15.306865076286847,0.06,0.0,0.0,22:24:00,2,pump_wear
0.011679626479292611,15.301505194371089,0.04,0.0,0.0,22:25:00,2,pump_wear
0.013365998239280103,15.296227944372562,0.05,0.0,0.0,22:26:00,2,pump_wear
0.007659665226703916,15.291032268001489,0.03,0.0,0.0,22:27:00,2,pump_wear
0.006343955931992594,15.28591711651406,0.02,0.0,0.0,22:28:00,2,pump_wear
0.006614308745098116,15.280881450699233,0.02,0.0,0.0,22:29:00,2,pump_wear
0.010667549961249672,15.275924240863985,0.04,0.0,0.0,22:30:00,2,pump_wear
0.009973411511097976,15.271044466817095,0.03,0.0,0.0,22:31:00,2,pump_wear
0.004965853063101498,15.266241117851454,0.02,0.0,0.0,22:32:00,2,pump_wear
0.013248603951742658,15.261513192724943,0.05,0.0,0.0,22:33:00,2,pump_wear
0.007491174408728244,15.256859699639916,0.03,0.0,0.0,22:34:00,2,pump_wear
0.012345531379662938,15.252279656221317,0.04,0.0,0.0,22:35:00,2,pump_wear
0.011916353583545364,15.247772089493438,0.04,0.0,0.0,22:36:00,2,pump_wear
0.01150145576993106,15.243336035855373,0.04,0.0,0.0,22:37:00,2,pump_wear
0.011100386104256416,15.238970541055188,0.04,0.0,0.0,22:38:00,2,pump_wear
0.004103107040808393,15.23467466016284,0.01,0.0,0.0,22:39:00,2,pump_wear
0.01033799088585801,15.23044745754185,0.04,0.0,0.0,22:40:00,2,pump_wear
0.009975827558589327,15.226288006819797,0.03,0.0,0.0,22:41:00,2,pump_wear
0.009625816110197177,15.222195390857626,0.03,0.0,0.0,22:42:00,2,pump_wear
0.009287568440361391,15.218168701717829,0.03,0.0,0.0,22:43:00,2,pump_wear
0.003760307170300369,15.214207040631486,0.01,0.0,0.0,22:44:00,2,pump_wear
0.0068496208476729265,15.210309517964243,0.02,0.0,0.0,22:45:00,2,pump_wear
0.008339700611909619,15.206475253181212,0.03,0.0,0.0,22:46:00,2,pump_wear
0.00804485614135485,15.202703374810843,0.03,0.0,0.0,22:47:00,2,pump_wear
0.0077600039747655085,15.198993020407793,0.03,0.0,0.0,22:48:00,2,pump_wear
0.0040348828120670725,15.1953433365148,0.01,0.0,0.0,22:49:00,2,pump_wear
0.005650550202831001,15.191753478623621,0.02,0.0,0.0,22:50:00,2,pump_wear
0.006962223510549658,15.188222611135027,0.02,0.0,0.0,22:51:00,2,pump_wear
0.006714210899168612,15.184749907317906,0.02,0.0,0.0,22:52:00,2,pump_wear
0.006474672931509115,15.18133454926748,0.02,0.0,0.0,22:53:00,2,pump_wear
0.00624333344011349,15.17797572786267,0.02,0.0,0.0,22:54:00,2,pump_wear
0.006019924773726036,15.174672642722657,0.02,0.0,0.0,22:55:00,2,pump_wear
0.002809181957442634,15.171424502162601,0.01,0.0,0.0,22:56:00,2,pump_wear
0.0055958704237527536,15.168230523148624,0.02,0.0,0.0,22:57:00,2,pump_wear
0.00539472983904844,15.165089931252009,0.02,0.0,0.0,22:58:00,2,pump_wear
0.005200529817565289,15.162001960602693,0.02,0.0,0.0,22:59:00,2,pump_wear
0.0020625118837929034,15.158965853842039,0.01,0.0,0.0,23:00:00,2,pump_wear
0.0017395965889937053,15.155980862074937,0.01,0.0,0.0,23:01:00,2,pump_wear
0.0021195417392183883,15.153046244821244,0.01,0.0,0.0,23:02:00,2,pump_wear
0.004488668585114804,15.150161269966588,0.02,0.0,0.0,23:03:00,2,pump_wear
0.002179680657458088,15.147325213712563,0.01,0.0,0.0,23:04:00,2,pump_wear
0.00416876630661293,15.144537360526325,0.01,0.0,0.0,23:05:00,2,pump_wear
0.004017133946927787,15.14179700308964,0.01,0.0,0.0,23:06:00,2,pump_wear
0.0038708016278540492,15.139103442247361,0.01,0.0,0.0,23:07:00,2,pump_wear
0.0037295922693334474,15.136455986955411,0.01,0.0,0.0,23:08:00,2,pump_wear
0.0035933344071628548,15.13385395422823,0.01,0.0,0.0,23:09:00,2,pump_wear
0.001506375699469985,15.131296669085774,0.01,0.0,0.0,23:10:00,2,pump_wear
0.0033350143944874074,15.128783464500026,0.01,0.0,0.0,23:11:00,2,pump_wear
0.0032126359111488184,15.126313681341088,0.01,0.0,0.0,23:12:00,2,pump_wear
0.0030945759463287385,15.12388666832284,0.01,0.0,0.0,23:13:00,2,pump_wear
0.0029806886946809096,15.121501781948202,0.01,0.0,0.0,23:14:00,2,pump_wear
0.0028708330293275804,15.119158386454032,0.01,0.0,0.0,23:15:00,2,pump_wear
0.0027648723605069674,15.11685585375563,0.01,0.0,0.0,23:16:00,2,pump_wear
0.0008289788593821536,15.114593563390937,0.0,0.0,0.0,23:17:00,2,pump_wear
0.0025641115185499243,15.112370902464384,0.01,0.0,0.0,23:18:00,2,pump_wear
0.0009970546757101953,15.110187265590467,0.0,0.0,0.0,23:19:00,2,pump_wear
0.002377399068249022,15.108042054836991,0.01,0.0,0.0,23:20:00,2,pump_wear
0.0022890139314861524,15.105934679668103,0.01,0.0,0.0,23:21:00,2,pump_wear
0.0012711499531062565,15.103864556887027,0.0,0.0,0.0,23:22:00,2,pump_wear
0.0021216251177647305,15.101831110578596,0.01,0.0,0.0,23:23:00,2,pump_wear
0.0006681374197926251,15.099833772051554,0.0,0.0,0.0,23:24:00,2,pump_wear
0.000894451565303814,15.097871979780674,0.0,0.0,0.0,23:25:00,2,pump_wear
0.001892421002776636,15.095945179348675,0.01,0.0,0.0,23:26:00,2,pump_wear
0.00182145791388831,15.094052823387997,0.01,0.0,0.0,23:27:00,2,pump_wear
0.0012782525085879978,15.092194371522407,0.0,0.0,0.0,23:28:00,2,pump_wear
0.0016871333924186086,15.090369290308482,0.01,0.0,0.0,23:29:00,2,pump_wear
0.0016235972977770216,15.088577053176977,0.01,0.0,0.0,23:30:00,2,pump_wear
0.0015623670003973031,15.086817140374077,0.01,0.0,0.0,23:31:00,2,pump_wear
0.0015033622265287357,15.085089038902584,0.01,0.0,0.0,23:32:00,2,pump_wear
0.0014465053675000595,15.083392242463004,0.0,0.0,0.0,23:33:00,2,pump_wear
0.0013917213960126327,15.081726251394599,0.0,0.0,0.0,23:34:00,2,pump_wear
0.0013389377848927375,15.080090572616385,0.0,0.0,0.0,23:35:00,2,pump_wear
0.0012880844282365318,15.078484719568092,0.0,0.0,0.0,23:36:00,2,pump_wear
0.0012390935648829119,15.076908212151128,0.0,0.0,0.0,23:37:00,2,pump_wear
0.0011918997041511252,15.07536057666952,0.0,0.0,0.0,23:38:00,2,pump_wear
0.0006901780141558684,15.073841345770866,0.0,0.0,0.0,23:39:00,2,pump_wear
0.0011026519500179574,15.072350058387332,0.0,0.0,0.0,23:40:00,2,pump_wear
0.00075418771270563,15.070886259676653,0.0,0.0,0.0,23:41:00,2,pump_wear
0.0007956254801230389,15.069449500963204,0.0,0.0,0.0,23:42:00,2,pump_wear
0.0009807432980211265,15.068039339679117,0.0,0.0,0.0,23:43:00,2,pump_wear
0.000943074481244445,15.066655339305479,0.0,0.0,0.0,23:44:00,2,pump_wear
0.0003216370058729992,15.065297069313605,0.0,0.0,0.0,23:45:00,2,pump_wear
0.0004377329308387244,15.063964105106413,0.0,0.0,0.0,23:46:00,2,pump_wear
0.0008382488385840552,15.062656027959894,0.0,0.0,0.0,23:47:00,2,pump_wear
0.0008058736592414885,15.06137242496471,0.0,0.0,0.0,23:48:00,2,pump_wear
0.0006143192274932946,15.060112888967895,0.0,0.0,0.0,23:49:00,2,pump_wear
0.0007447019279936006,15.058877018514734,0.0,0.0,0.0,23:50:00,2,pump_wear
0.0003326991732169761,15.057664417790738,0.0,0.0,0.0,23:51:00,2,pump_wear
0.0006880204575126494,15.05647469656382,0.0,0.0,0.0,23:52:00,2,pump_wear
0.0006612634930572946,15.055307470126598,0.0,0.0,0.0,23:53:00,2,pump_wear
0.000635511744792862,15.054162359238914,0.0,0.0,0.0,23:54:00,2,pump_wear
0.000610728875749515,15.053038990070494,0.0,0.0,0.0,23:55:00,2,pump_wear
0.0005868798064615318,15.051936994143835,0.0,0.0,0.0,23:56:00,2,pump_wear
0.0005639306735824018,15.050856008277282,0.0,0.0,0.0,23:57:00,2,pump_wear
0.00042454070505601005,15.0497956745283,0.0,0.0,0.0,23:58:00,2,pump_wear
0.0005206026048976752,15.04875564013699,0.0,0.0,0.0,23:59:00,2,pump_wear
0.0005278486796981782,15.000016355695166,0.0,0.0,0.0,00:00:00,3,pump_wear
0.00030919586175322836,15.000016891359769,0.0,0.0,0.0,00:01:00,3,pump_wear
0.0005717798157200533,15.000017443920918,0.0,0.0,0.0,00:02:00,3,pump_wear
0.000595048369078232,15.000018013889683,0.0,0.0,0.0,00:03:00,3,pump_wear
0.0006192293847267565,15.000018601791883,0.0,0.0,0.0,00:04:00,3,pump_wear
0.00035508987007131805,15.000019208168471,0.0,0.0,0.0,00:05:00,3,pump_wear
0.0006704673746523057,15.000019833575962,0.0,0.0,0.0,00:06:00,3,pump_wear
0.0006975967593838068,15.000020478586844,0.0,0.0,0.0,00:07:00,3,pump_wear
0.00022640715784118888,15.000021143790022,0.0,0.0,0.0,00:08:00,3,pump_wear
0.00035851527106706615,15.000021829791255,0.0,0.0,0.0,00:09:00,3,pump_wear
0.0007854886295320945,15.000022537213615,0.0,0.0,0.0,00:10:00,3,pump_wear
0.00028286343346302687,15.000023266697962,0.0,0.0,0.0,00:11:00,3,pump_wear
0.0008499161136392935,15.00002401890341,0.0,0.0,0.0,00:12:00,3,pump_wear
0.0006001440950607108,15.000024794507828,0.0,0.0,0.0,00:13:00,3,pump_wear
0.000439577778169924,15.000025594208342,0.0,0.0,0.0,00:14:00,3,pump_wear
0.000956200785587246,15.000026418721852,0.0,0.0,0.0,00:15:00,3,pump_wear
0.000994393900670243,15.00002726878556,0.0,0.0,0.0,00:16:00,3,pump_wear
0.0010340550178842714,15.000028145157517,0.0,0.0,0.0,00:17:00,3,pump_wear
0.0010752381872792748,15.000029048617172,0.0,0.0,0.0,00:18:00,3,pump_wear
0.0011179993540331946,15.000029979965953,0.0,0.0,0.0,00:19:00,3,pump_wear
0.0007539717203471344,15.000030940027841,0.0,0.0,0.0,00:20:00,3,pump_wear
0.0012084893145943357,15.000031929649975,0.0,0.0,0.0,00:21:00,3,pump_wear
0.0012563400491906926,15.000032949703265,0.0,0.0,0.0,00:22:00,3,pump_wear
0.0010104213431936706,15.000034001083021,0.0,0.0,0.0,00:23:00,3,pump_wear
0.0013575739639115872,15.000035084709594,0.0,0.0,0.0,00:24:00,3,pump_wear
0.001411092250560986,15.000036201529047,0.0,0.0,0.0,00:25:00,3,pump_wear
0.0014666387398528337,15.000037352513814,0.01,0.0,0.0,00:26:00,3,pump_wear
0.0010104011473693534,15.00003853866341,0.0,0.0,0.0,00:27:00,3,pump_wear
0.0015841130078974798,15.000039761005135,0.01,0.0,0.0,00:28:00,3,pump_wear
0.0016461955471036766,15.000041020594796,0.01,0.0,0.0,00:29:00,3,pump_wear
0.0017106159771096447,15.000042318517464,0.01,0.0,0.0,00:30:00,3,pump_wear
0.001777458478574672,15.000043655888224,0.01,0.0,0.0,00:31:00,3,pump_wear
0.0005812046600227533,15.000045033852967,0.0,0.0,0.0,00:32:00,3,pump_wear
0.0019187609096675243,15.000046453589185,0.01,0.0,0.0,00:33:00,3,pump_wear
0.001993403972859671,15.000047916306798,0.01,0.0,0.0,00:34:00,3,pump_wear
0.001249742006615322,15.000049423248983,0.0,0.0,0.0,00:35:00,3,pump_wear
0.0021511552318235544,15.000050975693043,0.01,0.0,0.0,00:36:00,3,pump_wear
0.002234465869572207,15.000052574951287,0.01,0.0,0.0,00:37:00,3,pump_wear
0.0023208738684340124,15.000054222371928,0.01,0.0,0.0,00:38:00,3,pump_wear
0.00241048920517325,15.000055919340003,0.01,0.0,0.0,00:39:00,3,pump_wear
0.0008020236844771629,15.00005766727833,0.0,0.0,0.0,00:40:00,3,pump_wear
0.0025998004369023188,15.00005946764847,0.01,0.0,0.0,00:41:00,3,pump_wear
0.0010505122266875097,15.000061321951708,0.0,0.0,0.0,00:42:00,3,pump_wear
0.0028033555946467706,15.000063231730087,0.01,0.0,0.0,00:43:00,3,pump_wear
0.0010755403579552373,15.000065198567428,0.0,0.0,0.0,00:44:00,3,pump_wear
0.0030221757964269875,15.000067224090403,0.01,0.0,0.0,00:45:00,3,pump_wear
0.0022558788299035936,15.000069309969618,0.01,0.0,0.0,00:46:00,3,pump_wear
0.002203682608357466,15.000071457920729,0.01,0.0,0.0,00:47:00,3,pump_wear
0.0033814332243892664,15.000073669705586,0.01,0.0,0.0,00:48:00,3,pump_wear
0.003510046400670777,15.000075947133382,0.01,0.0,0.0,00:49:00,3,pump_wear
0.003643348697626545,15.00007829206187,0.01,0.0,0.0,00:50:00,3,pump_wear
0.0037815030825040213,15.000080706398562,0.01,0.0,0.0,00:51:00,3,pump_wear
0.00392467788177493,15.000083192101993,0.01,0.0,0.0,00:52:00,3,pump_wear
0.004073046946189073,15.000085751182993,0.01,0.0,0.0,00:53:00,3,pump_wear
0.0028251916880356223,15.000088385705997,0.01,0.0,0.0,00:54:00,3,pump_wear
0.00438609191809786,15.000091097790378,0.02,0.0,0.0,00:55:00,3,pump_wear
0.0045511447003251815,15.000093889611826,0.02,0.0,0.0,00:56:00,3,pump_wear
0.004722145861178471,15.000096763403736,0.02,0.0,0.0,00:57:00,3,pump_wear
0.0033497248400214314,15.00009972145865,0.01,0.0,0.0,00:58:00,3,pump_wear
0.0037796138318434537,15.000102766129716,0.01,0.0,0.0,00:59:00,3,pump_wear
0.0031922317001951985,15.000105899832189,0.01,0.0,0.0,01:00:00,3,pump_wear
0.0018869093521704644,15.000109125044961,0.01,0.0,0.0,01:01:00,3,pump_wear
0.005673757271192517,15.000112444312133,0.02,0.0,0.0,01:02:00,3,pump_wear
0.005884973887873064,15.000115860244614,0.02,0.0,0.0,01:03:00,3,pump_wear
0.00610371387657233,15.00011937552176,0.02,0.0,0.0,01:04:00,3,pump_wear
0.006330232085425529,15.00012299289305,0.02,0.0,0.0,01:05:00,3,pump_wear
0.006564791505502225,15.000126715179801,0.02,0.0,0.0,01:06:00,3,pump_wear
0.006807663513396845,15.00013054527692,0.02,0.0,0.0,01:07:00,3,pump_wear
0.0030084109377602392,15.000134486154689,0.01,0.0,0.0,01:08:00,3,pump_wear
0.0073194742286878944,15.000138540860611,0.03,0.0,0.0,01:09:00,3,pump_wear
0.007588999893863308,15.000142712521262,0.03,0.0,0.0,01:10:00,3,pump_wear
0.007868012595399262,15.000147004344221,0.03,0.0,0.0,01:11:00,3,pump_wear
0.008156829513771995,15.000151419620018,0.03,0.0,0.0,01:12:00,3,pump_wear
0.008455777815287332,15.000155961724134,0.03,0.0,0.0,01:13:00,3,pump_wear
0.00876519494450116,15.000160634119048,0.03,0.0,0.0,01:14:00,3,pump_wear
0.004330524653000803,15.000165440356318,0.01,0.0,0.0,01:15:00,3,pump_wear
0.009416838664906035,15.000170384078723,0.03,0.0,0.0,01:16:00,3,pump_wear
0.00975979427875449,15.000175469022437,0.03,0.0,0.0,01:17:00,3,pump_wear
0.010114677406835146,15.000180699019264,0.03,0.0,0.0,01:18:00,3,pump_wear
0.010481881551292828,15.00018607799891,0.04,0.0,0.0,01:19:00,3,pump_wear
0.008240194446558368,15.00019160999131,0.03,0.0,0.0,01:20:00,3,pump_wear
0.011254888266307075,15.000197299129008,0.04,0.0,0.0,01:21:00,3,pump_wear
0.011661540272082053,15.00020314964958,0.04,0.0,0.0,01:22:00,3,pump_wear
0.004032442624007489,15.000209165898122,0.01,0.0,0.0,01:23:00,3,pump_wear
0.012517364257538332,15.000215352329773,0.04,0.0,0.0,01:24:00,3,pump_wear
0.012967466537173723,15.00022171351232,0.04,0.0,0.0,01:25:00,3,pump_wear
0.01343300636220579,15.000228254128823,0.05,0.0,0.0,01:26:00,3,pump_wear
0.008167015288930128,15.000234978980329,0.03,0.0,0.0,01:27:00,3,pump_wear
0.014412419890970132,15.000241892988623,0.05,0.0,0.0,01:28:00,3,pump_wear
0.014927342850521127,15.000249001199048,0.05,0.0,0.0,01:29:00,3,pump_wear
0.005741875803901167,15.00025630878338,0.02,0.0,0.0,01:30:00,3,pump_wear
0.016010364802457138,15.000263821042761,0.05,0.0,0.0,01:31:00,3,pump_wear
0.0165796113553594,15.000271543410703,0.06,0.0,0.0,01:32:00,3,pump_wear
0.005488619546951272,15.00027948145615,0.02,0.0,0.0,01:33:00,3,pump_wear
0.01777657541806817,15.000287640886599,0.06,0.0,0.0,01:34:00,3,pump_wear
0.018405547259790243,15.000296027551293,0.06,0.0,0.0,01:35:00,3,pump_wear
0.01495480465007916,15.000304647444484,0.05,0.0,0.0,01:36:00,3,pump_wear
0.01972774849922678,15.00031350670875,0.07,0.0,0.0,01:37:00,3,pump_wear
0.020422348120726123,15.000322611638397,0.07,0.0,0.0,01:38:00,3,pump_wear
0.010255651805059435,15.000331968682923,0.04,0.0,0.0,01:39:00,3,pump_wear
0.02188212509422299,15.000341584450547,0.08,0.0,0.0,01:40:00,3,pump_wear
0.022648798379296443,15.000351465711828,0.08,0.0,0.0,01:41:00,3,pump_wear
0.023441029093975316,15.000361619403346,0.08,0.0,0.0,01:42:00,3,pump_wear
0.01711790652013249,15.000372052631452,0.06,0.0,0.0,01:43:00,3,pump_wear
0.025105403582907936,15.000382772676113,0.09,0.0,0.0,01:44:00,3,pump_wear
0.025979227463973322,15.000393786994827,0.09,0.0,0.0,01:45:00,3,pump_wear
0.01711908767996887,15.000405103226607,0.06,0.0,0.0,01:46:00,3,pump_wear
0.02781453473626781,15.000416729196056,0.1,0.0,0.0,01:47:00,3,pump_wear
0.02877784982020263,15.000428672917533,0.1,0.0,0.0,01:48:00,3,pump_wear
0.029772871496606436,15.00044094259938,0.1,0.0,0.0,01:49:00,3,pump_wear
0.030800583428708415,15.000453546648254,0.11,0.0,0.0,01:50:00,3,pump_wear
0.022971041650950437,15.000466493673539,0.08,0.0,0.0,01:51:00,3,pump_wear
0.023653298679118598,15.000479792491838,0.08,0.0,0.0,01:52:00,3,pump_wear
0.034090128415762325,15.00049345213157,0.12,0.0,0.0,01:53:00,3,pump_wear
0.035259018051390235,15.000507481837644,0.12,0.0,0.0,01:54:00,3,pump_wear
0.03646595806592085,15.000521891076238,0.13,0.0,0.0,01:55:00,3,pump_wear
0.03771211436400585,15.00053668953966,0.13,0.0,0.0,01:56:00,3,pump_wear
0.0389986860696784,15.000551887151307,0.13,0.0,0.0,01:57:00,3,pump_wear
0.04032690639017716,15.000567494070737,0.14,0.0,0.0,01:58:00,3,pump_wear
0.030576022750423787,15.00058352069882,0.1,0.0,0.0,01:59:00,3,pump_wear
0.04311340144292971,15.000599977682993,0.15,0.0,0.0,02:00:00,3,pump_wear
0.04457432106031621,15.000616875922633,0.15,0.0,0.0,02:01:00,3,pump_wear
0.046082180932833075,15.000634226574514,0.16,0.0,0.0,02:02:00,3,pump_wear
0.029192082712663974,15.000652041058375,0.1,0.0,0.0,02:03:00,3,pump_wear
0.021881873767526497,15.000670331062613,0.08,0.0,0.0,02:04:00,3,pump_wear
0.015289823281768297,15.000689108550056,0.05,0.0,0.0,02:05:00,3,pump_wear
0.05261197028444518,15.000708385763868,0.18,0.0,0.0,02:06:00,3,pump_wear
0.05437659999247247,15.000728175233562,0.19,0.0,0.0,02:07:00,3,pump_wear
0.05619728969406585,15.000748489781119,0.19,0.0,0.0,02:08:00,3,pump_wear
0.04031647676857716,15.000769342527237,0.14,0.0,0.0,02:09:00,3,pump_wear
0.060013579542237766,15.000790746897684,0.21,0.0,0.0,02:10:00,3,pump_wear
0.06201266134614521,15.000812716629785,0.21,0.0,0.0,02:11:00,3,pump_wear
0.020940251675741803,15.000835265779017,0.07,0.0,0.0,02:12:00,3,pump_wear
0.06620176441240698,15.00085840872574,0.23,0.0,0.0,02:13:00,3,pump_wear
0.06839556163129608,15.000882160182046,0.23,0.0,0.0,02:14:00,3,pump_wear
0.07065812598831275,15.000906535198732,0.24,0.0,0.0,02:15:00,3,pump_wear
0.07299147643738708,15.000931549172419,0.25,0.0,0.0,02:16:00,3,pump_wear
0.05719083292553699,15.000957217852784,0.2,0.0,0.0,02:17:00,3,pump_wear
0.0778788863720435,15.000983557349933,0.27,0.0,0.0,02:18:00,3,pump_wear
0.03715237951529428,15.001010584141916,0.13,0.0,0.0,02:19:00,3,pump_wear
0.08307506177596391,15.001038315082369,0.29,0.0,0.0,02:20:00,3,pump_wear
0.08579458966861014,15.001066767408293,0.29,0.0,0.0,02:21:00,3,pump_wear
0.08859821435551193,15.001095958748001,0.3,0.0,0.0,02:22:00,3,pump_wear
0.028705011217171512,15.001125907129168,0.1,0.0,0.0,02:23:00,3,pump_wear
0.09446754324415178,15.001156630987065,0.32,0.0,0.0,02:24:00,3,pump_wear
0.09753830530364896,15.001188149172913,0.33,0.0,0.0,02:25:00,3,pump_wear
0.1007032829967726,15.001220480962408,0.35,0.0,0.0,02:26:00,3,pump_wear
0.052043543220825356,15.001253646064383,0.18,0.0,0.0,02:27:00,3,pump_wear
0.10732675357922311,15.001287664629631,0.37,0.0,0.0,02:28:00,3,pump_wear
0.11079085997846046,15.001322557259892,0.38,0.0,0.0,02:29:00,3,pump_wear
0.1143604124162976,15.001358345016984,0.39,0.0,0.0,02:30:00,3,pump_wear
0.07290768000630966,15.001395049432109,0.25,0.0,0.0,02:31:00,3,pump_wear
0.1218279085622936,15.001432692515309,0.42,0.0,0.0,02:32:00,3,pump_wear
0.04513513322124382,15.001471296765107,0.15,0.0,0.0,02:33:00,3,pump_wear
0.12975413905906258,15.001510885178293,0.45,0.0,0.0,02:34:00,3,pump_wear
0.04199469279247025,15.001551481259906,0.14,0.0,0.0,02:35:00,3,pump_wear
0.13816530754723386,15.00159310903336,0.47,0.0,0.0,02:36:00,3,pump_wear
0.14256130439492307,15.001635793050776,0.49,0.0,0.0,02:37:00,3,pump_wear
0.08507313220531584,15.001679558403463,0.29,0.0,0.0,02:38:00,3,pump_wear
0.15175202041384192,15.001724430732603,0.52,0.0,0.0,02:39:00,3,pump_wear
0.1565541740250461,15.001770436240104,0.54,0.0,0.0,02:40:00,3,pump_wear
0.1614993056428343,15.001817601699639,0.55,0.0,0.0,02:41:00,3,pump_wear
0.10594467333732788,15.001865954467876,0.36,0.0,0.0,02:42:00,3,pump_wear
0.06629853538914739,15.001915522495903,0.23,0.0,0.0,02:43:00,3,pump_wear
0.17723264466559152,15.001966334340835,0.61,0.0,0.0,02:44:00,3,pump_wear
0.18279027332744588,15.002018419177615,0.63,0.0,0.0,02:45:00,3,pump_wear
0.18851168936213372,15.002071806811028,0.65,0.0,0.0,02:46:00,3,pump_wear
0.19440137284489517,15.002126527687896,0.67,0.0,0.0,02:47:00,3,pump_wear
0.2004639154293086,15.002182612909484,0.69,0.0,0.0,02:48:00,3,pump_wear
0.20670402279565225,15.002240094244119,0.71,0.0,0.0,02:49:00,3,pump_wear
0.21312651714347883,15.002299004139994,0.73,0.0,0.0,02:50:00,3,pump_wear
0.21973633972893744,15.002359375738212,0.75,0.0,0.0,02:51:00,3,pump_wear
0.2265385534473754,15.002421242886015,0.78,0.0,0.0,02:52:00,3,pump_wear
0.23353834546175337,15.002484640150241,0.8,0.0,0.0,02:53:00,3,pump_wear
0.24074102987739832,15.002549602831008,0.83,0.0,0.0,02:54:00,3,pump_wear
0.24815205046362968,15.002616166975598,0.85,0.0,0.0,02:55:00,3,pump_wear
0.25577698342277877,15.002684369392574,0.88,0.0,0.0,02:56:00,3,pump_wear
0.17380880712728453,15.002754247666136,0.6,0.0,0.0,02:57:00,3,pump_wear
0.09494229838792727,15.00282584017068,0.33,0.0,0.0,02:58:00,3,pump_wear
0.16371500884633833,15.002899186085607,0.56,0.0,0.0,02:59:00,3,pump_wear
0.28853215729961734,15.002974325410362,0.99,0.0,0.0,03:00:00,3,pump_wear
0.29731513022651496,15.0030512989797,1.02,0.0,0.0,03:01:00,3,pump_wear
0.3063484150017503,15.003130148479212,1.05,0.0,0.0,03:02:00,3,pump_wear
0.31563859648162174,15.003210916461063,1.08,0.0,0.0,03:03:00,3,pump_wear
0.32519241587595016,15.003293646360007,1.12,0.0,0.0,03:04:00,3,pump_wear
0.11188151905510177,15.003378382509624,0.38,0.0,0.0,03:05:00,3,pump_wear
0.23972808577483543,15.00346517015882,0.82,0.0,0.0,03:06:00,3,pump_wear
0.3555055269075237,15.003554055488582,1.22,0.0,0.0,03:07:00,3,pump_wear
0.3661845508885157,15.003645085628973,1.26,0.0,0.0,03:08:00,3,pump_wear
0.3771633786372012,15.0037383086764,1.29,0.0,0.0,03:09:00,3,pump_wear
0.3884497589303898,15.003833773711147,1.33,0.0,0.0,03:10:00,3,pump_wear
0.15194889796180525,15.003931530815146,0.52,0.0,0.0,03:11:00,3,pump_wear
0.19300724816477055,15.004031631090053,0.66,0.0,0.0,03:12:00,3,pump_wear
0.42423442451704513,15.00413412667555,1.46,0.0,0.0,03:13:00,3,pump_wear
0.4368321570829378,15.004239070767962,1.5,0.0,0.0,03:14:00,3,pump_wear
0.4497789588720979,15.00434651763911,1.54,0.0,0.0,03:15:00,3,pump_wear
0.46308371373431356,15.004456522655468,1.59,0.0,0.0,03:16:00,3,pump_wear
0.4767555079401906,15.004569142297598,1.64,0.0,0.0,03:17:00,3,pump_wear
0.49080363411713235,15.00468443417984,1.68,0.0,0.0,03:18:00,3,pump_wear
0.5052375952433814,15.004802457070333,1.73,0.0,0.0,03:19:00,3,pump_wear
0.5200671087004998,15.004923270911288,1.78,0.0,0.0,03:20:00,3,pump_wear
0.5353021103846275,15.005046936839557,1.84,0.0,0.0,03:21:00,3,pump_wear
0.5509527588768627,15.00517351720752,1.89,0.0,0.0,03:22:00,3,pump_wear
0.5670294396730843,15.005303075604239,1.95,0.0,0.0,03:23:00,3,pump_wear
0.5835427694735171,15.005435676876926,2.0,0.0,0.0,03:24:00,3,pump_wear
0.6005036005323536,15.005571387152708,2.06,0.0,0.0,03:25:00,3,pump_wear
0.617923025067685,15.005710273860705,2.12,0.0,0.0,03:26:00,3,pump_wear
0.6358123797320353,15.005852405754403,2.18,0.0,0.0,03:27:00,3,pump_wear
0.6541832501437127,15.005997852934339,2.24,0.0,0.0,03:28:00,3,pump_wear
0.6730474754792432,15.006146686871109,2.31,0.0,0.0,03:29:00,3,pump_wear
0.6924171531270636,15.00629898042868,2.38,0.0,0.0,03:30:00,3,pump_wear
0.7123046434027045,15.006454807888016,2.44,0.0,0.0,03:31:00,3,pump_wear
0.4015770339477504,15.00661424497104,1.38,0.0,0.0,03:32:00,3,pump_wear
0.7536838464577604,15.006777368864908,2.59,0.0,0.0,03:33:00,3,pump_wear
0.35520825411815005,15.006944258246602,1.22,0.0,0.0,03:34:00,3,pump_wear
0.7972894087759378,15.007114993307859,2.74,0.0,0.0,03:35:00,3,pump_wear
0.8199609072141703,15.007289655780435,2.81,0.0,0.0,03:36:00,3,pump_wear
0.8432301734778639,15.00746832896169,2.89,0.0,0.0,03:37:00,3,pump_wear
0.8671115455927546,15.00765109774051,2.98,0.0,0.0,03:38:00,3,pump_wear
0.8916196644630067,15.007838048623578,3.06,0.0,0.0,03:39:00,3,pump_wear
0.9167694791451214,15.008029269761959,3.15,0.0,0.0,03:40:00,3,pump_wear
0.9425762521841338,15.008224850978063,3.23,0.0,0.0,03:41:00,3,pump_wear
0.9690555650120555,15.008424883792918,3.33,0.0,0.0,03:42:00,3,pump_wear
0.5060030847786335,15.008629461453806,1.74,0.0,0.0,03:43:00,3,pump_wear
1.0240957630233236,15.00883867896225,3.51,0.0,0.0,03:44:00,3,pump_wear
1.0526894549613706,15.009052633102344,3.61,0.0,0.0,03:45:00,3,pump_wear
0.6463313141585363,15.009271422469435,2.22,0.0,0.0,03:46:00,3,pump_wear
1.1121085914412048,15.009495147499173,3.82,0.0,0.0,03:47:00,3,pump_wear
0.6259402308856068,15.0097239104969,2.15,0.0,0.0,03:48:00,3,pump_wear
1.1746202268882135,15.009957815667411,4.03,0.0,0.0,03:49:00,3,pump_wear
1.2070808866316798,15.010196969145072,4.14,0.0,0.0,03:50:00,3,pump_wear
1.2403695903814265,15.010441479024301,4.26,0.0,0.0,03:51:00,3,pump_wear
0.5541966595807545,15.010691455390411,1.9,0.0,0.0,03:52:00,3,pump_wear
0.7453919234357018,15.010947010350826,2.56,0.0,0.0,03:53:00,3,pump_wear
1.345396691722375,15.011208258066658,4.62,0.0,0.0,03:54:00,3,pump_wear
0.9573169568807264,15.011475314784663,3.28,0.0,0.0,03:55:00,3,pump_wear
1.4199151090394824,15.01174829886956,4.87,0.0,0.0,03:56:00,3,pump_wear
1.1066983812564388,15.012027330836721,3.8,0.0,0.0,03:57:00,3,pump_wear
1.4982274900495567,15.012312533385256,5.14,0.0,0.0,03:58:00,3,pump_wear
1.0820331486028454,15.012604031431446,3.71,0.0,0.0,03:59:00,3,pump_wear
1.5805072716504291,15.012901952142577,5.42,0.0,0.0,04:00:00,3,pump_wear
1.623190996964217,15.013206424971141,5.57,0.0,0.0,04:01:00,3,pump_wear
1.0078963087448447,15.013517581689415,3.46,0.0,0.0,04:02:00,3,pump_wear
1.7117620587708346,15.013835556424437,5.87,0.0,0.0,04:03:00,3,pump_wear
1.0904571098268288,15.014160485693347,3.74,0.0,0.0,04:04:00,3,pump_wear
1.8047644292708576,15.014492508439119,6.19,0.0,0.0,04:05:00,3,pump_wear
1.8529890143476926,15.014831766066685,6.36,0.0,0.0,04:06:00,3,pump_wear
0.9447513685244844,15.015178402479428,3.24,0.0,0.0,04:07:00,3,pump_wear
1.953012420155679,15.01553256411608,6.7,0.0,0.0,04:08:00,3,pump_wear
2.004863660212154,15.015894399987992,6.88,0.0,0.0,04:09:00,3,pump_wear
2.0579770235771764,15.0162640617168,7.06,0.0,0.0,04:10:00,3,pump_wear
2.1123799589419976,15.01664170357248,7.25,0.0,0.0,04:11:00,3,pump_wear
2.168100423325842,15.017027482511786,7.44,0.0,0.0,04:12:00,3,pump_wear
2.225166889210468,15.017421558217082,7.63,0.0,0.0,04:13:00,3,pump_wear
2.283608351717852,15.017824093135564,7.83,0.0,0.0,04:14:00,3,pump_wear
2.3434543358297364,15.018235252518869,8.04,0.0,0.0,04:15:00,3,pump_wear
2.4047349036476575,15.018655204463073,8.25,0.0,0.0,04:16:00,3,pump_wear
2.4674806616921163,15.019084119949087,8.47,0.0,0.0,04:17:00,3,pump_wear
2.531722768239399,15.01952217288343,8.69,0.0,0.0,04:18:00,3,pump_wear
2.597492940694574,15.019969540139405,8.91,0.0,0.0,04:19:00,3,pump_wear
2.664823462999125,15.020426401598648,9.14,0.0,0.0,04:20:00,3,pump_wear
2.7337471930716077,15.02089294019309,9.38,0.0,0.0,04:21:00,3,pump_wear
2.8042975702796578,15.021369341947281,9.62,0.0,0.0,04:22:00,3,pump_wear
1.5378011266129432,15.021855796021121,5.28,0.0,0.0,04:23:00,3,pump_wear
2.95041497585632,15.022352494752965,10.12,0.0,0.0,04:24:00,3,pump_wear
3.026051857858233,15.022859633703128,10.38,0.0,0.0,04:25:00,3,pump_wear
2.1085628204654348,15.023377411697755,7.23,0.0,0.0,04:26:00,3,pump_wear
3.182661190142754,15.0239060308731,10.92,0.0,0.0,04:27:00,3,pump_wear
3.263707186601351,15.024445696720168,11.2,0.0,0.0,04:28:00,3,pump_wear
3.3466308197618533,15.024996618129745,11.48,0.0,0.0,04:29:00,3,pump_wear
1.245739008926312,15.025559007437804,4.27,0.0,0.0,04:30:00,3,pump_wear
3.518265098496641,15.02613308047131,12.07,0.0,0.0,04:31:00,3,pump_wear
1.2525705568289078,15.02671905659436,4.3,0.0,0.0,04:32:00,3,pump_wear
3.6978787751366204,15.02731715875474,12.68,0.0,0.0,04:33:00,3,pump_wear
3.7907791501125483,15.02792761353083,13.0,0.0,0.0,04:34:00,3,pump_wear
1.5534961607523967,15.028550651178884,5.33,0.0,0.0,04:35:00,3,pump_wear
2.909098891233609,15.029186505680686,9.98,0.0,0.0,04:36:00,3,pump_wear
4.082356778389292,15.029835414791558,14.0,0.0,0.0,04:37:00,3,pump_wear
2.846378013021523,15.03049762008874,9.76,0.0,0.0,04:38:00,3,pump_wear
4.287904802945004,15.031173367020125,14.71,0.0,0.0,04:39:00,3,pump_wear
4.3941611714205076,15.03186290495336,15.07,0.0,0.0,04:40:00,3,pump_wear
4.502800114104422,15.032566487225289,15.44,0.0,0.0,04:41:00,3,pump_wear
4.613868299653471,15.033284371191753,15.82,0.0,0.0,04:42:00,3,pump_wear
1.8987911924621417,15.034016818277733,6.51,0.0,0.0,04:43:00,3,pump_wear
4.843482791877496,15.034764094027846,16.61,0.0,0.0,04:44:00,3,pump_wear
3.4508112370052664,15.035526468157165,11.84,0.0,0.0,04:45:00,3,pump_wear
5.083392975531572,15.036304214602396,17.43,0.0,0.0,04:46:00,3,pump_wear
5.207333643545516,15.03709761157336,17.86,0.0,0.0,04:47:00,3,pump_wear
3.5181351790693958,15.037906941604827,12.07,0.0,0.0,04:48:00,3,pump_wear
5.463442313625513,15.038732491608659,18.74,0.0,0.0,04:49:00,3,pump_wear
3.2631648108557743,15.039574552926274,11.19,0.0,0.0,04:50:00,3,pump_wear
5.730871558808942,15.040433421381422,19.65,0.0,0.0,04:51:00,3,pump_wear
5.868965953968991,15.041309397333277,20.12,0.0,0.0,04:52:00,3,pump_wear
4.37221704860662,15.042202785729819,15.0,0.0,0.0,04:53:00,3,pump_wear
6.15419052512736,15.043113896161525,21.1,0.0,0.0,04:54:00,3,pump_wear
4.744331724174679,15.044043042915343,16.27,0.0,0.0,04:55:00,3,pump_wear
2.1365704120520763,15.044990545028963,7.33,0.0,0.0,04:56:00,3,pump_wear
6.605470392833242,15.045956726345354,22.65,0.0,0.0,04:57:00,3,pump_wear
6.762381989164098,15.046941915567587,23.19,0.0,0.0,04:58:00,3,pump_wear
6.922635852024503,15.047946446313915,23.73,0.0,0.0,04:59:00,3,pump_wear
7.086293144405763,15.04897065717313,24.29,0.0,0.0,05:00:00,3,pump_wear
7.2534159022637645,15.050014891760155,24.87,0.0,0.0,05:01:00,3,pump_wear
7.424067041189329,15.051079498771884,25.45,0.0,0.0,05:02:00,3,pump_wear
7.598310362988562,15.052164832043287,26.05,0.0,0.0,05:03:00,3,pump_wear
7.776210562168755,15.05327125060371,26.66,0.0,0.0,05:04:00,3,pump_wear
7.957833232325594,15.054399118733434,27.28,0.0,0.0,05:05:00,3,pump_wear
8.14324487242695,15.055548806020415,27.91,0.0,0.0,05:06:00,3,pump_wear
8.33251289298892,15.05672068741727,28.56,0.0,0.0,05:07:00,3,pump_wear
8.525705622139471,15.057915143298432,29.22,0.0,0.0,05:08:00,3,pump_wear
2.9102790493649464,15.059132559517511,9.98,0.0,0.0,05:09:00,3,pump_wear
6.486783691411617,15.060373327464836,22.24,0.0,0.0,05:10:00,3,pump_wear
9.129529230599614,15.061637844125164,31.29,0.0,0.0,05:11:00,3,pump_wear
6.5453731136550335,15.062926512135563,22.44,0.0,0.0,05:12:00,3,pump_wear
4.811123462644336,15.064239739843437,16.5,0.0,0.0,05:13:00,3,pump_wear
9.771224344026962,15.065577941364708,33.49,0.0,0.0,05:14:00,3,pump_wear
9.993881517334367,15.066941536642117,34.25,0.0,0.0,05:15:00,3,pump_wear
10.221043745061477,15.068330951503672,35.03,0.0,0.0,05:16:00,3,pump_wear
6.803499128532413,15.069746617721181,23.32,0.0,0.0,05:17:00,3,pump_wear
10.689191689136623,15.071188973068908,36.63,0.0,0.0,05:18:00,3,pump_wear
10.93033400019036,15.072658461382323,37.45,0.0,0.0,05:19:00,3,pump_wear
11.176294563913999,15.074155532616906,38.29,0.0,0.0,05:20:00,3,pump_wear
11.427154129265459,15.075680642907056,39.15,0.0,0.0,05:21:00,3,pump_wear
11.682994433176901,15.077234254625028,40.03,0.0,0.0,05:22:00,3,pump_wear
11.943898204338518,15.078816836439929,40.92,0.0,0.0,05:23:00,3,pump_wear
12.209949166788089,15.080428863376744,41.83,0.0,0.0,05:24:00,3,pump_wear
12.481232043300903,15.08207081687538,42.76,0.0,0.0,05:25:00,3,pump_wear
7.629787557359056,15.083743184849714,26.15,0.0,0.0,05:26:00,3,pump_wear
4.601197749748522,15.085446461746653,15.78,0.0,0.0,05:27:00,3,pump_wear
13.327334431429904,15.087181148605138,45.65,0.0,0.0,05:28:00,3,pump_wear
13.620412273692216,15.08894775311516,46.65,0.0,0.0,05:29:00,3,pump_wear
5.128789552024614,15.090746789676693,17.59,0.0,0.0,05:30:00,3,pump_wear
14.223670571600795,15.092578779458583,48.71,0.0,0.0,05:31:00,3,pump_wear
14.534033592638023,15.094444250457354,49.78,0.0,0.0,05:32:00,3,pump_wear
14.850342600911873,15.096343737555932,50.86,49.33,1.45,05:33:00,3,pump_wear
15.172691424628168,15.098277782582256,51.96,50.4,1.48,05:34:00,3,pump_wear
15.501174912394077,15.10024693436777,53.08,51.49,1.51,05:35:00,3,pump_wear
15.835888934032804,15.102251748805774,54.22,52.6,1.54,05:36:00,3,pump_wear
16.176930381128926,15.10429278890964,55.39,53.73,1.58,05:37:00,3,pump_wear
16.524397167298314,15.106370624870838,56.58,54.88,1.61,05:38:00,3,pump_wear
16.878388228176394,15.108485834116781,57.78,56.05,1.65,05:39:00,3,pump_wear
17.239003521118928,15.110639001368492,59.02,57.25,1.68,05:40:00,3,pump_wear
17.606344024609168,15.112830718698016,60.27,58.46,1.72,05:41:00,3,pump_wear
17.980511737365187,15.115061585585622,61.55,59.7,1.75,05:42:00,3,pump_wear
18.36160967714144,15.11733220897675,62.85,60.96,1.79,05:43:00,3,pump_wear
18.749741879218384,15.119643203338674,64.17,62.25,1.83,05:44:00,3,pump_wear
19.145013394573922,15.121995190716884,65.52,63.56,1.87,05:45:00,3,pump_wear
9.478400367474544,15.12438880079116,32.48,0.0,0.0,05:46:00,3,pump_wear
19.957399634273592,15.126824670931324,68.3,66.25,1.94,05:47:00,3,pump_wear
20.374729518029092,15.129303446252635,69.72,67.63,1.99,05:48:00,3,pump_wear
20.79962902790453,15.131825779670836,71.17,69.03,2.03,05:49:00,3,pump_wear
16.846353144704334,15.134392331956798,57.67,55.94,1.64,05:50:00,3,pump_wear
21.672578285626326,15.137003771790775,74.15,71.92,2.11,05:51:00,3,pump_wear
22.12085120331207,15.139660775816239,75.68,73.41,2.16,05:52:00,3,pump_wear
17.77182100821195,15.142364028693244,60.83,59.0,1.73,05:53:00,3,pump_wear
23.04155896408082,15.145114223151362,78.82,76.45,2.24,05:54:00,3,pump_wear
9.939879060694382,15.147912060042108,34.05,0.0,0.0,05:55:00,3,pump_wear
23.995247875581853,15.150758248390861,82.07,79.6,2.34,05:56:00,3,pump_wear
24.48475087944865,15.153653505448275,83.73,81.22,2.38,05:57:00,3,pump_wear
24.982849839054467,15.156598556741114,85.43,82.87,2.43,05:58:00,3,pump_wear
25.48966364047558,15.159594136122529,87.16,84.54,2.48,05:59:00,3,pump_wear
14.960890329512248,15.162640985821744,51.22,49.68,1.46,06:00:00,3,pump_wear
15.109431197832796,15.165739856493124,51.73,50.18,1.47,06:01:00,3,pump_wear
27.06359709874117,15.16889150726459,92.52,89.74,2.63,06:02:00,3,pump_wear
9.958186932483944,15.172096705785385,34.11,0.0,0.0,06:03:00,3,pump_wear
28.158682058379718,15.17535622827316,96.25,93.36,2.74,06:04:00,3,pump_wear
28.720333925582352,15.178670859560322,98.16,95.22,2.8,06:05:00,3,pump_wear
29.291558860227823,15.182041393139684,100.1,97.1,2.85,06:06:00,3,pump_wear
13.739150708998123,15.185468631209334,47.04,0.0,0.0,06:07:00,3,pump_wear
30.463233655172694,15.188953384716728,104.09,100.97,2.96,06:08:00,3,pump_wear
31.063938545606437,15.192496473401976,106.13,102.95,3.02,06:09:00,3,pump_wear
31.67472654075241,15.196098725840297,108.21,104.97,3.08,06:10:00,3,pump_wear
25.259109290288045,15.199760979483624,86.36,83.77,2.46,06:11:00,3,pump_wear
15.05615157352509,15.203484080701312,51.54,49.99,1.47,06:12:00,3,pump_wear
21.315238989971416,15.207268884819943,72.91,70.72,2.08,06:13:00,3,pump_wear
14.628834609161792,15.211116256162214,50.08,48.57,1.43,06:14:00,3,pump_wear
34.88447873205737,15.215027068084838,119.12,115.55,3.39,06:15:00,3,pump_wear
35.5585159757299,15.219002203015483,121.41,117.77,3.46,06:16:00,3,pump_wear
36.24356056766301,15.223042552488677,123.74,120.03,3.52,06:17:00,3,pump_wear
36.93974761347891,15.227149017180688,126.1,122.32,3.59,06:18:00,3,pump_wear
37.64721294035309,15.231322506943338,128.51,124.65,3.66,06:19:00,3,pump_wear
38.36609308036027,15.23556394083671,130.95,127.02,3.73,06:20:00,3,pump_wear
39.096525253302765,15.239874247160746,133.42,129.42,3.8,06:21:00,3,pump_wear
39.83864734901773,15.244254363485688,135.94,131.86,3.87,06:22:00,3,pump_wear
40.5925979091584,15.248705236681348,138.5,134.35,3.94,06:23:00,3,pump_wear
41.358516108446594,15.253227822945169,141.1,136.87,4.02,06:24:00,3,pump_wear
42.13654173539152,15.257823087829049,143.74,139.42,4.09,06:25:00,3,pump_wear
42.92681517247249,15.262492006264917,146.42,142.02,4.17,06:26:00,3,pump_wear
43.72947737578098,15.267235562588997,149.14,144.66,4.25,06:27:00,3,pump_wear
44.544669854119796,15.27205475056477,151.9,147.34,4.33,06:28:00,3,pump_wear
45.37253464755517,15.276950573404584,154.7,150.06,4.41,06:29:00,3,pump_wear
36.06697760275862,15.281924043789873,123.11,119.42,3.51,06:30:00,3,pump_wear
47.06685186376233,15.286976183889994,160.44,155.63,4.57,06:31:00,3,pump_wear
47.93359082224441,15.292108025379598,163.38,158.47,4.65,06:32:00,3,pump_wear
30.364694888173982,15.297320609454557,103.71,100.6,2.95,06:33:00,3,pump_wear
49.70694911379716,15.302614986846383,169.38,164.3,4.82,06:34:00,3,pump_wear
29.586582070587557,15.307992217835125,101.06,98.03,2.88,06:35:00,3,pump_wear
51.534445536424045,15.313453372260708,175.56,170.29,5.0,06:36:00,3,pump_wear
52.468858529164216,15.318999529532691,178.72,173.36,5.09,06:37:00,3,pump_wear
22.273853536338347,15.324631778638391,76.14,73.86,2.17,06:38:00,3,pump_wear
20.681732564652673,15.330351218149382,70.71,68.59,2.01,06:39:00,3,pump_wear
55.35650658690059,15.3361589562263,188.47,182.82,5.37,06:40:00,3,pump_wear
56.34767996924348,15.34205611062194,191.82,186.07,5.46,06:41:00,3,pump_wear
32.49880170065835,15.348043808682627,110.95,107.62,3.16,06:42:00,3,pump_wear
58.37384288058056,15.354123187347797,198.66,192.7,5.66,06:43:00,3,pump_wear
59.409126379078806,15.360295393147789,202.15,196.09,5.76,06:44:00,3,pump_wear
60.45940742587011,15.3665615821998,205.7,199.53,5.86,06:45:00,3,pump_wear
61.524833269517856,15.372922920201981,209.29,203.01,5.96,06:46:00,3,pump_wear
62.605551207754914,15.379380582425629,212.93,206.54,6.06,06:47:00,3,pump_wear
63.701708555285194,15.385935753705457,216.63,210.13,6.17,06:48:00,3,pump_wear
64.81345261101394,15.39258962842792,220.37,213.76,6.28,06:49:00,3,pump_wear
44.06287033859224,15.39934341051752,150.19,145.68,4.28,06:50:00,3,pump_wear
33.88961008856278,15.406198313421132,115.65,112.18,3.29,06:51:00,3,pump_wear
68.24367707534238,15.41315556009024,231.92,224.96,6.6,06:52:00,3,pump_wear
69.41923945810666,15.420216382961124,235.87,228.8,6.72,06:53:00,3,pump_wear
70.61112361983473,15.427382023932902,239.88,232.69,6.83,06:54:00,3,pump_wear
71.81947604464268,15.434653734343454,243.94,236.63,6.95,06:55:00,3,pump_wear
73.04444295558005,15.442032774943156,248.06,240.62,7.06,06:56:00,3,pump_wear
74.28617027734683,15.449520415866404,252.23,244.67,7.18,06:57:00,3,pump_wear
75.5448035984572,15.457117936600904,256.46,248.77,7.3,06:58:00,3,pump_wear
33.34119841057424,15.464826625954696,113.76,110.35,3.24,06:59:00,3,pump_wear
58.159068456453035,15.472647782020873,197.84,191.91,5.63,07:00:00,3,pump_wear
79.42358959027497,15.480582712139961,269.48,261.39,7.67,07:01:00,3,pump_wear
80.75129471522412,15.488632732859948,273.93,265.71,7.8,07:02:00,3,pump_wear
82.09662737674562,15.496799169893915,278.44,270.08,7.93,07:03:00,3,pump_wear
83.45973032114722,15.505083358075241,283.0,274.51,8.06,07:04:00,3,pump_wear
84.84074567851849,15.513486641310353,287.63,279.0,8.19,07:05:00,3,pump_wear
86.23981492061047,15.522010372528994,292.31,283.54,8.32,07:06:00,3,pump_wear
69.74849717248955,15.530655913631977,236.88,229.78,6.75,07:07:00,3,pump_wear
40.68630403425324,15.53942463543638,138.66,134.5,3.95,07:08:00,3,pump_wear
62.626662563039645,15.548317917618185,212.86,206.48,6.06,07:09:00,3,pump_wear
56.872881834799976,15.557337148652302,193.44,187.63,5.51,07:10:00,3,pump_wear
93.51086941521304,15.566483725749947,316.62,307.12,9.02,07:11:00,3,pump_wear
95.02119057016628,15.57575905479338,321.67,312.02,9.16,07:12:00,3,pump_wear
96.55053383422626,15.585164550267931,326.77,316.97,9.31,07:13:00,3,pump_wear
98.09903383579258,15.594701635191306,331.94,321.98,9.45,07:14:00,3,pump_wear
99.66682414350177,15.604371741040149,337.16,327.05,9.6,07:15:00,3,pump_wear
57.81138703273301,15.614176307673812,196.56,190.66,5.6,07:16:00,3,pump_wear
66.09961614979987,15.624116783255335,224.51,217.77,6.39,07:17:00,3,pump_wear
104.48725570424384,15.634194624169574,353.22,342.63,10.06,07:18:00,3,pump_wear
106.13352007495415,15.644411294938472,358.7,347.94,10.21,07:19:00,3,pump_wear
69.57264085306306,15.654768268133438,236.18,229.09,6.73,07:20:00,3,pump_wear
81.46926884233932,15.665267024284812,276.15,267.86,7.86,07:21:00,3,pump_wear
111.19246018998105,15.675909051788379,375.52,364.25,10.69,07:22:00,3,pump_wear
112.9192385509145,15.686695846808913,381.26,369.82,10.86,07:23:00,3,pump_wear
114.66645375719422,15.697628913180738,387.06,375.44,11.02,07:24:00,3,pump_wear
116.43422612747884,15.70870976230524,392.92,381.13,11.19,07:25:00,3,pump_wear
41.39163629329217,15.719939913045355,140.96,136.73,4.01,07:26:00,3,pump_wear
120.03191558847706,15.731320891616978,404.85,392.7,11.53,07:27:00,3,pump_wear
51.78734471067584,15.742854231477262,176.12,170.84,5.02,07:28:00,3,pump_wear
123.7132365782229,15.754541473209818,417.04,404.53,11.88,07:29:00,3,pump_wear
125.58554178249898,15.766384164406752,423.23,410.54,12.05,07:30:00,3,pump_wear
127.47909067828124,15.77838385954754,429.49,416.61,12.23,07:31:00,3,pump_wear
129.3939913036127,15.790542119874722,435.82,422.75,12.41,07:32:00,3,pump_wear
44.00519856510845,15.802860513266362,149.76,145.27,4.26,07:33:00,3,pump_wear
103.72528749789943,15.815340614105297,350.43,339.92,9.98,07:34:00,3,pump_wear
50.188998215883316,15.827984003145115,170.66,165.54,4.86,07:35:00,3,pump_wear
137.26920199008586,15.840792267372862,461.81,447.96,13.15,07:36:00,3,pump_wear
83.12935045591482,15.853766999868453,281.51,273.07,8.02,07:37:00,3,pump_wear
95.30135660435832,15.866909799660766,322.24,312.57,9.18,07:38:00,3,pump_wear
69.45996635627849,15.880222271580397,235.59,228.52,6.71,07:39:00,3,pump_wear
145.49415019417378,15.893706026109076,488.89,474.22,13.92,07:40:00,3,pump_wear
107.69571741154833,15.907362679225688,363.54,352.63,10.35,07:41:00,3,pump_wear
149.73963762064113,15.921193852248924,502.84,487.75,14.32,07:42:00,3,pump_wear
103.94389519921025,15.935201171676532,351.0,340.47,10.0,07:43:00,3,pump_wear
110.83007091568516,15.949386269021115,373.91,362.7,10.65,07:44:00,3,pump_wear
156.27605464666573,15.963750780642536,524.28,508.55,14.93,07:45:00,3,pump_wear
109.05726399619724,15.978296347576833,367.97,356.93,10.48,07:46:00,3,pump_wear
160.74670291651424,15.993024615361694,538.92,522.75,15.35,07:47:00,3,pump_wear
163.01615673969462,16.007937233858442,546.34,529.95,15.56,07:48:00,3,pump_wear
165.30845433449755,16.023035857070532,553.83,537.22,15.77,07:49:00,3,pump_wear
167.6236600850883,16.038322142958545,561.4,544.55,15.99,07:50:00,3,pump_wear
94.49413168874676,16.053797753251676,319.31,309.73,9.09,07:51:00,3,pump_wear
85.19730418369289,16.06946435325567,288.2,279.55,8.21,07:52:00,3,pump_wear
82.10095693441879,16.08532361165726,277.81,269.48,7.91,07:53:00,3,pump_wear
177.11474804783688,16.101377200325047,592.34,574.57,16.87,07:54:00,3,pump_wear
179.54535528971846,16.11762679410681,600.25,582.25,17.09,07:55:00,3,pump_wear
181.99919319378543,16.134074070623296,608.23,589.99,17.32,07:56:00,3,pump_wear
102.99481719975824,16.150720710058412,347.54,337.11,9.9,07:57:00,3,pump_wear
186.97672808520716,16.167568394945864,624.4,605.67,17.78,07:58:00,3,pump_wear
189.50050024311312,16.18461880995222,632.59,613.61,18.01,07:59:00,3,pump_wear
192.04765329629018,16.201873641656377,640.85,621.62,18.25,08:00:00,3,pump_wear
97.24007690228255,16.219334578325487,328.26,318.41,9.35,08:01:00,3,pump_wear
197.21221440314415,16.237003309687246,657.57,637.84,18.73,08:02:00,3,pump_wear
199.82966969957886,16.254881526698643,666.03,646.05,18.97,08:03:00,3,pump_wear
202.47060027082267,16.2729709213111,674.57,654.33,19.21,08:04:00,3,pump_wear
205.13502058576162,16.291273186232033,683.17,662.67,19.45,08:05:00,3,pump_wear
207.82294135802476,16.309790014682832,691.84,671.08,19.7,08:06:00,3,pump_wear
210.53436949416783,16.32852310015326,700.58,679.56,19.95,08:07:00,3,pump_wear
68.34576925731254,16.34747413615227,231.42,224.48,6.59,08:08:00,3,pump_wear
216.02775614077325,16.366644815955276,718.26,696.71,20.45,08:09:00,3,pump_wear
218.80970896816535,16.386036832347802,727.2,705.39,20.71,08:10:00,3,pump_wear
221.61515769256442,16.405651877365635,736.21,714.13,20.97,08:11:00,3,pump_wear
102.68440221988124,16.425491642031385,346.13,335.75,9.86,08:12:00,3,pump_wear
227.2964871561809,16.44555781608751,754.43,731.8,21.48,08:13:00,3,pump_wear
135.3439948509921,16.465852087725818,454.33,440.7,12.94,08:14:00,3,pump_wear
233.07159179699806,16.48637614331343,772.92,749.73,22.01,08:15:00,3,pump_wear
235.99424372158512,16.50713166711524,782.26,758.8,22.28,08:16:00,3,pump_wear
238.94025159157454,16.52812034101288,791.67,767.92,22.54,08:17:00,3,pump_wear
241.90957714221219,16.549343844220196,801.15,777.11,22.81,08:18:00,3,pump_wear
244.90217771641247,16.570803852995247,810.69,786.37,23.09,08:19:00,3,pump_wear
247.9180062197266,16.592502040348855,820.29,795.68,23.36,08:20:00,3,pump_wear
183.5064209100706,16.61444007574974,611.99,593.63,17.43,08:21:00,3,pump_wear
185.69979471427436,16.63661962482621,619.09,600.51,17.63,08:22:00,3,pump_wear
157.18368429501862,16.659042349064453,525.82,510.05,14.97,08:23:00,3,pump_wear
101.17173861874183,16.681709905503467,340.75,330.53,9.7,08:24:00,3,pump_wear
263.3436032242352,16.70462394642665,869.26,843.19,24.75,08:25:00,3,pump_wear
266.4975563296373,16.727786119050002,879.25,852.87,25.04,08:26:00,3,pump_wear
269.6742798236105,16.751198065207085,889.29,862.61,25.32,08:27:00,3,pump_wear
187.44863021726172,16.774861421030653,624.44,605.7,17.78,08:28:00,3,pump_wear
174.72806677362618,16.798777816631056,582.92,565.44,16.6,08:29:00,3,pump_wear
279.3402072787142,16.82294887577139,919.79,892.19,26.19,08:30:00,3,pump_wear
187.26881728786068,16.847376215539494,623.67,604.96,17.76,08:31:00,3,pump_wear
102.47857302251144,16.872061446016712,344.84,334.5,9.82,08:32:00,3,pump_wear
193.50480805990733,16.897006169943573,643.82,624.5,18.33,08:33:00,3,pump_wear
181.98367285939088,16.92221198238236,606.29,588.1,17.27,08:34:00,3,pump_wear
295.8966873820142,16.947680470376586,971.79,942.64,27.67,08:35:00,3,pump_wear
111.59481447825591,16.97341321260745,374.95,363.7,10.68,08:36:00,3,pump_wear
302.67296901696034,16.999411779047307,993.0,963.21,28.28,08:37:00,3,pump_wear
185.71615890616323,17.025677730610155,618.18,599.64,17.6,08:38:00,3,pump_wear
309.5355441927179,17.052212618799224,1014.42,983.99,28.89,08:39:00,3,pump_wear
241.45414801698755,17.07901798535167,798.0,774.06,22.72,08:40:00,3,pump_wear
130.63398522387925,17.106095361880442,437.66,424.53,12.46,08:41:00,3,pump_wear
319.98870841210845,17.133446269513335,1046.95,1015.54,29.81,08:42:00,3,pump_wear
323.51496413894466,17.161072218529338,1057.9,1026.16,30.13,08:43:00,3,pump_wear
116.77403039220304,17.1889747079922,391.77,380.02,11.16,08:44:00,3,pump_wear
242.06650818739752,17.21715522538143,799.52,775.53,22.77,08:45:00,3,pump_wear
234.5257880264585,17.2456152462206,775.25,751.99,22.08,08:46:00,3,pump_wear
337.82489041694805,17.274356233703152,1102.2,1069.13,31.39,08:47:00,3,pump_wear
341.45270670765984,17.303379638315675,1113.39,1079.99,31.71,08:48:00,3,pump_wear
161.87533215595784,17.332686897458707,539.76,523.57,15.37,08:49:00,3,pump_wear
278.1803752616385,17.362279435065155,914.12,886.7,26.03,08:50:00,3,pump_wear
253.9213121195267,17.39215866121636,836.84,811.74,23.83,08:51:00,3,pump_wear
130.9541973508232,17.42232597175586,438.17,425.03,12.48,08:52:00,3,pump_wear
359.8841503820729,17.452782747900947,1170.04,1134.94,33.32,08:53:00,3,pump_wear
145.71798678564645,17.483530355851993,486.57,471.97,13.86,08:54:00,3,pump_wear
367.3892610130615,17.514570146399727,1193.01,1157.22,33.97,08:55:00,3,pump_wear
371.1693313535828,17.545903454530396,1204.55,1168.41,34.3,08:56:00,3,pump_wear
374.96743379361027,17.577531599028966,1216.13,1179.65,34.63,08:57:00,3,pump_wear
378.7833281035693,17.6094558820804,1227.75,1190.92,34.96,08:58:00,3,pump_wear
382.6167686179852,17.641677588869037,1239.41,1202.23,35.29,08:59:00,3,pump_wear
386.4675042351093,17.674197987176218,1251.1,1213.57,35.63,09:00:00,3,pump_wear
194.1303681316215,17.70701832697614,643.77,624.46,18.33,09:01:00,3,pump_wear
394.21982919749775,17.74013984003009,1274.6,1236.36,36.3,09:02:00,3,pump_wear
271.4332156372958,17.773563739479062,891.23,864.49,25.38,09:03:00,3,pump_wear
402.03818553303483,17.80729121943487,1298.22,1259.28,36.97,09:04:00,3,pump_wear
182.28063743006905,17.841323454569793,605.04,586.89,17.23,09:05:00,3,pump_wear
296.198728227121,17.875661599704888,969.12,940.05,27.6,09:06:00,3,pump_wear
413.88468350579745,17.91030678939698,1333.89,1293.87,37.99,09:07:00,3,pump_wear
417.8640890193215,17.945260137524436,1345.84,1305.46,38.33,09:08:00,3,pump_wear
421.8582857875437,17.980522736871794,1357.81,1317.08,38.67,09:09:00,3,pump_wear
248.12626056319942,18.01609565871337,816.29,791.81,23.25,09:10:00,3,pump_wear
208.58244729356917,18.05197995239581,689.51,668.82,19.64,09:11:00,3,pump_wear
433.9265455074443,18.088176644919827,1393.88,1352.06,39.69,09:12:00,3,pump_wear
437.97680257158066,18.124686740521053,1405.94,1363.77,40.04,09:13:00,3,pump_wear
315.1069287381993,18.161511220250205,1027.34,996.52,29.26,09:14:00,3,pump_wear
446.1166221364768,18.198651041552566,1430.14,1387.24,40.73,09:15:00,3,pump_wear
450.2055161557196,18.23610713784695,1442.27,1399.0,41.07,09:16:00,3,pump_wear
454.3066119938255,18.273880418104152,1454.41,1410.78,41.42,09:17:00,3,pump_wear
458.41956242540715,18.311971766425046,1466.57,1422.57,41.76,09:18:00,3,pump_wear
462.544015084439,18.350382041618357,1478.74,1434.38,42.11,09:19:00,3,pump_wear
254.47997236135106,18.389112076778268,835.28,810.22,23.79,09:20:00,3,pump_wear
356.4479019624011,18.428162678861888,1154.79,1120.15,32.89,09:21:00,3,pump_wear
474.9827863451722,18.46753462826671,1515.34,1469.88,43.15,09:22:00,3,pump_wear
230.2671757898727,18.507228678408147,757.74,735.01,21.58,09:23:00,3,pump_wear
483.32612334063174,18.547245555297252,1539.78,1493.59,43.85,09:24:00,3,pump_wear
487.51190607926674,18.587585957118677,1552.02,1505.46,44.2,09:25:00,3,pump_wear
371.22493849315487,18.628250553809035,1199.42,1163.44,34.16,09:26:00,3,pump_wear
495.909763324031,18.6692399866357,1576.5,1529.2,44.89,09:27:00,3,pump_wear
500.1210486691148,18.710554867776175,1588.74,1541.08,45.24,09:28:00,3,pump_wear
504.3400377889183,18.752195779898152,1600.99,1552.96,45.59,09:29:00,3,pump_wear
508.566324276744,18.794163275740285,1613.24,1564.84,45.94,09:30:00,3,pump_wear
160.42380030678922,18.836457877693896,531.83,515.88,15.15,09:31:00,3,pump_wear
264.9123887009967,18.879080077385602,866.67,840.67,24.68,09:32:00,3,pump_wear
521.2848346014339,18.922030335261045,1649.97,1600.47,46.99,09:33:00,3,pump_wear
416.4349820367187,18.96530908016979,1335.87,1295.8,38.04,09:34:00,3,pump_wear
529.7926712186718,19.008916708951528,1674.43,1624.2,47.68,09:35:00,3,pump_wear
534.0539513401037,19.05285358602366,1686.65,1636.05,48.03,09:36:00,3,pump_wear
228.84890000947644,19.097120042970367,751.43,728.89,21.4,09:37:00,3,pump_wear
235.9546031750294,19.141716378133346,773.93,750.71,22.04,09:38:00,3,pump_wear
423.89183712241254,19.18664285620421,1357.25,1316.53,38.65,09:39:00,3,pump_wear
551.1378884675304,19.23189970781872,1735.42,1683.36,49.42,09:40:00,3,pump_wear
367.9057761914498,19.27748712915301,1186.05,1150.46,33.78,09:41:00,3,pump_wear
559.696858905546,19.323405281521804,1759.72,1706.93,50.11,09:42:00,3,pump_wear
298.41358950254823,19.369654290978843,970.21,941.1,27.63,09:43:00,3,pump_wear
430.81091100612053,19.416234247919544,1376.87,1335.56,39.21,09:44:00,3,pump_wear
572.5462365783773,19.463145206686093,1796.03,1742.15,51.15,09:45:00,3,pump_wear
576.8304001855262,19.51038718517501,1808.09,1753.84,51.49,09:46:00,3,pump_wear
438.1885590394423,19.55796016444736,1398.3,1356.35,39.82,09:47:00,3,pump_wear
264.34342562832614,19.605864088341654,862.33,836.46,24.56,09:48:00,3,pump_wear
589.6793277729853,19.654098863089672,1844.12,1788.79,52.52,09:49:00,3,pump_wear
593.9595030999977,19.70266435693516,1856.07,1800.39,52.86,09:50:00,3,pump_wear
598.2374634431309,19.75156039975567,1868.0,1811.96,53.2,09:51:00,3,pump_wear
602.5127151584348,19.800786782687616,1879.9,1823.5,53.53,09:52:00,3,pump_wear
351.71103834223163,19.850343257754552,1133.53,1099.52,32.28,09:53:00,3,pump_wear
611.0531027791509,19.900229537499,1903.59,1846.48,54.21,09:54:00,3,pump_wear
615.3172363141125,19.950445294617744,1915.38,1857.92,54.54,09:55:00,3,pump_wear
619.5766566624555,20.00099016160081,1927.14,1869.32,54.88,09:56:00,3,pump_wear
321.38479495614257,20.051863730374297,1038.95,1007.79,29.59,09:57:00,3,pump_wear
196.5208902750641,20.103065551946997,645.29,625.93,18.38,09:58:00,3,pump_wear
263.1227707760099,20.154595136061168,856.58,830.88,24.39,09:59:00,3,pump_wear
481.10249580374193,20.206451950847345,1522.6,1476.92,43.36,10:00:00,3,pump_wear
640.7851843050892,20.258635422483486,1985.32,1925.76,56.54,10:01:00,3,pump_wear
645.0055651198045,20.311144934858476,1996.83,1936.92,56.86,10:02:00,3,pump_wear
251.61068981479613,20.363979829240108,819.6,795.01,23.34,10:03:00,3,pump_wear
653.4208354735322,20.417139403947733,2019.7,1959.11,57.52,10:04:00,3,pump_wear
657.6146740415381,20.470622914029633,2031.06,1970.13,57.84,10:05:00,3,pump_wear
661.7986111125541,20.52442957094523,2042.37,1981.1,58.16,10:06:00,3,pump_wear
665.9721166941952,20.5785585422523,2053.62,1992.02,58.48,10:07:00,3,pump_wear
233.30903593133152,20.63300895129929,760.92,738.09,21.67,10:08:00,3,pump_wear
455.4765837340913,20.68777987692284,1443.42,1400.12,41.1,10:09:00,3,pump_wear
462.50013157436825,20.74287035315063,1464.0,1420.08,41.69,10:10:00,3,pump_wear
682.5511701934976,20.79827936890971,2098.1,2035.16,59.75,10:11:00,3,pump_wear
686.6645158910264,20.854005867740398,2109.07,2045.8,60.06,10:12:00,3,pump_wear
690.7642201572612,20.910048747515834,2119.99,2056.39,60.37,10:13:00,3,pump_wear
694.8497440415263,20.96640686016739,2130.84,2066.91,60.68,10:14:00,3,pump_wear
698.9205477641178,21.023079011415977,2141.63,2077.38,60.99,10:15:00,3,pump_wear
702.9760908318691,21.080063960509413,2152.35,2087.78,61.29,10:16:00,3,pump_wear
415.2701903316742,21.137360419965923,1320.43,1280.82,37.6,10:17:00,3,pump_wear
711.0392301623722,21.194967055323943,2173.59,2108.38,61.9,10:18:00,3,pump_wear
715.045742923659,21.252882484898308,2184.11,2118.59,62.2,10:19:00,3,pump_wear
719.0348282641521,21.31110527954292,2194.56,2128.72,62.49,10:20:00,3,pump_wear
723.0059438864141,21.36963396242008,2204.94,2138.79,62.79,10:21:00,3,pump_wear
726.9585474901935,21.428467008776515,2215.24,2148.78,63.08,10:22:00,3,pump_wear
730.8920968934159,21.48760284572624,2225.47,2158.71,63.37,10:23:00,3,pump_wear
734.8060501538075,21.54703985204045,2235.63,2168.56,63.66,10:24:00,3,pump_wear
738.6998656911117,21.60677635794438,2245.7,2178.33,63.95,10:25:00,3,pump_wear
462.66773658049294,21.666810644921437,1458.86,1415.09,41.54,10:26:00,3,pump_wear
746.4249198226855,21.727140945524546,2265.62,2197.66,64.52,10:27:00,3,pump_wear
750.2550781740556,21.787765443194942,2275.46,2207.2,64.8,10:28:00,3,pump_wear
754.0629385645283,21.848682272088453,2285.22,2216.67,65.08,10:29:00,3,pump_wear
757.8479630753476,21.909889516909374,2294.9,2226.05,65.35,10:30:00,3,pump_wear
761.6096148934282,21.9713852127521,2304.49,2235.35,65.63,10:31:00,3,pump_wear
262.07108737667784,22.033167344950545,846.77,821.36,24.11,10:32:00,3,pump_wear
286.06548734904266,22.095233848935504,921.23,893.59,26.23,10:33:00,3,pump_wear
772.7489852787193,22.157582610100025,2332.74,2262.76,66.43,10:34:00,3,pump_wear
776.4118046996126,22.220211463672953,2341.99,2271.73,66.69,10:35:00,3,pump_wear
780.0485883419889,22.283118194600647,2351.14,2280.6,66.95,10:36:00,3,pump_wear
575.6987023913157,22.34630053743706,1783.26,1729.76,50.78,10:37:00,3,pump_wear
322.91456559144143,22.409756176242247,1033.65,1002.64,29.44,10:38:00,3,pump_wear
790.7974592681076,22.473482744489377,2378.04,2306.7,67.72,10:39:00,3,pump_wear
462.93057950429653,22.537477824980364,1454.32,1410.69,41.41,10:40:00,3,pump_wear
797.8235782109745,22.601738949770215,2395.51,2323.64,68.22,10:41:00,3,pump_wear
801.2931428363532,22.666263600100194,2404.1,2331.97,68.46,10:42:00,3,pump_wear
804.7330250645182,22.731049206339833,2412.59,2340.21,68.7,10:43:00,3,pump_wear
563.9678526246996,22.796093147937967,1746.3,1693.91,49.73,10:44:00,3,pump_wear
811.5217012982592,22.861392753382823,2429.27,2356.39,69.18,10:45:00,3,pump_wear
814.8694820901567,22.926945300171255,2437.46,2364.34,69.41,10:46:00,3,pump_wear
818.1855543081074,22.992748014787217,2445.55,2372.19,69.64,10:47:00,3,pump_wear
603.2880178556102,23.058798072689566,1856.18,1800.49,52.86,10:48:00,3,pump_wear
824.7205814256757,23.12509259830926,2461.42,2387.58,70.09,10:49:00,3,pump_wear
827.938549076979,23.19162866505601,2469.2,2395.12,70.32,10:50:00,3,pump_wear
831.1228339051855,23.25840329533456,2476.87,2402.57,70.53,10:51:00,3,pump_wear
623.9099918409805,23.325413460570484,1912.12,1854.76,54.45,10:52:00,3,pump_wear
588.8011465405993,23.392656081245796,1812.53,1758.15,51.62,10:53:00,3,pump_wear
840.4687657064461,23.46012802694426,2499.25,2424.27,71.17,10:54:00,3,pump_wear
386.0644892501251,23.527826116406594,1220.03,1183.43,34.74,10:55:00,3,pump_wear
414.0273064431882,23.59574711759553,1303.25,1264.16,37.11,10:56:00,3,pump_wear
435.80285456470835,23.66388774777092,1367.49,1326.47,38.94,10:57:00,3,pump_wear
852.4295111799432,23.73224467357481,2527.54,2451.72,71.98,10:58:00,3,pump_wear
622.5529158895424,23.80081451112666,1904.41,1847.27,54.23,10:59:00,3,pump_wear
858.1870556311736,23.869593826128714,2541.02,2464.79,72.36,11:00:00,3,pump_wear
637.4454780585639,23.938579133981563,1944.89,1886.54,55.38,11:01:00,3,pump_wear
863.7912462488852,24.007766899910017,2554.04,2477.42,72.73,11:02:00,3,pump_wear
570.1100683969222,24.077153539099253,1754.24,1701.61,49.96,11:03:00,3,pump_wear
869.2385795116916,24.146735416841377,2566.6,2489.6,73.09,11:04:00,3,pump_wear
534.0306499125406,24.216508848692378,1650.18,1600.68,46.99,11:05:00,3,pump_wear
874.5256344518748,24.286470100639562,2578.69,2501.33,73.43,11:06:00,3,pump_wear
877.1080119530546,24.35661538927947,2584.56,2507.02,73.6,11:07:00,3,pump_wear
879.6490762301245,24.42694088200637,2590.31,2512.6,73.76,11:08:00,3,pump_wear
668.2166138287106,24.497442697211333,2025.36,1964.6,57.68,11:09:00,3,pump_wear
884.6056596363105,24.568116904491916,2601.45,2523.41,74.08,11:10:00,3,pump_wear
887.0203906734479,24.63895952487248,2606.84,2528.63,74.24,11:11:00,3,pump_wear
889.3922325111506,24.709966531035256,2612.1,2533.74,74.39,11:12:00,3,pump_wear
379.4315113841675,24.781133847562064,1193.83,1158.02,34.0,11:13:00,3,pump_wear
894.00573908373,24.85245735118679,2622.27,2543.6,74.67,11:14:00,3,pump_wear
896.2466647357786,24.923932871058618,2627.17,2548.35,74.81,11:15:00,3,pump_wear
615.5456287986963,24.995556189016067,1875.04,1818.79,53.4,11:16:00,3,pump_wear
900.5950611052216,25.0673230398718,2636.6,2557.5,75.08,11:17:00,3,pump_wear
902.701831576942,25.139229111708232,2641.12,2561.89,75.21,11:18:00,3,pump_wear
904.7631945297511,25.21127004618401,2645.52,2566.16,75.34,11:19:00,3,pump_wear
906.7788166591399,25.28344143885129,2649.8,2570.31,75.46,11:20:00,3,pump_wear
908.7483715512146,25.355738839483877,2653.95,2574.33,75.58,11:21:00,3,pump_wear
910.6715397707605,25.42815775241617,2657.97,2578.23,75.69,11:22:00,3,pump_wear
707.9933167889579,25.500693636892994,2124.93,2061.18,60.51,11:23:00,3,pump_wear
914.3774738609246,25.573341907430276,2665.64,2585.67,75.91,11:24:00,3,pump_wear
916.1596365224168,25.646097934186525,2669.28,2589.2,76.01,11:25:00,3,pump_wear
917.8942062567229,25.718957043345167,2672.8,2592.61,76.11,11:26:00,3,pump_wear
499.01762228781706,25.7919145175077,1538.82,1492.66,43.82,11:27:00,3,pump_wear
921.219441280224,25.864965596097637,2679.44,2599.06,76.3,11:28:00,3,pump_wear
687.993787304384,25.938105475775295,2066.61,2004.61,58.85,11:29:00,3,pump_wear
924.351002745434,26.01132931086326,2685.57,2605.0,76.48,11:30:00,3,pump_wear
925.843509095739,26.084632213782708,2688.44,2607.79,76.56,11:31:00,3,pump_wear
927.2868363314036,26.158009255500367,2691.18,2610.44,76.64,11:32:00,3,pump_wear
928.6807470721569,26.231455465986244,2693.79,2612.98,76.71,11:33:00,3,pump_wear
930.025011827864,26.30496583468193,2696.27,2615.38,76.78,11:34:00,3,pump_wear
931.3194090614918,26.37853531097965,2698.62,2617.66,76.85,11:35:00,3,pump_wear
735.418237561314,26.45215880471181,2189.69,2124.0,62.36,11:36:00,3,pump_wear
933.7577549428066,26.525831186651157,2702.93,2621.85,76.97,11:37:00,3,pump_wear
363.21509129820083,26.59954728902141,1136.52,1102.43,32.36,11:38:00,3,pump_wear
935.9941737401671,26.673301906018388,2706.72,2625.52,77.08,11:39:00,3,pump_wear
514.1311684833258,26.74708979434157,1575.74,1528.47,44.87,11:40:00,3,pump_wear
938.027185396345,26.82090567373595,2709.99,2628.69,77.17,11:41:00,3,pump_wear
938.9669872313372,26.89474422754427,2711.42,2630.08,77.21,11:42:00,3,pump_wear
939.8554424051482,26.968600103269488,2712.73,2631.35,77.25,11:43:00,3,pump_wear
940.692403434806,27.042467913147416,2713.9,2632.48,77.28,11:44:00,3,pump_wear
941.4777312998541,27.116342234729508,2714.94,2633.5,77.31,11:45:00,3,pump_wear
942.2112954808363,27.190217611475695,2715.86,2634.38,77.34,11:46:00,3,pump_wear
533.1593197373933,27.264088553357205,1626.23,1577.45,46.31,11:47:00,3,pump_wear
943.5226534323458,27.337949537469314,2717.28,2635.77,77.38,11:48:00,3,pump_wear
944.1002289825883,27.411795008653925,2717.8,2636.27,77.4,11:49:00,3,pump_wear
944.6256044687156,27.485619380131915,2718.19,2636.64,77.41,11:50:00,3,pump_wear
655.8681096608193,27.559417034145138,1964.76,1905.82,55.95,11:51:00,3,pump_wear
945.5194138539413,27.633182322608057,2718.57,2637.01,77.42,11:52:00,3,pump_wear
945.887698783769,27.706909567768854,2718.57,2637.01,77.42,11:53:00,3,pump_wear
946.2034857523196,27.780593062879944,2718.43,2636.88,77.41,11:54:00,3,pump_wear
594.7839828151428,27.854227072877848,1794.45,1740.62,51.1,11:55:00,3,pump_wear
946.6773638903956,27.927805835072235,2717.77,2636.23,77.39,11:56:00,3,pump_wear
946.83537600342,28.00132355984413,2717.24,2635.72,77.38,11:57:00,3,pump_wear
946.9407320641469,28.074774431353106,2716.58,2635.09,77.36,11:58:00,3,pump_wear
946.9934144906125,28.14815260825341,2715.8,2634.32,77.34,11:59:00,3,pump_wear
946.9934144906125,28.221452224418883,2714.88,2633.43,77.31,12:00:00,3,pump_wear
946.9407320641469,28.294667389676547,2713.83,2632.42,77.28,12:01:00,3,pump_wear
713.0972563402091,28.367792190548823,2111.76,2048.41,60.14,12:02:00,3,pump_wear
946.6773638903956,28.44082069100414,2711.36,2630.02,77.21,12:03:00,3,pump_wear
946.4667220919059,28.51374693321595,2709.92,2628.63,77.17,12:04:00,3,pump_wear
946.2034857523197,28.586564938329857,2708.36,2627.11,77.13,12:05:00,3,pump_wear
945.887698783769,28.659268707238972,2706.68,2625.48,77.08,12:06:00,3,pump_wear
945.5194138539414,28.73185222136709,2704.86,2623.71,77.03,12:07:00,3,pump_wear
945.0986923714394,28.804309443459772,2702.92,2621.83,76.97,12:08:00,3,pump_wear
944.6256044687156,28.876634318383086,2700.85,2619.82,76.91,12:09:00,3,pump_wear
687.5531414577058,28.94882077392993,2038.09,1976.94,58.04,12:10:00,3,pump_wear
943.5226534323459,29.020862721633748,2696.32,2615.44,76.78,12:11:00,3,pump_wear
942.8929739954486,29.092754057589502,2693.88,2613.06,76.71,12:12:00,3,pump_wear
942.2112954808364,29.164488663281798,2691.3,2610.56,76.64,12:13:00,3,pump_wear
941.4777312998542,29.236060406419995,2688.6,2607.94,76.56,12:14:00,3,pump_wear
516.5491292129747,29.307463141780104,1565.18,1518.22,44.57,12:15:00,3,pump_wear
708.5439952982484,29.378690712053398,2090.15,2027.45,59.52,12:16:00,3,pump_wear
458.5944881038134,29.44973694870151,1399.67,1357.68,39.86,12:17:00,3,pump_wear
938.0271853963451,29.520595672817926,2676.56,2596.26,76.22,12:18:00,3,pump_wear
937.0361928048569,29.59126069599565,2673.24,2593.04,76.13,12:19:00,3,pump_wear
311.0619326516025,29.661725821200914,967.45,938.43,27.55,12:20:00,3,pump_wear
679.0755320713195,29.731984843652764,2008.31,1948.06,57.19,12:21:00,3,pump_wear
438.47245302002375,29.80203155170834,1339.86,1299.66,38.16,12:22:00,3,pump_wear
556.5314717694228,29.871859727753705,1673.0,1622.81,47.64,12:23:00,3,pump_wear
452.4761148351086,29.941463149100038,1379.2,1337.83,39.28,12:24:00,3,pump_wear
686.116510861017,30.01083558888498,2024.62,1963.88,57.66,12:25:00,3,pump_wear
928.680747072157,30.079970816979046,2646.61,2567.22,75.37,12:26:00,3,pump_wear
927.2868363314037,30.148862600896805,2642.33,2563.06,75.25,12:27:00,3,pump_wear
520.3089136091222,30.217504706712788,1569.51,1522.43,44.7,12:28:00,3,pump_wear
924.3510027454341,30.285890899981773,2633.41,2554.41,74.99,12:29:00,3,pump_wear
922.809562485834,30.354014946663455,2628.78,2549.91,74.86,12:30:00,3,pump_wear
921.2194412802241,30.421870614051127,2624.03,2545.31,74.72,12:31:00,3,pump_wear
734.3533036860949,30.48945167170432,2147.7,2083.27,61.16,12:32:00,3,pump_wear
314.3878942483544,30.556751892385133,973.65,944.44,27.73,12:33:00,3,pump_wear
916.159636522417,30.623765052998113,2609.09,2530.81,74.3,12:34:00,3,pump_wear
914.3774738609249,30.690484935533448,2603.88,2525.76,74.15,12:35:00,3,pump_wear
912.5480089475601,30.7569053280133,2598.56,2520.6,74.0,12:36:00,3,pump_wear
910.6715397707608,30.823020025441075,2593.12,2515.33,73.84,12:37:00,3,pump_wear
908.7483715512147,30.888822830753444,2587.58,2509.95,73.69,12:38:00,3,pump_wear
906.7788166591403,30.954307555774875,2581.92,2504.47,73.53,12:39:00,3,pump_wear
904.7631945297513,31.019468022174536,2576.16,2498.87,73.36,12:40:00,3,pump_wear
902.7018315769423,31.084298062425294,2570.28,2493.17,73.19,12:41:00,3,pump_wear
900.5950611052217,31.148791520764668,2564.3,2487.37,73.02,12:42:00,3,pump_wear
500.6314850859358,31.212942254157497,1507.64,1462.41,42.93,12:43:00,3,pump_wear
290.7940032140768,31.276744133260113,900.65,873.63,25.65,12:44:00,3,pump_wear
894.0057390837301,31.34019104338581,2545.71,2469.34,72.49,12:45:00,3,pump_wear
891.72080621628,31.403276885471445,2539.3,2463.12,72.31,12:46:00,3,pump_wear
889.392232511151,31.465995577044875,2532.79,2456.8,72.13,12:47:00,3,pump_wear
887.0203906734481,31.528341053193095,2526.17,2450.39,71.94,12:48:00,3,pump_wear
354.2880070169393,31.590307267530825,1086.55,1053.96,30.94,12:49:00,3,pump_wear
296.0916800859573,31.651888193169334,914.94,887.49,26.05,12:50:00,3,pump_wear
879.6490762301247,31.7130778236853,2505.71,2430.54,71.36,12:51:00,3,pump_wear
877.108011953055,31.77387017408948,2498.69,2423.73,71.16,12:52:00,3,pump_wear
525.7193385498659,31.834259281794978,1573.44,1526.24,44.81,12:53:00,3,pump_wear
871.9023522596012,31.89423920758488,2484.34,2409.81,70.75,12:54:00,3,pump_wear
295.0134836232195,31.95380403657906,910.56,883.25,25.93,12:55:00,3,pump_wear
514.3635676633673,32.012947879199935,1540.65,1494.43,43.87,12:56:00,3,pump_wear
412.09475060787196,32.07166487213691,1251.39,1213.85,35.64,12:57:00,3,pump_wear
861.0085410317836,32.12994917930938,2454.49,2380.86,69.9,12:58:00,3,pump_wear
858.1870556311738,32.187794992827946,2446.79,2373.39,69.68,12:59:00,3,pump_wear
332.2474024409309,32.24519653395377,1019.11,988.53,29.02,13:00:00,3,pump_wear
561.0436640475132,32.302148054055706,1667.52,1617.5,47.49,13:01:00,3,pump_wear
849.4943477951464,32.35864383556509,2423.14,2350.45,69.0,13:02:00,3,pump_wear
846.5221953267634,32.41467819292794,2415.07,2342.62,68.77,13:03:00,3,pump_wear
843.5135133002713,32.47024547355426,2406.92,2334.71,68.54,13:04:00,3,pump_wear
611.3022392238596,32.52534005876446,1802.43,1748.35,51.33,13:05:00,3,pump_wear
529.9859277714379,32.579956364732325,1580.06,1532.66,45.0,13:06:00,3,pump_wear
834.2729513920144,32.63408884342465,2381.93,2310.47,67.83,13:07:00,3,pump_wear
257.20418931555474,32.68773198353706,795.38,771.52,22.65,13:08:00,3,pump_wear
827.9385490769794,32.74088031142607,2364.84,2293.89,67.34,13:09:00,3,pump_wear
518.7812890778252,32.793528392036755,1547.59,1501.16,44.07,13:10:00,3,pump_wear
821.4694192103932,32.84567082982633,2347.42,2276.99,66.85,13:11:00,3,pump_wear
818.1855543081077,32.89730226968295,2338.58,2268.42,66.6,13:12:00,3,pump_wear
814.8694820901569,32.948417397839805,2329.67,2259.78,66.34,13:13:00,3,pump_wear
811.5217012982597,32.999010942784146,2320.68,2251.06,66.09,13:14:00,3,pump_wear
808.1427139200999,33.04907767616117,2311.61,2242.26,65.83,13:15:00,3,pump_wear
412.28076182224265,33.09861241367233,1246.34,1208.95,35.49,13:16:00,3,pump_wear
801.2931428363537,33.14761001596807,2293.24,2224.44,65.3,13:17:00,3,pump_wear
797.8235782109747,33.19606538953465,2283.94,2215.42,65.04,13:18:00,3,pump_wear
571.9975294803227,33.24397348757489,1690.38,1639.67,48.14,13:19:00,3,pump_wear
361.2496818091043,33.29132931088256,1098.75,1065.79,31.29,13:20:00,3,pump_wear
787.2419401213829,33.338127908710334,2255.61,2187.94,64.23,13:21:00,3,pump_wear
783.6588086665769,33.384364379630924,2246.02,2178.64,63.96,13:22:00,3,pump_wear
780.0485883419893,33.43003387239136,2236.36,2169.27,63.69,13:23:00,3,pump_wear
776.411804699613,33.475131586760064,2226.64,2159.84,63.41,13:24:00,3,pump_wear
772.7489852787196,33.5196527743666,2216.85,2150.34,63.13,13:25:00,3,pump_wear
769.0606594794796,33.56359273953384,2206.99,2140.78,62.85,13:26:00,3,pump_wear
765.347358436658,33.60694684010241,2197.07,2131.16,62.57,13:27:00,3,pump_wear
761.6096148934287,33.64971048824713,2187.08,2121.47,62.28,13:28:00,3,pump_wear
757.8479630753479,33.691879151285306,2177.04,2111.72,62.0,13:29:00,3,pump_wear
754.0629385645286,33.73344835247667,2166.93,2101.92,61.71,13:30:00,3,pump_wear
750.255078174056,33.77441367181473,2156.76,2092.05,61.42,13:31:00,3,pump_wear
746.4249198226859,33.81477074680936,2146.53,2082.13,61.13,13:32:00,3,pump_wear
742.5730024098644,33.8545152732605,2136.24,2072.15,60.83,13:33:00,3,pump_wear
738.6998656911121,33.89364300602264,2125.9,2062.12,60.54,13:34:00,3,pump_wear
255.38525887988058,33.93214975975998,785.76,762.18,22.38,13:35:00,3,pump_wear
730.8920968934165,33.97003140969214,2105.04,2041.89,59.95,13:36:00,3,pump_wear
726.958547490194,34.00728389233004,2094.54,2031.7,59.65,13:37:00,3,pump_wear
723.0059438864145,34.043903206202025,2083.98,2021.46,59.35,13:38:00,3,pump_wear
387.2295513011485,34.079885412569816,1169.59,1134.51,33.31,13:39:00,3,pump_wear
715.0457429236594,34.11522663613424,2062.71,2000.83,58.74,13:40:00,3,pump_wear
560.6353641848481,34.149923065730555,1652.73,1603.15,47.06,13:41:00,3,pump_wear
707.0158321545933,34.18397095501315,2041.24,1980.01,58.13,13:42:00,3,pump_wear
702.9760908318694,34.21736662312946,2030.44,1969.53,57.82,13:43:00,3,pump_wear
465.60363118942814,34.25010645538296,1390.22,1348.51,39.59,13:44:00,3,pump_wear
238.66957557434546,34.282186903885034,734.87,712.82,20.93,13:45:00,3,pump_wear
690.7642201572617,34.31360448819556,1997.77,1937.84,56.89,13:46:00,3,pump_wear
247.7548221129805,34.34435579595208,761.71,738.86,21.69,13:47:00,3,pump_wear
682.5511701934979,34.37443748348735,1975.78,1916.51,56.26,13:48:00,3,pump_wear
678.4247210716708,34.40384627643513,1964.73,1905.79,55.95,13:49:00,3,pump_wear
674.2857054751546,34.43257897032413,1953.64,1895.03,55.63,13:50:00,3,pump_wear
269.3652419871641,34.46063243115976,825.34,800.58,23.5,13:51:00,3,pump_wear
390.77665617993625,34.488003595993845,1177.63,1142.3,33.54,13:52:00,3,pump_wear
322.25138571852216,34.51468947348188,980.12,950.72,27.91,13:53:00,3,pump_wear
657.6146740415385,34.54068714442777,1908.92,1851.65,54.36,13:54:00,3,pump_wear
653.4208354735326,34.56599376231607,1897.66,1840.73,54.04,13:55:00,3,pump_wear
649.2176236829089,34.59060655383128,1886.37,1829.78,53.72,13:56:00,3,pump_wear
645.0055651198049,34.6145228193644,1875.05,1818.79,53.4,13:57:00,3,pump_wear
312.68159849533436,34.63773993350637,951.74,923.19,27.1,13:58:00,3,pump_wear
636.5570037265402,34.66025534552833,1852.32,1796.75,52.75,13:59:00,3,pump_wear
632.3215437362619,34.682066579848694,1840.92,1785.69,52.42,14:00:00,3,pump_wear
628.0793224493717,34.70317123648674,1829.49,1774.61,52.1,14:01:00,3,pump_wear
494.2231805739696,34.72356699150273,1466.75,1422.74,41.77,14:02:00,3,pump_wear
619.5766566624559,34.74325159742436,1806.57,1752.37,51.45,14:03:00,3,pump_wear
433.56096312565427,34.76222288365954,1297.34,1258.42,36.94,14:04:00,3,pump_wear
611.0531027791513,34.78047875689527,1783.57,1730.06,50.79,14:05:00,3,pump_wear
606.784761514067,34.79801720148257,1772.03,1718.87,50.46,14:06:00,3,pump_wear
337.812336363207,34.81483627980742,1023.94,993.22,29.16,14:07:00,3,pump_wear
239.98746732460572,34.8309341326475,737.06,714.95,20.99,14:08:00,3,pump_wear
593.9595030999982,34.8463089795147,1737.34,1685.22,49.47,14:09:00,3,pump_wear
589.6793277729859,34.86095911898339,1725.75,1673.98,49.14,14:10:00,3,pump_wear
585.3974279307789,34.874882929004116,1714.15,1662.72,48.81,14:11:00,3,pump_wear
581.1142907809316,34.88807886720304,1702.53,1651.45,48.48,14:12:00,3,pump_wear
349.37076322345234,34.90054547116658,1056.92,1025.21,30.1,14:13:00,3,pump_wear
368.454970408514,34.91228135871158,1111.69,1078.34,31.66,14:14:00,3,pump_wear
568.2622768837888,34.9232852281407,1667.63,1617.6,47.49,14:15:00,3,pump_wear
563.9789944368873,34.93355585848302,1655.98,1606.3,47.16,14:16:00,3,pump_wear
191.30236955950005,34.94309210971986,591.09,573.36,16.83,14:17:00,3,pump_wear
555.41633621391,34.95189292299568,1632.66,1583.68,46.49,14:18:00,3,pump_wear
551.137888467531,34.95995732081401,1621.0,1572.37,46.16,14:19:00,3,pump_wear
546.8619738801425,34.96728440721837,1609.33,1561.05,45.83,14:20:00,3,pump_wear
542.5890467020657,34.97387336795825,1597.67,1549.74,45.5,14:21:00,3,pump_wear
240.8675787525738,34.979723470639826,739.2,717.02,21.05,14:22:00,3,pump_wear
534.053951340104,34.9848340648617,1574.34,1527.11,44.83,14:23:00,3,pump_wear
293.71887429680737,34.989204582335404,894.96,868.11,25.49,14:24:00,3,pump_wear
197.01197861914258,34.9928345369907,608.14,589.9,17.32,14:25:00,3,pump_wear
521.2848346014342,34.99572352506571,1539.37,1493.19,43.84,14:26:00,3,pump_wear
517.0391405828146,34.99787122518174,1527.72,1481.89,43.51,14:27:00,3,pump_wear
512.7994970859296,34.99927739840285,1516.08,1470.6,43.17,14:28:00,3,pump_wear
508.56632427674447,34.99994188828021,1504.45,1459.32,42.84,14:29:00,3,pump_wear
504.3400377889187,34.999864620881056,1492.83,1448.04,42.51,14:30:00,3,pump_wear
500.12104866911534,34.99904560480244,1481.21,1436.78,42.18,14:31:00,3,pump_wear
495.9097633240314,34.9974849311696,1469.61,1425.53,41.85,14:32:00,3,pump_wear
491.706583469158,34.99518277361909,1458.03,1414.28,41.52,14:33:00,3,pump_wear
487.51190607926713,34.99213938826658,1446.45,1403.06,41.19,14:34:00,3,pump_wear
483.32612334063214,34.98835511365934,1434.89,1391.84,40.86,14:35:00,3,pump_wear
479.1496226049793,34.98383037071352,1423.34,1380.64,40.53,14:36:00,3,pump_wear
182.70730766968222,34.97856566263607,565.1,548.15,16.09,14:37:00,3,pump_wear
470.82599211263215,34.972561574831545,1400.31,1358.3,39.88,14:38:00,3,pump_wear
466.6796124964837,34.965818774793505,1388.81,1347.15,39.55,14:39:00,3,pump_wear
269.60178622635755,34.95833801198094,824.26,799.54,23.47,14:40:00,3,pump_wear
458.4195624254075,34.95012011767941,1365.89,1324.91,38.9,14:41:00,3,pump_wear
289.2179259704184,34.94116600484704,881.96,855.5,25.12,14:42:00,3,pump_wear
296.1328455514915,34.931476667945546,902.24,875.18,25.69,14:43:00,3,pump_wear
139.09086539429083,34.921053182756104,432.8,419.82,12.33,14:44:00,3,pump_wear
442.04027199033567,34.90989670618035,1320.31,1280.7,37.6,14:45:00,3,pump_wear
437.97680257158106,34.898008476026284,1308.97,1269.7,37.28,14:46:00,3,pump_wear
433.9265455074447,34.88538981077949,1297.67,1258.74,36.95,14:47:00,3,pump_wear
429.8898271726987,34.87204210935934,1286.38,1247.79,36.63,14:48:00,3,pump_wear
324.80732076660416,34.85796685086056,986.08,956.5,28.08,14:49:00,3,pump_wear
421.85828578754416,34.84316559428005,1263.91,1225.99,35.99,14:50:00,3,pump_wear
417.864089019322,34.82763997822912,1252.72,1215.14,35.67,14:51:00,3,pump_wear
413.88468350579785,34.81139172063112,1241.56,1204.31,35.36,14:52:00,3,pump_wear
409.9203690371742,34.79442261840466,1230.43,1193.51,35.04,14:53:00,3,pump_wear
219.6060521536394,34.77673454713238,676.47,656.17,19.26,14:54:00,3,pump_wear
402.0381855330353,34.75832946071547,1208.27,1172.02,34.41,14:55:00,3,pump_wear
158.8636592038767,34.739209391013986,493.42,478.61,14.05,14:56:00,3,pump_wear
394.2198291974982,34.71937644747293,1186.24,1150.66,33.78,14:57:00,3,pump_wear
390.3352784180609,34.69883281673448,1175.28,1140.03,33.47,14:58:00,3,pump_wear
386.46750423510974,34.67758076223613,1164.36,1129.43,33.16,14:59:00,3,pump_wear
382.61676861798566,34.655622623795125,1153.48,1118.88,32.85,15:00:00,3,pump_wear
378.7833281035697,34.6329608171791,1142.64,1108.36,32.54,15:01:00,3,pump_wear
374.9674337936107,34.609597833663194,1131.83,1097.88,32.23,15:02:00,3,pump_wear
193.67088792497213,34.585536239573585,599.14,581.16,17.06,15:03:00,3,pump_wear
152.0449923170607,34.5607786758177,473.02,458.83,13.47,15:04:00,3,pump_wear
363.627457567597,34.53532785740121,1099.66,1066.67,31.32,15:05:00,3,pump_wear
359.88415038207324,34.50918657293177,1089.02,1056.35,31.01,15:06:00,3,pump_wear
356.1595633955384,34.48235768410991,1078.42,1046.07,30.71,15:07:00,3,pump_wear
352.45391512748296,34.454844125206925,1067.87,1035.83,30.41,15:08:00,3,pump_wear
348.76741868555547,34.42664890253011,1057.36,1025.64,30.11,15:09:00,3,pump_wear
345.10028177469445,34.39777509387535,1046.89,1015.49,29.81,15:10:00,3,pump_wear
341.4527067076601,34.36822584796725,1036.48,1005.38,29.52,15:11:00,3,pump_wear
337.8248904169484,34.33800438388694,1026.1,995.32,29.22,15:12:00,3,pump_wear
173.94516289714602,34.307113990487736,540.17,523.96,15.38,15:13:00,3,pump_wear
263.1797638198883,34.275558025798745,807.7,783.47,23.0,15:14:00,3,pump_wear
327.0618831119321,34.24333991641657,995.27,965.42,28.34,15:15:00,3,pump_wear
323.514964138945,34.210463156885396,985.09,955.54,28.05,15:16:00,3,pump_wear
194.87045757385485,34.17693130906533,603.8,585.69,17.19,15:17:00,3,pump_wear
316.483280907508,34.14274800148955,964.88,935.94,27.48,15:18:00,3,pump_wear
312.998841341446,34.10791692871004,954.85,926.21,27.19,15:19:00,3,pump_wear
309.5355441927183,34.07244185063233,944.88,916.53,26.91,15:20:00,3,pump_wear
306.09353872609086,34.03632659183932,934.95,906.9,26.62,15:21:00,3,pump_wear
302.67296901696074,33.999575040904354,925.08,897.32,26.34,15:22:00,3,pump_wear
299.27397397717914,33.96219114969371,915.25,887.8,26.06,15:23:00,3,pump_wear
115.45092083091694,33.92417893265871,361.89,351.03,10.31,15:24:00,3,pump_wear
132.12467045451132,33.88554246611767,413.31,400.91,11.77,15:25:00,3,pump_wear
289.20774911328556,33.8462858875277,886.11,859.53,25.23,15:26:00,3,pump_wear
197.73395588131464,33.806413394746755,613.41,595.01,17.47,15:27:00,3,pump_wear
282.60712277562436,33.765929245285975,866.96,840.95,24.69,15:28:00,3,pump_wear
140.3081118892797,33.72483775555253,438.74,425.58,12.49,15:29:00,3,pump_wear
276.09569665791935,33.68314330008322,848.03,822.59,24.15,15:30:00,3,pump_wear
272.87368957858916,33.64085031076892,838.64,813.49,23.88,15:31:00,3,pump_wear
269.6742798236109,33.597963276070104,829.32,804.44,23.62,15:32:00,3,pump_wear
266.4975563296377,33.55448674022373,820.05,795.45,23.35,15:33:00,3,pump_wear
263.3436032242356,33.51042530244154,810.84,786.52,23.09,15:34:00,3,pump_wear
260.2124998639228,33.46578361610004,801.69,777.64,22.83,15:35:00,3,pump_wear
257.10432087307964,33.42056638792236,792.6,768.82,22.57,15:36:00,3,pump_wear
162.26816034706727,33.374778377152225,506.69,491.48,14.43,15:37:00,3,pump_wear
250.957011075995,33.32842439472019,774.59,751.35,22.06,15:38:00,3,pump_wear
83.51863671470849,33.28150930240228,263.6,255.7,7.51,15:39:00,3,pump_wear
244.90217771641278,33.23403801197147,756.82,734.11,21.55,15:40:00,3,pump_wear
241.90957714221256,33.18601548434195,748.02,725.58,21.3,15:41:00,3,pump_wear
238.94025159157485,33.13744672870651,739.29,717.11,21.05,15:42:00,3,pump_wear
235.99424372158538,33.088336801667275,730.61,708.69,20.81,15:43:00,3,pump_wear
233.07159179699838,33.03869080635995,722.0,700.34,20.56,15:44:00,3,pump_wear
230.17232973592874,32.9885138915718,713.44,692.04,20.32,15:45:00,3,pump_wear
227.29648715618117,32.93781125085355,704.95,683.8,20.07,15:46:00,3,pump_wear
224.44408942219246,32.88658812162553,696.52,675.62,19.83,15:47:00,3,pump_wear
119.48995923278332,32.83484978427811,376.07,364.79,10.71,15:48:00,3,pump_wear
218.80970896816564,32.7826015612668,679.84,659.45,19.36,15:49:00,3,pump_wear
216.02775614077353,32.729848816202086,671.6,651.45,19.13,15:50:00,3,pump_wear
168.9147847460705,32.6765969529344,528.53,512.68,15.05,15:51:00,3,pump_wear
210.53436949416812,32.622851414634226,655.3,635.64,18.66,15:52:00,3,pump_wear
207.8229413580251,32.56861768286774,647.24,627.82,18.43,15:53:00,3,pump_wear
205.13502058576196,32.513901276668136,639.24,620.06,18.2,15:54:00,3,pump_wear
126.27370670301944,32.4587077516028,397.69,385.76,11.33,15:55:00,3,pump_wear
122.37546660299569,32.403042698836664,385.7,374.13,10.98,15:56:00,3,pump_wear
197.2122144031444,32.346911744191885,615.63,597.16,17.53,15:57:00,3,pump_wear
194.61821620955502,32.290320547204075,607.89,589.65,17.31,15:58:00,3,pump_wear
192.0476532962905,32.23327480017535,600.21,582.2,17.09,15:59:00,3,pump_wear
189.50050024311344,32.17578022722432,592.59,574.81,16.88,16:00:00,3,pump_wear
186.97672808520764,32.11784258333339,585.03,567.48,16.66,16:01:00,3,pump_wear
184.47630436659097,32.05946765339344,577.54,560.22,16.45,16:02:00,3,pump_wear
181.99919319378543,32.000661251246214,570.12,553.01,16.24,16:03:00,3,pump_wear
179.54535528971874,31.941429218724565,562.75,545.87,16.03,16:04:00,3,pump_wear
116.52587680854656,31.881777424690846,368.35,357.3,10.49,16:05:00,3,pump_wear
174.70732558641424,31.821711764073562,548.21,531.77,15.61,16:06:00,3,pump_wear
172.32303880302698,31.7612381569027,541.04,524.81,15.41,16:07:00,3,pump_wear
169.96183542918524,31.700362547343687,533.93,517.91,15.2,16:08:00,3,pump_wear
58.72705063599031,31.63909090273038,187.23,181.61,5.33,16:09:00,3,pump_wear
165.3084543344978,31.57742921259732,519.89,504.3,14.81,16:10:00,3,pump_wear
163.01615673969462,31.515383487711347,512.97,497.58,14.61,16:11:00,3,pump_wear
160.74670291651447,31.452959759102892,506.11,490.93,14.41,16:12:00,3,pump_wear
158.50002558942924,31.390164077097054,499.32,484.34,14.22,16:13:00,3,pump_wear
156.27605464666595,31.32700251034484,492.59,477.81,14.03,16:14:00,3,pump_wear
154.07471719533964,31.26348114485468,485.92,471.34,13.84,16:15:00,3,pump_wear
151.89593761658105,31.1996060830244,479.31,464.93,13.65,16:16:00,3,pump_wear
149.7396376206416,31.135383442673895,472.76,458.58,13.46,16:17:00,3,pump_wear
147.60573630196043,31.070819356078797,466.28,452.29,13.28,16:18:00,3,pump_wear
80.91970498353952,31.005919969005273,257.92,250.18,7.34,16:19:00,3,pump_wear
103.24498633900403,30.940691439746114,328.22,318.37,9.35,16:20:00,3,pump_wear
56.877001528085906,30.875139938158398,181.95,176.49,5.18,16:21:00,3,pump_wear
74.85812586291127,30.809271644702932,238.98,231.81,6.81,16:22:00,3,pump_wear
137.26920199008586,30.743092749485726,434.81,421.77,12.38,16:23:00,3,pump_wear
135.26785415285045,30.676609451301527,428.7,415.84,12.21,16:24:00,3,pump_wear
133.2882700202992,30.60982795667975,422.65,409.97,12.04,16:25:00,3,pump_wear
131.33034973223457,30.54275447893308,416.67,404.17,11.87,16:26:00,3,pump_wear
129.3939913036127,30.475395237208787,410.74,398.42,11.7,16:27:00,3,pump_wear
127.47909067828148,30.407756455543012,404.88,392.73,11.53,16:28:00,3,pump_wear
125.58554178249938,30.339844361918242,399.07,387.1,11.36,16:29:00,3,pump_wear
79.72120584141626,30.27166518732416,254.91,247.26,7.26,16:30:00,3,pump_wear
121.86206511614648,30.203225164822104,387.65,376.02,11.04,16:31:00,3,pump_wear
120.03191558847725,30.134530528613208,382.03,370.57,10.88,16:32:00,3,pump_wear
50.45039877585214,30.0655875131105,162.06,157.2,4.62,16:33:00,3,pump_wear
116.43422612747905,29.996402352015174,370.96,359.83,10.56,16:34:00,3,pump_wear
57.40910365128727,29.926981277397232,184.36,178.83,5.25,16:35:00,3,pump_wear
112.91923855091464,29.857330518780515,360.13,349.33,10.26,16:36:00,3,pump_wear
67.58812952498072,29.78745630223245,216.89,210.38,6.18,16:37:00,3,pump_wear
109.4859968076785,29.717364849458754,349.54,339.06,9.95,16:38:00,3,pump_wear
107.7997250398168,29.647062376903115,344.33,334.0,9.81,16:39:00,3,pump_wear
106.13352007495429,29.57655509485214,339.18,329.01,9.66,16:40:00,3,pump_wear
104.48725570424422,29.505849206545573,334.09,324.07,9.51,16:41:00,3,pump_wear
102.86080437090068,29.434950907292276,329.05,319.18,9.37,16:42:00,3,pump_wear
101.25403721927097,29.363866383591848,324.08,314.35,9.23,16:43:00,3,pump_wear
59.47881695384333,29.29260181226213,191.45,185.71,5.45,16:44:00,3,pump_wear
98.09903383579288,29.221163359572806,314.29,304.86,8.95,16:45:00,3,pump_wear
65.9434925039818,29.149557180385226,212.21,205.84,6.04,16:46:00,3,pump_wear
38.583151654008944,29.077789417298717,124.63,120.89,3.55,16:47:00,3,pump_wear
51.963566976382914,29.005866199803293,167.62,162.59,4.77,16:48:00,3,pump_wear
92.01943472770989,28.933793643439145,295.39,286.53,8.41,16:49:00,3,pump_wear
90.54674989878976,28.861577848963,290.81,282.08,8.28,16:50:00,3,pump_wear
60.52442919993522,28.789224901521514,195.19,189.34,5.56,16:51:00,3,pump_wear
87.6570788182022,28.71674086983175,281.8,273.34,8.02,16:52:00,3,pump_wear
86.23981492061078,28.644131805368968,277.38,269.05,7.9,16:53:00,3,pump_wear
50.10317891715894,28.571403741561912,161.94,157.08,4.61,16:54:00,3,pump_wear
83.45973032114722,28.49856269299567,268.69,260.63,7.65,16:55:00,3,pump_wear
82.09662737674576,28.425614654622215,264.43,256.49,7.53,16:56:00,3,pump_wear
80.7512947152244,28.35256560097878,260.22,252.41,7.41,16:57:00,3,pump_wear
79.4235895902751,28.279421485414282,256.06,248.38,7.29,16:58:00,3,pump_wear
78.11336868097318,28.206188239323865,251.95,244.39,7.17,16:59:00,3,pump_wear
76.82048813285348,28.132871771391628,247.9,240.46,7.06,17:00:00,3,pump_wear
75.54480359845745,28.059477966841694,243.89,236.58,6.95,17:01:00,3,pump_wear
37.9950994470038,27.986012686697837,123.29,119.59,3.51,17:02:00,3,pump_wear
73.04444295558005,27.91248176705171,236.04,228.96,6.72,17:03:00,3,pump_wear
71.81947604464281,27.8388910183397,232.19,225.22,6.61,17:04:00,3,pump_wear
70.611123619835,27.76524622462867,228.38,221.53,6.5,17:05:00,3,pump_wear
50.31661695120262,27.691553142910607,163.21,158.32,4.65,17:06:00,3,pump_wear
68.24367707534238,27.617817502406382,220.92,214.3,6.29,17:07:00,3,pump_wear
67.0842897630857,27.544045003878566,217.27,210.75,6.19,17:08:00,3,pump_wear
65.94093062470799,27.470241318953473,213.66,207.25,6.08,17:09:00,3,pump_wear
46.72143796264611,27.396412089452618,151.8,147.25,4.32,17:10:00,3,pump_wear
63.701708555285194,27.32256292673362,206.59,200.39,5.88,17:11:00,3,pump_wear
62.60555120775503,27.24869941104053,203.12,197.03,5.78,17:12:00,3,pump_wear
61.52483326951807,27.174827090863797,199.7,193.71,5.69,17:13:00,3,pump_wear
60.45940742587024,27.10095148230999,196.33,190.44,5.59,17:14:00,3,pump_wear
59.409126379078806,27.027078068481284,193.0,187.21,5.5,17:15:00,3,pump_wear
58.37384288058069,26.953212298864745,189.72,184.03,5.4,17:16:00,3,pump_wear
57.35340976260819,26.87935958873155,186.49,180.89,5.31,17:17:00,3,pump_wear
56.34767996924358,26.80552531854628,183.29,177.8,5.22,17:18:00,3,pump_wear
55.35650658690059,26.73171483338625,180.15,174.74,5.13,17:19:00,3,pump_wear
28.486644277158977,26.657933442370975,93.05,90.26,2.65,17:20:00,3,pump_wear
22.80776183829516,26.584186418101787,74.57,72.34,2.12,17:21:00,3,pump_wear
52.46885852916431,26.510478996111807,170.97,165.84,4.87,17:22:00,3,pump_wear
51.534445536424045,26.43681637432624,167.99,162.95,4.78,17:23:00,3,pump_wear
50.6138575484876,26.363203712532957,165.06,160.11,4.7,17:24:00,3,pump_wear
49.70694911379735,26.28964613186353,162.17,157.3,4.62,17:25:00,3,pump_wear
48.813575120476706,26.216148714284806,159.32,154.54,4.54,17:26:00,3,pump_wear
47.93359082224441,26.142716502100985,156.51,151.81,4.46,17:27:00,3,pump_wear
47.066851863762416,26.0693544974662,153.74,149.13,4.38,17:28:00,3,pump_wear
20.89962184442295,25.996067661907738,68.51,66.46,1.95,17:29:00,3,pump_wear
22.02168299338264,25.92286091585988,72.2,70.04,2.06,17:30:00,3,pump_wear
44.544669854119796,25.849739138208527,145.68,141.31,4.15,17:31:00,3,pump_wear
14.364092981461466,25.776707165846354,47.17,0.0,0.0,17:32:00,3,pump_wear
42.92681517247266,25.703769793238777,140.5,136.28,4.0,17:33:00,3,pump_wear
42.13654173539161,25.630931772000693,137.97,133.83,3.93,17:34:00,3,pump_wear
41.358516108446594,25.558197810483996,135.47,131.41,3.86,17:35:00,3,pump_wear
40.59259790915849,25.485572573375876,133.02,129.03,3.79,17:36:00,3,pump_wear
39.8386473490179,25.41306068130784,130.6,126.68,3.72,17:37:00,3,pump_wear
39.09652525330285,25.34066671047571,128.21,124.37,3.65,17:38:00,3,pump_wear
38.36609308036027,25.26839519227039,125.87,122.09,3.58,17:39:00,3,pump_wear
37.64721294035316,25.196250612919435,123.55,119.85,3.52,17:40:00,3,pump_wear
25.9410231686395,25.12423741313947,85.29,82.73,2.43,17:41:00,3,pump_wear
36.243560567663096,25.052359987799505,119.04,115.47,3.39,17:42:00,3,pump_wear
22.105276243664143,24.980622685595094,72.75,70.57,2.07,17:43:00,3,pump_wear
18.61781529748372,24.909029808733273,61.32,59.48,1.75,17:44:00,3,pump_wear
34.22131446871772,24.837585612628338,112.52,109.15,3.2,17:45:00,3,pump_wear
19.104270422577528,24.766294305608497,62.95,61.06,1.79,17:46:00,3,pump_wear
14.490057831921327,24.695160048633333,47.79,0.0,0.0,17:47:00,3,pump_wear
32.29572727158259,24.62418695502201,106.31,103.12,3.03,17:48:00,3,pump_wear
15.734503766787928,24.55337909019224,51.91,50.36,1.48,17:49:00,3,pump_wear
31.063938545606504,24.482740471410075,102.33,99.26,2.91,17:50:00,3,pump_wear
23.127274778896208,24.412275067550446,76.28,73.99,2.17,17:51:00,3,pump_wear
29.87248307517367,24.34198679886832,98.47,95.52,2.8,17:52:00,3,pump_wear
29.29155886022794,24.271879536780546,96.59,93.69,2.75,17:53:00,3,pump_wear
28.720333925582416,24.201957103658433,94.74,91.9,2.7,17:54:00,3,pump_wear
13.772506195061567,24.1322232726309,45.53,0.0,0.0,17:55:00,3,pump_wear
27.606477928465413,24.062681767398175,91.13,88.39,2.6,17:56:00,3,pump_wear
27.06359709874128,23.99333626205602,89.37,86.69,2.54,17:57:00,3,pump_wear
26.52991603507012,23.924190380930526,87.64,85.01,2.5,17:58:00,3,pump_wear
26.005312115737564,23.855247698423337,85.93,83.35,2.45,17:59:00,3,pump_wear
25.489663640475634,23.78651173886727,84.26,81.73,2.4,18:00:00,3,pump_wear
8.435766699288028,23.717985976392228,27.95,0.0,0.0,18:01:00,3,pump_wear
24.484750879448704,23.64967383480157,80.99,78.56,2.31,18:02:00,3,pump_wear
10.957159955671726,23.581578687458656,36.31,0.0,0.0,18:03:00,3,pump_wear
7.939868087005501,23.513703857183593,26.33,0.0,0.0,18:04:00,3,pump_wear
11.090167842145538,23.446052616160106,36.77,0.0,0.0,18:05:00,3,pump_wear
13.138138136261755,23.378628185852552,43.57,0.0,0.0,18:06:00,3,pump_wear
22.12085120331207,23.311433736932965,73.29,71.09,2.09,18:07:00,3,pump_wear
21.672578285626372,23.244472389218018,71.83,69.67,2.05,18:08:00,3,pump_wear
21.23220825437675,23.177747211615856,70.39,68.28,2.0,18:09:00,3,pump_wear
12.81950700395641,23.111261222082828,42.56,0.0,0.0,18:10:00,3,pump_wear
20.374729518029092,23.045017387589997,67.59,65.56,1.92,18:11:00,3,pump_wear
19.957399634273635,22.97901862409925,66.23,64.24,1.89,18:12:00,3,pump_wear
19.547530287730904,22.91326779654904,64.89,62.94,1.85,18:13:00,3,pump_wear
19.145013394573965,22.84776771884972,63.57,61.66,1.81,18:14:00,3,pump_wear
18.749741879218384,22.782521153888347,62.28,60.41,1.77,18:15:00,3,pump_wear
18.361609677141487,22.717530813542798,61.01,59.18,1.74,18:16:00,3,pump_wear
17.98051173736526,22.65279935870519,59.76,57.97,1.7,18:17:00,3,pump_wear
17.606344024609207,22.58832939931461,58.53,56.78,1.67,18:18:00,3,pump_wear
11.707218545453914,22.524123494398918,38.96,0.0,0.0,18:19:00,3,pump_wear
16.878388228176437,22.460184152125596,56.15,54.46,1.6,18:20:00,3,pump_wear
16.52439716729839,22.39651382986154,54.99,53.34,1.57,18:21:00,3,pump_wear
16.176930381128958,22.333114934241777,53.85,52.23,1.53,18:22:00,3,pump_wear
15.835888934032804,22.26998982124698,52.73,51.14,1.5,18:23:00,3,pump_wear
15.50117491239412,22.207140796289586,51.63,50.08,1.47,18:24:00,3,pump_wear
15.172691424628237,22.14457011430857,50.55,49.03,1.44,18:25:00,3,pump_wear
14.850342600911912,22.082279979872688,49.49,0.0,0.0,18:26:00,3,pump_wear
14.534033592638023,22.020272547292215,48.45,0.0,0.0,18:27:00,3,pump_wear
9.159653902114568,21.95854992073887,30.56,0.0,0.0,18:28:00,3,pump_wear
13.919160728917417,21.89711415437401,46.42,0.0,0.0,18:29:00,3,pump_wear
13.620412273692251,21.8359672524849,45.44,0.0,0.0,18:30:00,3,pump_wear
13.327334431429904,21.775111169629085,44.47,0.0,0.0,18:31:00,3,pump_wear
13.039837442202007,21.71454781078657,43.53,0.0,0.0,18:32:00,3,pump_wear
7.171715718366291,21.65427903151976,23.96,0.0,0.0,18:33:00,3,pump_wear
12.481232043300926,21.59430663814123,41.68,0.0,0.0,18:34:00,3,pump_wear
12.209949166788089,21.534632387889026,40.79,0.0,0.0,18:35:00,3,pump_wear
11.94389820433854,21.47525798910941,39.91,0.0,0.0,18:36:00,3,pump_wear
11.682994433176953,21.41618510144699,39.05,0.0,0.0,18:37:00,3,pump_wear
11.427154129265478,21.35741533604217,38.21,0.0,0.0,18:38:00,3,pump_wear
11.176294563913999,21.29895025573571,37.38,0.0,0.0,18:39:00,3,pump_wear
6.646569982400267,21.240791375280367,22.25,0.0,0.0,18:40:00,3,pump_wear
5.7346713524812065,21.182940161559383,19.2,0.0,0.0,18:41:00,3,pump_wear
10.452787865796845,21.125398033811905,34.98,0.0,0.0,18:42:00,3,pump_wear
10.221043745061477,21.068166363865064,34.22,0.0,0.0,18:43:00,3,pump_wear
9.993881517334403,21.011246476372662,33.46,0.0,0.0,18:44:00,3,pump_wear
9.771224344027013,20.95463964906029,32.73,0.0,0.0,18:45:00,3,pump_wear
9.55299635288576,20.898347112976868,32.0,0.0,0.0,18:46:00,3,pump_wear
9.339122633157766,20.84237005275245,31.3,0.0,0.0,18:47:00,3,pump_wear
9.129529230599632,20.786709606862125,30.6,0.0,0.0,18:48:00,3,pump_wear
8.92414314233486,20.731366867895897,29.92,0.0,0.0,18:49:00,3,pump_wear
8.722892311564985,20.67634288283456,29.25,0.0,0.0,18:50:00,3,pump_wear
8.525705622139471,20.621638653331328,28.6,0.0,0.0,18:51:00,3,pump_wear
2.700478990519632,20.56725513599909,9.07,0.0,0.0,18:52:00,3,pump_wear
8.143244872426987,20.513193242703224,27.33,0.0,0.0,18:53:00,3,pump_wear
3.914062573989081,20.459453840859876,13.14,0.0,0.0,18:54:00,3,pump_wear
7.776210562168755,20.406037753739557,26.11,0.0,0.0,18:55:00,3,pump_wear
5.1897862249122175,20.352945760775885,17.43,0.0,0.0,18:56:00,3,pump_wear
7.424067041189369,20.300178597879395,24.94,0.0,0.0,18:57:00,3,pump_wear
7.253415902263784,20.24773695775636,24.37,0.0,0.0,18:58:00,3,pump_wear
7.086293144405763,20.195621490232455,23.81,0.0,0.0,18:59:00,3,pump_wear
3.8421193887812524,20.143832802581052,12.92,0.0,0.0,19:00:00,3,pump_wear
6.762381989164134,20.092371459856174,22.74,0.0,0.0,19:01:00,3,pump_wear
6.60547039283326,20.0412379852299,22.21,0.0,0.0,19:02:00,3,pump_wear
6.451840766249026,19.990432860334195,21.7,0.0,0.0,19:03:00,3,pump_wear
4.705160918913945,19.939956525606892,15.83,0.0,0.0,19:04:00,3,pump_wear
1.9245095724073438,19.889809380641807,6.48,0.0,0.0,19:05:00,3,pump_wear
6.010053586143941,19.839991784542896,20.23,0.0,0.0,19:06:00,3,pump_wear
5.868965953968991,19.790504056282302,19.76,0.0,0.0,19:07:00,3,pump_wear
3.2070396918788275,19.741346475062105,10.8,0.0,0.0,19:08:00,3,pump_wear
5.595715154971928,19.692519280679743,18.84,0.0,0.0,19:09:00,3,pump_wear
3.4495886601523966,19.644022673896973,11.62,0.0,0.0,19:10:00,3,pump_wear
5.333999415500751,19.59585681681225,17.97,0.0,0.0,19:11:00,3,pump_wear
5.20733364354553,19.548021833236383,17.55,0.0,0.0,19:12:00,3,pump_wear
3.973606731302453,19.500517809071304,13.39,0.0,0.0,19:13:00,3,pump_wear
2.4212211988163292,19.453344792692008,8.16,0.0,0.0,19:14:00,3,pump_wear
4.843482791877496,19.40650279533138,16.33,0.0,0.0,19:15:00,3,pump_wear
4.727413138780312,19.359991791467827,15.94,0.0,0.0,19:16:00,3,pump_wear
1.4036438505009468,19.313811719215618,4.74,0.0,0.0,19:17:00,3,pump_wear
4.502800114104433,19.267962480717856,15.19,0.0,0.0,19:18:00,3,pump_wear
2.80379559276668,19.222443942541936,9.46,0.0,0.0,19:19:00,3,pump_wear
3.3956870124356646,19.177255936077316,11.46,0.0,0.0,19:20:00,3,pump_wear
2.373093772226309,19.13239825793557,8.01,0.0,0.0,19:21:00,3,pump_wear
4.082356778389299,19.087870670352583,13.78,0.0,0.0,19:22:00,3,pump_wear
3.9829754263942427,19.0436729015928,13.45,0.0,0.0,19:23:00,3,pump_wear
3.8857972414153754,18.99980464635535,13.12,0.0,0.0,19:24:00,3,pump_wear
2.574008579257293,18.956265566181976,8.7,0.0,0.0,19:25:00,3,pump_wear
1.5486390389744444,18.913055289866687,5.23,0.0,0.0,19:26:00,3,pump_wear
3.6070544274249734,18.87017341386702,12.19,0.0,0.0,19:27:00,3,pump_wear
3.5182650984966477,18.82761950271673,11.89,0.0,0.0,19:28:00,3,pump_wear
2.373897422376963,18.78539308943986,8.03,0.0,0.0,19:29:00,3,pump_wear
1.7963265679009304,18.743493675966107,6.07,0.0,0.0,19:30:00,3,pump_wear
2.29711444250963,18.70192073354735,7.77,0.0,0.0,19:31:00,3,pump_wear
3.182661190142763,18.66067370317519,10.76,0.0,0.0,19:32:00,3,pump_wear
2.039815141384098,18.61975199599946,6.9,0.0,0.0,19:33:00,3,pump_wear
3.026051857858241,18.5791549937476,10.24,0.0,0.0,19:34:00,3,pump_wear
2.95041497585632,18.538882049144778,9.98,0.0,0.0,19:35:00,3,pump_wear
1.9529781669613353,18.498932486334635,6.61,0.0,0.0,19:36:00,3,pump_wear
2.8042975702796724,18.459305601300557,9.49,0.0,0.0,19:37:00,3,pump_wear
2.733747193071615,18.42000066228742,9.26,0.0,0.0,19:38:00,3,pump_wear
2.664823462999125,18.381016910223735,9.02,0.0,0.0,19:39:00,3,pump_wear
1.01578072460096,18.342353559143913,3.44,0.0,0.0,19:40:00,3,pump_wear
1.493256306978575,18.30400979661077,5.06,0.0,0.0,19:41:00,3,pump_wear
2.467480661692125,18.265984784138073,8.36,0.0,0.0,19:42:00,3,pump_wear
2.4047349036476575,18.228277657613084,8.15,0.0,0.0,19:43:00,3,pump_wear
2.3434543358297426,18.19088752771889,7.94,0.0,0.0,19:44:00,3,pump_wear
2.2836083517178642,18.153813480356572,7.74,0.0,0.0,19:45:00,3,pump_wear
1.1347140440803325,18.117054577067048,3.85,0.0,0.0,19:46:00,3,pump_wear
2.168100423325842,18.080609855452533,7.35,0.0,0.0,19:47:00,3,pump_wear
2.1123799589420034,18.04447832959747,7.16,0.0,0.0,19:48:00,3,pump_wear
2.0579770235771875,18.008658990488904,6.98,0.0,0.0,19:49:00,3,pump_wear
2.0048636602121594,17.973150806436166,6.8,0.0,0.0,19:50:00,3,pump_wear
1.953012420155679,17.937952723489886,6.63,0.0,0.0,19:51:00,3,pump_wear
1.902396355954296,17.903063665860074,6.45,0.0,0.0,19:52:00,3,pump_wear
1.0937952291626452,17.868482536333325,3.71,0.0,0.0,19:53:00,3,pump_wear
1.804764429270864,17.83420821668904,6.13,0.0,0.0,19:54:00,3,pump_wear
1.757697114903902,17.800239568114566,5.97,0.0,0.0,19:55:00,3,pump_wear
1.7117620587708409,17.766575431619167,5.81,0.0,0.0,19:56:00,3,pump_wear
1.6669347148881564,17.733214628446742,5.66,0.0,0.0,19:57:00,3,pump_wear
0.5271830377100011,17.70015596048727,1.79,0.0,0.0,19:58:00,3,pump_wear
1.5805072716504291,17.667398210686866,5.37,0.0,0.0,19:59:00,3,pump_wear
0.8522704036123377,17.634940143456348,2.9,0.0,0.0,20:00:00,3,pump_wear
1.4982274900495647,17.602780505078286,5.09,0.0,0.0,20:01:00,3,pump_wear
1.458586371781563,17.57091802411243,4.96,0.0,0.0,20:02:00,3,pump_wear
1.4199151090394824,17.539351411799533,4.82,0.0,0.0,20:03:00,3,pump_wear
1.3821922338252557,17.50807936246333,4.7,0.0,0.0,20:04:00,3,pump_wear
1.3453966917223834,17.477100553910763,4.57,0.0,0.0,20:05:00,3,pump_wear
1.3095078355310648,17.446413647830312,4.45,0.0,0.0,20:06:00,3,pump_wear
1.2745054189608696,17.416017290188435,4.33,0.0,0.0,20:07:00,3,pump_wear
0.6226109744247684,17.38591011162391,2.12,0.0,0.0,20:08:00,3,pump_wear
1.2070808866316862,17.35609072784017,4.1,0.0,0.0,20:09:00,3,pump_wear
1.1746202268882167,17.326557739995494,3.99,0.0,0.0,20:10:00,3,pump_wear
1.1429689065930295,17.297309735091027,3.89,0.0,0.0,20:11:00,3,pump_wear
1.1121085914412088,17.268345286356535,3.78,0.0,0.0,20:12:00,3,pump_wear
0.7739637857932703,17.23966295363382,2.63,0.0,0.0,20:13:00,3,pump_wear
0.7010991810226035,17.211261283757846,2.39,0.0,0.0,20:14:00,3,pump_wear
0.7563517816586082,17.183138810935404,2.57,0.0,0.0,20:15:00,3,pump_wear
0.9962233234084922,17.155294057121335,3.39,0.0,0.0,20:16:00,3,pump_wear
0.9690555650120608,17.12772553239218,3.3,0.0,0.0,20:17:00,3,pump_wear
0.5443944051694202,17.10043173531733,1.85,0.0,0.0,20:18:00,3,pump_wear
0.3947387938631368,17.07341115332751,1.34,0.0,0.0,20:19:00,3,pump_wear
0.891619664463009,17.04666226308062,3.04,0.0,0.0,20:20:00,3,pump_wear
0.8671115455927593,17.020183530824823,2.95,0.0,0.0,20:21:00,3,pump_wear
0.8432301734778669,16.993973412758923,2.87,0.0,0.0,20:22:00,3,pump_wear
0.8199609072141703,16.96803035538991,2.79,0.0,0.0,20:23:00,3,pump_wear
0.79728940877594,16.942352795887665,2.72,0.0,0.0,20:24:00,3,pump_wear
0.7752016378042608,16.91693916243677,2.64,0.0,0.0,20:25:00,3,pump_wear
0.4461100388044491,16.891787874585383,1.52,0.0,0.0,20:26:00,3,pump_wear
0.7327225743256094,16.866897343591194,2.5,0.0,0.0,20:27:00,3,pump_wear
0.7123046434027076,16.842265972764316,2.43,0.0,0.0,20:28:00,3,pump_wear
0.3527092007666891,16.817892157807147,1.2,0.0,0.0,20:29:00,3,pump_wear
0.673047475479245,16.793774287151184,2.29,0.0,0.0,20:30:00,3,pump_wear
0.6541832501437127,16.769910742290715,2.23,0.0,0.0,20:31:00,3,pump_wear
0.635812379732037,16.74629989811335,2.17,0.0,0.0,20:32:00,3,pump_wear
0.3269737603269745,16.72294012322739,1.11,0.0,0.0,20:33:00,3,pump_wear
0.6005036005323552,16.69982978028599,2.05,0.0,0.0,20:34:00,3,pump_wear
0.5835427694735171,16.676967226308115,1.99,0.0,0.0,20:35:00,3,pump_wear
0.5670294396730858,16.654350812996178,1.93,0.0,0.0,20:36:00,3,pump_wear
0.550952758876866,16.631978887050437,1.88,0.0,0.0,20:37:00,3,pump_wear
0.2116642384134355,16.609849790480062,0.72,0.0,0.0,20:38:00,3,pump_wear
0.33079507825906906,16.587961860910884,1.13,0.0,0.0,20:39:00,3,pump_wear
0.5052375952433827,16.566313431889746,1.72,0.0,0.0,20:40:00,3,pump_wear
0.4908036341171358,16.544902833185503,1.67,0.0,0.0,20:41:00,3,pump_wear
0.47675550794019195,16.52372839108661,1.63,0.0,0.0,20:42:00,3,pump_wear
0.46308371373431356,16.502788428695304,1.58,0.0,0.0,20:43:00,3,pump_wear
0.4497789588720995,16.48208126621833,1.53,0.0,0.0,20:44:00,3,pump_wear
0.31158672663883547,16.46160522125418,1.06,0.0,0.0,20:45:00,3,pump_wear
0.42423442451704696,16.44135860907694,1.45,0.0,0.0,20:46:00,3,pump_wear
0.41197707586717675,16.421339742916572,1.41,0.0,0.0,20:47:00,3,pump_wear
0.23648644433521454,16.401546934235746,0.81,0.0,0.0,20:48:00,3,pump_wear
0.3884497589303925,16.381978493003103,1.33,0.0,0.0,20:49:00,3,pump_wear
0.3771633786372022,16.362632727963057,1.29,0.0,0.0,20:50:00,3,pump_wear
0.3661845508885157,16.343507946902026,1.25,0.0,0.0,20:51:00,3,pump_wear
0.35550552690752524,16.32460245691111,1.21,0.0,0.0,20:52:00,3,pump_wear
0.1476687935890918,16.305914564645228,0.5,0.0,0.0,20:53:00,3,pump_wear
0.3350167739667991,16.287442576578687,1.14,0.0,0.0,20:54:00,3,pump_wear
0.10763994225343684,16.269184799257218,0.37,0.0,0.0,20:55:00,3,pump_wear
0.1768951414692888,16.25113953954637,0.6,0.0,0.0,20:56:00,3,pump_wear
0.3063484150017525,16.233305104876386,1.05,0.0,0.0,20:57:00,3,pump_wear
0.11166816685242523,16.21567980348347,0.38,0.0,0.0,20:58:00,3,pump_wear
0.28853215729961734,16.198261944647495,0.99,0.0,0.0,20:59:00,3,pump_wear
0.2799930645515416,16.18104983892609,0.96,0.0,0.0,21:00:00,3,pump_wear
0.13184824232811698,16.164041798385163,0.45,0.0,0.0,21:01:00,3,pump_wear
0.12280349924752604,16.147236136825857,0.42,0.0,0.0,21:02:00,3,pump_wear
0.10533560738489745,16.130631170007884,0.36,0.0,0.0,21:03:00,3,pump_wear
0.24815205046363012,16.114225215869315,0.85,0.0,0.0,21:04:00,3,pump_wear
0.2407410298774,16.098016594742752,0.82,0.0,0.0,21:05:00,3,pump_wear
0.2335383454617542,16.082003629567964,0.8,0.0,0.0,21:06:00,3,pump_wear
0.15356776144687095,16.066184646100954,0.52,0.0,0.0,21:07:00,3,pump_wear
0.21973633972893783,16.05055797311941,0.75,0.0,0.0,21:08:00,3,pump_wear
0.21312651714348035,16.035121942624674,0.73,0.0,0.0,21:09:00,3,pump_wear
0.206704022795653,16.019874890040093,0.71,0.0,0.0,21:10:00,3,pump_wear
0.2004639154293086,16.00481515440589,0.69,0.0,0.0,21:11:00,3,pump_wear
0.07362680062032055,15.989941078570457,0.25,0.0,0.0,21:12:00,3,pump_wear
0.09606769528833849,15.975251009378137,0.33,0.0,0.0,21:13:00,3,pump_wear
0.18279027332744652,15.960743297853513,0.63,0.0,0.0,21:14:00,3,pump_wear
0.17723264466559152,15.946416299382179,0.61,0.0,0.0,21:15:00,3,pump_wear
0.17183443247498684,15.932268373888023,0.59,0.0,0.0,21:16:00,3,pump_wear
0.0797203249771665,15.918297886007037,0.27,0.0,0.0,21:17:00,3,pump_wear
0.09128543998349245,15.904503205257663,0.31,0.0,0.0,21:18:00,3,pump_wear
0.09535845458215074,15.890882706207707,0.33,0.0,0.0,21:19:00,3,pump_wear
0.06983916546928141,15.877434768637793,0.24,0.0,0.0,21:20:00,3,pump_wear
0.14708898519694935,15.864157777701408,0.5,0.0,0.0,21:21:00,3,pump_wear
0.14256130439492357,15.851050124081558,0.49,0.0,0.0,21:22:00,3,pump_wear
0.13816530754723386,15.838110204144034,0.47,0.0,0.0,21:23:00,3,pump_wear
0.13389741563774407,15.825336420087293,0.46,0.0,0.0,21:24:00,3,pump_wear
0.07101894276091338,15.812727180089013,0.24,0.0,0.0,21:25:00,3,pump_wear
0.04869546358719609,15.800280898449294,0.17,0.0,0.0,21:26:00,3,pump_wear
0.05921811682426099,15.787995995730583,0.2,0.0,0.0,21:27:00,3,pump_wear
0.11803840468596058,15.775870898894258,0.4,0.0,0.0,21:28:00,3,pump_wear
0.11436041241629841,15.76390404143398,0.39,0.0,0.0,21:29:00,3,pump_wear
0.11079085997846086,15.75209386350577,0.38,0.0,0.0,21:30:00,3,pump_wear
0.10732675357922311,15.740438812054874,0.37,0.0,0.0,21:31:00,3,pump_wear
0.06989964258814858,15.728937340939412,0.24,0.0,0.0,21:32:00,3,pump_wear
0.10070328299677332,15.717587911050826,0.34,0.0,0.0,21:33:00,3,pump_wear
0.0975383053036493,15.70638899043119,0.33,0.0,0.0,21:34:00,3,pump_wear
0.09446754324415178,15.695339054387375,0.32,0.0,0.0,21:35:00,3,pump_wear
0.09148836694512395,15.68443658560208,0.31,0.0,0.0,21:36:00,3,pump_wear
0.08859821435551257,15.673680074241789,0.3,0.0,0.0,21:37:00,3,pump_wear
0.06081004751055979,15.66306801806165,0.21,0.0,0.0,21:38:00,3,pump_wear
0.03793144101333037,15.65259892250733,0.13,0.0,0.0,21:39:00,3,pump_wear
0.0804372627524513,15.642271300813821,0.28,0.0,0.0,21:40:00,3,pump_wear
0.07787888637204406,15.632083674101285,0.27,0.0,0.0,21:41:00,3,pump_wear
0.07539768665376864,15.622034571467912,0.26,0.0,0.0,21:42:00,3,pump_wear
0.07299147643738708,15.61212253007986,0.25,0.0,0.0,21:43:00,3,pump_wear
0.07065812598831302,15.60234609525826,0.24,0.0,0.0,21:44:00,3,pump_wear
0.06839556163129656,15.59270382056335,0.23,0.0,0.0,21:45:00,3,pump_wear
0.026163014363220216,15.583194267875749,0.09,0.0,0.0,21:46:00,3,pump_wear
0.0371451274973277,15.5738160074749,0.13,0.0,0.0,21:47:00,3,pump_wear
0.06201266134614544,15.564567618114713,0.21,0.0,0.0,21:48:00,3,pump_wear
0.06001357954223819,15.555447687096425,0.21,0.0,0.0,21:49:00,3,pump_wear
0.03407005328064148,15.546454810338727,0.12,0.0,0.0,21:50:00,3,pump_wear
0.05619728969406585,15.53758759244517,0.19,0.0,0.0,21:51:00,3,pump_wear
0.05437659999247277,15.528844646768887,0.19,0.0,0.0,21:52:00,3,pump_wear
0.05261197028444555,15.520224595474636,0.18,0.0,0.0,21:53:00,3,pump_wear
0.050901774462121754,15.511726069598245,0.17,0.0,0.0,21:54:00,3,pump_wear
0.0322389010275735,15.503347709103448,0.11,0.0,0.0,21:55:00,3,pump_wear
0.031356596130639826,15.495088162936133,0.11,0.0,0.0,21:56:00,3,pump_wear
0.0460821809328334,15.486946089076072,0.16,0.0,0.0,21:57:00,3,pump_wear
0.04457432106031637,15.478920154586135,0.15,0.0,0.0,21:58:00,3,pump_wear
0.04311340144292971,15.471009035659018,0.15,0.0,0.0,21:59:00,3,pump_wear
0.041698043499623895,15.463211417661546,0.14,0.0,0.0,22:00:00,3,pump_wear
0.04032690639017745,15.455525995176519,0.14,0.0,0.0,22:01:00,3,pump_wear
0.03899868606967847,15.447951472042208,0.13,0.0,0.0,22:02:00,3,pump_wear
0.03771211436400585,15.440486561389479,0.13,0.0,0.0,22:03:00,3,pump_wear
0.025169922642079175,15.433129985676587,0.09,0.0,0.0,22:04:00,3,pump_wear
0.02511858601426506,15.42588047672168,0.09,0.0,0.0,22:05:00,3,pump_wear
0.03409012841576244,15.418736775733047,0.12,0.0,0.0,22:06:00,3,pump_wear
0.025098760457970624,15.411697633337123,0.09,0.0,0.0,22:07:00,3,pump_wear
0.03186199771256597,15.4047618096043,0.11,0.0,0.0,22:08:00,3,pump_wear
0.030800583428708634,15.39792807407256,0.11,0.0,0.0,22:09:00,3,pump_wear
0.0297728714966066,15.391195205768975,0.1,0.0,0.0,22:10:00,3,pump_wear
0.02877784982020263,15.384561993229108,0.1,0.0,0.0,22:11:00,3,pump_wear
0.027814534736267906,15.378027234514322,0.1,0.0,0.0,22:12:00,3,pump_wear
0.02688197027939049,15.37158973722705,0.09,0.0,0.0,22:13:00,3,pump_wear
0.025979227463973412,15.365248318524051,0.09,0.0,0.0,22:14:00,3,pump_wear
0.011228264481153178,15.3590018051277,0.04,0.0,0.0,22:15:00,3,pump_wear
0.016030863858391135,15.352849033335303,0.05,0.0,0.0,22:16:00,3,pump_wear
0.023441029093975482,15.346788849026495,0.08,0.0,0.0,22:17:00,3,pump_wear
0.010223852972124687,15.340820107668769,0.04,0.0,0.0,22:18:00,3,pump_wear
0.02188212509422299,15.334941674321133,0.08,0.0,0.0,22:19:00,3,pump_wear
0.016173149084179307,15.329152423635943,0.06,0.0,0.0,22:20:00,3,pump_wear
0.02042234812072627,15.323451239858937,0.07,0.0,0.0,22:21:00,3,pump_wear
0.01972774849922685,15.31783701682751,0.07,0.0,0.0,22:22:00,3,pump_wear
0.019055713268269454,15.312308657967268,0.07,0.0,0.0,22:23:00,3,pump_wear
0.01840554725979031,15.306865076286847,0.06,0.0,0.0,22:24:00,3,pump_wear
0.00606621336819013,15.301505194371089,0.02,0.0,0.0,22:25:00,3,pump_wear
0.0059908872474625716,15.296227944372562,0.02,0.0,0.0,22:26:00,3,pump_wear
0.01261303072617895,15.291032268001489,0.04,0.0,0.0,22:27:00,3,pump_wear
0.016010364802457225,15.28591711651406,0.05,0.0,0.0,22:28:00,3,pump_wear
0.015459802739450702,15.280881450699233,0.05,0.0,0.0,22:29:00,3,pump_wear
0.006872118103753115,15.275924240863985,0.02,0.0,0.0,22:30:00,3,pump_wear
0.00982013102747338,15.271044466817095,0.03,0.0,0.0,22:31:00,3,pump_wear
0.013914485222874182,15.266241117851454,0.05,0.0,0.0,22:32:00,3,pump_wear
0.008881890711414438,15.261513192724943,0.03,0.0,0.0,22:33:00,3,pump_wear
0.012967466537173766,15.256859699639916,0.04,0.0,0.0,22:34:00,3,pump_wear
0.012517364257538332,15.252279656221317,0.04,0.0,0.0,22:35:00,3,pump_wear
0.005684844164508873,15.247772089493438,0.02,0.0,0.0,22:36:00,3,pump_wear
0.011661540272082134,15.243336035855373,0.04,0.0,0.0,22:37:00,3,pump_wear
0.007445003959796625,15.238970541055188,0.03,0.0,0.0,22:38:00,3,pump_wear
0.010861812417726147,15.23467466016284,0.04,0.0,0.0,22:39:00,3,pump_wear
0.010481881551292866,15.23044745754185,0.04,0.0,0.0,22:40:00,3,pump_wear
0.005618837618578026,15.226288006819797,0.02,0.0,0.0,22:41:00,3,pump_wear
0.009759794278754525,15.222195390857626,0.03,0.0,0.0,22:42:00,3,pump_wear
0.009416838664906035,15.218168701717829,0.03,0.0,0.0,22:43:00,3,pump_wear
0.009085428924454329,15.214207040631486,0.03,0.0,0.0,22:44:00,3,pump_wear
0.008765194944501238,15.210309517964243,0.03,0.0,0.0,22:45:00,3,pump_wear
0.008455777815287377,15.206475253181212,0.03,0.0,0.0,22:46:00,3,pump_wear
0.008156829513771995,15.202703374810843,0.03,0.0,0.0,22:47:00,3,pump_wear
0.00786801259539929,15.198993020407793,0.03,0.0,0.0,22:48:00,3,pump_wear
0.007588999893863363,15.1953433365148,0.03,0.0,0.0,22:49:00,3,pump_wear
0.0073194742286879205,15.191753478623621,0.03,0.0,0.0,22:50:00,3,pump_wear
0.0070591281204395355,15.188222611135027,0.02,0.0,0.0,22:51:00,3,pump_wear
0.006807663513396869,15.184749907317906,0.02,0.0,0.0,22:52:00,3,pump_wear
0.0023630545077994447,15.18133454926748,0.01,0.0,0.0,22:53:00,3,pump_wear
0.006330232085425562,15.17797572786267,0.02,0.0,0.0,22:54:00,3,pump_wear
0.00610371387657233,15.174672642722657,0.02,0.0,0.0,22:55:00,3,pump_wear
0.005884973887873085,15.171424502162601,0.02,0.0,0.0,22:56:00,3,pump_wear
0.005673757271192567,15.168230523148624,0.02,0.0,0.0,22:57:00,3,pump_wear
0.0054698170852022195,15.165089931252009,0.02,0.0,0.0,22:58:00,3,pump_wear
0.00527291406556138,15.162001960602693,0.02,0.0,0.0,22:59:00,3,pump_wear
0.0050828164012557235,15.158965853842039,0.02,0.0,0.0,23:00:00,3,pump_wear
0.004899299516945522,15.155980862074937,0.02,0.0,0.0,23:01:00,3,pump_wear
0.004722145861178488,15.153046244821244,0.02,0.0,0.0,23:02:00,3,pump_wear
0.003376450102113306,15.150161269966588,0.01,0.0,0.0,23:03:00,3,pump_wear
0.004386091918097876,15.147325213712563,0.02,0.0,0.0,23:04:00,3,pump_wear
0.0042267898205165366,15.144537360526325,0.01,0.0,0.0,23:05:00,3,pump_wear
0.0017641043628801522,15.14179700308964,0.01,0.0,0.0,23:06:00,3,pump_wear
0.00392467788177493,15.139103442247361,0.01,0.0,0.0,23:07:00,3,pump_wear
0.0037815030825040412,15.136455986955411,0.01,0.0,0.0,23:08:00,3,pump_wear
0.0036433486976265774,15.13385395422823,0.01,0.0,0.0,23:09:00,3,pump_wear
0.0035100464006707958,15.131296669085774,0.01,0.0,0.0,23:10:00,3,pump_wear
0.0033814332243892664,15.128783464500026,0.01,0.0,0.0,23:11:00,3,pump_wear
0.0032573514002761576,15.126313681341088,0.01,0.0,0.0,23:12:00,3,pump_wear
0.0018965288880767705,15.12388666832284,0.01,0.0,0.0,23:13:00,3,pump_wear
0.0030221757964270035,15.121501781948202,0.01,0.0,0.0,23:14:00,3,pump_wear
0.0029107910907636174,15.119158386454032,0.01,0.0,0.0,23:15:00,3,pump_wear
0.002803355594646786,15.11685585375563,0.01,0.0,0.0,23:16:00,3,pump_wear
0.0013941780176232692,15.114593563390937,0.0,0.0,0.0,23:17:00,3,pump_wear
0.0025998004369023327,15.112370902464384,0.01,0.0,0.0,23:18:00,3,pump_wear
0.001037353985206746,15.110187265590467,0.0,0.0,0.0,23:19:00,3,pump_wear
0.0024104892051732586,15.108042054836991,0.01,0.0,0.0,23:20:00,3,pump_wear
0.0014323691061631472,15.105934679668103,0.0,0.0,0.0,23:21:00,3,pump_wear
0.0022344658695722113,15.103864556887027,0.01,0.0,0.0,23:22:00,3,pump_wear
0.0021511552318235544,15.101831110578596,0.01,0.0,0.0,23:23:00,3,pump_wear
0.0020708355685991504,15.099833772051554,0.01,0.0,0.0,23:24:00,3,pump_wear
0.0019934039728596886,15.097871979780674,0.01,0.0,0.0,23:25:00,3,pump_wear
0.0019187609096675312,15.095945179348675,0.01,0.0,0.0,23:26:00,3,pump_wear
0.0018468101118332223,15.094052823387997,0.01,0.0,0.0,23:27:00,3,pump_wear
0.0017774584785746784,15.092194371522407,0.01,0.0,0.0,23:28:00,3,pump_wear
0.0017106159771096599,15.090369290308482,0.01,0.0,0.0,23:29:00,3,pump_wear
0.0016461955471036825,15.088577053176977,0.01,0.0,0.0,23:30:00,3,pump_wear
0.0005219068284841995,15.086817140374077,0.0,0.0,0.0,23:31:00,3,pump_wear
0.0015242869684397352,15.085089038902584,0.01,0.0,0.0,23:32:00,3,pump_wear
0.001466638739852844,15.083392242463004,0.01,0.0,0.0,23:33:00,3,pump_wear
0.0014110922505609885,15.081726251394599,0.0,0.0,0.0,23:34:00,3,pump_wear
0.0013575739639115872,15.080090572616385,0.0,0.0,0.0,23:35:00,3,pump_wear
0.0013060127982226933,15.078484719568092,0.0,0.0,0.0,23:36:00,3,pump_wear
0.001256340049190704,15.076908212151128,0.0,0.0,0.0,23:37:00,3,pump_wear
0.0012084893145943422,15.07536057666952,0.0,0.0,0.0,23:38:00,3,pump_wear
0.0011623964212322548,15.073841345770866,0.0,0.0,0.0,23:39:00,3,pump_wear
0.0006668313557633556,15.072350058387332,0.0,0.0,0.0,23:40:00,3,pump_wear
0.0010752381872792844,15.070886259676653,0.0,0.0,0.0,23:41:00,3,pump_wear
0.0010340550178842788,15.069449500963204,0.0,0.0,0.0,23:42:00,3,pump_wear
0.00042303384430153696,15.068039339679117,0.0,0.0,0.0,23:43:00,3,pump_wear
0.0009562007855872479,15.066655339305479,0.0,0.0,0.0,23:44:00,3,pump_wear
0.0009194234568223251,15.065297069313605,0.0,0.0,0.0,23:45:00,3,pump_wear
0.0006569565694604774,15.063964105106413,0.0,0.0,0.0,23:46:00,3,pump_wear
0.0005797022459239052,15.062656027959894,0.0,0.0,0.0,23:47:00,3,pump_wear
0.0008170903161688325,15.06137242496471,0.0,0.0,0.0,23:48:00,3,pump_wear
0.0007854886295321016,15.060112888967895,0.0,0.0,0.0,23:49:00,3,pump_wear
0.0005916700116553956,15.058877018514734,0.0,0.0,0.0,23:50:00,3,pump_wear
0.0007257835125761386,15.057664417790738,0.0,0.0,0.0,23:51:00,3,pump_wear
0.0005521697145770373,15.05647469656382,0.0,0.0,0.0,23:52:00,3,pump_wear
0.0006704673746523105,15.055307470126598,0.0,0.0,0.0,23:53:00,3,pump_wear
0.0003260141253836799,15.054162359238914,0.0,0.0,0.0,23:54:00,3,pump_wear
0.0001944974469849147,15.053038990070494,0.0,0.0,0.0,23:55:00,3,pump_wear
0.00030128448344357296,15.051936994143835,0.0,0.0,0.0,23:56:00,3,pump_wear
0.0005717798157200584,15.050856008277282,0.0,0.0,0.0,23:57:00,3,pump_wear
0.00028255928841825227,15.0497956745283,0.0,0.0,0.0,23:58:00,3,pump_wear
0.0005278486796981782,15.04875564013699,0.0,0.0,0.0,23:59:00,3,pump_wear
